image_path,gabor_hist_0,gabor_hist_1,gabor_hist_2,gabor_hist_3,gabor_hist_4,gabor_hist_5,gabor_hist_6,gabor_hist_7,gabor_hist_8,gabor_hist_9,gabor_hist_10,gabor_hist_11,gabor_hist_12,gabor_hist_13,gabor_hist_14,gabor_hist_15,gabor_hist_16,gabor_hist_17,gabor_hist_18,gabor_hist_19,gabor_hist_20,gabor_hist_21,gabor_hist_22,gabor_hist_23,gabor_hist_24,gabor_hist_25,gabor_hist_26,gabor_hist_27,gabor_hist_28,gabor_hist_29,gabor_hist_30,gabor_hist_31,gabor_hist_32,gabor_hist_33,gabor_hist_34,gabor_hist_35,gabor_hist_36,gabor_hist_37,gabor_hist_38,gabor_hist_39,gabor_hist_40,gabor_hist_41,gabor_hist_42,gabor_hist_43,gabor_hist_44,gabor_hist_45,gabor_hist_46,gabor_hist_47,gabor_hist_48,gabor_hist_49,gabor_hist_50,gabor_hist_51,gabor_hist_52,gabor_hist_53,gabor_hist_54,gabor_hist_55,gabor_hist_56,gabor_hist_57,gabor_hist_58,gabor_hist_59,gabor_hist_60,gabor_hist_61,gabor_hist_62,gabor_hist_63
Datasets/wang/Images/train/class3/319.jpg,3,3,3,3,10,14,13,19,26,49,65,79,146,175,198,253,276,376,479,643,886,1079,1453,1984,2722,3538,6085,13880,15922,9193,8050,7473,5891,4491,3402,2483,1792,1290,1023,795,562,443,332,206,156,126,79,55,19,17,10,4,5,1,4,1,3,3,3,2,4,1,1,2
Datasets/wang/Images/train/class3/330.jpg,2,3,2,2,9,18,23,29,28,35,53,61,66,93,97,90,119,152,202,252,326,431,599,843,1119,1588,2259,5094,6564,8251,11492,9381,8247,7997,9956,4454,3514,2597,3199,4711,1064,720,556,426,381,301,217,139,104,89,80,84,45,40,29,26,7,7,6,8,4,6,3,4
Datasets/wang/Images/train/class3/360.jpg,3,1,4,3,5,6,8,11,9,16,23,36,53,88,157,173,261,434,744,998,1594,2383,3380,4606,5959,7317,8830,10706,10517,8569,8670,7437,4939,3913,1964,1157,785,674,506,383,256,164,142,122,72,60,41,25,7,14,13,22,5,5,11,0,2,4,2,3,7,0,2,3
Datasets/wang/Images/train/class3/363.jpg,4,2,7,4,11,7,9,10,11,8,15,49,64,85,92,148,228,318,352,503,688,1001,1366,1928,3652,6789,8511,10777,12568,8324,7992,21096,3353,2854,1441,1096,829,568,381,279,243,163,109,93,78,49,34,21,13,7,8,11,7,3,13,6,9,4,0,0,4,1,3,5
Datasets/wang/Images/train/class3/376.jpg,11,16,14,14,12,13,17,14,24,24,43,32,47,112,131,186,276,343,455,627,787,1017,1413,2146,2968,5003,6943,9586,12946,11477,7927,5955,5060,4007,9991,3510,1266,839,652,530,428,301,222,181,142,129,88,67,55,42,31,25,16,23,20,13,16,11,14,10,11,16,4,5
Datasets/wang/Images/train/class3/355.jpg,4,1,4,3,6,10,14,10,11,15,16,17,23,19,20,29,35,39,47,67,66,114,129,181,280,342,458,648,860,1334,1917,2804,4414,7544,9656,10887,11120,10432,9536,8640,5200,3333,2325,1712,1120,737,549,361,285,224,172,107,92,71,65,42,44,38,35,16,4,5,6,9
Datasets/wang/Images/train/class3/346.jpg,3,4,1,4,3,4,1,4,11,23,13,26,35,37,52,73,83,113,142,201,251,327,422,544,708,899,1177,1554,2000,2468,3510,4663,7375,9886,9069,9454,10466,7626,4219,3231,2332,2142,4063,5053,1042,709,525,461,314,302,174,138,72,52,55,44,46,30,28,23,7,4,4,2
Datasets/wang/Images/train/class3/335.jpg,5,10,15,26,32,41,78,79,118,151,201,259,372,499,585,756,983,1309,1966,3234,7654,8080,7929,8803,10084,12206,8498,5518,11350,1987,1233,960,677,579,456,315,268,222,169,145,95,64,67,39,38,28,21,13,14,19,12,6,10,4,3,3,2,0,5,1,4,1,0,3
Datasets/wang/Images/train/class3/320.jpg,3,2,3,5,13,8,18,15,23,51,49,61,99,160,191,265,350,452,601,744,1047,1392,1975,2839,4453,7185,8774,13119,8650,8091,7931,5636,4747,4224,4818,2531,1979,1545,1063,755,568,411,302,264,207,173,118,78,85,58,47,32,22,12,14,11,6,10,4,1,2,6,2,4
Datasets/wang/Images/train/class3/343.jpg,3,1,2,2,4,5,8,12,18,29,52,56,77,79,100,129,171,267,360,438,524,630,758,874,1176,1425,1728,2396,3212,4452,5825,7104,11941,15007,10696,6047,4983,4032,3065,2311,1860,1440,1106,811,672,519,372,331,278,214,150,118,107,60,55,58,46,34,30,16,13,9,4,2
Datasets/wang/Images/train/class3/356.jpg,3,1,4,2,3,2,14,17,22,24,36,42,46,53,66,85,96,150,164,242,286,348,448,567,855,1210,1777,2722,4397,11960,8829,7604,7876,6845,8785,8656,4670,3213,8849,1661,1148,898,726,569,452,361,306,288,209,166,136,108,78,67,45,39,33,15,6,10,1,5,2,6
Datasets/wang/Images/train/class3/372.jpg,4,6,8,4,6,8,6,10,17,18,37,30,41,69,102,104,193,372,514,726,1138,1625,2556,4519,7877,10352,15040,9610,10098,11437,6639,6600,2704,1652,1128,824,636,451,341,237,152,101,80,68,40,33,16,5,10,8,6,10,6,6,5,4,2,5,2,1,1,1,0,3
Datasets/wang/Images/train/class3/336.jpg,4,1,2,0,9,3,14,14,11,6,9,21,21,44,82,86,128,189,282,350,496,660,945,1246,1719,2448,3586,5680,9301,11073,10335,9088,8141,8747,11515,3934,2235,1528,1111,763,584,467,378,282,221,158,100,86,50,40,23,23,14,14,9,6,4,2,5,2,3,2,1,3
Datasets/wang/Images/train/class3/322.jpg,5,6,4,12,20,19,21,31,42,54,87,84,114,143,229,362,426,557,716,857,1243,1606,2259,3168,3894,6256,9807,10260,9422,8355,7778,7015,4837,3249,2505,3828,2998,1650,938,722,531,446,342,330,236,193,162,112,92,50,59,54,30,14,14,6,13,12,6,6,5,3,4,5
Datasets/wang/Images/train/class3/359.jpg,3,2,4,10,10,15,20,32,40,43,39,64,89,151,137,192,260,316,407,488,670,819,1146,1614,1992,2592,4600,6266,6704,6501,6755,10406,12627,10917,7452,4944,2806,1726,1227,922,657,507,425,344,258,202,171,159,127,88,61,64,45,32,45,37,25,11,12,12,8,3,0,3
Datasets/wang/Images/train/class3/375.jpg,3,2,2,7,4,3,1,7,7,13,23,38,32,41,38,67,97,106,119,157,217,268,315,471,663,931,1200,1875,2682,6168,5852,5864,7108,9220,9309,7805,12149,8774,4767,3314,2735,1635,1091,713,526,401,349,287,213,138,95,87,79,53,47,35,28,20,17,14,3,8,5,6
Datasets/wang/Images/train/class3/333.jpg,12,14,22,26,29,33,60,58,82,134,172,276,347,477,744,1258,1828,2881,4775,7193,10575,13431,13555,11528,13889,4881,3811,1795,1280,919,635,399,253,205,152,123,107,93,81,36,29,26,12,10,7,5,9,1,3,1,2,4,1,3,4,4,2,0,2,0,2,1,2,5
Datasets/wang/Images/train/class3/314.jpg,7,4,5,8,11,18,25,29,30,34,52,64,89,101,131,162,241,319,416,480,663,945,1315,1809,2682,5352,10061,12705,11146,6682,5713,5701,5366,8008,6473,3967,1895,1234,939,760,611,498,405,282,220,154,106,72,55,67,33,33,33,18,16,14,13,10,5,5,6,2,1,3
Datasets/wang/Images/train/class3/321.jpg,2,3,4,2,5,5,4,2,3,5,15,15,17,12,19,21,15,26,50,49,123,224,381,593,1006,1854,3202,6979,19629,31371,15292,7064,4349,2250,1383,873,550,331,206,113,66,39,27,20,17,7,9,3,5,10,4,4,1,6,5,7,3,3,3,5,1,4,5,3
Datasets/wang/Images/train/class3/347.jpg,6,1,6,5,12,4,11,9,6,18,13,25,29,30,47,58,66,100,155,206,240,351,460,671,905,1392,2154,4060,7310,12976,16134,16094,21037,5071,3091,1739,1070,723,519,342,270,162,127,116,101,77,61,50,31,29,22,27,18,13,11,7,7,7,9,3,0,6,0,4
Datasets/wang/Images/train/class3/378.jpg,3,9,8,12,15,18,18,26,40,56,93,102,139,179,230,291,383,540,823,1055,1601,2204,3929,6359,8478,8443,11912,21260,6094,5262,5323,6161,1535,1112,875,726,599,497,389,332,201,183,147,120,105,91,86,59,40,29,25,19,7,13,9,5,2,8,6,10,4,0,2,2
Datasets/wang/Images/train/class3/311.jpg,4,4,7,4,11,4,8,4,6,4,6,12,10,12,18,33,44,73,82,87,143,241,338,542,741,1036,1587,2529,4081,8585,13969,11311,13850,16529,12226,3193,2112,1419,989,706,468,314,218,169,131,97,67,73,52,33,11,14,11,5,12,2,14,13,9,7,4,9,4,7
Datasets/wang/Images/train/class3/307.jpg,7,5,15,17,26,39,45,82,90,109,162,176,250,338,425,573,664,878,1079,1239,1605,1919,2351,2812,3672,4984,5537,6342,7137,7659,7831,7243,7099,6122,3991,2858,2445,2010,1626,1326,1044,855,672,648,512,418,310,241,165,132,127,108,77,53,41,38,25,15,15,5,8,1,4,2
Datasets/wang/Images/train/class3/340.jpg,3,3,3,11,17,20,26,23,20,33,71,107,129,159,219,259,393,502,665,937,1164,1656,2377,3213,5419,8047,8018,9967,12555,10955,7091,5857,4916,3832,2433,1778,1371,996,827,587,450,333,242,148,106,84,63,43,31,26,19,20,11,9,8,6,7,9,6,4,7,6,5,2
Datasets/wang/Images/train/class3/331.jpg,2,4,2,4,6,11,16,21,27,37,50,45,50,98,101,168,256,339,513,791,1082,1634,2542,4086,5968,7567,9377,9173,8280,10562,10202,8299,9973,2143,1535,915,604,435,318,229,198,129,120,96,75,48,41,34,17,13,7,6,9,10,10,7,1,5,2,0,3,1,4,3
Datasets/wang/Images/train/class3/371.jpg,4,7,11,9,11,8,23,18,36,27,41,43,46,66,73,110,152,236,289,419,607,851,1196,1571,2553,4215,14393,11819,10401,22912,8847,5282,3813,2330,1620,1083,849,601,372,321,230,133,107,107,82,75,37,44,43,32,19,16,13,14,17,13,9,9,9,10,7,6,3,4
Datasets/wang/Images/train/class3/366.jpg,7,16,24,35,46,81,129,196,192,224,274,325,393,465,663,760,1081,1538,2112,3072,4463,7352,8534,8215,8681,9400,11338,10002,5014,3238,2388,1569,1157,984,726,629,521,447,337,269,260,210,170,159,122,88,64,64,51,34,32,27,14,15,13,7,13,11,13,11,13,7,5,4
Datasets/wang/Images/train/class3/379.jpg,3,1,4,2,1,2,2,4,4,7,6,12,24,23,34,41,77,107,129,175,206,340,517,699,880,1175,1470,2142,3901,5088,7340,10003,14015,13262,9299,6187,4830,3778,3154,2149,1551,1155,988,771,651,497,387,294,221,187,134,97,70,52,36,30,21,13,13,12,14,1,8,8
Datasets/wang/Images/train/class3/306.jpg,8,1,10,8,6,10,5,8,11,18,28,46,84,126,209,270,445,719,1257,2007,3021,4342,6871,13024,13997,9388,8965,7326,6806,4669,10117,1498,990,627,384,310,206,157,109,75,40,19,7,12,9,11,9,3,7,4,3,0,2,2,2,2,2,1,4,3,0,1,1,2
Datasets/wang/Images/train/class3/338.jpg,2,2,3,2,1,3,3,12,16,21,34,41,59,59,86,135,178,249,331,418,558,777,1003,1306,1763,3447,5799,8030,8097,7664,9456,19066,11649,5352,3936,2707,1702,1172,752,587,418,323,256,159,148,97,117,70,51,35,28,23,11,18,6,11,14,14,9,6,4,4,1,3
Datasets/wang/Images/train/class3/325.jpg,21,27,8,7,6,5,5,5,6,6,21,21,15,9,11,15,16,27,30,42,53,88,119,202,295,488,900,1395,2408,3993,8099,12160,15006,15026,12492,8783,6969,3102,1794,1258,842,635,497,345,252,162,131,86,60,41,39,45,41,36,57,33,7,13,17,12,7,6,2,5
Datasets/wang/Images/train/class3/353.jpg,4,2,1,6,3,7,3,5,3,5,1,4,4,5,6,17,21,50,69,88,102,142,250,366,541,780,1140,1611,2549,4040,6710,10719,15881,14212,9370,6760,12053,3413,2349,1475,1051,713,480,362,221,160,137,106,52,35,25,40,25,25,24,18,21,12,12,7,1,5,1,4
Datasets/wang/Images/train/class3/327.jpg,2,4,3,1,3,0,5,2,1,8,19,21,15,39,51,53,83,103,120,151,193,260,330,424,586,780,1005,1399,1856,2782,4186,13456,9107,8890,9808,7385,5688,5037,4748,4670,3790,2785,2040,1518,1155,817,696,535,407,317,230,187,140,120,85,54,37,42,30,25,11,0,6,3
Datasets/wang/Images/train/class3/357.jpg,3,1,2,5,2,3,3,4,8,6,11,17,37,66,85,130,173,261,397,624,904,1291,2064,3399,5469,10383,12674,10579,8452,8122,26437,2243,1206,893,665,484,340,252,163,111,81,72,55,32,14,18,11,6,12,2,2,2,6,1,1,2,3,2,3,1,3,2,2,2
Datasets/wang/Images/train/class3/318.jpg,8,8,9,7,27,45,81,95,96,121,144,187,248,324,413,503,618,717,904,1167,1486,1927,2490,3626,5332,6693,8412,10311,12242,12177,7889,4993,3320,3541,1748,1202,1037,789,588,496,374,349,255,249,184,133,119,95,84,65,60,62,55,41,31,31,28,22,12,6,8,9,4,7
Datasets/wang/Images/train/class3/364.jpg,4,3,9,10,9,9,10,12,16,17,18,38,46,59,64,88,114,139,138,218,287,320,385,565,859,1137,1793,3358,6086,10753,13162,8305,8466,7404,7765,20899,2280,878,562,432,299,231,195,132,119,121,89,77,42,49,36,38,33,21,20,18,10,10,7,13,6,4,7,10
Datasets/wang/Images/train/class3/337.jpg,3,5,8,4,10,9,17,12,26,30,25,30,40,45,71,79,105,144,219,281,384,529,672,985,1350,1790,2453,4107,6216,6602,7091,8011,7196,6356,11463,13515,7552,5378,1410,876,739,582,475,343,202,173,164,132,90,76,51,36,36,21,26,19,6,8,8,6,4,4,1,3
Datasets/wang/Images/train/class3/323.jpg,6,4,1,2,3,4,4,4,13,21,49,63,52,74,70,105,107,166,189,269,369,561,840,1190,1850,2940,5330,8753,14191,13870,9032,7390,5103,7228,12690,1634,1019,827,595,403,274,219,153,120,83,78,50,46,30,31,34,24,16,21,12,12,8,11,8,7,12,11,11,12
Datasets/wang/Images/train/class3/334.jpg,3,5,9,16,12,13,18,15,21,17,25,36,43,46,73,71,93,101,148,197,233,313,397,481,667,896,1227,1964,3012,5183,5848,8257,8168,8934,8928,7476,5546,3873,4910,15772,1437,903,704,477,353,287,262,212,158,98,73,77,59,34,16,23,19,13,13,15,11,7,4,2
Datasets/wang/Images/train/class3/350.jpg,4,9,10,7,11,15,15,12,23,26,40,43,87,119,159,219,244,362,418,670,1043,1588,2620,4173,7700,9321,11446,15125,11559,8624,6514,5150,3202,1916,1329,1001,718,562,444,400,297,230,153,133,84,90,79,54,47,31,39,48,26,15,12,11,10,3,5,1,2,3,1,2
Datasets/wang/Images/train/class3/341.jpg,3,3,4,7,7,5,9,18,21,17,31,50,67,108,107,165,222,295,418,552,723,995,1373,2088,3241,6960,8909,9380,11107,12537,8574,6231,6352,5050,3228,2545,1695,1196,814,641,458,386,316,233,192,190,155,108,113,80,80,49,40,27,32,28,22,13,6,7,5,3,6,7
Datasets/wang/Images/train/class3/309.jpg,2,3,6,1,6,7,1,22,27,22,36,47,50,91,107,114,157,183,224,234,332,364,509,619,829,963,1447,2003,3539,7427,6453,7563,7281,6354,7088,5978,4944,4581,5114,7187,6529,4366,1740,835,527,451,404,317,268,189,173,121,87,103,73,54,50,31,28,20,9,9,1,4
Datasets/wang/Images/train/class3/373.jpg,2,3,5,8,16,6,20,14,16,22,26,38,32,40,80,88,98,124,187,271,305,401,531,698,831,1124,1411,1801,2703,4607,6354,8007,11048,7784,6468,5858,4157,4498,19265,3360,1355,952,702,559,491,341,334,231,190,146,136,115,84,68,67,50,52,38,23,26,16,9,6,6
Datasets/wang/Images/train/class3/315.jpg,3,2,3,2,2,4,3,9,6,9,11,15,24,23,26,47,40,60,70,117,167,232,290,367,500,863,1239,1923,3328,5901,11136,13917,12087,12501,12348,5386,4123,3638,2460,1294,1005,764,495,405,292,248,194,144,124,93,75,62,38,34,35,35,22,16,12,8,10,7,6,4
Datasets/wang/Images/train/class3/329.jpg,5,11,8,7,10,10,11,13,17,17,21,32,28,44,52,89,124,144,187,333,402,505,717,969,1295,1894,2556,3668,5255,11309,9666,10418,9488,7732,6452,5542,4453,4499,2465,1655,1321,1025,786,639,516,398,303,248,217,160,127,104,92,65,55,43,29,25,16,18,3,7,1,3
Datasets/wang/Images/train/class3/342.jpg,7,8,9,3,4,7,5,9,13,13,13,16,12,23,44,37,66,87,122,182,227,303,398,597,862,1216,1807,3296,8815,10249,12158,13558,11286,8370,6636,5922,5247,1911,1328,886,649,423,371,276,216,177,126,93,59,41,22,23,26,11,3,4,8,1,4,5,5,0,4,5
Datasets/wang/Images/train/class3/358.jpg,7,4,4,4,5,6,8,9,16,28,25,37,63,63,77,99,151,231,291,397,546,761,1079,1395,1850,2596,3221,4479,10022,8203,8193,10432,10408,10515,8576,4483,2657,1681,1263,895,683,567,487,368,286,212,160,116,118,99,73,60,77,49,55,40,24,20,13,7,4,3,1,2
Datasets/wang/Images/train/class3/345.jpg,3,1,3,5,5,7,4,4,11,6,9,9,25,21,37,46,72,107,188,232,344,475,682,877,1320,2015,3510,8720,11118,9231,8597,10717,11326,11197,5593,3834,1999,1482,1140,869,607,498,415,228,168,144,106,104,72,30,30,18,18,10,4,0,1,2,1,0,4,1,0,2
Datasets/wang/Images/train/class3/339.jpg,4,0,3,7,3,7,3,6,9,6,9,8,19,27,33,35,62,75,114,141,233,272,370,543,799,1020,1470,2174,3627,7751,12767,15534,12422,7303,6836,5795,4204,3619,3134,2183,1918,1108,651,471,389,306,219,162,123,66,64,49,35,31,17,16,6,16,8,9,4,2,4,3
Datasets/wang/Images/train/class3/302.jpg,2,1,0,3,8,17,12,24,32,37,54,48,68,106,125,193,257,295,398,490,670,902,1221,1749,2196,2990,4112,6123,9883,12832,11073,10186,10432,4948,3828,2963,2167,1654,1344,1019,828,663,487,344,303,213,181,162,129,98,76,59,60,43,39,39,40,27,21,7,11,8,1,3
Datasets/wang/Images/train/class3/368.jpg,3,0,4,2,5,6,5,13,12,11,17,39,64,60,77,99,142,193,275,326,442,557,808,1067,1532,2439,4300,8095,14157,9031,9253,9108,16561,10788,2825,1755,1289,940,551,304,228,201,152,127,100,75,62,31,41,19,18,16,15,11,8,8,6,10,6,6,2,4,1,2
Datasets/wang/Images/train/class3/374.jpg,3,3,9,8,17,19,22,24,33,33,41,58,76,98,124,143,182,194,285,368,444,676,1055,1967,4144,7524,11599,15675,10380,8352,8012,6524,4482,10385,1874,899,677,521,374,254,166,148,108,63,57,47,28,31,22,11,13,6,9,6,8,2,3,5,0,3,1,3,3,3
Datasets/wang/Images/train/class3/352.jpg,6,12,10,17,13,23,25,35,41,49,77,76,111,148,191,270,266,355,436,589,796,1039,1441,2118,2850,3837,4946,6078,8210,9084,8484,7370,5836,7290,12796,2897,2100,1618,1278,978,769,630,555,474,371,316,238,241,199,156,127,96,85,77,38,36,33,18,19,11,6,8,1,4
Datasets/wang/Images/train/class3/367.jpg,10,8,12,7,8,11,13,19,28,17,17,20,21,22,26,26,21,28,32,56,61,100,110,220,447,1161,2895,7365,15847,29246,25490,8371,3187,1477,716,367,235,111,78,60,62,36,37,39,18,12,12,9,16,11,7,5,3,8,5,7,5,11,7,9,5,8,8,18
Datasets/wang/Images/train/class3/370.jpg,4,1,1,5,3,3,3,7,8,5,17,16,25,26,43,47,68,112,129,178,229,350,476,731,1049,1324,2131,3630,6045,8545,11023,13518,17762,12217,6513,3895,2881,1677,1141,809,508,379,228,130,96,65,66,46,36,23,27,18,10,3,2,3,2,3,3,2,3,1,1,2
Datasets/wang/Images/train/class3/300.jpg,5,3,4,10,5,6,12,9,15,21,24,35,71,94,104,174,260,295,439,574,764,1056,1590,2528,4796,12452,23112,18109,10224,6617,4430,2906,2016,1451,1024,777,629,378,314,223,196,127,100,62,50,39,37,29,22,16,13,6,12,12,4,8,3,2,0,2,2,2,2,2
Datasets/wang/Images/train/class3/365.jpg,3,5,2,3,1,6,3,4,8,10,10,21,26,40,59,79,89,134,207,224,304,425,520,734,941,1387,1961,2652,3592,5003,6568,8902,11284,13395,9836,7673,6070,4653,3095,2187,1685,1140,835,576,463,351,271,203,158,113,99,72,43,45,31,28,28,13,9,14,3,5,0,3
Datasets/wang/Images/train/class3/377.jpg,7,7,10,24,34,32,54,68,103,99,148,196,266,383,442,518,740,824,1103,1423,1660,2509,3755,4469,6198,8116,10485,8116,6686,6750,7723,6938,5168,3618,2379,1603,1261,835,702,565,480,348,297,249,215,157,120,89,77,62,59,38,21,16,15,10,6,6,5,6,2,4,2,3
Datasets/wang/Images/train/class3/305.jpg,8,0,8,9,13,10,17,23,45,39,57,51,80,102,152,205,246,325,431,529,639,841,1230,2041,3323,5531,8035,8588,9864,10010,13771,11966,4677,4579,2872,2064,1310,953,722,569,488,394,307,275,213,131,156,91,60,44,34,34,26,17,19,17,16,12,16,5,4,2,5,3
Datasets/wang/Images/train/class3/326.jpg,4,4,2,6,15,23,29,42,63,68,83,92,153,216,306,448,666,945,1253,1928,3078,5899,7497,8998,13783,12353,13000,9603,6191,4073,2372,1458,919,636,440,374,280,197,163,137,102,68,70,52,57,50,30,20,13,5,11,3,2,2,3,2,0,4,3,1,3,2,2,2
Datasets/wang/Images/train/class3/351.jpg,4,4,4,8,7,9,10,29,32,31,68,92,131,161,215,268,322,417,626,885,1192,1584,2134,3017,4830,9779,8958,8004,8097,6668,7084,7983,7196,4186,3383,3670,1728,1283,949,756,591,472,304,251,209,148,125,99,72,65,48,37,22,16,9,8,4,5,5,1,1,4,2,2
Datasets/wang/Images/train/class3/312.jpg,8,6,5,11,9,4,8,8,14,7,23,26,42,70,84,109,167,224,274,463,693,893,1123,1417,2046,2619,3492,5362,7310,9370,10949,13162,10010,6884,7189,5048,3721,1244,940,763,584,445,320,223,215,159,125,115,71,59,54,21,27,28,16,9,10,6,4,3,8,1,1,3
Datasets/wang/Images/train/class3/328.jpg,11,9,9,15,20,21,26,48,58,89,97,135,184,193,335,393,601,734,917,1241,1570,2112,3111,5279,5977,6501,7070,7457,7816,9225,12228,8270,5052,3324,2109,1513,1132,818,587,442,408,286,225,155,138,95,58,38,25,36,19,17,19,11,9,6,6,6,4,3,3,2,1,5
Datasets/wang/Images/train/class3/354.jpg,3,3,8,11,20,24,17,33,40,48,64,97,103,145,199,263,349,423,512,662,889,1199,1812,3082,4709,5627,6344,7535,8935,8804,6762,4978,4414,10232,10668,2891,1670,1015,802,625,504,420,321,253,198,127,140,94,62,41,23,21,22,11,7,10,6,3,6,4,4,3,4,3
Datasets/wang/Images/train/class3/303.jpg,3,1,0,5,6,5,4,7,11,13,10,18,28,30,39,53,81,128,179,216,310,497,602,874,1310,2113,5189,15846,18944,16836,11094,8981,5325,3069,2196,1247,834,533,450,329,254,156,117,67,68,52,34,31,30,17,14,12,4,9,2,2,3,2,3,1,3,1,3,3
Datasets/wang/Images/train/class3/332.jpg,2,0,6,12,8,9,13,34,28,41,42,61,78,106,127,135,230,316,455,588,775,1070,1670,3103,5344,9599,20813,10443,8663,7972,6460,6373,4377,3442,1602,1049,738,499,371,343,268,207,166,147,106,95,92,61,50,26,22,22,13,8,5,3,1,1,4,2,2,2,2,2
Datasets/wang/Images/train/class3/301.jpg,5,4,4,6,4,3,15,19,22,32,26,46,36,52,68,73,95,152,237,264,353,454,538,643,1071,1418,2077,3182,6307,8345,7068,7435,7430,5858,6001,10021,11851,7384,3676,1858,945,678,490,388,333,291,199,151,138,104,94,76,65,66,39,32,20,17,9,7,12,5,9,3
Datasets/wang/Images/train/class3/324.jpg,4,3,1,5,5,8,15,11,20,26,27,20,48,47,99,139,158,184,258,321,364,475,637,823,1065,1578,2183,4552,10733,7814,9931,12678,9549,8719,8133,6245,3507,1998,1286,867,689,614,484,410,350,308,222,184,120,98,62,59,35,18,26,20,24,9,8,8,6,5,4,5
Datasets/wang/Images/train/class3/369.jpg,2,2,1,10,10,11,6,15,17,12,10,24,26,27,42,98,125,163,206,232,252,400,572,1003,2055,3313,5918,10449,16503,16564,14454,10149,5582,3386,2153,1361,914,555,374,241,163,111,100,78,75,61,64,67,60,67,48,47,35,24,13,12,9,7,7,12,2,0,2,3
Datasets/wang/Images/train/class3/344.jpg,3,2,5,5,9,7,12,8,20,18,23,20,27,43,41,68,87,169,229,337,435,530,715,964,1256,1726,2600,3800,8181,13889,12413,13753,8944,9658,4549,3184,2311,1882,1419,1065,876,684,552,355,264,208,163,146,139,95,72,70,61,45,52,31,16,21,9,12,9,9,4,4
Datasets/wang/Images/train/class3/362.jpg,5,1,1,3,4,3,9,6,9,13,18,30,38,43,67,99,110,153,210,275,367,532,719,1033,1572,2423,3955,10425,10072,9739,9770,8171,8412,7717,5886,5041,3274,1802,1408,1040,795,641,526,384,291,263,179,162,123,103,77,68,41,47,32,28,27,17,5,12,12,10,3,3
Datasets/wang/Images/train/class3/310.jpg,4,3,2,6,8,11,28,39,40,80,100,133,186,254,347,502,674,902,1107,1330,1855,2501,3629,7638,9421,7527,6785,6642,10816,14722,5840,3518,2582,1894,1538,1161,1046,766,600,439,332,296,233,151,119,107,80,70,47,33,42,17,14,16,26,15,7,5,4,3,1,2,2,6
Datasets/wang/Images/train/class3/313.jpg,9,2,7,11,29,38,28,37,50,77,107,129,148,176,284,347,407,491,613,797,943,1156,1588,2064,3136,5269,5785,7476,9035,7835,7489,6765,5699,7657,9590,4612,2043,1385,1140,906,644,481,402,285,255,203,139,130,100,83,53,33,23,26,24,20,10,8,6,7,3,6,1,2
Datasets/wang/Images/train/class3/348.jpg,5,2,6,4,3,7,13,14,15,24,26,27,40,64,52,94,138,307,482,676,1109,1906,2846,4230,6596,10723,12793,13509,12013,9356,6568,6529,3007,1765,1053,753,469,277,227,121,94,70,62,37,27,26,20,17,13,11,9,12,10,11,5,3,4,3,5,2,3,4,2,5
Datasets/wang/Images/train/class3/316.jpg,2,1,3,3,0,6,8,6,13,12,17,21,18,28,36,55,87,94,148,155,248,354,406,530,690,960,1347,1754,2467,3281,5790,6907,9698,8364,6062,5684,7238,5545,7320,14893,2841,1214,884,618,513,453,354,260,254,169,122,88,80,53,35,37,30,11,7,10,9,4,4,3
Datasets/wang/Images/train/class3/308.jpg,24,16,11,12,13,16,15,21,21,27,34,39,29,30,32,22,53,86,124,151,194,297,332,497,700,1023,1680,2742,4563,9926,11817,13031,19745,11453,8044,3880,2384,1594,1009,692,483,337,185,165,148,103,57,46,39,34,28,28,27,23,20,36,19,28,14,30,16,30,17,12
Datasets/wang/Images/train/class3/361.jpg,6,1,3,1,2,2,3,3,3,5,9,12,25,25,40,49,43,74,78,135,134,237,321,369,556,704,905,1276,1723,2295,3348,4509,6276,6988,10002,15326,7137,5589,10570,10503,2528,1594,1169,909,694,537,411,298,197,160,112,100,82,64,47,50,29,11,7,8,0,4,2,4
Datasets/wang/Images/train/class3/349.jpg,3,3,3,2,1,7,2,2,6,9,12,12,12,11,18,24,21,24,31,87,130,178,198,221,314,516,717,1036,1584,2175,3373,5733,7878,11694,17342,17635,10305,5125,3406,2463,1684,1208,855,635,477,270,209,182,108,93,76,55,48,21,14,17,11,3,8,5,3,1,3,5
Datasets/wang/Images/train/class3/317.jpg,3,2,4,0,8,2,4,3,11,6,14,11,11,28,42,61,65,102,115,143,199,272,477,568,795,1130,1608,2316,3392,5443,10549,12638,17497,12621,9550,5482,3589,2591,1832,1289,924,675,470,375,311,271,156,134,116,85,58,59,36,27,29,38,15,14,13,11,5,4,2,3
Datasets/wang/Images/train/class3/304.jpg,3,5,7,3,8,5,9,14,18,30,31,37,46,60,65,94,154,177,288,424,502,716,1143,1731,2983,13538,8566,7945,8879,15447,15262,7401,3950,2729,2280,1004,630,516,408,292,246,149,114,89,71,52,40,27,26,15,20,10,3,8,4,7,6,5,3,1,2,2,2,2
Datasets/wang/Images/train/class1/105.jpg,4,3,3,0,3,1,0,4,5,3,8,6,12,9,16,14,19,21,40,42,60,64,90,134,187,262,456,686,1095,2010,3980,10962,20069,16875,15448,13101,5794,2612,1315,833,524,390,252,193,142,105,88,64,58,33,40,21,30,27,20,16,14,7,8,3,5,7,6,5
Datasets/wang/Images/train/class1/171.jpg,1,2,5,6,8,16,15,16,24,20,29,46,66,107,125,188,306,478,717,1090,1571,2164,3276,4531,6586,9728,12038,10554,14145,10611,5225,3879,2901,2144,1456,1068,837,590,486,337,231,171,134,81,70,53,31,32,15,24,12,15,7,8,8,6,4,3,0,1,1,2,1,2
Datasets/wang/Images/train/class1/173.jpg,4,2,2,4,12,10,13,21,17,16,20,20,29,20,28,28,42,61,83,121,123,136,201,246,438,699,1449,5658,14296,27256,9007,8527,12279,5568,4436,3336,1680,874,476,338,213,89,77,59,51,42,32,38,21,16,25,15,9,6,8,9,3,0,4,0,3,1,4,3
Datasets/wang/Images/train/class1/135.jpg,3,3,4,6,11,9,8,11,14,10,16,8,23,28,30,36,43,45,36,64,87,133,145,178,235,365,484,635,974,1222,1815,3227,11828,17314,18438,13499,7788,6273,4289,2579,1731,1090,843,606,488,326,268,218,163,93,96,72,67,85,58,52,46,20,25,11,10,8,8,4
Datasets/wang/Images/train/class1/115.jpg,20,22,20,19,20,30,33,40,42,42,55,51,90,122,143,271,365,549,866,1440,2274,3370,4337,5129,5525,6255,8415,12581,11742,11861,7758,8305,2175,1094,734,572,386,304,251,189,169,111,87,70,71,57,55,34,29,16,13,17,8,5,9,7,7,6,6,5,7,5,4,9
Datasets/wang/Images/train/class1/162.jpg,10,9,11,20,26,27,43,43,58,55,67,91,87,117,148,174,206,263,302,399,416,581,643,770,955,1323,4209,4390,7883,7765,6742,7851,12092,12668,8587,6851,3922,2662,1527,911,589,471,401,325,267,253,190,140,122,127,99,98,72,62,41,36,34,22,25,7,3,9,2,5
Datasets/wang/Images/train/class1/138.jpg,3,7,8,11,15,22,36,47,67,66,74,88,102,158,181,222,280,346,483,662,882,1205,1490,2497,7146,7403,10413,20166,23680,14096,1986,1210,800,547,396,303,269,201,159,143,111,82,60,32,16,15,14,15,9,16,8,11,6,7,5,3,4,4,3,3,2,2,3,3
Datasets/wang/Images/train/class1/112.jpg,3,5,4,14,18,11,23,21,34,46,63,82,125,166,268,301,384,554,885,1221,1599,2228,2821,4055,13773,11458,8183,7286,7414,7058,6135,5016,4183,3018,2310,1928,1781,1343,759,509,335,239,167,100,76,59,53,38,40,31,23,11,9,7,10,8,3,2,0,1,1,1,1,4
Datasets/wang/Images/train/class1/114.jpg,2,1,2,6,1,10,22,19,34,43,47,61,71,106,155,178,225,324,500,649,977,1390,1988,2550,3419,4333,5258,5944,7598,8577,6655,5628,5258,4902,4777,4408,4197,4319,3965,2986,1760,1244,916,664,464,339,294,231,154,139,103,93,85,49,29,29,23,26,19,18,18,7,5,10
Datasets/wang/Images/train/class1/149.jpg,2,5,4,8,10,15,22,15,29,26,33,57,34,51,57,60,103,127,202,325,427,541,725,908,1280,1804,6070,12900,24092,25097,14404,3847,1494,899,658,457,384,249,182,126,109,82,72,45,34,25,24,24,22,20,18,14,6,15,10,9,10,11,5,6,6,4,2,2
Datasets/wang/Images/train/class1/128.jpg,2,1,6,5,11,6,11,9,22,13,42,46,54,70,78,108,139,163,247,340,391,465,617,873,1310,1655,2176,3066,4056,5076,7103,10764,12821,9745,13151,9970,4428,2810,1808,1320,889,687,460,301,269,173,141,105,59,43,41,33,28,26,13,12,11,12,8,4,1,3,3,4
Datasets/wang/Images/train/class1/179.jpg,3,2,2,6,9,7,7,11,22,34,32,46,60,62,85,105,115,128,205,306,454,661,988,1668,2732,2996,4472,7384,9399,8437,8467,13960,10333,7748,5394,3935,2724,1779,1112,737,418,284,197,135,116,102,94,70,41,35,19,26,16,19,28,15,9,13,11,6,7,6,4,6
Datasets/wang/Images/train/class1/174.jpg,5,4,6,4,7,8,16,26,35,36,62,82,112,128,185,232,294,395,488,753,1036,1251,1790,2756,4608,7528,12087,18233,19478,9454,4780,3120,2274,1685,1227,946,735,560,484,378,225,176,150,134,84,62,46,29,18,15,16,14,11,8,4,2,4,5,6,0,1,1,2,3
Datasets/wang/Images/train/class1/109.jpg,3,6,11,9,15,23,31,45,59,61,87,92,97,106,156,226,289,399,474,596,707,978,1352,1715,2175,2828,3883,6729,9903,9850,6904,7167,7567,6990,5871,4527,3490,2730,2038,1600,1262,1142,882,640,521,439,328,296,221,171,145,99,100,76,41,43,38,13,11,15,10,12,6,4
Datasets/wang/Images/train/class1/157.jpg,3,1,3,6,5,4,6,7,12,13,12,17,26,38,45,84,113,100,155,161,180,246,316,407,538,790,1332,2534,3952,5622,15563,12974,14344,12155,9408,6099,3119,1883,1425,1207,857,587,422,299,247,198,184,144,116,85,66,55,42,23,12,11,11,7,5,9,10,6,1,2
Datasets/wang/Images/train/class1/167.jpg,4,3,6,4,7,8,5,12,23,37,39,29,51,73,116,150,241,349,529,777,1154,1773,2779,4096,6043,7401,8093,8563,9303,10324,10041,8972,6424,3841,2129,1292,858,595,455,387,275,217,191,134,92,81,59,39,48,20,25,19,21,33,13,9,13,4,6,7,3,3,3,3
Datasets/wang/Images/train/class1/170.jpg,3,2,4,2,2,2,5,0,4,4,5,16,24,18,27,46,80,84,138,210,323,445,624,819,1411,1982,3067,4552,6382,8710,11218,13962,16044,10339,6487,4209,2278,1379,974,715,497,317,260,183,105,64,47,35,28,30,28,27,18,17,20,7,1,6,2,3,3,2,4,4
Datasets/wang/Images/train/class1/106.jpg,5,2,8,17,8,15,17,25,34,36,48,57,58,54,53,95,120,180,194,240,309,370,416,507,686,813,983,1233,1546,2124,4374,12577,11147,10031,5741,7759,12001,12636,4625,1356,916,810,712,589,491,433,350,344,266,191,135,106,103,84,68,45,45,29,35,19,22,5,1,5
Datasets/wang/Images/train/class1/133.jpg,2,5,3,1,1,2,3,5,7,10,12,11,10,13,20,34,67,109,167,236,304,432,656,850,1227,1854,2472,3098,3617,4649,9933,15239,13239,9546,6770,5806,4504,3680,2549,1681,1350,1662,629,436,333,261,153,130,100,101,71,42,41,28,27,17,27,11,18,11,8,8,4,12
Datasets/wang/Images/train/class1/178.jpg,1,4,8,3,10,10,11,19,28,38,33,59,48,71,100,145,191,284,300,372,476,547,658,863,1011,1308,1785,5312,7733,15043,13155,7809,4257,3986,3998,3924,3950,3964,3431,3005,2420,1864,1374,1037,863,645,496,387,312,209,150,122,103,81,60,54,44,37,30,20,14,13,10,9
Datasets/wang/Images/train/class1/144.jpg,3,4,2,3,3,6,14,32,19,33,39,55,77,95,86,151,157,200,257,296,428,496,714,986,1259,1966,2674,3565,4559,5471,6002,6173,6302,6094,5836,6491,13590,15841,2109,1413,1109,842,581,517,414,342,253,182,121,83,79,74,58,32,25,18,14,22,5,4,5,6,11,6
Datasets/wang/Images/train/class1/120.jpg,3,3,4,1,6,15,7,19,16,30,16,35,41,50,64,73,107,169,225,291,347,490,740,1177,2111,3170,3095,5035,11048,14665,14362,15601,12593,4365,2638,1593,1140,787,479,411,269,190,176,157,114,72,64,56,42,40,24,14,12,8,12,1,2,4,6,3,5,7,0,4
Datasets/wang/Images/train/class1/156.jpg,2,3,5,4,13,16,21,32,42,48,71,86,98,119,165,197,254,295,306,448,555,676,936,1178,1646,3156,5384,24339,33189,5755,5813,4604,3084,1751,982,643,519,378,265,239,197,163,120,109,80,65,55,44,32,19,17,21,18,13,9,4,4,3,3,1,2,5,0,3
Datasets/wang/Images/train/class1/137.jpg,5,3,5,7,12,9,24,26,22,28,35,44,65,73,76,114,145,182,246,325,357,512,621,729,948,1356,2055,2946,4358,8203,16426,29605,16334,4540,2149,1503,1007,701,516,369,301,250,197,156,136,83,86,66,62,51,50,55,30,29,15,13,10,8,6,5,2,7,2,3
Datasets/wang/Images/train/class1/117.jpg,4,5,6,8,10,8,14,7,16,31,41,44,65,68,83,92,126,149,183,222,306,357,412,555,667,880,994,1122,1332,1601,1827,2505,3309,4898,7783,10162,9809,11733,21194,6040,2243,1581,1237,1054,821,682,516,343,300,207,186,118,90,62,52,40,26,33,12,15,6,6,3,3
Datasets/wang/Images/train/class1/124.jpg,2,10,7,8,10,14,20,14,16,17,24,25,28,66,60,101,124,162,177,192,261,320,525,774,1259,2126,3460,5337,8593,11329,11791,11846,9745,5411,6652,14147,1003,667,449,344,234,195,154,135,91,91,53,48,24,29,29,14,24,19,10,11,5,4,4,3,5,2,1,3
Datasets/wang/Images/train/class1/177.jpg,5,1,1,5,3,8,12,9,9,11,13,27,26,35,54,79,129,177,241,337,528,653,898,1241,1761,2530,3208,4151,5200,6132,8979,30882,10048,6384,4563,3025,2053,1336,985,659,495,345,243,172,135,107,62,61,47,34,33,28,25,14,12,17,8,18,8,7,11,10,8,6
Datasets/wang/Images/train/class1/140.jpg,7,11,11,21,34,33,52,59,89,105,125,151,154,291,385,498,579,733,944,1191,1445,1811,2294,2753,3757,4740,5902,10915,11802,11786,9375,7308,4435,2965,2350,1820,1540,1221,968,779,595,484,404,303,238,167,139,87,75,86,57,42,38,21,30,19,25,17,10,9,7,4,5,3
Datasets/wang/Images/train/class1/132.jpg,3,4,10,9,8,16,24,40,47,80,73,88,105,148,150,202,214,301,349,450,512,676,800,1064,1294,1598,2131,3016,6646,8209,9425,9195,9362,8107,6317,5360,4426,3765,3010,2778,2571,1466,990,722,543,433,323,249,200,191,127,104,88,68,71,34,27,29,18,15,10,3,4,6
Datasets/wang/Images/train/class1/176.jpg,5,5,4,5,6,15,14,20,27,27,29,54,81,83,107,109,187,198,280,350,490,588,759,995,1365,1689,2187,3040,4060,5511,14372,24998,14794,7038,5157,2698,1701,1224,891,672,506,416,316,223,186,135,113,91,66,75,55,62,41,40,23,20,23,19,15,14,8,9,10,3
Datasets/wang/Images/train/class1/122.jpg,3,3,2,6,6,8,8,10,9,19,50,46,80,83,86,114,170,233,311,310,351,443,493,598,755,959,1535,2405,4573,4955,8625,12416,11401,8995,11213,10987,4042,2826,2116,1564,1218,920,716,545,459,401,284,243,149,128,96,82,49,40,39,29,31,12,13,16,7,11,3,4
Datasets/wang/Images/train/class1/148.jpg,3,1,2,8,4,7,7,13,18,14,18,28,37,40,71,95,125,165,165,217,270,331,471,608,910,4172,12839,12053,11695,6252,7833,7204,6816,5638,4770,3957,3037,2226,1660,1232,927,727,510,317,220,157,97,54,57,44,27,28,22,20,16,18,14,8,6,5,11,2,3,2
Datasets/wang/Images/train/class1/111.jpg,5,6,3,2,2,10,17,32,53,42,54,79,119,146,148,207,286,380,459,628,852,1235,1810,2732,3856,6639,11863,9427,12964,11433,8598,7731,5979,2916,2130,1542,1167,766,560,401,268,183,147,114,82,56,51,45,16,17,5,8,3,1,3,3,1,3,6,3,3,3,1,3
Datasets/wang/Images/train/class1/145.jpg,3,0,2,3,1,2,3,1,3,2,3,1,2,3,5,4,1,7,9,19,22,39,45,42,51,74,81,95,100,150,206,275,596,1377,5428,7053,9405,12063,19256,22904,12568,2703,1125,743,442,298,256,195,131,131,82,69,51,43,36,28,18,14,14,9,1,3,3,5
Datasets/wang/Images/train/class1/102.jpg,4,4,2,10,4,6,4,6,9,6,9,18,23,16,34,39,31,51,78,94,99,148,191,268,367,549,717,973,1680,4010,4962,17122,24191,15276,11236,6648,3378,2012,1185,818,574,399,248,192,134,111,85,73,41,40,33,18,17,11,10,8,7,7,3,2,2,2,3,6
Datasets/wang/Images/train/class1/143.jpg,4,4,1,1,3,3,6,3,2,4,2,1,3,8,2,3,9,17,28,30,45,71,90,125,142,361,2110,2984,4516,7469,7887,7915,8441,8483,7700,7335,9345,8821,6288,3001,1631,891,605,469,300,266,198,137,94,88,65,56,55,40,24,23,25,24,17,10,5,6,7,5
Datasets/wang/Images/train/class1/139.jpg,2,4,3,4,3,2,7,3,5,14,12,10,35,37,47,65,71,109,108,148,156,272,340,433,479,720,948,1237,1668,2162,2784,3511,4810,7530,12084,13909,15331,11173,6574,3803,2249,1536,998,708,527,408,273,181,187,123,124,72,65,47,57,38,22,22,17,6,11,12,4,4
Datasets/wang/Images/train/class1/121.jpg,2,4,1,1,2,2,4,3,7,9,10,25,20,28,41,56,69,74,138,160,176,234,272,432,601,845,1138,1813,5965,17941,14602,9929,19164,4341,5059,4039,2754,1792,1212,829,741,623,548,466,437,326,272,230,203,144,110,91,64,46,39,35,32,26,22,19,14,14,6,2
Datasets/wang/Images/train/class1/154.jpg,3,1,8,9,10,19,28,28,51,53,89,88,130,153,153,198,293,304,367,459,698,878,1046,1161,1491,2002,2906,6829,13516,9334,5925,6060,6807,8159,7838,6845,5031,2950,2006,1231,727,501,385,315,207,160,164,136,94,84,66,63,47,39,35,19,29,20,9,13,9,11,9,5
Datasets/wang/Images/train/class1/152.jpg,9,9,11,8,5,7,6,12,16,14,21,14,27,30,50,46,46,66,63,98,114,140,169,235,271,345,419,626,949,2439,2670,3608,7873,23275,29702,15485,5441,1538,590,353,266,177,177,164,130,102,110,72,69,46,30,26,30,10,16,18,7,8,5,6,12,7,9,7
Datasets/wang/Images/train/class1/150.jpg,3,3,2,3,10,10,4,5,4,22,16,10,29,16,26,26,32,53,49,88,133,153,202,248,270,379,476,618,784,1101,1521,2793,4656,9063,11129,12791,19488,13212,6748,3909,2478,1608,1020,826,550,405,321,234,169,129,105,81,62,52,44,24,20,19,15,18,22,6,6,5
Datasets/wang/Images/train/class1/161.jpg,6,6,4,3,8,5,10,16,18,18,29,26,38,42,46,64,70,84,142,160,204,227,332,419,543,757,1131,2058,4932,10831,29028,34517,4762,1979,1333,1026,773,548,430,341,247,201,152,153,114,109,65,58,41,42,33,22,26,16,16,9,6,8,6,3,2,3,3,3
Datasets/wang/Images/train/class1/134.jpg,3,1,5,4,5,6,7,5,6,11,19,8,27,16,35,32,48,72,96,169,212,305,387,510,729,1074,1497,1923,2473,3213,4613,6296,9507,12954,12726,9635,8016,7518,5365,2965,1731,1194,846,619,385,295,200,140,110,81,55,32,30,24,21,17,8,8,2,4,5,1,1,2
Datasets/wang/Images/train/class1/172.jpg,5,3,5,5,4,11,13,15,23,31,51,82,90,119,185,222,296,380,530,720,1023,1235,1494,1806,2289,3104,6266,12299,17076,13399,6022,5088,4901,4457,3683,2968,2119,1426,1055,839,667,521,419,299,270,192,161,107,89,57,50,39,36,20,9,6,4,6,2,1,4,2,2,2
Datasets/wang/Images/train/class1/159.jpg,4,5,2,7,3,11,7,14,14,22,28,38,45,53,50,81,90,117,123,168,215,266,340,506,938,1917,3136,4564,5577,5551,4859,6683,14835,21831,9989,6388,3947,1970,1060,703,530,375,276,198,159,129,79,76,71,52,39,33,23,21,18,21,11,6,7,7,6,6,1,3
Datasets/wang/Images/train/class1/126.jpg,3,2,2,5,5,4,7,7,3,7,7,13,13,18,16,17,25,34,28,58,77,101,110,144,233,270,424,1084,2105,3305,5295,9195,13540,13244,14796,14499,11167,4458,1296,706,487,391,270,202,137,116,67,69,58,49,29,11,7,13,12,11,10,9,7,4,5,5,6,6
Datasets/wang/Images/train/class1/118.jpg,3,1,2,2,5,4,11,8,9,12,12,33,24,33,42,60,72,121,139,181,180,233,316,402,520,695,839,1114,1353,1788,2599,4378,7194,9120,9195,8384,7638,8200,8659,7678,5379,3242,2194,1611,1163,795,615,478,362,283,216,161,143,124,85,44,43,31,25,14,13,11,9,4
Datasets/wang/Images/train/class1/108.jpg,3,10,9,15,29,41,50,46,70,93,110,135,175,222,250,319,443,546,678,862,1200,1829,2790,4274,6695,10368,16859,21000,13124,6147,3254,1982,1196,861,552,415,292,260,156,125,114,112,94,87,60,66,55,45,40,43,29,21,19,6,5,1,2,3,3,3,5,2,0,4
Datasets/wang/Images/train/class1/125.jpg,6,4,3,2,6,6,5,6,7,8,11,15,9,12,14,14,31,18,34,46,55,81,78,118,169,215,296,421,870,2518,6286,9880,13985,22147,10437,5672,5294,4877,4389,3442,2354,1672,1013,614,375,272,141,105,56,44,48,36,23,15,12,12,4,2,3,5,4,3,1,3
Datasets/wang/Images/train/class1/136.jpg,5,1,3,3,8,10,15,19,16,35,31,33,49,64,67,87,102,162,185,223,275,331,416,458,559,816,1198,1485,2191,5115,10550,11024,15828,12357,8011,7706,6503,4665,2780,1288,888,623,492,299,235,202,148,139,110,95,66,69,59,62,37,26,15,9,11,10,15,10,6,4
Datasets/wang/Images/train/class1/146.jpg,3,1,3,5,4,16,9,15,23,12,31,32,38,51,76,97,119,122,151,176,203,233,330,538,1285,3539,7044,9835,9016,7367,6390,11624,9407,6630,7096,6238,4077,2097,981,680,477,382,308,259,221,166,142,125,128,90,91,58,48,31,34,30,31,22,15,17,12,10,10,3
Datasets/wang/Images/train/class1/151.jpg,4,6,16,16,24,21,36,40,46,68,67,60,93,115,176,220,327,381,507,629,892,1299,1759,2543,3501,4798,10984,22078,17838,7858,5325,4181,3147,2126,1667,1151,850,672,538,486,356,256,220,167,125,104,94,75,70,51,53,36,44,20,29,18,12,8,8,5,3,1,2,2
Datasets/wang/Images/train/class1/164.jpg,4,4,4,8,5,8,9,18,33,56,48,47,70,89,132,161,178,187,234,282,378,475,598,911,1336,2343,4316,7353,11388,13419,10643,6577,5257,5084,5298,4602,3512,2648,1955,1532,1309,1037,847,705,578,496,377,309,269,254,176,188,128,84,94,72,49,38,31,21,14,17,6,3
Datasets/wang/Images/train/class1/130.jpg,3,8,10,5,20,37,49,72,65,101,132,228,291,355,449,601,768,807,1019,1159,1418,1602,1870,2183,2661,3510,6271,9247,12166,12982,10705,7398,6743,6364,4052,1461,569,289,182,109,89,60,35,33,18,30,15,11,6,7,3,9,4,0,3,1,8,1,0,0,4,0,2,4
Datasets/wang/Images/train/class1/163.jpg,3,2,5,4,9,6,5,6,6,8,8,12,7,7,5,10,15,19,10,11,9,26,21,26,25,21,28,20,46,54,91,192,442,901,1880,3720,6631,14670,32541,20877,9592,3658,1392,409,200,109,85,69,47,62,27,33,36,33,45,27,18,17,19,10,14,9,8,6
Datasets/wang/Images/train/class1/104.jpg,2,2,0,4,3,3,4,1,3,2,1,3,2,1,4,6,6,17,16,35,52,70,76,90,143,162,229,315,384,490,630,780,1106,1687,2556,7613,19025,19482,19777,12423,4713,2203,1234,766,531,411,267,231,185,127,95,87,52,50,38,21,27,18,16,16,7,1,1,2
Datasets/wang/Images/train/class1/169.jpg,5,4,2,6,6,8,6,7,8,6,12,14,12,23,47,47,49,70,71,85,102,130,163,236,369,543,934,1311,1938,2579,3603,4965,12681,32141,7144,7228,6777,6049,3704,1769,943,647,454,322,233,181,152,118,69,33,51,37,32,27,24,33,29,17,11,5,10,13,6,3
Datasets/wang/Images/train/class1/103.jpg,4,8,8,5,10,11,15,15,7,18,19,19,14,31,31,34,41,40,58,78,89,132,184,193,236,382,657,4509,11412,10265,11539,4053,5051,7529,9963,10540,8336,5537,3048,1597,734,451,330,224,152,118,96,78,91,75,49,35,25,24,19,23,21,6,11,6,8,5,3,2
Datasets/wang/Images/train/class1/142.jpg,4,2,4,7,11,16,10,25,27,29,51,55,92,132,184,218,297,367,446,533,760,997,1418,1885,2602,4905,13934,17157,13778,10847,5785,4528,4310,3489,2853,1920,1181,865,667,531,422,306,199,149,91,50,33,22,20,12,12,9,12,6,10,5,3,8,2,4,2,1,1,3
Datasets/wang/Images/train/class1/101.jpg,2,1,3,1,2,1,1,5,3,2,3,9,20,25,22,18,21,20,28,46,48,64,88,120,204,244,217,285,387,512,690,1056,1503,4208,10722,14999,20687,19201,11161,4775,2575,1524,791,589,330,240,187,118,103,82,74,61,51,38,36,39,19,13,8,5,7,4,2,4
Datasets/wang/Images/train/class1/166.jpg,6,2,2,5,4,10,9,12,13,14,29,45,56,50,79,99,137,171,223,298,355,530,694,908,1223,1680,2061,2696,3201,4035,5718,9464,18461,15215,4779,5967,5829,3426,2172,1583,1342,1042,927,748,620,530,420,306,254,198,185,135,88,75,55,22,26,19,21,16,4,5,2,3
Datasets/wang/Images/train/class1/168.jpg,5,1,1,5,2,6,4,1,6,0,7,9,5,18,20,27,29,64,56,99,135,211,266,399,589,702,1142,1562,2206,3009,3922,4672,5055,9618,17821,12337,4858,5261,6560,7395,4761,2256,1107,617,422,256,221,165,112,92,64,45,13,16,10,18,11,7,9,6,4,2,2,3
Datasets/wang/Images/train/class1/110.jpg,2,2,7,5,8,7,1,12,17,17,21,27,49,87,103,176,205,297,338,498,642,904,1193,1609,2277,3098,4172,6486,18088,20943,8769,6644,5051,3882,3041,2295,1765,1326,1035,775,571,425,342,284,193,148,135,99,63,36,30,27,20,16,5,13,6,2,1,3,4,2,3,2
Datasets/wang/Images/train/class1/116.jpg,5,2,4,1,2,5,7,18,25,29,53,58,57,103,144,186,303,380,560,751,1008,1374,1832,2810,5425,10177,11570,12413,18938,6773,4934,3736,3014,2488,2358,1617,1063,860,696,538,453,363,259,193,146,133,111,70,66,41,41,20,20,13,5,9,6,16,5,4,2,5,4,2
Datasets/wang/Images/train/class1/119.jpg,5,6,7,4,8,4,20,23,28,34,54,62,66,110,133,140,157,234,271,360,487,698,1000,1563,2257,3453,4606,5064,5667,5431,15824,12302,5612,10863,11638,3867,1730,1110,857,599,431,307,236,205,163,125,94,63,55,44,46,38,26,22,17,9,13,15,10,7,10,6,5,3
Datasets/wang/Images/train/class1/107.jpg,4,4,2,3,2,3,9,2,11,10,24,19,28,29,45,59,78,84,135,183,255,304,392,532,708,1010,1336,1878,2161,2744,3347,4115,5210,12437,19276,17041,7178,4432,3153,2404,1851,1373,1081,821,683,487,393,301,184,137,114,70,35,37,23,15,7,11,8,8,8,2,2,6
Datasets/wang/Images/train/class1/147.jpg,3,5,12,9,4,12,8,6,16,16,27,18,29,36,41,65,105,138,172,222,313,381,447,638,921,1242,1580,2031,2865,3980,4689,11694,12890,11925,8564,6295,5307,4129,3387,2750,2277,1863,1501,1176,927,759,633,481,390,297,226,218,169,125,87,56,50,37,19,17,15,6,1,2
Datasets/wang/Images/train/class1/160.jpg,3,1,6,7,7,7,11,16,31,36,65,95,153,181,282,380,547,735,1038,1410,1914,2513,3605,4701,5736,6350,6357,6387,6099,5992,6031,6235,6734,7300,6222,3095,1975,1491,1073,790,524,431,357,314,258,198,170,124,85,61,53,34,21,19,10,7,6,5,3,1,3,3,3,3
Datasets/wang/Images/train/class1/155.jpg,4,2,9,5,11,3,7,4,9,18,40,37,43,45,46,61,68,77,116,126,231,299,445,695,1202,2761,8373,26796,27114,11715,4725,3455,2818,2149,1461,941,690,449,268,193,165,125,103,66,57,48,34,30,26,17,15,10,10,9,9,6,8,18,13,11,6,2,3,2
Datasets/wang/Images/train/class1/113.jpg,3,2,5,1,11,11,14,15,8,19,30,45,45,69,88,123,162,225,276,323,426,485,617,845,959,1270,1706,2081,2466,3225,4179,5523,7074,8527,9845,12997,10255,6428,4733,3558,2415,1689,1294,1016,789,598,461,345,257,184,117,100,73,52,39,46,32,33,22,25,7,13,17,6
Datasets/wang/Images/train/class1/158.jpg,5,3,5,7,7,8,14,21,18,20,21,35,43,73,84,118,111,146,209,273,315,452,647,904,1210,1712,2387,4080,5896,6356,7323,11600,34686,8861,3174,2076,1343,884,671,574,452,299,255,198,145,100,78,73,49,52,52,36,34,30,18,15,7,7,5,8,9,3,5,2
Datasets/wang/Images/train/class1/153.jpg,3,5,7,11,10,17,12,26,33,32,48,54,83,130,154,198,268,270,392,493,670,851,1269,1665,2179,3150,4600,6431,7511,8439,9399,10204,10726,9225,6332,3916,2518,1668,1253,892,725,571,413,318,261,167,133,104,103,77,64,40,53,22,27,20,26,14,5,3,3,3,3,5
Datasets/wang/Images/train/class1/127.jpg,3,2,4,4,7,11,20,22,18,21,33,36,49,54,60,80,100,135,150,149,157,197,209,307,351,413,503,578,686,811,1116,1676,2536,5771,16550,21986,14781,10264,6096,3636,2320,1891,1307,848,599,384,269,218,207,138,130,79,92,67,45,45,26,19,12,5,7,5,3,6
Datasets/wang/Images/train/class1/165.jpg,3,1,3,3,4,12,17,17,16,28,37,44,59,69,108,177,160,253,263,392,472,561,628,786,908,1300,1816,3569,8853,13803,19662,5042,5280,9922,10296,4923,1996,1408,1158,957,703,589,469,333,292,222,175,115,94,81,50,33,27,27,21,15,16,11,5,11,3,1,2,3
Datasets/wang/Images/train/class1/131.jpg,8,3,5,10,5,9,5,12,5,5,13,8,12,7,9,12,9,9,17,32,43,36,45,82,192,352,713,1379,2176,2292,2405,3195,13345,35556,26804,7635,748,377,195,167,84,30,26,32,24,16,21,14,10,19,9,5,8,9,5,9,6,8,7,9,3,8,4,6
Datasets/wang/Images/train/class1/141.jpg,20,10,7,9,7,7,13,17,20,15,18,33,23,33,33,32,44,100,131,150,216,264,362,599,1053,1614,2337,6145,25033,28103,11801,5240,3976,3062,2293,1682,1126,733,525,339,240,161,103,86,90,48,59,52,34,30,22,18,21,9,16,13,12,17,13,13,10,7,2,3
Datasets/wang/Images/train/class1/175.jpg,3,13,16,11,24,26,42,52,49,65,73,85,100,116,147,195,297,399,589,860,1320,1853,2502,3200,4468,5859,7190,11729,15337,11264,7661,5623,4544,3519,2470,1682,1183,903,691,468,365,247,184,165,107,86,81,59,67,41,44,44,33,45,25,17,31,15,4,4,3,2,3,4
Datasets/wang/Images/train/class1/129.jpg,11,5,11,10,12,12,31,33,42,51,52,89,114,146,154,198,244,322,388,571,737,963,1188,1650,2331,3368,5521,11189,21592,12317,7902,5813,4348,3379,2881,2701,2433,1847,1293,882,466,244,189,132,114,85,72,59,48,14,16,7,7,8,2,1,0,2,0,0,2,0,2,3
Datasets/wang/Images/train/class1/100.jpg,3,1,3,6,1,4,9,19,7,27,50,54,49,79,73,92,154,178,253,334,513,716,988,1295,1722,2456,3224,4297,5769,7853,12281,13742,11995,7913,5540,4295,3056,2281,1649,1242,951,675,524,391,286,215,166,125,116,86,87,78,63,93,54,55,47,35,18,5,1,3,4,3
Datasets/wang/Images/train/class1/123.jpg,4,6,8,4,6,13,12,14,19,25,21,27,33,31,38,38,37,48,49,81,78,110,117,131,196,218,239,325,471,690,1163,2542,4559,6731,9274,20366,27812,14906,3588,1224,720,516,335,305,199,162,130,111,67,81,48,55,53,68,41,29,26,21,19,22,14,11,9,8
Datasets/wang/Images/train/class9/971.jpg,6,5,17,11,9,5,17,20,28,61,68,78,100,139,154,180,261,344,465,640,895,1300,2043,2761,4168,7218,13378,15557,14597,11081,7593,4539,3026,2041,1433,942,629,478,436,334,217,179,137,149,93,92,84,69,58,36,31,22,13,12,7,7,5,10,4,7,3,5,3,4
Datasets/wang/Images/train/class9/977.jpg,5,15,15,21,34,32,33,41,63,63,78,83,118,143,150,216,252,310,378,437,516,723,873,1173,1611,2539,3848,8795,11766,10294,11525,11378,9870,6291,3987,2688,1874,1302,1014,732,571,444,332,259,199,175,117,122,124,94,107,89,74,80,65,37,38,26,25,11,14,6,6,3
Datasets/wang/Images/train/class9/965.jpg,5,5,6,24,32,50,77,90,92,115,138,181,196,265,296,371,482,556,671,867,1064,1398,1799,2530,3669,10636,18143,9306,8697,7371,6611,6162,3980,2628,2082,1581,1355,1033,785,630,462,376,244,226,200,185,165,114,105,72,45,34,18,13,11,10,11,3,8,7,7,2,3,4
Datasets/wang/Images/train/class9/941.jpg,4,2,0,2,7,7,2,4,2,3,3,5,12,7,7,8,16,17,25,26,39,50,53,72,121,128,188,286,413,508,720,1020,1573,2285,3380,6093,9838,10548,11231,10708,11485,17087,3789,2036,1267,848,586,446,303,206,143,145,109,94,91,64,45,32,32,28,21,17,10,7
Datasets/wang/Images/train/class9/900.jpg,3,1,3,7,11,5,6,6,10,26,20,38,59,91,112,148,250,321,418,596,783,1172,1573,2131,2678,3556,4583,6061,7530,8572,8987,8961,8367,7643,5703,4433,3337,2432,1883,1409,997,829,620,483,349,254,174,174,106,101,71,68,34,24,29,19,16,16,3,3,1,3,1,4
Datasets/wang/Images/train/class9/944.jpg,9,5,3,6,11,13,12,21,19,21,28,14,11,29,26,24,31,55,58,84,119,142,189,261,391,499,798,1096,1654,2432,3599,5566,10021,12842,12018,12954,12697,8362,3482,2341,1629,1190,936,721,490,362,257,175,143,97,84,65,56,25,17,30,35,14,9,5,4,3,10,4
Datasets/wang/Images/train/class9/916.jpg,3,4,6,7,28,31,39,45,62,74,99,95,130,175,227,238,340,437,586,754,955,1208,1632,2478,6397,22291,26422,8137,4671,4000,3690,3196,2473,1790,1427,1066,726,590,461,289,212,195,175,108,89,60,42,22,17,21,12,11,8,14,8,6,6,5,1,2,0,4,1,6
Datasets/wang/Images/train/class9/976.jpg,3,2,4,5,4,4,10,8,8,16,14,23,32,64,67,94,137,176,219,293,436,638,860,1197,1564,2137,2763,3994,5640,8768,10727,10629,10532,9229,7633,5675,3930,2790,1990,1483,1106,822,594,465,374,308,205,164,109,72,52,35,29,27,21,32,16,17,20,12,7,7,6,6
Datasets/wang/Images/train/class9/978.jpg,4,3,6,7,8,15,16,20,21,27,28,38,58,87,124,153,202,257,356,482,583,785,985,1411,1825,2328,3376,5062,9117,16436,9776,7882,7084,6034,4958,4034,3068,2622,2089,1596,1194,847,765,569,467,347,267,229,166,139,80,72,55,40,27,20,19,5,13,4,4,3,3,6
Datasets/wang/Images/train/class9/925.jpg,6,5,5,13,23,32,27,44,39,38,52,70,89,82,90,114,147,183,192,307,535,816,1340,2332,5353,29257,20436,15277,8641,5647,2581,1467,829,475,346,246,177,148,110,100,85,73,57,71,59,48,37,39,27,24,19,15,13,12,12,6,10,5,4,2,2,2,4,7
Datasets/wang/Images/train/class9/945.jpg,3,6,9,11,10,23,42,58,71,96,128,140,190,224,278,331,382,517,650,865,1156,1586,2227,3046,4822,8156,7889,8201,8516,8829,8615,8003,6452,4667,3136,2192,1649,1233,910,691,552,373,312,227,182,182,81,93,65,50,50,33,26,27,9,7,2,5,1,6,2,3,3,3
Datasets/wang/Images/train/class9/924.jpg,3,5,3,2,5,2,4,2,2,9,7,10,30,39,44,84,85,130,156,219,243,384,516,697,916,1417,2323,3614,6048,19011,17996,15138,10000,6162,4061,2820,1807,1157,777,593,421,314,235,172,136,103,77,49,38,33,39,21,33,25,16,16,15,15,8,6,5,2,0,4
Datasets/wang/Images/train/class9/939.jpg,9,18,25,36,48,59,70,73,76,74,83,112,148,186,283,345,431,560,775,1024,1395,2198,3565,5300,8138,10786,12905,13054,11731,8149,4881,3251,2382,1731,1130,867,579,433,299,221,164,122,116,112,53,58,41,29,27,26,18,15,19,12,9,10,4,8,11,10,1,2,2,5
Datasets/wang/Images/train/class9/950.jpg,15,7,9,9,19,20,9,12,16,29,29,37,56,57,89,88,119,176,242,375,418,662,1035,1657,3093,39658,9312,9932,10162,8026,4774,2657,1643,1058,785,517,360,272,193,137,117,81,51,57,46,27,14,23,7,15,12,11,12,14,7,10,4,7,2,4,10,2,2,5
Datasets/wang/Images/train/class9/966.jpg,5,4,2,11,28,16,44,49,66,54,58,79,119,116,151,171,200,303,445,490,623,716,1032,1318,2075,2858,3995,7261,10564,12068,11843,11072,8839,5928,3766,2667,2143,1631,1251,945,680,516,398,347,259,198,177,154,101,81,86,73,37,31,23,20,20,16,19,22,17,10,9,4
Datasets/wang/Images/train/class9/906.jpg,4,2,2,10,7,13,12,13,18,24,35,39,43,62,92,101,108,141,226,325,407,542,838,1178,1746,2686,4307,6558,10090,14121,15359,12696,9403,6147,3641,2374,1541,892,625,426,344,259,210,133,92,76,51,41,28,23,21,30,29,18,18,13,8,12,18,7,5,8,2,4
Datasets/wang/Images/train/class9/903.jpg,11,11,15,6,19,13,37,32,29,32,34,44,62,82,100,145,210,275,432,527,837,1192,1426,2125,2960,4422,9974,11521,12151,11700,11541,11876,5944,2297,1596,1093,817,576,426,336,222,191,181,148,114,78,70,43,45,39,38,34,28,13,14,13,16,19,21,12,16,6,8,9
Datasets/wang/Images/train/class9/955.jpg,3,1,4,0,4,1,2,3,3,4,7,2,11,7,10,10,27,18,32,29,39,51,69,93,110,163,241,287,383,551,919,1305,2065,3600,8370,18174,16081,11412,10102,7789,5347,3348,2170,1452,1062,803,662,442,278,191,148,102,83,74,39,33,18,28,18,11,5,4,1,3
Datasets/wang/Images/train/class9/917.jpg,3,0,2,2,3,3,6,2,4,2,4,3,3,7,8,11,13,19,29,63,82,141,203,277,364,494,669,905,1098,1408,1975,2685,4077,6057,14937,22107,13149,9013,6314,3078,2283,1648,1253,949,719,559,460,297,227,139,142,110,73,82,62,29,23,7,7,4,1,3,1,6
Datasets/wang/Images/train/class9/914.jpg,4,3,2,15,25,21,22,19,32,47,42,53,74,106,99,154,172,230,300,425,502,623,804,857,1164,1576,2237,3221,6426,10888,10636,11931,12817,9715,6609,4383,2854,2045,1567,1136,930,770,630,516,370,272,217,174,144,120,79,60,56,27,26,22,11,15,5,6,4,1,3,10
Datasets/wang/Images/train/class9/946.jpg,10,4,3,3,1,10,9,13,19,26,37,44,54,59,89,105,161,189,278,404,554,776,1021,1623,2308,3512,5761,10829,9551,10114,10369,9541,8351,6017,4425,3319,2373,1739,1229,977,700,512,338,203,151,124,81,58,38,40,27,24,22,21,15,5,9,4,3,4,4,4,6,4
Datasets/wang/Images/train/class9/938.jpg,8,5,15,15,22,28,35,25,34,39,68,59,64,89,123,134,191,246,295,382,488,720,917,1276,1801,2509,3531,5504,7992,7705,11172,20052,9043,5583,7475,4108,1890,1188,745,593,502,346,289,211,168,103,86,86,72,41,44,39,25,31,16,15,15,10,9,6,5,3,6,7
Datasets/wang/Images/train/class9/936.jpg,3,5,1,6,11,17,16,22,22,32,30,59,64,97,160,241,364,386,486,733,1003,1190,1683,2073,2706,3909,5723,7686,8615,8994,9220,9216,8447,7029,5675,3757,2416,1649,1125,824,622,508,327,267,182,143,129,83,62,57,36,20,28,24,22,31,10,12,9,10,11,8,4,4
Datasets/wang/Images/train/class9/909.jpg,13,20,24,17,19,25,33,27,37,29,33,34,37,37,36,52,33,72,80,88,120,153,182,281,397,550,878,1380,2577,19380,7101,13612,13926,12580,13136,4327,2323,1373,879,555,365,283,225,149,149,85,74,41,39,38,33,35,37,32,32,37,33,29,31,27,27,15,13,19
Datasets/wang/Images/train/class9/975.jpg,3,2,5,4,5,3,3,7,9,11,24,20,20,36,56,57,83,126,172,204,304,397,598,791,1039,1335,1884,2430,3265,4883,7936,13536,10387,9839,10092,9586,5581,3499,2301,1698,1346,990,783,593,488,396,267,258,201,165,130,104,86,61,43,37,36,20,17,15,11,11,7,8
Datasets/wang/Images/train/class9/910.jpg,6,6,13,10,11,24,29,21,29,25,28,34,27,28,30,46,63,48,86,82,104,107,152,180,285,340,440,638,1045,1678,2420,3296,4956,7662,12140,14762,14615,10236,11628,3084,1994,1332,1034,719,550,393,280,232,203,166,173,165,139,118,82,48,74,52,46,16,22,26,15,11
Datasets/wang/Images/train/class9/974.jpg,7,7,6,12,12,22,16,17,42,50,64,103,95,138,178,200,275,416,516,696,844,1097,1384,1821,2433,3926,9070,10781,13165,12818,11442,10236,4614,3137,2180,1527,1171,933,628,470,382,304,209,192,157,127,85,75,47,46,26,20,18,12,13,13,3,5,7,6,2,2,1,3
Datasets/wang/Images/train/class9/957.jpg,4,7,9,9,10,9,15,23,39,46,47,58,88,111,118,141,170,215,314,360,477,681,977,1583,2390,3974,6165,9561,12975,17188,16484,11052,4734,2731,1594,1052,713,528,369,281,221,181,152,120,72,74,45,21,24,18,10,8,5,4,7,3,4,3,3,6,5,9,3,4
Datasets/wang/Images/train/class9/932.jpg,3,6,11,13,8,21,29,18,18,23,30,53,56,66,91,108,156,184,256,329,425,493,679,733,931,1167,1385,1783,2480,3641,5465,7757,9629,11612,10250,8438,7680,6383,4331,2964,2158,1614,1156,906,709,456,321,289,241,146,133,98,73,71,58,54,44,31,13,11,6,3,2,6
Datasets/wang/Images/train/class9/959.jpg,8,3,1,3,1,11,11,16,16,25,36,21,37,63,61,85,104,127,133,155,236,278,344,441,559,684,856,1090,1628,3200,26113,14968,9503,7333,6269,5160,4294,3549,2681,1992,1390,1069,811,670,509,396,254,246,183,140,100,97,71,68,48,42,25,28,25,13,11,6,3,4
Datasets/wang/Images/train/class9/921.jpg,3,4,2,2,5,12,20,21,32,47,77,94,158,211,245,311,356,473,560,697,922,1396,2007,3001,4859,14647,17573,15776,11339,7094,4431,3118,1953,1493,1078,816,638,496,418,344,282,229,212,163,135,90,75,77,70,54,32,21,21,22,23,10,10,9,11,12,5,3,4,5
Datasets/wang/Images/train/class9/901.jpg,4,2,4,4,3,11,23,14,23,22,21,47,57,66,87,120,169,235,323,420,530,782,939,1290,2010,3053,6044,8293,6131,8148,10213,11681,10417,7964,5407,3342,2264,1697,1330,1029,755,652,550,441,355,302,210,187,141,118,90,62,52,35,46,23,16,13,10,12,7,4,2,2
Datasets/wang/Images/train/class9/962.jpg,6,1,2,12,5,6,5,13,23,17,20,18,19,40,58,59,63,111,154,250,327,472,741,1096,1664,2414,3815,11564,14009,15433,14713,12585,7549,3877,2655,1573,1024,630,346,234,121,118,103,76,67,29,25,26,31,12,12,10,11,5,3,6,6,6,11,4,3,1,5,10
Datasets/wang/Images/train/class9/934.jpg,3,2,8,6,5,15,23,18,17,13,18,30,22,28,32,56,50,72,81,123,165,186,209,281,338,474,611,992,1545,2153,3330,8883,13092,16360,16800,12047,7042,4262,2693,1679,1239,833,601,435,273,236,159,152,108,90,61,64,46,56,36,32,23,22,18,14,17,9,8,8
Datasets/wang/Images/train/class9/979.jpg,4,5,7,7,12,7,17,13,24,26,48,54,68,112,123,165,237,327,405,512,767,1106,1384,2023,2709,3814,6529,16559,12369,10909,9693,7655,5898,4279,2808,2099,1477,1104,807,574,407,303,239,147,93,64,56,36,33,24,31,17,17,16,14,12,14,14,11,9,2,4,2,3
Datasets/wang/Images/train/class9/902.jpg,5,3,0,3,7,17,17,19,17,32,39,40,44,52,81,90,100,129,174,203,255,333,473,633,894,1314,1782,21162,14506,6309,6381,6421,6276,6313,6044,4821,3889,2808,1803,1228,908,669,474,380,305,233,139,97,76,73,43,31,33,24,20,14,11,16,10,10,4,3,7,7
Datasets/wang/Images/train/class9/973.jpg,3,8,12,18,10,27,22,36,64,77,135,166,207,274,346,458,515,672,959,1263,1778,2348,3164,4041,7474,37704,7236,6294,5440,4168,3141,2376,1898,1340,1036,769,686,505,414,301,234,164,119,119,63,52,40,25,27,15,13,14,7,3,6,3,2,2,2,1,1,4,1,2
Datasets/wang/Images/train/class9/928.jpg,10,4,3,7,4,13,7,13,9,12,22,25,49,57,71,102,123,140,166,227,270,418,526,665,915,1188,1625,2283,3709,43675,11587,8650,5871,4261,2992,2167,1547,1185,887,650,541,373,318,240,167,115,91,77,63,40,33,21,15,7,7,8,7,12,11,6,6,3,3,5
Datasets/wang/Images/train/class9/937.jpg,4,3,7,11,15,21,11,34,58,42,87,84,87,86,115,122,179,229,247,285,395,685,917,1174,1752,2439,3400,4865,9701,10995,10636,11069,9926,7803,6541,3931,2400,1854,1406,1082,772,574,457,347,260,200,146,136,105,98,88,63,50,60,42,48,48,30,26,11,14,15,11,5
Datasets/wang/Images/train/class9/919.jpg,3,0,2,2,3,5,2,11,14,11,13,18,23,28,17,49,53,92,97,130,154,195,261,385,505,696,990,1285,1716,2396,3181,4822,7662,11541,12338,12788,10429,7145,5204,3767,2610,1963,1446,1090,793,609,463,386,231,185,124,107,79,54,42,18,16,21,13,8,3,3,4,3
Datasets/wang/Images/train/class9/952.jpg,3,4,2,3,4,1,6,6,9,11,16,18,19,24,47,40,41,84,85,106,151,201,279,327,411,563,790,1085,1405,2167,3319,40949,6919,7403,7036,6189,5425,4221,2885,1838,1225,810,600,360,245,228,130,107,89,76,83,46,48,28,26,19,17,23,8,11,10,7,10,6
Datasets/wang/Images/train/class9/960.jpg,3,6,5,5,4,7,7,9,17,23,26,27,42,47,43,49,79,87,120,160,238,296,363,420,605,813,1104,1410,2238,3512,6636,11051,15556,16145,12214,9280,6417,2919,1719,1177,808,620,461,368,291,217,149,116,91,54,48,47,33,34,27,12,12,12,9,5,2,3,3,3
Datasets/wang/Images/train/class9/956.jpg,4,14,13,23,26,30,35,36,29,64,75,93,103,127,156,230,274,364,516,794,1183,1464,2154,3023,4462,8909,16306,14350,13797,10744,6224,3698,2498,1726,1300,951,625,438,308,229,198,90,72,63,64,53,43,41,38,24,30,31,27,22,23,15,20,11,21,4,4,6,5,4
Datasets/wang/Images/train/class9/958.jpg,4,12,13,27,29,26,45,60,69,73,95,95,147,166,187,223,284,322,371,413,540,734,908,1201,1647,2451,4255,10865,16762,16503,8020,6375,5346,5067,3573,2386,1861,1485,1117,850,626,491,395,312,259,221,203,168,153,141,124,109,90,82,75,58,39,39,32,28,20,21,6,5
Datasets/wang/Images/train/class9/930.jpg,3,4,1,4,3,4,7,6,4,8,14,17,28,27,38,65,116,161,171,239,349,505,678,930,1342,1916,2778,3893,5543,7421,9225,10425,10140,9197,8014,6589,5086,3692,2704,2019,1478,1010,659,488,392,264,189,121,99,65,52,30,16,15,13,11,5,6,4,5,2,4,2,8
Datasets/wang/Images/train/class9/905.jpg,11,11,13,13,19,47,63,77,125,184,235,342,410,613,750,1100,1623,2437,3328,5381,14010,11698,10370,9218,12497,8938,5378,2590,1803,1377,963,745,565,424,288,192,136,90,61,46,26,27,8,7,8,6,8,7,1,2,6,3,2,5,2,0,2,2,0,1,3,2,2,3
Datasets/wang/Images/train/class9/913.jpg,4,3,3,9,5,11,7,7,8,17,16,15,17,25,24,41,86,97,141,185,184,253,380,494,668,823,1062,1402,1882,2675,3372,4527,5802,7917,24600,29933,3145,2271,1572,1192,921,695,448,326,269,169,163,114,59,48,66,45,30,12,14,14,16,3,2,2,1,2,8,2
Datasets/wang/Images/train/class9/922.jpg,10,11,7,9,10,9,9,18,21,25,17,41,69,75,95,99,151,166,219,249,308,403,538,695,981,1405,1983,3359,5762,12959,12702,12918,12439,10247,6837,4533,2623,1692,1062,729,606,406,359,274,219,186,126,115,96,76,71,61,59,26,24,23,28,18,17,11,13,1,1,3
Datasets/wang/Images/train/class9/911.jpg,9,6,8,11,9,8,5,23,7,15,28,41,55,63,85,85,104,123,196,332,413,781,1288,2285,3828,5951,10188,16987,14429,12236,14651,7542,2589,1369,758,445,314,245,174,110,81,70,50,38,40,22,26,14,9,20,16,12,16,18,6,15,5,6,6,5,10,6,5,12
Datasets/wang/Images/train/class9/920.jpg,11,4,4,22,33,33,21,44,34,31,39,58,59,90,85,96,107,137,165,222,276,436,641,916,1425,2138,3363,5838,11784,15797,16096,13977,9293,5358,3059,1846,1189,784,569,382,336,231,251,188,147,121,90,92,80,42,58,35,42,26,15,10,7,16,8,9,12,3,8,15
Datasets/wang/Images/train/class9/953.jpg,4,2,0,5,6,7,2,4,2,8,13,16,28,38,42,61,116,147,248,407,716,1073,1734,2636,4486,13148,29138,15814,10681,7227,4197,2486,1259,830,502,326,238,179,109,82,60,41,40,21,33,21,15,7,7,6,2,4,3,2,2,3,3,4,1,2,2,3,2,3
Datasets/wang/Images/train/class9/929.jpg,6,3,5,13,14,26,26,31,45,76,81,107,133,148,212,257,375,435,661,919,1409,2087,3038,14346,23980,9579,8506,7414,6397,5429,3973,2507,1622,1175,799,590,451,306,232,191,141,130,89,67,56,39,36,36,18,14,17,13,10,7,4,7,2,1,4,1,3,2,0,3
Datasets/wang/Images/train/class9/926.jpg,3,2,0,5,5,2,7,11,21,40,45,49,58,64,82,106,146,177,196,238,346,473,627,725,1020,1333,1814,2422,3196,6111,8926,8765,9559,9600,9459,9910,8918,3728,2427,1721,1459,990,799,653,482,395,304,225,177,124,87,66,50,28,27,27,29,17,11,8,3,2,1,3
Datasets/wang/Images/train/class9/954.jpg,2,2,1,6,8,5,6,4,2,7,3,4,11,15,23,43,45,54,69,89,101,133,136,204,311,374,481,638,936,1247,1635,2051,3192,6309,24042,13043,10485,8275,6529,5590,3605,2145,1557,1127,803,636,463,419,301,248,189,164,115,96,81,66,48,38,30,20,15,7,13,7
Datasets/wang/Images/train/class9/961.jpg,3,9,10,12,15,32,29,49,53,81,80,127,131,131,161,186,215,300,389,477,551,697,822,1124,1588,3910,4357,3496,4350,4472,5272,5216,7623,14221,28732,2015,1463,1221,920,697,579,441,352,290,207,197,159,141,129,120,94,57,53,56,32,40,26,31,18,14,9,10,4,8
Datasets/wang/Images/train/class9/943.jpg,4,1,3,5,6,2,4,2,6,13,29,55,67,103,159,196,265,293,350,421,473,587,696,966,1531,2365,3625,6588,34770,16171,8622,6169,4283,2809,1761,1135,690,469,382,278,265,177,178,150,149,119,135,110,125,90,89,76,72,53,34,28,30,36,13,8,5,4,1,3
Datasets/wang/Images/train/class9/908.jpg,2,4,4,5,6,9,15,23,17,31,36,56,62,93,123,137,200,277,387,446,600,754,961,1346,1754,2360,3297,4694,11400,9669,7985,8443,8805,7810,6245,5489,4307,2811,2010,1354,1027,815,563,417,344,231,184,136,119,110,80,72,49,32,28,24,15,10,4,7,5,2,0,3
Datasets/wang/Images/train/class9/935.jpg,4,3,4,14,13,15,23,17,13,17,26,21,43,62,48,82,132,179,225,283,381,543,696,947,1267,1867,2617,3819,6101,13848,13935,12314,9770,7479,5618,4040,3141,2257,1569,1154,865,648,489,392,306,211,203,144,105,81,54,44,52,17,18,18,16,10,12,9,12,4,2,5
Datasets/wang/Images/train/class9/915.jpg,5,7,9,15,18,16,22,30,42,51,73,84,111,102,155,176,224,256,313,431,504,713,960,1371,1938,2766,4585,6507,9323,12419,12359,11395,11627,8871,3283,1907,1339,994,756,568,428,263,198,194,173,113,84,76,80,57,57,41,38,32,34,32,13,16,12,12,12,7,5,2
Datasets/wang/Images/train/class9/968.jpg,14,5,19,14,24,13,17,18,18,29,23,32,40,34,44,59,87,141,155,227,371,609,905,1260,1695,2709,6494,47997,16172,6046,4289,3010,1890,1204,797,509,388,238,162,120,73,49,26,32,21,21,20,19,15,9,13,18,14,10,12,7,12,11,6,10,5,11,7,5
Datasets/wang/Images/train/class9/951.jpg,6,5,4,3,4,4,20,28,30,36,45,40,62,77,120,138,182,229,346,395,527,649,946,1262,1831,2808,3830,33702,12677,8036,7207,5515,4051,3091,2358,1867,1394,986,772,606,530,368,345,276,213,161,127,81,61,36,42,29,30,22,17,16,22,16,2,7,3,2,5,4
Datasets/wang/Images/train/class9/940.jpg,8,0,6,11,18,15,9,36,30,37,50,51,51,80,76,94,172,204,362,458,627,997,1302,1745,2905,6256,16505,14791,14099,12445,9187,6384,2931,1831,1318,924,607,445,320,244,156,106,85,56,52,42,42,40,17,15,13,4,4,2,5,7,4,4,2,4,6,2,1,4
Datasets/wang/Images/train/class9/931.jpg,7,3,7,5,3,10,17,16,20,20,19,27,34,60,62,121,136,144,202,250,344,409,591,715,949,1401,1978,2801,4321,10109,12722,13335,11592,9199,6678,5662,4121,2775,1942,1441,1102,854,489,381,248,186,184,130,98,89,57,53,31,35,18,22,22,16,12,10,7,5,3,4
Datasets/wang/Images/train/class9/972.jpg,3,1,7,2,8,10,8,18,21,14,29,27,28,42,50,54,85,96,143,169,185,227,225,310,319,421,578,797,1101,1310,1628,2001,2956,4073,5490,6485,7536,10959,24208,17465,2168,1569,1182,1006,714,608,499,406,277,219,132,101,83,79,53,22,24,12,19,11,10,9,4,8
Datasets/wang/Images/train/class9/948.jpg,5,2,5,3,6,4,5,16,4,7,2,11,9,8,24,22,33,50,91,109,200,250,342,531,703,960,1357,2802,30671,23941,11059,9054,5875,3886,2119,1171,857,546,391,324,216,191,151,88,36,41,23,20,15,11,4,9,6,3,1,5,4,5,6,1,1,3,2,7
Datasets/wang/Images/train/class9/933.jpg,2,2,2,4,2,2,3,2,9,6,5,12,14,15,23,29,35,35,66,70,115,169,232,326,466,624,917,1345,2329,3724,7239,11983,11655,12680,15492,13349,6951,2570,1635,1231,788,555,373,285,215,163,124,85,70,63,40,35,18,19,18,24,15,9,7,5,7,4,4,8
Datasets/wang/Images/train/class9/942.jpg,10,9,19,23,40,32,47,52,92,120,150,203,192,254,348,432,551,669,861,1051,1366,1860,2587,3599,5535,5911,7392,8720,8764,7888,7472,7253,6018,4329,3131,2513,1826,1514,1238,893,722,512,485,349,299,220,195,153,88,84,85,43,36,22,11,10,4,6,5,6,0,1,1,3
Datasets/wang/Images/train/class9/967.jpg,5,3,9,13,23,22,34,40,36,50,57,82,91,94,145,178,234,274,349,498,629,813,1126,1514,2204,6188,5744,6432,7770,9698,10465,10731,10115,7767,4726,2853,1947,1307,984,729,514,397,267,215,165,154,120,98,75,62,45,50,27,33,26,13,8,13,7,9,13,8,3,3
Datasets/wang/Images/train/class9/923.jpg,9,3,10,16,8,5,5,19,23,37,42,35,60,67,78,101,162,198,241,395,515,849,1417,2364,4293,8590,20573,19014,12303,9891,8222,3389,1634,1017,673,508,377,331,226,110,73,71,53,42,48,26,25,22,20,26,16,9,10,7,5,7,4,4,3,7,3,4,4,5
Datasets/wang/Images/train/class9/918.jpg,4,4,3,2,2,7,4,3,6,12,10,19,37,49,81,133,117,140,242,302,403,570,760,1042,1588,2448,3822,6310,18232,16663,15122,10053,6460,4463,2968,1782,1213,855,603,463,305,206,161,149,115,71,63,38,30,32,16,27,15,17,21,8,11,7,3,0,4,3,2,3
Datasets/wang/Images/train/class9/927.jpg,3,0,4,2,6,3,2,5,11,24,10,28,47,41,47,42,56,59,66,91,106,142,174,221,293,391,584,853,1191,1887,2737,4074,5940,8020,9616,11056,12790,13642,10730,4413,2929,1786,1132,809,512,415,286,225,167,130,88,64,64,60,61,35,32,25,18,16,17,7,8,11
Datasets/wang/Images/train/class9/947.jpg,4,2,0,4,4,4,5,1,5,9,16,25,32,39,55,78,101,136,191,260,329,410,538,758,1108,1484,2202,4583,7552,9738,10875,10801,17185,17640,4448,2422,1577,1002,761,508,366,266,204,143,101,99,57,42,17,17,10,17,13,14,11,7,9,5,2,2,0,4,3,3
Datasets/wang/Images/train/class9/969.jpg,3,0,14,9,13,11,13,20,31,37,39,33,37,39,43,69,96,112,129,200,227,370,569,850,1321,3246,35698,11722,12504,11471,9679,3876,1890,1210,815,553,333,221,164,121,102,83,79,53,36,13,17,29,22,8,5,6,5,6,10,7,6,11,2,5,6,1,1,3
Datasets/wang/Images/train/class9/949.jpg,4,7,5,5,11,9,9,7,14,4,13,13,17,14,16,36,42,70,78,126,174,223,295,430,556,857,1282,2012,5332,33592,11816,11294,9806,7182,4849,3017,1633,1020,695,533,334,193,131,95,86,57,52,43,37,33,20,17,9,10,14,9,9,11,10,12,10,3,5,6
Datasets/wang/Images/train/class9/904.jpg,9,7,25,33,22,29,16,18,13,18,12,21,10,19,13,24,36,39,43,75,79,115,177,371,625,1237,2764,6772,21001,15197,10581,7640,6083,6463,13728,2094,827,489,372,231,202,127,99,93,68,39,31,23,21,17,24,17,16,20,12,13,21,14,20,28,29,23,7,12
Datasets/wang/Images/train/class9/970.jpg,4,6,5,7,9,15,7,19,25,33,37,65,80,155,185,219,289,364,478,695,1022,1345,1792,2649,3680,5957,29939,9956,7934,6824,5705,4555,3591,2748,2049,1474,1076,856,627,464,341,265,208,163,120,64,49,42,43,12,10,10,8,2,3,3,0,5,1,5,5,1,1,3
Datasets/wang/Images/train/class9/907.jpg,9,7,11,7,9,18,12,10,10,13,23,22,28,26,28,42,70,112,203,285,513,881,1287,2203,3644,6275,9779,14509,17592,14481,11689,7817,2831,1325,838,497,330,221,129,94,70,56,31,33,23,31,11,13,13,16,18,14,20,10,7,8,12,8,8,7,7,2,2,4
Datasets/wang/Images/train/class9/912.jpg,4,10,16,22,39,42,40,85,102,122,171,196,239,247,343,442,550,685,858,1160,1494,2170,3027,3941,5084,6218,7921,14493,13253,12237,9715,5179,4264,836,628,500,406,317,243,199,151,122,109,81,62,44,39,54,31,30,21,15,5,9,2,5,10,2,4,2,4,0,2,2
Datasets/wang/Images/train/class9/964.jpg,8,3,2,1,2,1,1,2,5,7,14,26,24,31,54,62,101,143,197,290,397,473,618,913,1247,1673,2338,3545,5528,17469,13928,10563,9224,8048,5807,4166,3140,2165,1515,1078,816,565,408,341,254,178,152,140,105,108,82,42,69,64,57,29,23,17,17,10,6,6,3,3
Datasets/wang/Images/train/class9/963.jpg,10,5,6,3,4,7,19,19,17,17,27,41,72,69,103,141,144,187,209,320,426,536,772,992,1426,2057,4080,27637,17412,11589,8828,5645,3996,2661,1989,1555,1103,865,616,511,409,374,283,230,182,153,123,100,83,60,49,32,14,19,14,10,8,10,8,8,7,6,2,4
Datasets/wang/Images/train/class0/19.jpg,4,12,12,13,18,15,32,46,47,88,132,176,257,326,353,459,611,813,1047,1337,1792,2354,3207,4177,5263,6551,7451,8687,9442,9937,8474,6053,4133,4203,2114,1703,1330,1087,882,669,608,512,402,317,275,209,165,127,98,80,62,48,33,26,7,5,2,3,2,4,3,5,0,4
Datasets/wang/Images/train/class0/81.jpg,4,3,5,3,10,9,13,8,20,18,21,21,34,57,73,119,139,194,275,379,647,944,1357,2221,3470,5766,15967,12354,12181,11372,9330,6709,4335,3795,2072,1301,812,592,395,275,224,174,133,100,87,52,40,39,27,14,24,10,12,19,7,6,8,4,7,4,4,3,2,4
Datasets/wang/Images/train/class0/35.jpg,2,5,4,4,6,6,10,8,17,22,39,49,38,82,78,105,147,212,260,402,483,726,1109,1775,2719,4529,11665,9077,9741,14156,14868,8073,5135,3338,2313,1864,1250,954,664,546,386,277,233,179,147,117,79,75,52,48,35,30,28,25,15,17,20,17,9,8,6,4,9,7
Datasets/wang/Images/train/class0/57.jpg,7,8,6,11,13,21,16,30,28,37,46,46,61,140,207,289,438,646,924,1436,2660,4802,24693,15693,14121,10725,7330,4656,2927,1950,1281,822,616,420,265,224,175,142,105,74,43,29,26,21,18,10,7,4,3,4,4,1,6,4,6,3,2,2,3,3,4,6,1,3
Datasets/wang/Images/train/class0/2.jpg,10,11,23,35,39,84,79,115,149,196,326,354,454,537,670,847,1150,1605,2193,2993,4017,6333,10451,10257,9854,10799,8679,6124,5656,3541,2328,1686,1260,1038,802,646,523,440,365,333,245,205,156,131,121,93,72,51,35,41,18,25,17,10,15,16,10,6,7,10,10,2,2,4
Datasets/wang/Images/train/class0/72.jpg,4,4,3,4,12,14,9,17,18,24,26,32,46,53,70,82,97,134,161,215,250,345,479,702,1114,1832,3140,8329,12693,11016,11774,12240,10742,8368,5064,2697,1648,1133,857,631,499,331,256,205,194,144,124,76,69,49,40,35,27,27,25,24,26,23,19,18,6,3,2,3
Datasets/wang/Images/train/class0/16.jpg,12,8,3,5,8,14,11,19,21,15,18,27,37,63,66,85,114,132,138,188,253,311,471,659,974,1641,3034,10030,15264,11640,9635,8623,6739,5555,4628,3694,3077,2544,1982,1563,1125,907,707,465,367,277,233,171,123,128,97,85,57,56,51,39,29,23,13,16,15,8,7,4
Datasets/wang/Images/train/class0/22.jpg,3,4,9,8,7,7,8,20,18,31,53,51,61,79,81,97,132,189,218,322,448,551,701,939,1288,1801,2451,3386,6058,8914,8500,9769,9484,8543,7291,5889,5116,4110,2735,2071,1603,1316,987,702,534,387,297,215,133,137,107,97,86,76,50,44,21,18,16,8,10,4,6,7
Datasets/wang/Images/train/class0/55.jpg,3,2,6,8,11,12,24,24,36,44,44,53,68,77,113,161,230,314,392,426,564,829,1097,1678,2478,4226,8793,11832,11526,10724,9399,8076,6604,4583,4252,3029,1674,1062,853,683,444,345,287,235,198,133,127,92,81,81,55,56,42,31,19,12,21,16,7,2,2,3,2,3
Datasets/wang/Images/train/class0/40.jpg,3,2,3,7,10,15,11,21,24,27,27,28,35,41,65,90,98,117,173,186,252,332,438,675,1077,1468,2417,4304,9352,13447,12816,11246,8689,7093,5885,5140,6701,1889,999,674,506,375,278,230,176,139,96,78,88,36,52,62,53,55,39,36,24,23,23,17,20,9,9,3
Datasets/wang/Images/train/class0/14.jpg,2,1,2,2,2,1,3,2,4,0,3,7,12,9,12,13,16,23,16,33,62,61,101,106,177,262,373,438,493,861,1257,1970,4622,5957,7074,8359,9985,11115,12279,12402,8869,4916,2307,1163,677,492,373,304,220,205,142,91,82,64,49,48,50,33,29,26,25,10,7,5
Datasets/wang/Images/train/class0/4.jpg,7,7,15,15,21,16,16,17,44,48,51,55,77,133,203,274,404,535,851,1410,2320,3708,6374,11330,12855,10925,8862,7628,6858,9043,7487,2559,1424,768,472,390,274,212,148,111,74,57,50,44,13,15,15,13,17,12,11,1,3,1,5,2,6,1,2,4,3,3,1,4
Datasets/wang/Images/train/class0/70.jpg,2,3,4,10,4,11,17,20,26,29,36,43,80,102,134,193,245,340,462,697,983,1291,1856,2439,3397,4689,6123,8585,10139,10459,9109,7897,6465,5118,4139,3371,2564,1881,1382,1082,768,572,404,284,206,136,76,86,87,41,35,29,40,20,26,11,6,8,6,11,8,8,6,3
Datasets/wang/Images/train/class0/20.jpg,4,3,1,7,9,13,9,19,23,30,44,51,63,62,88,110,101,126,114,166,209,296,336,548,830,1323,2270,4721,13577,13310,14807,13482,11317,8605,4767,2049,1203,763,540,439,316,242,215,165,126,131,109,88,68,54,61,50,51,49,24,37,15,19,17,17,7,1,4,3
Datasets/wang/Images/train/class0/53.jpg,3,0,2,3,3,4,4,3,2,3,1,2,1,6,7,8,15,13,28,33,55,98,131,167,226,292,403,553,915,1403,2301,3853,7075,10508,11944,12638,12786,11456,8756,5965,2529,1392,798,537,374,280,177,123,84,70,65,38,34,27,23,17,20,12,14,9,3,5,2,5
Datasets/wang/Images/train/class0/68.jpg,4,5,5,3,19,30,30,36,48,73,60,64,64,94,111,142,202,252,367,597,888,1337,2219,3275,6630,12504,12397,17003,16945,9428,4782,2539,1629,1117,794,559,409,346,259,202,168,92,87,64,60,53,47,30,44,30,26,30,24,18,14,17,6,10,4,4,4,1,0,3
Datasets/wang/Images/train/class0/46.jpg,2,4,6,6,8,13,20,15,28,28,33,46,45,50,47,76,102,127,152,192,255,364,425,594,790,1208,1722,2656,6000,28525,13340,11594,8278,5476,3728,2947,2237,1695,1193,871,725,523,417,333,229,233,169,151,84,84,81,64,49,43,59,29,37,28,20,18,17,10,0,3
Datasets/wang/Images/train/class0/43.jpg,5,4,4,5,6,4,4,7,18,14,23,22,22,20,23,37,59,57,63,72,91,115,151,208,342,526,827,1296,2683,6200,14796,10312,10346,10853,11978,19354,2827,1472,940,606,423,325,236,189,159,112,95,83,41,36,20,28,19,25,22,21,20,14,17,8,10,1,4,4
Datasets/wang/Images/train/class0/48.jpg,12,4,10,6,7,5,7,8,25,59,59,54,80,92,162,220,326,438,617,859,1242,1851,2827,5317,11987,15318,14271,11741,9185,6980,4299,2766,1989,1340,943,686,548,480,334,249,193,136,114,100,64,56,47,34,30,18,17,11,8,12,8,9,8,5,8,10,4,2,3,4
Datasets/wang/Images/train/class0/5.jpg,4,1,4,7,27,14,14,31,43,58,61,98,113,148,190,221,278,367,469,612,777,1014,1430,1906,2498,3319,4338,5517,7066,8457,9264,9041,8207,6733,5290,4418,4234,2553,2049,1499,1241,955,776,617,467,366,292,247,194,183,141,121,69,44,53,40,35,20,28,18,11,7,6,3
Datasets/wang/Images/train/class0/74.jpg,5,3,4,0,7,5,9,13,26,47,59,67,104,84,129,169,186,183,274,346,462,668,1045,1686,3374,7181,5500,5002,5904,8560,11029,9131,7278,6182,5556,4904,3796,2964,1889,1260,748,790,713,228,165,133,98,70,66,47,29,18,20,21,12,6,6,5,8,10,7,7,3,3
Datasets/wang/Images/train/class0/67.jpg,13,8,4,15,19,41,48,70,89,127,162,241,293,431,582,781,1055,1492,2310,3699,9783,11321,12733,12078,11943,9201,6581,4285,2947,1865,1210,745,542,382,312,247,152,142,81,60,33,32,23,14,19,10,8,7,10,6,4,8,7,9,0,2,4,3,3,2,4,2,1,3
Datasets/wang/Images/train/class0/61.jpg,3,10,10,18,17,27,31,23,66,102,149,190,186,269,338,416,549,669,962,1254,1825,2674,3819,5346,7150,8620,9419,9447,8891,7969,6788,5294,4152,2995,2282,1670,1263,849,589,416,323,229,223,155,125,96,79,63,51,46,23,37,16,14,12,11,14,12,7,4,5,3,4,5
Datasets/wang/Images/train/class0/34.jpg,4,2,5,6,6,10,9,7,17,15,32,36,42,108,117,170,216,276,356,517,654,980,1415,1876,2762,3734,5325,7087,7523,7653,7812,7860,7889,7570,6844,5135,3813,2836,1940,1491,1129,763,574,454,320,224,180,167,89,65,50,22,30,15,23,17,11,2,6,8,3,1,0,1
Datasets/wang/Images/train/class0/54.jpg,4,4,2,1,5,6,8,9,11,25,42,30,26,36,67,107,177,226,287,380,448,585,731,1181,1673,2135,3144,4590,9900,10990,11813,9926,8076,6392,5465,6184,3517,2411,1853,1254,985,755,676,512,402,304,223,179,92,88,85,53,46,45,22,26,22,19,15,11,8,5,4,6
Datasets/wang/Images/train/class0/13.jpg,4,3,3,5,6,9,10,16,18,28,36,44,56,100,112,152,222,309,407,492,745,1010,1445,2043,3031,4697,7895,11586,12524,11622,9908,7930,6209,4649,2976,1994,1630,1150,830,635,432,323,270,184,123,107,70,46,46,40,25,18,7,13,12,7,6,1,6,6,8,4,5,4
Datasets/wang/Images/train/class0/30.jpg,3,5,12,12,8,11,9,9,17,24,36,73,117,200,307,529,850,1352,2034,3114,4652,5929,7500,8877,10238,10913,10891,8932,6864,4966,3146,2008,1460,1083,649,440,334,240,136,97,54,33,30,24,16,9,7,4,6,3,5,5,3,5,2,3,3,3,5,2,0,1,1,3
Datasets/wang/Images/train/class0/50.jpg,3,1,1,2,2,4,4,5,16,19,31,51,73,96,139,167,209,242,314,485,609,893,1208,1947,3004,5224,10438,12447,12024,11301,9066,7380,5881,4666,3151,2081,1386,974,702,452,320,252,179,131,111,86,73,78,64,40,42,45,29,19,28,24,22,12,12,9,6,14,7,3
Datasets/wang/Images/train/class0/56.jpg,2,7,16,18,19,13,16,15,37,47,60,104,135,169,230,283,375,502,702,933,1256,1758,2306,3352,4606,6469,8872,8793,8618,8209,7195,6346,5527,4708,3809,2842,2173,1736,1353,1040,754,598,456,366,297,253,189,156,113,86,60,60,52,42,36,30,22,16,21,6,12,12,8,8
Datasets/wang/Images/train/class0/7.jpg,3,7,7,4,17,18,10,25,24,43,44,49,59,64,111,182,234,318,473,782,1279,2235,4461,10994,13208,13536,12018,9124,6742,5023,3797,8934,1512,956,566,400,266,177,140,112,74,66,41,29,23,23,10,10,4,4,10,9,2,4,5,8,5,4,3,1,3,2,4,6
Datasets/wang/Images/train/class0/49.jpg,5,4,2,6,9,17,39,58,68,88,95,143,180,259,356,372,502,673,882,1199,1506,1761,2438,3232,4353,6286,9852,11442,9457,8133,8638,8549,4001,2956,2259,1774,1365,1063,867,649,489,429,361,291,266,166,144,121,99,84,68,51,40,31,32,30,20,15,12,6,3,3,2,3
Datasets/wang/Images/train/class0/38.jpg,5,5,9,9,9,8,11,35,28,46,45,52,43,48,95,120,156,215,239,324,397,692,1055,1567,3680,19977,17891,15696,13124,8166,5343,3445,1973,1150,686,400,318,199,150,114,121,97,92,62,48,43,46,46,31,37,34,19,15,17,5,12,6,11,8,8,8,4,2,7
Datasets/wang/Images/train/class0/41.jpg,5,2,1,5,7,4,3,2,6,11,17,20,19,41,48,65,77,127,154,209,268,383,535,789,1247,1806,2908,7543,15994,10766,10140,8528,8101,10355,9608,3161,1696,1048,707,505,333,240,220,188,117,74,43,40,31,20,19,19,9,9,4,6,3,4,1,3,2,4,1,3
Datasets/wang/Images/train/class0/32.jpg,3,0,4,7,13,9,15,25,26,45,53,78,117,193,259,382,455,652,877,1340,1925,2975,5428,14985,12840,13355,11496,8749,5939,4162,3414,2391,1709,1099,773,533,431,329,288,213,142,128,98,71,53,40,26,19,26,15,18,12,11,8,7,11,8,7,2,5,2,4,0,4
Datasets/wang/Images/train/class0/58.jpg,7,3,4,2,2,3,4,5,7,7,20,23,24,53,46,65,82,100,132,201,273,331,546,815,1314,2067,3421,6011,10563,15576,15631,12252,9179,6773,4522,2680,1820,1098,729,475,370,290,176,151,99,94,63,53,34,18,23,17,10,5,7,3,4,4,3,1,3,4,2,4
Datasets/wang/Images/train/class0/44.jpg,4,2,10,11,18,12,24,31,44,63,70,89,83,115,147,221,240,444,589,839,1765,13903,14740,9650,7538,5647,4676,4105,2972,2290,2252,2496,4284,7536,6663,2681,843,397,270,119,69,73,50,49,41,28,39,12,10,9,2,5,4,4,3,4,4,1,2,1,1,3,4,3
Datasets/wang/Images/train/class0/42.jpg,5,9,8,15,15,21,29,27,20,31,43,46,56,71,86,96,143,180,323,592,1104,2089,4908,21279,19755,16802,12787,7778,4232,2063,1238,770,520,325,217,135,83,58,54,39,30,37,12,21,12,15,16,13,11,16,4,9,4,9,7,8,5,4,5,1,3,2,3,5
Datasets/wang/Images/train/class0/15.jpg,3,5,12,13,17,18,41,47,65,81,117,145,177,239,290,391,614,787,1060,1596,2490,3718,7919,12262,9266,7879,7916,7668,8455,7636,6988,2978,1911,1405,1047,844,571,428,332,261,180,122,102,86,42,29,10,4,2,3,1,6,1,6,3,1,1,0,2,2,1,1,3,4
Datasets/wang/Images/train/class0/76.jpg,3,4,8,10,7,16,21,16,53,57,62,66,103,122,147,209,275,375,435,557,693,942,1195,1537,2126,3131,4875,7736,12549,11142,9477,7986,7072,6007,4873,3476,2363,1728,1308,1137,942,699,542,415,355,298,239,192,165,128,123,96,50,41,27,28,16,17,10,7,4,4,4,3
Datasets/wang/Images/train/class0/18.jpg,3,3,5,7,11,15,24,17,31,56,59,85,107,116,159,177,221,273,334,375,533,672,938,1363,1769,2789,14488,13755,6534,6448,6594,6929,5305,5006,4427,4096,3316,2751,2080,1564,1203,719,540,400,336,284,242,208,171,157,114,110,68,61,64,52,36,20,19,22,13,13,10,7
Datasets/wang/Images/train/class0/3.jpg,3,1,0,6,11,11,12,10,15,32,41,44,59,70,85,96,135,143,182,283,340,427,669,989,3264,6318,5827,6426,8274,10877,12569,11454,8592,5612,4014,5751,2547,911,581,417,309,220,148,102,87,64,55,47,44,31,29,24,16,9,3,3,1,1,1,2,2,1,5,2
Datasets/wang/Images/train/class0/1.jpg,4,9,5,9,9,16,12,18,39,39,33,48,52,80,92,107,145,172,192,268,364,516,738,1166,2748,9217,12036,16533,16111,12715,9332,5468,3091,1917,1414,1096,725,396,286,213,166,125,110,106,51,52,35,36,33,24,26,23,13,11,7,10,11,10,7,3,3,1,4,6
Datasets/wang/Images/train/class0/80.jpg,4,4,5,9,10,13,17,18,25,34,39,54,68,87,104,168,189,240,364,517,791,1175,1579,2249,3137,4784,8256,10136,10817,9889,8799,7762,6989,6224,4421,2821,1784,1190,838,643,495,324,252,197,154,94,99,94,75,59,56,31,20,22,12,20,13,6,3,5,8,6,2,4
Datasets/wang/Images/train/class0/45.jpg,3,1,2,5,9,10,9,11,17,22,23,59,73,127,121,220,238,284,346,472,599,857,1159,1946,3075,6869,30363,14865,11304,8427,5187,3359,2332,1482,1006,748,625,458,358,303,235,162,112,76,96,76,35,36,12,9,10,11,9,11,6,6,10,3,1,3,1,1,4,5
Datasets/wang/Images/train/class0/24.jpg,4,2,4,11,5,5,1,12,14,16,30,49,54,74,85,126,167,185,316,428,626,932,1511,2587,6614,26880,10698,11069,11242,9603,6031,3249,1705,1075,732,502,363,282,238,193,153,113,91,43,25,31,27,21,11,19,14,4,2,2,3,0,5,2,5,4,3,2,1,3
Datasets/wang/Images/train/class0/66.jpg,14,14,25,15,32,65,67,69,79,94,109,144,175,234,248,374,481,767,1103,1716,3505,22706,11067,11373,11874,11255,8178,4716,2667,1503,879,660,517,367,234,174,112,86,69,49,44,32,37,35,29,25,22,28,27,24,22,21,14,13,14,15,34,21,3,8,8,4,4,4
Datasets/wang/Images/train/class0/0.jpg,4,4,4,2,7,3,4,3,1,7,8,5,10,8,20,27,35,44,64,88,135,189,225,308,410,520,781,1081,1448,2139,3048,4762,8036,13469,16732,13095,8993,5947,4130,3033,2170,1590,1274,1034,800,599,468,339,285,223,188,114,84,73,70,44,36,38,13,10,4,8,6,5
Datasets/wang/Images/train/class0/78.jpg,10,6,7,13,8,29,34,33,49,49,55,82,101,134,178,277,406,571,906,1234,1982,3404,6395,17132,16415,13038,10418,8212,5515,3674,2754,1566,1014,689,525,328,239,172,118,102,87,64,46,43,29,20,25,23,19,12,7,5,6,4,3,5,2,3,4,5,6,5,3,4
Datasets/wang/Images/train/class0/64.jpg,3,1,8,7,7,11,24,43,33,78,100,135,210,246,360,442,715,1004,1284,1720,2295,3126,4171,5968,9066,8926,8722,7892,7193,6536,6052,4912,3933,2888,2095,1692,1332,1100,898,678,515,407,306,254,199,144,118,95,79,49,47,37,38,25,21,13,11,15,6,3,6,2,4,4
Datasets/wang/Images/train/class0/79.jpg,3,0,4,3,3,9,6,5,12,6,13,12,11,23,16,23,37,46,52,47,74,92,124,116,167,240,243,345,436,529,601,704,804,1066,1271,1985,2609,8985,15824,31939,24016,1892,949,680,465,372,336,263,159,167,141,99,75,37,53,29,26,12,9,9,8,14,4,4
Datasets/wang/Images/train/class0/62.jpg,7,10,6,10,2,10,5,17,27,47,34,54,69,90,145,191,279,460,694,923,1530,2532,4597,11435,16206,16911,12725,7900,5306,3829,3434,4719,1155,821,568,407,306,222,135,94,83,60,28,36,24,28,14,10,13,13,12,8,10,5,9,3,2,6,2,5,7,7,5,2
Datasets/wang/Images/train/class0/60.jpg,3,2,0,2,7,5,2,9,10,14,13,22,29,41,52,70,99,159,198,242,358,572,805,1154,1588,2437,3768,6118,9662,12579,12734,11068,9039,6641,7391,3303,2327,1623,1059,751,529,406,311,275,205,125,81,68,61,45,42,34,28,25,23,25,15,12,9,11,8,4,2,4
Datasets/wang/Images/train/class0/39.jpg,5,5,15,7,14,10,16,7,19,26,31,39,46,65,84,81,154,130,225,279,341,412,578,1020,1730,3476,9422,10425,8768,8807,9202,8096,10482,17242,3484,996,680,491,285,216,188,120,109,99,65,59,52,38,24,20,26,17,18,15,7,6,5,3,2,3,4,6,4,3
Datasets/wang/Images/train/class0/51.jpg,6,5,4,8,12,13,24,29,27,35,55,62,80,95,121,136,177,224,317,481,614,930,1311,1813,2674,3777,5394,7596,9222,9833,9595,8394,7575,6456,5190,3920,2846,2147,1547,1209,961,670,530,434,370,259,196,164,142,101,117,93,74,74,55,40,19,14,13,5,4,4,5,6
Datasets/wang/Images/train/class0/33.jpg,3,2,1,11,8,12,11,9,32,27,32,37,63,91,91,111,146,180,274,364,442,589,825,1146,1500,1825,2376,3390,5443,9171,13792,14386,10964,8678,6263,3816,2673,2014,1659,1288,1059,814,662,445,381,290,214,143,113,105,91,79,44,36,27,19,13,4,3,0,3,1,6,7
Datasets/wang/Images/train/class0/63.jpg,5,8,6,9,12,18,31,26,31,51,67,81,108,141,146,216,253,316,435,596,702,932,1172,1508,1943,2428,3055,4446,6761,6119,6371,6932,7473,7739,7612,10760,5069,3408,2511,1880,1483,1232,975,799,582,448,329,260,202,147,100,100,68,61,39,32,17,16,14,8,4,7,2,2
Datasets/wang/Images/train/class0/69.jpg,7,6,4,7,14,12,16,13,26,23,46,60,77,111,135,199,288,465,635,989,1561,2604,5092,14644,24875,16056,9890,6759,4528,3178,1856,1277,788,448,343,269,184,157,110,81,66,48,34,62,51,45,27,27,20,23,14,7,5,7,6,4,4,2,4,8,1,1,2,3
Datasets/wang/Images/train/class0/27.jpg,4,5,5,3,5,4,5,5,5,6,5,20,13,11,15,31,25,40,58,81,115,165,236,390,748,1479,7029,13031,11968,14045,13363,12361,9330,6046,4035,1686,750,329,197,114,96,81,74,51,39,26,32,28,11,13,9,13,7,10,12,8,9,5,2,2,1,4,2,6
Datasets/wang/Images/train/class0/36.jpg,5,12,17,16,16,13,28,26,28,23,31,50,76,123,201,308,365,467,661,994,1477,2331,4111,11809,12049,15163,13468,10357,7100,5221,3598,2508,1632,1116,696,510,364,303,243,166,125,88,54,50,35,31,22,28,19,19,17,19,22,16,17,19,12,8,5,4,2,4,2,4
Datasets/wang/Images/train/class0/28.jpg,2,1,4,0,3,2,1,5,1,4,8,11,16,26,18,40,61,98,126,160,230,268,404,699,1079,1534,2486,4454,10326,8746,9887,10882,9919,7471,5606,4688,10938,2245,1532,1124,888,590,471,345,257,174,126,84,79,48,33,28,10,14,8,3,8,7,4,8,3,7,1,3
Datasets/wang/Images/train/class0/21.jpg,8,9,4,1,4,2,12,8,15,28,25,24,27,45,52,65,96,112,135,193,284,407,529,784,1360,2111,4445,10385,10162,10418,10920,12023,10530,8214,5986,4377,1591,795,434,302,217,145,156,129,126,111,64,64,57,44,56,46,43,27,23,22,18,9,6,5,3,5,2,4
Datasets/wang/Images/train/class0/71.jpg,5,4,3,3,2,5,8,6,5,5,12,8,15,18,24,21,37,61,58,86,91,130,203,261,442,749,1773,5078,8769,11894,14774,15936,14686,10707,5697,2762,1613,815,474,359,228,127,73,51,30,20,20,17,21,21,13,16,12,10,6,7,6,4,3,5,1,3,4,7
Datasets/wang/Images/train/class0/47.jpg,4,2,2,7,3,8,4,6,15,10,14,14,13,21,30,29,58,69,104,159,216,427,503,754,974,1485,2253,3354,5325,9309,11750,12521,11121,9075,7529,6089,4486,3253,2256,1554,1133,690,427,300,204,169,148,89,78,57,42,35,28,24,17,17,9,9,4,1,4,4,2,7
Datasets/wang/Images/train/class0/37.jpg,4,5,10,8,13,10,20,32,42,64,81,110,117,160,170,210,280,354,499,672,907,1158,1404,2055,2999,4095,6497,9314,10585,10823,10009,8120,6433,5017,3697,2618,2127,1738,1403,988,765,629,440,328,274,225,188,126,87,65,72,46,35,34,47,35,12,12,10,10,4,6,3,3
Datasets/wang/Images/train/class0/77.jpg,4,1,2,9,5,6,7,2,7,8,16,31,38,57,70,98,140,157,230,350,542,719,1029,1499,2059,3424,5533,8688,10875,12077,12046,11252,8858,5972,4095,2480,1533,1118,856,572,397,282,246,201,161,105,112,79,49,43,35,22,23,25,18,8,5,7,5,7,3,1,2,3
Datasets/wang/Images/train/class0/6.jpg,6,3,6,10,4,11,9,22,15,13,16,43,52,53,88,134,180,253,332,477,669,921,1306,1821,2545,3451,4943,7775,11793,12297,10266,8931,7065,5389,4026,2980,2317,1845,1372,1040,811,597,509,429,313,239,192,161,122,95,74,59,49,27,35,31,27,18,13,14,3,3,2,2
Datasets/wang/Images/train/class0/59.jpg,9,5,7,21,27,43,87,106,114,122,134,186,287,336,477,712,932,1271,1626,2538,3810,6428,12658,14004,11705,9678,7524,5656,4371,3293,2431,1873,1377,1022,747,571,428,325,258,191,154,125,126,89,67,67,53,47,46,30,28,15,18,13,5,9,7,3,6,0,0,2,1,3
Datasets/wang/Images/train/class0/12.jpg,14,3,5,6,20,29,48,54,58,75,98,113,139,212,279,347,495,742,1106,1585,2630,4341,9147,13499,14610,13414,11064,8005,5965,3545,1920,1164,828,622,512,319,243,225,180,141,102,69,48,38,34,36,28,20,13,12,15,15,11,12,11,6,9,5,1,2,2,3,4,6
Datasets/wang/Images/train/class0/29.jpg,4,4,9,13,11,10,19,16,16,20,33,50,78,99,104,146,230,244,341,532,839,1256,1957,3046,5919,15750,11837,11022,14093,7377,5662,4581,3441,2469,1870,1325,1018,775,614,350,264,191,112,108,67,50,53,54,41,25,27,27,20,16,15,10,6,8,3,4,5,3,8,7
Datasets/wang/Images/train/class0/73.jpg,4,7,6,5,8,10,17,15,26,26,30,46,42,45,62,50,90,109,132,168,212,281,383,539,787,1136,1572,1872,2535,3454,4223,7570,16553,33459,16576,2591,1153,745,486,329,203,186,133,99,62,54,41,24,18,16,17,14,6,12,8,7,8,11,9,13,4,1,1,3
Datasets/wang/Images/train/class0/31.jpg,4,13,13,27,20,31,37,64,70,76,131,163,209,355,485,625,774,1019,1288,1849,2539,3425,4822,6703,8044,8296,8220,7983,7617,6778,5937,4814,3806,2877,2270,1729,1210,929,703,562,440,317,216,169,137,105,80,62,57,42,35,29,32,12,15,7,5,9,3,2,3,3,3,4
Datasets/wang/Images/train/class0/25.jpg,3,1,2,2,3,4,3,6,9,6,8,8,17,34,48,66,78,108,144,191,307,475,685,892,1178,1633,2267,3329,4909,7248,9336,10341,9787,9307,8238,6931,7102,3937,2888,1868,1229,953,714,485,391,263,207,173,114,116,70,51,43,36,17,14,3,4,1,6,1,4,4,6
Datasets/wang/Images/train/class0/10.jpg,8,10,16,13,24,25,38,38,47,85,72,107,121,177,241,323,373,493,581,806,1096,1671,2396,3673,5205,9068,10639,13003,11626,10318,8639,7363,3002,1998,1207,842,633,485,383,311,225,197,119,123,60,68,41,64,44,39,28,29,20,17,22,7,7,14,6,8,4,1,2,3
Datasets/wang/Images/train/class0/26.jpg,7,11,12,16,26,26,30,42,51,54,63,82,106,125,157,197,223,219,297,422,471,683,823,1035,1428,2073,3806,10144,11257,10253,8824,8820,7160,5881,4815,4164,3324,2440,1902,1438,1044,858,718,539,460,327,261,224,183,156,149,117,81,85,59,33,35,22,12,13,4,9,5,3
Datasets/wang/Images/train/class0/17.jpg,9,10,22,39,51,49,75,90,116,137,188,234,292,402,496,657,809,1183,1532,2444,4808,14706,11790,9737,8159,7466,6708,5808,4675,3701,2637,2308,1633,1176,914,651,529,451,334,263,209,155,122,101,87,68,64,42,41,30,26,13,10,10,5,6,6,5,5,3,3,1,1,2
Datasets/wang/Images/train/class0/23.jpg,3,2,0,3,7,3,6,6,5,15,21,22,22,25,31,53,64,78,125,246,345,458,665,894,1298,1916,3065,4711,7809,10614,11346,10420,8981,8005,7467,7947,3578,2329,1688,1129,811,513,410,294,200,163,130,72,69,53,32,31,27,12,25,16,14,10,7,1,3,2,4,3
Datasets/wang/Images/train/class0/52.jpg,3,3,3,1,3,1,6,4,3,5,10,15,20,32,34,61,98,99,139,188,239,371,452,678,963,1342,2095,2823,4050,5611,7036,8247,9106,9079,8885,8588,7910,6315,4353,2848,1783,1217,901,659,506,329,264,208,159,117,102,92,67,50,36,28,27,12,8,2,7,1,3,7
Datasets/wang/Images/train/class0/11.jpg,3,3,3,3,8,16,19,23,20,47,51,63,67,89,131,122,202,222,251,329,481,626,946,1260,1795,2689,4039,6388,8628,9679,9899,9476,8853,7318,5960,5881,3412,2291,1630,1191,914,679,525,464,363,279,177,159,135,92,92,56,54,50,36,39,24,9,10,8,12,7,3,3
Datasets/wang/Images/train/class0/65.jpg,2,1,2,3,6,10,11,13,10,10,12,7,13,12,29,30,34,50,56,70,120,128,156,185,239,365,561,888,1576,3367,30307,18327,12189,7324,4305,4211,3819,3692,3075,1224,595,285,202,153,100,92,77,59,40,37,28,46,25,25,28,15,10,15,12,11,2,4,1,3
Datasets/wang/Images/train/class0/75.jpg,3,6,3,1,3,1,11,9,10,17,20,22,35,51,87,133,174,208,319,437,625,936,1380,2124,3530,6678,10059,14110,14495,11693,8906,6047,4539,3279,2286,1659,1235,930,646,437,303,195,138,126,109,58,60,50,37,22,18,11,5,1,3,3,0,4,4,3,2,4,1,3
Datasets/wang/Images/train/class8/823.jpg,5,3,2,2,2,1,2,5,5,5,9,7,13,17,26,36,42,53,58,81,110,130,137,188,259,343,609,977,1349,2012,2790,3679,5366,8128,12144,13357,16759,13010,7558,3846,1930,1061,606,407,263,175,151,138,85,68,48,52,45,35,31,19,13,8,8,10,4,5,8,9
Datasets/wang/Images/train/class8/874.jpg,3,5,3,0,3,1,3,4,3,4,5,3,12,22,25,28,24,45,54,78,118,144,189,281,319,386,528,751,946,1362,1867,2983,3899,4045,4688,5875,8009,10351,10647,8787,8259,12744,5755,1779,845,572,395,323,269,191,132,109,90,71,56,51,46,22,31,17,18,6,13,10
Datasets/wang/Images/train/class8/839.jpg,1,2,2,2,3,2,3,6,7,6,8,4,8,7,7,14,12,22,35,31,50,58,79,103,170,190,271,357,480,601,837,1095,2008,4543,2537,2668,3324,4321,7439,17233,23062,13281,5646,2905,1529,915,652,455,350,258,195,162,103,67,46,43,17,22,14,16,12,3,1,4
Datasets/wang/Images/train/class8/848.jpg,3,1,2,5,4,4,3,11,16,15,17,22,19,26,30,30,23,41,59,70,116,143,211,347,504,775,1185,1938,3223,6187,12163,27299,15980,8385,5488,3540,2948,2551,1864,998,576,339,227,156,98,71,63,65,56,42,39,38,41,46,31,37,39,20,15,20,20,9,7,3
Datasets/wang/Images/train/class8/801.jpg,4,8,9,20,28,20,35,40,49,61,61,70,103,134,164,226,302,402,507,716,985,1478,2632,4108,7851,11082,9933,9210,12919,9092,4841,4005,3323,2867,2371,1754,1449,1110,929,731,593,462,357,295,233,196,138,137,82,61,32,35,17,9,3,2,3,2,4,2,3,6,0,3
Datasets/wang/Images/train/class8/829.jpg,9,9,5,8,10,17,24,23,28,41,40,60,80,94,144,213,312,454,706,1038,1763,3260,5953,7366,7389,7169,6910,6648,7039,7200,6344,4749,3692,5894,6337,1785,1162,854,654,520,376,316,267,247,215,191,140,110,88,75,59,57,42,29,24,18,13,8,5,4,5,2,4,6
Datasets/wang/Images/train/class8/871.jpg,7,0,4,2,6,4,3,5,5,4,13,10,17,27,36,61,72,91,143,188,304,437,519,832,1118,1516,1945,2792,4668,7974,7194,10065,10174,10112,10879,8449,3860,4231,3945,2500,1381,912,602,370,222,133,97,81,54,45,38,35,21,20,14,9,12,14,5,6,10,3,4,4
Datasets/wang/Images/train/class8/847.jpg,4,1,3,3,6,4,4,4,0,9,9,10,24,25,43,52,74,112,179,222,309,380,568,726,958,1325,1784,5591,12788,10515,6325,8118,22327,13926,3899,2221,1373,1061,757,611,475,380,300,214,187,133,74,45,50,21,16,18,8,2,8,2,3,4,3,4,2,2,0,3
Datasets/wang/Images/train/class8/852.jpg,6,6,5,16,18,17,23,26,25,25,24,29,29,37,46,48,72,110,151,208,323,412,660,1153,2488,14013,9444,5356,4015,4720,5245,6923,11150,15700,11138,2116,646,413,277,192,159,149,105,70,77,51,54,47,45,24,29,34,23,22,12,15,14,16,18,11,9,5,5,5
Datasets/wang/Images/train/class8/817.jpg,2,2,3,10,11,9,19,21,7,16,29,27,46,42,99,123,153,265,322,438,579,796,1065,1439,2107,3475,14037,24350,16512,6193,5203,4471,3521,2893,2409,1775,1280,934,760,592,454,406,281,253,191,162,126,94,79,59,37,37,17,20,10,9,10,6,7,1,4,2,3,1
Datasets/wang/Images/train/class8/864.jpg,3,2,3,3,1,4,17,7,7,8,20,18,30,28,41,62,55,87,109,159,177,260,421,642,948,1206,1772,2705,3886,5350,6676,7551,8357,12037,14434,8906,5768,4787,3572,2307,1626,1083,834,592,451,309,235,162,133,128,86,59,47,31,21,25,16,9,8,5,7,6,1,4
Datasets/wang/Images/train/class8/846.jpg,2,2,4,3,5,4,8,12,16,20,28,53,62,80,135,162,224,320,518,600,784,909,1137,1293,1561,1899,2100,2440,4134,5478,16231,28505,15894,5741,2403,1490,1100,667,521,375,270,213,174,103,106,108,97,78,53,44,32,32,12,14,13,5,7,2,2,2,4,2,6,5
Datasets/wang/Images/train/class8/822.jpg,9,4,4,6,18,23,20,30,30,44,71,73,95,139,156,222,301,353,510,713,992,1491,3162,8166,12254,12568,8927,6280,7504,10326,9062,8157,2430,1247,769,524,368,265,208,162,105,119,98,89,53,33,19,19,16,10,6,9,7,10,9,0,4,4,0,3,1,3,2,2
Datasets/wang/Images/train/class8/856.jpg,4,2,4,3,3,4,5,6,4,14,26,32,27,33,38,73,91,120,189,263,397,584,949,1528,2368,4081,24000,10839,10194,13856,11765,7397,2711,1690,1291,950,665,460,284,232,218,157,123,98,82,68,51,46,39,53,29,39,34,21,16,9,9,9,5,5,5,1,1,4
Datasets/wang/Images/train/class8/824.jpg,4,3,3,5,6,10,9,13,26,16,34,29,51,51,72,139,192,260,401,585,751,1192,1785,2574,3368,3867,4497,5304,6200,7447,7483,6506,6233,6357,7917,6969,4731,3695,3928,2752,877,622,429,296,195,100,68,55,37,29,19,13,12,10,14,15,9,6,9,6,8,5,2,3
Datasets/wang/Images/train/class8/835.jpg,3,7,11,13,8,7,8,8,8,18,27,51,55,91,111,124,153,203,268,360,526,823,1387,2344,11151,10673,10193,14719,11033,4860,4716,5585,8893,4615,1827,1074,626,425,303,202,173,140,111,78,46,32,29,15,22,23,25,12,8,5,7,8,9,11,12,5,4,8,7,5
Datasets/wang/Images/train/class8/834.jpg,4,5,4,3,3,2,4,9,8,12,14,13,14,26,40,73,80,83,126,152,177,237,296,459,778,1297,2051,4698,8486,33158,26749,7347,4918,2508,1293,800,533,419,379,238,166,116,86,68,65,45,48,40,24,23,22,20,22,12,12,6,7,4,3,1,3,2,6,7
Datasets/wang/Images/train/class8/840.jpg,2,4,1,2,3,1,2,4,3,3,10,6,22,24,33,55,82,116,160,222,265,376,514,582,745,1040,1220,1702,2356,4406,7493,5616,7088,7974,11826,10458,11990,9196,3242,2365,1758,1285,984,776,525,422,291,223,188,139,129,100,72,56,47,28,26,14,5,6,4,7,7,3
Datasets/wang/Images/train/class8/827.jpg,3,2,5,3,13,9,18,31,36,56,57,90,124,183,206,288,386,496,608,766,1083,1388,1932,3062,5439,7678,7953,6878,5474,6637,18571,17348,4509,1412,1106,860,696,583,501,382,327,246,224,153,111,97,71,54,36,27,15,14,12,7,4,7,4,6,5,5,1,2,1,3
Datasets/wang/Images/train/class8/802.jpg,3,6,7,6,6,17,20,22,18,28,44,58,64,63,94,114,175,214,265,331,392,521,668,862,1230,1727,2590,11722,5448,6860,8587,9363,9391,7627,6344,5050,4254,4637,2235,1637,1303,1088,694,536,400,293,263,199,183,134,113,102,89,71,34,33,31,16,10,5,1,2,1,3
Datasets/wang/Images/train/class8/811.jpg,5,1,5,9,14,22,26,25,45,67,85,115,128,210,310,392,514,632,831,911,1174,1420,4171,5241,2311,2423,2546,2728,12060,33162,7131,4797,3290,2451,1960,1502,1187,948,717,513,426,362,322,219,192,134,124,74,70,68,43,41,32,31,18,16,18,8,11,7,1,4,1,3
Datasets/wang/Images/train/class8/804.jpg,3,2,6,10,7,4,9,17,22,32,43,50,52,82,126,140,172,232,342,385,480,590,698,975,1274,1726,2503,3992,28495,24316,8994,5711,3697,2601,2069,1582,1289,1015,760,690,562,473,436,294,227,210,170,136,111,101,66,43,58,33,31,36,35,22,16,11,14,12,9,5
Datasets/wang/Images/train/class8/863.jpg,4,3,12,7,10,13,7,17,19,25,31,43,39,50,50,70,78,76,118,153,231,357,618,983,1977,4438,10542,14112,10321,9602,18667,12434,6069,2336,1354,846,641,422,299,195,164,102,110,96,73,63,55,56,37,36,26,26,25,31,17,27,20,20,14,12,8,7,7,3
Datasets/wang/Images/train/class8/812.jpg,7,8,15,18,34,39,47,57,65,52,53,109,118,141,177,194,263,325,463,634,954,1236,1649,2364,3122,3362,3947,4544,5493,7631,20495,16588,10095,3709,2613,1865,1236,982,689,644,432,403,292,227,182,132,104,101,82,69,50,46,37,31,18,20,12,7,4,4,5,3,3,3
Datasets/wang/Images/train/class8/854.jpg,3,5,9,11,9,21,32,38,40,63,70,74,87,90,106,112,143,221,269,388,482,563,807,1025,1293,1666,2173,2908,4352,10344,15723,10337,6340,5627,5255,4858,4582,3880,3075,2493,1894,1487,1173,914,695,574,431,322,232,190,159,131,118,76,81,59,50,31,27,32,18,22,8,6
Datasets/wang/Images/train/class8/842.jpg,9,5,6,8,14,12,10,19,22,24,37,47,74,102,141,234,403,514,776,1130,2104,3637,6658,19231,11797,7869,5772,5692,17732,5109,2333,1616,1047,859,633,507,385,313,268,221,206,144,92,83,91,68,60,30,30,26,9,11,13,14,10,10,5,5,5,6,4,3,5,4
Datasets/wang/Images/train/class8/877.jpg,4,11,14,20,47,23,42,60,106,151,211,293,397,471,671,924,1291,1699,2077,2730,3183,3923,4814,5163,5416,9268,14100,14753,9316,4452,3458,2078,1533,1189,986,792,637,420,334,225,194,176,150,122,90,65,68,41,31,11,12,9,12,13,1,8,9,1,3,2,1,1,0,2
Datasets/wang/Images/train/class8/814.jpg,5,3,1,5,4,5,5,6,4,4,8,10,19,29,20,27,51,78,117,136,210,308,471,691,1022,1445,2623,6800,9813,11961,12199,9893,9186,11570,9790,3896,1577,1081,813,538,455,350,307,198,145,110,83,60,52,29,22,17,8,6,6,3,4,6,2,6,1,4,3,3
Datasets/wang/Images/train/class8/825.jpg,5,2,2,1,5,4,6,7,13,12,21,19,25,31,30,40,48,59,84,128,189,302,428,675,987,1440,2142,3453,5820,11741,8075,7725,6777,6512,6337,5464,4579,2949,2392,2304,1779,1804,2544,2136,1800,2104,2514,951,454,340,292,209,154,113,80,57,34,27,25,18,11,9,11,5
Datasets/wang/Images/train/class8/876.jpg,2,2,1,2,3,1,6,1,5,4,8,19,11,42,62,65,120,150,175,173,251,359,436,518,688,959,1381,1921,3110,5168,7184,8892,13423,35641,4732,2599,1992,1521,1260,928,793,618,531,457,382,274,256,232,213,138,108,87,79,70,65,45,34,27,20,20,18,10,6,6
Datasets/wang/Images/train/class8/832.jpg,1,0,1,10,11,25,19,22,24,28,31,55,79,93,116,148,200,274,343,451,639,947,1334,1994,2936,4596,13144,8755,6325,6004,10018,12584,10094,4994,4535,1905,1207,975,723,526,403,354,246,208,155,135,99,95,63,54,52,41,42,24,37,33,19,27,9,16,8,9,6,3
Datasets/wang/Images/train/class8/818.jpg,3,1,2,2,3,3,3,6,12,12,7,31,36,64,67,102,159,190,255,341,472,564,747,1023,1468,2107,3823,7580,5849,4459,3726,3957,4313,5048,5855,7538,10888,8299,6285,5220,2505,1286,925,724,579,460,323,263,196,142,102,77,56,25,33,20,16,13,11,13,3,8,2,2
Datasets/wang/Images/train/class8/859.jpg,3,1,2,2,4,8,13,20,29,31,40,42,63,89,99,130,145,165,249,306,310,449,611,776,1173,1557,2131,2918,4491,7988,9531,9472,11926,9930,12164,8396,3557,2391,1725,1127,873,665,550,429,336,284,213,199,145,112,97,74,59,38,33,27,30,24,22,7,6,8,5,4
Datasets/wang/Images/train/class8/869.jpg,5,7,7,6,4,3,13,13,17,13,35,58,71,93,152,263,359,498,683,977,1529,3246,8018,14521,15586,11976,10516,7512,14500,2503,1598,1029,677,472,322,226,190,156,97,93,72,44,27,26,12,13,8,10,4,3,3,4,3,6,5,1,2,1,1,2,1,3,2,7
Datasets/wang/Images/train/class8/855.jpg,4,1,2,4,4,4,3,5,2,13,10,12,12,10,18,18,25,27,35,34,54,75,107,136,223,360,471,681,1164,1830,2648,4347,6801,9486,11877,13375,9545,7117,5991,9888,3634,2350,1622,1101,819,613,438,343,236,190,137,66,64,45,55,36,38,21,24,8,10,12,15,8
Datasets/wang/Images/train/class8/867.jpg,6,5,6,1,5,5,13,29,31,42,72,45,47,53,56,69,66,77,87,124,159,215,264,363,568,993,2034,4228,13947,12034,9348,5298,3353,2671,37695,1737,465,321,236,198,151,137,124,95,106,105,85,58,64,57,48,52,39,49,48,48,26,15,7,4,3,7,5,5
Datasets/wang/Images/train/class8/849.jpg,6,3,8,4,4,6,3,15,7,20,31,33,48,72,86,104,158,197,236,303,361,447,563,730,887,965,1332,1732,2506,4170,7888,7302,7774,8430,9707,12346,12617,4799,2937,2179,1652,1144,878,750,597,517,398,324,252,162,155,121,103,59,53,34,28,24,10,14,2,2,3,6
Datasets/wang/Images/train/class8/844.jpg,3,2,6,23,33,26,47,55,120,137,171,282,343,398,475,621,785,971,1211,1406,1742,2167,2695,4020,41367,12000,6154,3948,3211,2648,2072,1748,1334,1077,918,727,650,536,496,390,306,219,201,147,104,62,46,43,29,28,23,17,20,11,4,2,3,3,4,5,4,2,2,4
Datasets/wang/Images/train/class8/813.jpg,11,7,11,16,14,24,24,15,24,30,38,42,47,72,112,131,149,176,237,313,417,534,827,1229,2020,3443,6208,11165,22093,14443,8949,6839,4683,3157,2568,2016,1573,1113,831,605,462,323,251,180,177,131,99,95,86,69,42,45,20,24,21,14,13,9,8,13,7,2,4,3
Datasets/wang/Images/train/class8/810.jpg,3,2,4,3,4,3,9,10,13,9,26,37,49,50,71,93,106,133,142,201,236,321,392,510,692,854,906,1032,1907,49029,1558,1513,1463,1632,1611,9064,14887,1772,1526,1355,974,781,685,579,402,278,238,197,172,152,133,77,90,69,53,40,45,35,26,30,13,3,1,3
Datasets/wang/Images/train/class8/841.jpg,8,6,5,9,14,33,17,44,60,68,88,87,135,220,291,371,475,587,772,1062,1337,1752,2504,3445,6524,8894,16589,8912,8358,13923,5461,3877,2786,2060,1637,1371,1034,752,612,469,386,307,215,186,124,112,79,61,41,21,16,14,20,24,12,3,5,9,2,4,3,5,3,3
Datasets/wang/Images/train/class8/836.jpg,4,2,3,5,18,20,26,26,30,34,40,55,75,74,108,137,237,362,516,1035,2306,5602,9198,14352,12149,8808,6297,5958,4638,3485,2977,3305,3681,4165,2458,1506,1032,772,596,523,345,236,216,165,139,116,102,97,59,44,43,44,27,18,6,5,8,3,3,3,1,4,2,3
Datasets/wang/Images/train/class8/872.jpg,3,2,3,1,9,7,19,14,23,23,22,26,41,35,71,96,122,149,203,269,388,588,770,1129,1562,2392,3799,6707,19903,17378,11101,9750,7715,4630,2518,1658,1204,831,694,558,406,297,237,180,191,140,121,102,66,52,29,18,7,10,6,3,6,5,3,6,0,2,2,2
Datasets/wang/Images/train/class8/837.jpg,1,1,0,0,0,0,3,0,1,2,0,0,4,2,1,2,5,14,16,21,45,64,58,92,113,167,249,353,509,789,1101,1646,2711,4200,6222,9601,12882,13668,14566,13575,6838,3148,1867,1256,830,527,367,244,157,99,80,65,28,21,19,15,12,12,12,6,7,5,3,2
Datasets/wang/Images/train/class8/860.jpg,3,2,3,6,9,15,17,21,31,30,47,49,55,70,121,124,158,212,295,391,543,834,1187,1953,2919,4574,6407,6616,7233,9055,9655,9866,11136,9483,6141,3322,1656,1029,649,571,409,358,250,208,123,117,82,47,48,28,36,15,20,18,13,10,3,5,9,3,0,6,5,3
Datasets/wang/Images/train/class8/843.jpg,3,5,5,6,5,5,9,13,13,25,26,27,55,46,99,110,146,233,325,419,593,892,1194,1563,2273,4286,16396,8597,4788,3986,3996,4799,25155,5071,3831,2709,1850,1296,795,594,451,317,249,221,155,119,130,60,64,54,43,30,32,27,32,21,19,11,9,1,5,6,4,5
Datasets/wang/Images/train/class8/875.jpg,14,10,9,18,19,39,55,38,75,87,92,143,217,231,311,365,484,571,818,1136,1427,2084,3211,4578,6880,8860,11829,13078,15362,8043,3802,2885,2299,1931,1554,1161,866,691,574,475,375,334,270,217,181,134,108,92,67,55,29,21,18,15,10,10,5,3,3,6,4,7,7,11
Datasets/wang/Images/train/class8/873.jpg,8,15,10,15,18,14,12,17,15,12,30,26,28,41,24,31,28,49,55,58,90,123,203,364,590,1210,2139,4496,12305,9796,10440,14322,13921,11838,8625,3603,1383,688,385,292,206,138,104,65,60,53,33,24,34,24,32,33,19,22,12,10,15,20,18,23,14,10,8,8
Datasets/wang/Images/train/class8/820.jpg,2,4,4,7,15,14,19,25,27,21,35,39,55,83,156,309,517,1047,2326,5218,7534,6513,5723,5842,11813,19315,16154,6266,3224,2188,1184,660,390,304,198,192,133,93,84,71,69,63,50,36,36,27,24,31,19,17,20,18,23,21,12,8,2,6,2,4,3,3,0,6
Datasets/wang/Images/train/class8/838.jpg,9,5,2,7,10,8,12,18,20,23,21,35,40,55,87,96,104,157,239,302,347,459,554,815,964,1248,1794,2949,7039,10390,15906,9052,6791,9642,11082,7337,3537,2110,1413,964,672,476,349,301,188,140,105,67,78,45,37,34,30,17,21,21,23,19,12,10,5,5,4,2
Datasets/wang/Images/train/class8/826.jpg,5,6,7,13,22,17,43,51,62,86,95,138,158,177,293,381,479,650,817,1122,1817,3935,8313,11643,12181,9683,7315,4750,3499,3639,5266,9613,7292,1227,685,536,426,325,248,196,168,141,144,106,108,79,74,49,44,43,33,25,21,19,4,8,2,3,5,3,5,4,2,3
Datasets/wang/Images/train/class8/808.jpg,3,3,12,10,5,10,12,9,13,13,9,16,17,21,38,29,56,79,63,84,122,156,367,972,2419,19212,17568,12506,6874,7307,20046,3073,2258,2096,920,552,297,203,149,127,120,85,65,32,37,36,30,27,29,12,11,9,13,15,15,9,6,5,5,2,3,2,4,6
Datasets/wang/Images/train/class8/858.jpg,4,3,2,8,13,11,8,10,5,10,12,14,27,39,32,60,67,92,158,162,211,303,459,543,738,1074,1501,2190,3080,4945,7543,8287,8459,11462,11949,16194,9059,2774,2012,1432,953,626,416,291,197,169,125,90,92,73,50,50,43,33,32,24,20,16,15,9,3,12,6,7
Datasets/wang/Images/train/class8/878.jpg,8,6,5,12,19,14,12,24,30,33,34,40,74,81,104,136,173,218,278,326,425,495,704,954,1151,1443,1812,2321,2871,10244,12351,11491,10671,7366,6191,5759,4877,3942,2916,2033,1571,1144,908,679,542,411,339,225,207,133,93,71,69,49,41,40,30,31,26,19,10,11,4,7
Datasets/wang/Images/train/class8/879.jpg,4,2,6,2,6,9,2,17,10,14,20,29,38,42,59,72,111,134,196,245,327,441,547,764,1061,1341,1869,2657,3703,4772,6099,7318,12135,12854,8015,7570,9830,4553,2814,2030,1434,1100,931,714,595,450,318,243,193,136,86,81,57,49,35,33,41,28,22,13,14,4,3,6
Datasets/wang/Images/train/class8/862.jpg,3,4,6,6,10,12,15,20,25,26,16,24,29,38,42,52,87,88,121,135,153,235,285,352,436,555,901,1271,1838,2873,4893,7519,9241,10034,11284,13053,12462,8023,5460,2353,745,579,483,391,340,287,260,176,159,146,137,102,98,84,68,58,46,47,30,28,20,18,11,11
Datasets/wang/Images/train/class8/850.jpg,2,3,4,9,6,6,15,8,14,14,20,23,29,35,50,63,53,96,172,272,469,683,1157,1642,2438,3369,4339,5194,6343,7524,7324,6039,4637,3515,3066,2745,2871,3160,3192,3664,3217,3651,3736,4649,4293,1458,817,651,452,360,206,139,85,80,54,51,41,23,17,26,14,6,11,2
Datasets/wang/Images/train/class8/805.jpg,4,3,4,1,8,5,6,6,7,16,18,18,25,38,45,54,88,86,165,212,247,332,474,518,691,977,1429,1774,2477,3375,4711,16888,15943,15004,8837,4921,3490,2746,2309,1889,1539,1390,1146,876,712,652,541,423,321,248,146,98,84,66,52,50,33,33,22,13,9,3,4,2
Datasets/wang/Images/train/class8/868.jpg,4,0,6,4,4,2,4,1,2,6,2,5,9,6,8,9,10,17,13,23,42,39,38,62,71,91,119,115,154,188,192,301,420,667,1306,4690,17028,8166,5766,18415,13919,6338,7734,8499,1618,654,376,214,193,126,108,93,80,66,56,45,28,32,33,31,25,14,10,7
Datasets/wang/Images/train/class8/833.jpg,5,4,2,3,10,11,7,9,18,31,49,41,50,52,88,108,135,159,203,242,304,441,568,808,1050,1817,7003,5183,4775,20872,34432,9411,3407,2012,1403,919,707,462,387,226,191,141,90,79,56,49,44,30,28,33,29,17,15,14,14,16,6,8,4,6,5,3,4,8
Datasets/wang/Images/train/class8/807.jpg,9,3,8,11,17,21,20,22,32,19,39,59,55,76,101,130,270,511,969,1824,3043,4625,5369,5912,21881,19208,6630,6903,8184,4832,2260,1453,866,632,517,428,314,215,145,120,81,66,62,45,42,34,41,40,26,33,27,21,6,10,9,7,4,4,1,2,1,2,3,4
Datasets/wang/Images/train/class8/870.jpg,3,2,2,13,13,16,36,44,63,73,74,115,135,143,201,286,362,528,656,884,1229,1637,2370,3647,10396,18111,12123,9070,8220,8860,5957,3223,2201,1611,1265,1032,731,535,456,353,280,227,164,156,136,115,82,82,71,84,57,39,27,23,18,24,13,16,1,3,3,3,1,3
Datasets/wang/Images/train/class8/821.jpg,5,4,3,4,7,18,18,19,24,14,32,24,37,35,68,66,103,114,131,168,263,348,497,698,979,1637,2642,5068,11489,18349,13214,9589,7266,5350,4943,8717,2144,968,649,500,351,283,214,177,189,137,129,113,110,93,72,54,33,17,28,19,17,15,8,8,9,11,5,8
Datasets/wang/Images/train/class8/831.jpg,5,3,1,3,0,2,5,8,14,17,19,20,25,39,41,34,45,48,59,57,93,130,159,253,357,635,1415,5025,14125,5979,4508,4174,4255,3900,4896,6111,8140,10911,13428,5839,1402,488,319,234,164,144,125,92,78,77,51,46,52,48,47,35,23,28,30,14,12,5,8,4
Datasets/wang/Images/train/class8/815.jpg,4,5,3,2,8,12,16,9,10,22,18,24,37,34,54,78,92,114,130,181,285,338,473,672,1103,1985,4491,11935,17563,18515,7395,11062,6350,7404,2451,1391,951,719,505,423,278,217,154,122,109,96,100,89,60,61,32,25,17,18,10,7,8,6,8,7,7,3,2,4
Datasets/wang/Images/train/class8/857.jpg,4,3,3,3,5,3,2,11,7,18,21,23,29,48,53,88,115,176,268,348,541,769,1165,1860,3314,5956,9162,7058,5257,3624,3013,2847,3254,8800,12754,10753,4253,3213,2796,1894,1299,948,694,470,344,271,163,134,106,74,64,48,35,30,32,16,23,12,6,10,6,0,2,6
Datasets/wang/Images/train/class8/830.jpg,3,1,1,7,3,5,5,9,2,6,8,9,8,28,31,39,91,132,199,278,377,489,830,1239,2092,2892,3802,4889,5422,6622,7974,9213,10060,9784,9342,6623,4554,2899,2001,1513,1167,930,691,543,378,253,190,159,144,104,66,59,34,26,16,13,12,11,7,1,8,6,1,3
Datasets/wang/Images/train/class8/861.jpg,4,7,9,12,19,32,29,36,58,76,76,100,129,178,244,291,347,423,658,865,1768,4263,7241,6766,5592,3647,3184,7004,12958,13148,5394,3249,2776,2504,2242,1912,1738,1499,1356,1161,1042,875,689,609,480,324,314,245,173,149,115,91,75,39,18,17,17,13,4,8,3,2,2,5
Datasets/wang/Images/train/class8/865.jpg,3,0,1,7,3,7,7,12,20,23,22,22,35,33,51,62,76,100,136,178,269,420,672,897,1329,2176,4001,6652,10910,13467,11017,7769,5024,3283,2399,1997,1616,1343,1365,1885,4707,11089,2249,192,132,101,99,86,46,50,55,40,38,34,20,14,13,11,18,9,6,2,2,2
Datasets/wang/Images/train/class8/803.jpg,7,1,5,11,5,9,5,7,11,17,41,64,88,122,182,249,433,523,824,1303,1863,2559,3861,5579,7268,7449,8310,8980,9894,10138,7132,5247,3395,3214,4795,1744,910,600,397,284,239,139,90,68,46,23,20,16,22,13,20,7,11,11,5,7,5,7,7,4,5,6,2,5
Datasets/wang/Images/train/class8/816.jpg,14,18,6,13,11,12,23,36,41,52,63,61,67,89,85,85,121,118,188,188,310,532,982,2223,5832,12952,14175,7882,3546,2305,2184,8315,15958,10125,4724,1515,711,509,380,285,224,192,200,170,145,116,89,81,68,38,45,29,28,28,28,11,12,11,4,6,4,16,16,7
Datasets/wang/Images/train/class8/809.jpg,4,1,10,41,42,55,65,80,101,107,126,186,253,291,372,458,600,695,1067,1373,1790,2459,3436,5868,7446,30778,7328,5967,5360,4485,3880,3113,2333,1790,1313,1054,794,602,484,431,352,255,229,161,156,120,86,70,55,38,33,24,21,24,7,8,11,2,2,2,1,2,3,4
Datasets/wang/Images/train/class8/853.jpg,1,1,0,1,12,5,5,15,15,18,25,24,25,26,46,62,87,79,119,144,187,229,330,465,688,1089,1804,3289,8328,20096,7614,6122,5524,6192,7234,10976,6545,2429,1847,1374,1014,820,617,489,425,354,304,272,201,162,145,100,79,58,40,49,30,18,26,11,11,1,2,4
Datasets/wang/Images/train/class8/866.jpg,1,5,7,24,19,27,35,41,52,74,106,139,157,203,261,247,337,399,470,625,851,898,1135,1361,1494,1774,1992,2641,3228,4500,5353,5839,6043,5503,4564,3578,2553,2583,2755,5508,17435,9151,1510,814,518,337,269,186,134,113,83,69,76,67,34,26,31,24,19,10,5,2,3,6
Datasets/wang/Images/train/class8/819.jpg,2,8,12,16,14,20,17,20,24,35,44,51,58,69,86,130,195,252,359,486,641,851,1031,1364,1731,2259,2714,3279,3717,4260,28838,11862,5174,4348,3869,3333,3045,2500,2226,1827,1487,1165,956,751,698,553,426,367,271,204,150,119,83,65,53,48,31,35,18,18,10,13,8,8
Datasets/wang/Images/train/class8/851.jpg,6,9,11,16,24,36,38,42,62,74,89,128,164,265,343,466,633,931,1497,2345,3526,5330,8426,10441,9844,8805,7152,6107,6581,14382,4964,1523,1141,719,511,379,241,189,155,111,102,77,66,54,36,32,41,37,30,29,25,16,4,6,8,5,3,7,2,2,3,4,4,5
Datasets/wang/Images/train/class8/845.jpg,7,5,5,4,10,16,16,28,28,34,41,82,104,136,164,214,328,420,580,767,1059,1488,2040,2760,3876,5736,7132,7999,8640,8747,7506,16757,6640,3920,2889,1982,1346,1200,895,695,523,428,290,198,121,92,80,57,44,42,25,26,12,15,17,12,5,5,3,2,1,3,3,4
Datasets/wang/Images/train/class8/806.jpg,2,3,3,8,5,13,14,16,38,41,43,70,90,125,127,196,211,283,389,519,724,976,1201,1676,2323,2947,3999,5393,7078,8087,7281,6635,6943,6720,6385,5673,4583,3937,6214,2536,1285,885,616,474,364,255,193,154,119,102,76,65,36,25,27,24,24,11,14,18,13,8,3,6
Datasets/wang/Images/train/class8/800.jpg,6,3,7,5,5,3,9,8,4,12,14,25,30,47,50,52,73,63,82,115,118,143,215,201,241,351,441,607,897,1506,2441,3669,5798,11406,11854,17950,12497,8672,5265,3734,2521,1661,1151,869,650,538,363,326,318,218,183,158,153,135,95,100,69,58,49,30,17,10,6,7
Datasets/wang/Images/train/class8/828.jpg,3,1,5,7,19,21,26,27,39,68,66,106,97,130,175,206,241,309,353,414,540,633,836,983,1184,1633,2246,2818,4404,19953,19603,15808,4464,4035,3675,2901,2248,1786,1393,1075,786,627,496,395,324,245,203,157,137,116,81,53,35,30,17,12,7,13,10,6,9,10,2,2
Datasets/wang/Images/train/class5/541.jpg,3,2,0,13,13,11,9,15,22,17,32,57,47,93,110,126,146,276,366,548,730,1031,1575,2741,3978,5061,5913,6608,7584,8564,8880,8724,7775,6612,5242,4372,3202,2323,1673,1184,803,535,363,240,168,126,83,68,52,48,40,15,15,11,8,9,8,6,10,3,3,7,2,3
Datasets/wang/Images/train/class5/508.jpg,4,2,5,3,2,3,7,7,7,10,9,11,17,16,27,48,68,111,131,219,246,409,668,1057,2024,4123,6043,7616,11887,13266,11829,28392,4830,2383,1200,668,333,179,103,69,70,29,24,29,34,13,8,9,3,3,5,5,6,4,3,4,4,2,2,2,3,4,2,4
Datasets/wang/Images/train/class5/554.jpg,4,3,6,4,5,7,6,6,14,12,21,30,39,61,49,104,144,142,184,223,286,378,460,587,949,1522,2833,4610,7821,10945,12323,12659,10712,7972,5161,4235,9653,1251,702,469,353,282,196,174,154,113,102,79,56,42,30,26,19,16,12,13,8,14,6,8,0,3,3,3
Datasets/wang/Images/train/class5/568.jpg,4,6,7,13,14,17,8,10,11,22,27,37,39,25,47,55,61,117,178,230,370,568,836,1262,2145,3475,4943,6089,7974,10133,11402,11346,10553,8674,6345,4481,2672,1403,866,550,369,223,150,116,89,66,67,38,33,25,24,14,7,13,7,8,7,6,8,6,3,3,3,4
Datasets/wang/Images/train/class5/575.jpg,2,7,9,11,22,23,28,37,34,39,55,79,104,114,131,155,217,318,394,608,831,1087,1530,2104,3075,4494,5943,7730,9187,9656,9264,7852,6240,5061,4393,4002,5183,2509,1440,1085,793,596,443,323,233,203,146,123,100,59,44,33,37,14,22,23,15,9,12,4,5,3,6,5
Datasets/wang/Images/train/class5/503.jpg,9,2,5,12,12,9,10,6,7,11,25,48,63,98,117,191,250,335,414,563,783,1006,1296,1671,2160,2806,3640,5190,5495,5267,5628,6469,6629,6395,6494,6350,5799,5171,5154,3544,2581,1894,1393,949,695,449,300,214,149,112,91,67,59,41,49,31,24,21,16,13,5,5,4,8
Datasets/wang/Images/train/class5/526.jpg,6,6,8,5,5,2,6,14,20,30,36,33,38,43,44,44,59,46,78,102,142,160,236,347,552,757,1168,1624,2450,3931,6158,7159,8787,10100,11077,14885,12485,5700,3737,2271,1238,894,490,352,239,143,108,81,61,62,48,51,32,32,32,23,20,14,13,10,5,0,2,3
Datasets/wang/Images/train/class5/502.jpg,4,2,0,8,2,2,7,9,9,19,16,16,14,25,24,41,47,44,52,85,132,202,272,296,440,596,939,1270,1781,2522,3459,4874,5681,6683,7686,15713,13233,10837,8583,3975,2695,1786,1218,851,546,402,283,240,171,102,82,70,64,44,34,36,19,13,23,12,6,3,2,2
Datasets/wang/Images/train/class5/519.jpg,7,2,3,5,6,20,18,34,18,27,19,46,40,75,113,169,262,396,533,794,1190,1774,2650,4259,7882,11766,14324,14627,13329,8988,5472,3127,2036,1383,919,620,376,277,203,148,120,82,39,29,18,15,3,5,5,0,4,3,2,4,3,5,4,8,4,4,1,2,2,5
Datasets/wang/Images/train/class5/535.jpg,5,0,5,5,3,4,3,11,7,5,8,27,21,29,46,57,72,84,104,171,197,312,449,609,745,973,1411,2256,3196,4062,4775,5902,6832,7767,8386,7906,7515,6658,5821,4781,4225,3565,3674,3216,852,559,283,204,157,112,80,48,43,25,8,9,6,4,4,2,3,1,1,3
Datasets/wang/Images/train/class5/567.jpg,3,7,9,4,14,15,17,5,13,19,32,37,69,94,110,163,174,220,339,420,566,719,883,1248,1697,2030,2687,3409,4586,5198,4860,5311,5691,6212,6264,6093,5909,5872,5364,5111,4830,3286,2572,1765,1267,886,628,393,300,206,153,101,86,73,69,54,36,30,35,20,13,17,6,4
Datasets/wang/Images/train/class5/579.jpg,2,3,3,5,1,3,11,13,6,12,10,15,10,19,19,19,24,36,37,54,122,155,213,359,510,899,1979,3987,4207,4691,8059,11666,12586,10606,7530,6305,16868,4000,1509,719,357,216,122,69,52,36,26,16,21,21,16,12,13,8,7,14,3,3,3,5,2,3,2,5
Datasets/wang/Images/train/class5/570.jpg,6,4,9,4,3,3,5,6,12,5,12,11,10,11,7,8,7,29,33,35,48,91,138,188,346,414,604,868,1301,2392,3780,4816,6162,8514,11857,36420,10936,4423,1935,1041,587,353,280,183,119,71,57,25,30,15,14,8,7,12,6,9,4,6,0,2,2,2,5,13
Datasets/wang/Images/train/class5/550.jpg,3,3,5,8,24,26,34,20,39,43,59,84,89,125,145,198,285,387,547,762,999,1407,1997,2791,3639,4540,5307,6403,7907,8692,8785,7442,5320,3358,2409,2182,14592,4188,699,511,374,301,266,208,169,152,152,102,103,104,73,42,46,36,25,25,19,16,15,8,6,3,2,3
Datasets/wang/Images/train/class5/569.jpg,9,6,9,4,6,11,8,7,9,10,14,10,10,22,16,22,39,46,52,71,117,127,246,304,436,633,949,1312,1827,2678,4120,6832,9077,10996,11444,10898,9767,8357,6539,4018,2335,1534,961,629,486,328,245,180,123,104,70,56,51,50,19,28,13,7,9,3,4,3,4,4
Datasets/wang/Images/train/class5/507.jpg,3,4,3,2,1,7,14,10,12,26,17,20,22,56,78,127,153,218,289,405,549,689,867,1049,1440,2463,2405,2688,3092,3738,4388,4952,5259,5795,6395,6573,5744,5659,14114,12774,1705,1108,858,618,481,403,269,195,153,94,71,70,42,39,20,26,9,13,7,6,5,3,6,3
Datasets/wang/Images/train/class5/572.jpg,3,2,4,4,6,1,6,7,6,14,16,17,19,29,30,32,33,55,63,85,140,178,260,385,495,677,1004,1341,1777,2223,3213,4370,6317,9334,12014,12240,10260,8120,6348,4945,3785,2819,1854,1310,836,535,328,220,126,109,67,37,33,31,27,19,17,12,15,16,13,8,6,8
Datasets/wang/Images/train/class5/501.jpg,3,1,1,1,9,5,4,14,23,32,41,38,45,66,68,108,139,148,200,298,365,483,584,723,986,1226,1589,2924,3945,3695,3756,4196,4809,5429,6091,6646,7021,7010,6203,5592,6875,4767,3152,2337,1737,1330,1014,776,501,362,228,182,147,114,66,53,43,38,15,16,17,7,5,5
Datasets/wang/Images/train/class5/537.jpg,5,10,9,12,15,18,23,28,53,46,66,72,79,136,123,179,265,284,407,480,754,1052,1407,1807,2677,3957,5590,7024,8382,9238,10301,12216,11244,5681,3730,2756,2035,1588,1207,838,584,397,312,267,204,149,113,80,75,68,57,38,31,20,19,23,14,12,7,6,10,6,8,10
Datasets/wang/Images/train/class5/555.jpg,3,7,5,8,15,9,11,12,19,27,37,38,64,80,94,113,142,173,254,351,420,564,838,1211,1980,3824,6804,6223,5486,5726,6434,7900,8745,8500,6451,5143,4249,5967,2917,1812,1362,948,765,585,454,371,245,201,176,143,89,73,43,59,51,28,22,9,2,7,3,6,3,3
Datasets/wang/Images/train/class5/512.jpg,7,6,4,3,5,8,7,16,10,30,35,29,42,40,51,48,91,213,306,518,911,1717,3069,5219,8694,13065,16029,15445,11702,8298,5131,3036,1812,1044,606,382,212,145,80,57,47,19,17,10,5,8,3,6,7,6,7,3,1,9,5,5,5,2,3,1,3,2,5,2
Datasets/wang/Images/train/class5/546.jpg,3,4,6,8,7,13,10,15,17,14,23,31,20,30,37,57,91,166,198,308,456,777,1234,2069,3991,8826,13591,17391,18617,15032,7732,3426,1780,831,492,344,190,115,81,55,25,19,22,19,16,15,7,5,10,8,5,2,7,5,10,5,7,6,1,3,4,3,8,4
Datasets/wang/Images/train/class5/565.jpg,3,1,6,11,10,6,18,18,28,31,38,45,50,52,40,58,65,74,91,123,175,191,244,262,355,418,504,790,875,1115,1465,2008,2676,3436,5229,12908,35672,10029,5200,4414,3370,2087,1296,801,567,328,240,188,109,101,85,73,65,50,42,36,36,30,23,17,12,9,3,2
Datasets/wang/Images/train/class5/571.jpg,4,1,1,2,6,4,3,4,1,5,6,13,15,13,23,17,29,51,55,81,117,152,197,277,346,531,809,1086,1507,2031,3011,4744,6773,9045,10967,11415,11260,9195,5967,4065,3065,2526,2097,1687,1201,925,735,618,454,352,217,177,139,86,73,48,22,19,12,8,5,4,3,2
Datasets/wang/Images/train/class5/522.jpg,5,4,0,3,1,6,6,5,9,10,17,27,23,43,41,47,47,64,80,90,137,193,227,277,360,456,633,773,1220,1869,3255,5086,6944,8586,10275,10789,10058,8264,5979,5613,11229,1429,934,637,542,398,303,264,227,176,144,129,86,79,45,42,38,34,20,10,9,2,2,3
Datasets/wang/Images/train/class5/517.jpg,3,2,1,11,9,6,6,19,27,32,63,71,78,114,138,166,178,301,367,648,807,1183,1644,2226,4119,7066,6275,6292,6842,7420,8824,15323,14872,4587,2808,1790,1231,834,593,379,255,183,117,83,77,61,40,31,24,21,7,8,9,9,4,2,1,3,1,2,1,3,3,4
Datasets/wang/Images/train/class5/523.jpg,2,4,14,12,8,11,16,18,17,14,25,20,22,26,21,26,37,49,68,81,98,110,133,190,295,417,586,757,1244,2346,3522,4415,5738,8175,11398,11521,22951,14928,3530,1987,1140,670,442,297,202,144,111,84,60,40,42,44,37,22,32,13,24,17,15,15,4,7,5,5
Datasets/wang/Images/train/class5/520.jpg,2,3,4,4,2,2,6,5,8,4,9,6,5,13,22,13,9,15,48,31,41,109,151,260,472,782,1165,1863,2887,4919,7664,10813,11774,12214,12642,10850,7510,4703,2805,1786,1077,589,366,205,120,90,66,33,27,21,13,11,10,5,8,8,7,1,10,4,2,3,2,5
Datasets/wang/Images/train/class5/534.jpg,7,3,2,2,0,6,11,17,7,10,16,17,21,29,43,41,61,81,111,170,217,401,552,738,1175,1884,2979,3884,4759,5750,8319,11328,12182,10365,8366,6511,5238,4130,3001,2030,1409,897,560,351,182,144,94,56,39,22,23,15,9,9,6,2,1,6,2,2,4,2,2,3
Datasets/wang/Images/train/class5/515.jpg,2,2,4,8,17,20,18,26,25,32,59,56,50,55,89,94,132,171,217,313,410,536,746,1096,1639,2380,3411,5570,8051,10914,12302,11378,9043,6958,5128,4487,5469,2030,1327,1042,695,506,392,260,197,162,128,113,102,84,71,62,39,32,29,28,24,21,20,5,12,7,4,4
Datasets/wang/Images/train/class5/547.jpg,8,12,12,9,9,13,18,33,18,33,37,29,44,65,76,119,170,204,242,323,375,534,705,894,1125,1435,1796,2228,2846,3653,4222,5058,5820,6523,7095,20583,13680,4846,3570,2713,1973,1454,1004,741,557,363,280,187,136,105,82,44,41,26,24,29,16,15,16,6,11,12,3,4
Datasets/wang/Images/train/class5/539.jpg,2,2,0,1,2,5,13,18,10,17,10,12,14,21,34,32,36,42,66,102,109,138,171,216,271,365,521,647,797,1210,1776,2426,3345,4433,6036,7383,8762,15417,21428,8901,5112,2859,1719,1110,686,550,403,303,208,145,97,82,55,51,34,27,14,15,13,4,6,8,3,9
Datasets/wang/Images/train/class5/525.jpg,3,2,3,6,6,20,23,25,43,41,60,75,102,137,159,221,251,265,367,468,637,801,1050,1416,1983,2812,4809,6397,7469,9234,10785,10637,13455,7493,4829,3235,2228,1635,1175,892,687,568,415,318,235,166,150,105,77,64,72,53,35,30,22,17,5,3,8,6,10,4,2,3
Datasets/wang/Images/train/class5/552.jpg,3,1,4,5,5,11,11,18,18,24,35,35,49,61,75,109,156,214,241,304,421,542,579,750,943,1144,1450,1846,2393,3024,3578,4221,4857,5477,5800,6309,27384,5468,4004,3340,2636,2175,1745,1385,1125,889,754,501,473,408,292,283,206,145,101,91,52,42,38,29,9,4,3,9
Datasets/wang/Images/train/class5/544.jpg,4,3,4,7,4,4,3,8,12,16,12,13,15,15,34,42,68,72,76,103,160,205,363,574,944,1557,2545,4417,7196,10415,12572,12490,22824,11865,4504,1988,1129,689,372,253,189,129,83,49,43,30,31,24,30,11,16,13,11,12,9,7,10,6,6,9,4,1,1,3
Datasets/wang/Images/train/class5/573.jpg,1,2,1,3,5,4,11,14,11,16,25,31,54,78,88,127,179,189,254,327,439,527,634,868,1075,1331,1838,2352,3000,3661,4388,4940,5459,5755,6297,23589,12220,3572,2770,2431,1948,1623,1330,1064,806,733,521,438,329,236,183,169,122,78,59,37,17,20,12,6,2,3,0,2
Datasets/wang/Images/train/class5/527.jpg,4,5,3,3,5,5,6,5,12,6,15,17,35,43,62,70,62,94,128,160,164,252,309,465,643,782,1112,1824,3689,6106,9216,10953,12346,12639,15467,8414,4876,2982,1784,1039,708,529,329,255,155,112,79,64,55,45,38,25,30,22,9,10,7,10,3,3,2,3,4,5
Datasets/wang/Images/train/class5/510.jpg,4,11,11,15,12,15,18,23,36,52,75,96,137,202,258,345,498,703,1016,1550,2687,4574,6923,10843,14269,16990,15864,9973,5007,2638,1336,743,446,240,187,119,101,71,31,31,22,15,18,6,7,8,5,11,5,9,10,4,3,6,1,3,1,3,2,5,5,1,1,3
Datasets/wang/Images/train/class5/506.jpg,3,1,1,2,8,16,17,13,24,26,21,25,34,38,40,60,60,80,108,157,216,264,340,459,693,1231,2136,3478,5129,6923,8921,10011,10878,11269,12346,9065,5932,3265,1801,1034,617,421,256,177,134,83,95,70,65,56,44,39,28,32,27,13,5,2,3,1,2,2,2,5
Datasets/wang/Images/train/class5/562.jpg,10,5,5,6,4,10,7,18,18,30,22,35,49,104,120,185,272,342,439,669,1111,1849,3364,5617,8350,11307,15255,17308,13871,8389,4087,2550,1059,630,404,261,141,80,79,52,42,34,36,20,8,12,7,2,0,3,2,2,1,4,1,3,0,3,1,2,2,2,0,3
Datasets/wang/Images/train/class5/540.jpg,2,2,2,3,2,4,6,4,8,4,8,20,27,39,58,79,99,128,244,342,455,582,688,921,1184,1580,1960,2691,3340,4315,5058,5760,6431,6696,35077,5064,3478,2698,2135,1678,1305,1065,826,591,459,378,233,163,122,113,51,38,20,18,11,10,3,6,5,4,4,1,1,5
Datasets/wang/Images/train/class5/574.jpg,2,2,2,3,2,5,2,7,8,13,12,13,18,30,64,84,166,191,268,450,802,1317,2170,3407,5857,8236,10792,14319,17549,15252,9367,3901,1862,893,445,234,163,90,56,49,40,27,15,19,16,9,8,10,5,10,6,7,3,2,3,3,0,4,6,1,2,2,0,3
Datasets/wang/Images/train/class5/549.jpg,3,4,3,6,4,12,7,11,20,16,38,49,49,60,83,95,123,159,187,249,365,434,575,816,1176,1905,3272,6170,7035,8704,9859,11010,11714,12042,9408,5309,2795,1497,865,566,366,277,181,128,95,75,74,64,55,48,46,31,36,29,27,16,9,18,8,9,6,6,2,3
Datasets/wang/Images/train/class5/559.jpg,8,5,0,5,6,8,7,11,8,13,15,27,33,24,39,43,40,68,102,98,139,215,246,405,572,722,917,1192,1511,1908,2530,3177,3971,4556,5536,5876,8613,12128,14066,11882,4441,3126,2563,1988,1390,1046,831,599,462,305,221,167,122,89,67,38,37,20,19,7,15,6,12,11
Datasets/wang/Images/train/class5/530.jpg,3,3,5,4,4,9,9,7,4,6,9,9,13,20,20,32,47,88,128,189,344,498,1038,3684,7737,10529,19881,26655,24109,1868,614,265,191,85,43,41,19,22,10,3,3,2,3,2,0,6,1,2,2,4,2,4,3,7,1,1,1,1,2,1,2,2,2,5
Datasets/wang/Images/train/class5/545.jpg,5,4,6,10,8,8,20,11,23,29,40,58,53,76,115,139,207,259,265,351,424,564,763,1067,1455,2206,2984,4083,5609,8077,10581,11796,10638,13152,6585,4315,3350,2380,1774,1246,890,688,529,373,294,206,155,104,108,47,40,26,26,17,13,10,7,5,5,2,6,6,5,6
Datasets/wang/Images/train/class5/509.jpg,6,3,4,1,4,8,10,9,10,12,12,18,33,29,53,71,89,99,158,200,375,826,2285,9356,13384,22053,26948,12778,5693,1846,764,408,235,140,140,69,39,26,13,6,6,5,7,4,6,5,5,5,5,3,5,3,3,1,6,3,2,3,2,5,2,2,0,3
Datasets/wang/Images/train/class5/577.jpg,5,5,3,9,6,9,13,9,20,31,51,57,88,127,120,157,231,351,383,544,775,1086,1413,1815,2352,3051,4314,5146,6800,8056,10328,10771,11504,9827,4703,3540,2523,1893,1476,1117,844,604,475,353,280,219,181,131,134,81,75,52,44,26,25,12,18,11,4,9,6,3,4,4
Datasets/wang/Images/train/class5/553.jpg,3,2,2,3,2,1,5,5,3,7,11,8,11,15,20,25,35,50,55,68,71,97,97,116,150,232,376,576,1018,1845,2669,3622,4535,5934,8607,15592,26536,20127,2393,1154,685,457,316,178,123,90,83,55,35,51,24,26,17,18,23,13,11,7,2,2,2,4,1,3
Datasets/wang/Images/train/class5/518.jpg,5,3,9,13,17,16,26,21,15,18,30,44,46,61,86,123,151,167,239,297,452,607,865,1323,2090,3352,5368,7799,10251,12198,12974,11498,9345,7061,4419,2654,1747,1084,597,378,251,144,103,65,63,39,35,32,24,20,21,12,9,4,6,8,3,3,2,0,2,2,2,5
Datasets/wang/Images/train/class5/566.jpg,4,3,5,4,11,9,9,6,5,8,12,9,12,14,17,25,29,41,31,73,134,183,295,573,890,1302,2452,4424,7885,8479,8581,9159,9680,9618,8626,7815,7441,4273,2623,1540,815,445,267,122,89,65,53,39,20,15,12,7,8,6,8,6,8,4,0,3,1,3,1,7
Datasets/wang/Images/train/class5/513.jpg,5,3,2,0,3,4,12,11,22,18,19,28,33,44,64,78,103,113,133,214,296,374,455,597,796,1114,1501,2105,2792,3611,4547,5482,6620,7525,8513,10182,10302,8667,5161,3909,3133,2403,1799,1379,1092,759,631,527,337,242,142,125,81,68,42,28,19,16,10,2,3,1,3,4
Datasets/wang/Images/train/class5/521.jpg,5,7,6,6,10,17,15,21,14,26,16,36,27,52,47,59,64,77,98,115,164,243,414,658,1076,1629,3139,5872,9093,11514,13238,25829,14297,5377,2309,1025,543,319,268,141,99,61,49,30,31,30,18,17,21,6,10,6,7,7,5,3,6,6,5,6,7,1,5,2
Datasets/wang/Images/train/class5/556.jpg,5,9,12,12,24,25,33,37,57,66,72,87,86,111,167,189,252,329,386,477,606,694,871,1130,1386,1722,2255,2900,3696,4525,4968,5383,5630,32998,11280,3538,2497,2005,1669,1369,1083,867,677,501,385,285,209,160,132,91,90,64,46,40,19,24,14,18,18,7,7,5,1,3
Datasets/wang/Images/train/class5/560.jpg,3,2,4,7,7,4,6,5,4,11,15,16,19,30,89,94,150,186,304,465,699,973,1391,1742,2706,3980,5777,7723,10883,13845,12429,10005,8297,5572,3533,2437,1625,1097,793,527,267,191,124,78,50,32,19,19,10,4,8,2,12,1,6,1,2,5,5,2,2,4,2,3
Datasets/wang/Images/train/class5/514.jpg,4,3,2,3,9,8,4,6,6,7,6,8,16,17,27,25,32,29,40,36,41,68,66,83,136,197,341,660,1224,2127,3418,6147,9688,14462,17092,14783,10792,6824,4222,2717,1411,613,353,193,91,55,56,29,24,27,10,16,7,9,5,4,2,5,5,2,3,4,1,3
Datasets/wang/Images/train/class5/576.jpg,6,6,7,6,3,8,12,19,23,25,31,30,43,63,75,85,103,116,160,179,243,354,511,817,1111,1523,2132,2749,4030,5357,7009,9215,11607,11757,10916,9154,6515,4187,2652,1652,1032,758,532,393,255,195,155,111,92,71,41,30,17,18,27,14,17,10,6,7,5,9,9,9
Datasets/wang/Images/train/class5/505.jpg,8,4,4,5,5,4,5,5,8,5,4,5,5,7,12,13,13,13,16,18,34,54,72,99,189,363,926,2249,7624,12343,13630,11944,9038,6232,3568,28269,616,315,133,98,65,39,30,25,15,24,19,14,15,7,6,9,10,8,6,7,6,7,5,3,5,8,10,6
Datasets/wang/Images/train/class5/558.jpg,5,4,7,5,1,13,9,16,11,12,14,14,20,21,32,27,33,55,70,74,97,149,216,259,391,538,819,1280,2088,3364,5368,7918,10410,12343,13112,11847,9737,6803,4198,2687,1613,911,581,348,212,141,86,73,50,43,34,37,26,16,20,12,12,9,1,2,3,3,2,2
Datasets/wang/Images/train/class5/533.jpg,3,6,3,1,2,2,3,1,5,9,8,11,12,9,9,17,24,17,17,15,40,32,43,62,68,104,143,198,370,513,741,1176,1811,2809,4530,7097,10193,12481,13740,20983,9244,4899,2781,1474,867,534,363,232,148,92,67,56,47,30,28,23,20,29,13,17,9,9,6,8
Datasets/wang/Images/train/class5/538.jpg,3,4,7,9,19,23,25,45,48,71,72,91,109,125,147,184,245,319,382,493,611,640,786,953,1121,1480,1771,2217,2746,3784,5206,6623,8002,8820,9403,9562,9713,7662,4515,2471,1731,1290,971,786,609,526,407,336,267,211,163,133,115,60,54,37,30,21,14,17,12,2,2,3
Datasets/wang/Images/train/class5/543.jpg,5,25,31,32,20,32,26,29,22,33,29,23,25,49,59,81,115,194,294,416,748,1305,2512,5421,10180,14877,18611,17531,12632,6732,2979,1390,708,365,208,142,72,43,31,29,10,12,19,8,9,7,6,13,7,10,7,11,14,7,15,18,5,7,12,10,13,10,8,10
Datasets/wang/Images/train/class5/511.jpg,4,7,8,5,14,12,18,21,31,48,74,110,147,185,257,320,387,592,792,1115,1535,2179,3027,4431,6047,7294,7543,7631,7327,6952,6205,5192,4383,3582,2923,2307,2161,2983,6272,1137,737,503,386,345,226,190,129,104,83,73,57,45,25,21,30,24,17,14,10,4,8,6,4,5
Datasets/wang/Images/train/class5/551.jpg,6,1,8,5,12,24,23,27,27,37,45,66,77,110,159,188,285,351,493,734,1022,1462,2247,3734,7761,11652,12263,11313,10438,9365,7377,5561,4150,2204,1538,1011,655,491,377,244,142,121,119,76,71,53,33,36,26,20,8,12,15,6,2,2,3,2,3,3,2,3,1,2
Datasets/wang/Images/train/class5/532.jpg,3,0,4,12,11,12,14,20,21,29,25,37,48,62,74,86,84,106,126,161,176,246,366,449,550,778,897,1280,1639,2143,2801,3425,4311,5600,7062,8088,7332,11036,21253,7332,3285,1963,1334,995,675,530,395,318,236,232,162,141,89,57,49,39,24,17,16,14,9,11,9,5
Datasets/wang/Images/train/class5/516.jpg,5,4,10,22,13,31,42,41,67,101,119,141,198,216,285,377,471,627,925,1320,1848,3201,6158,9243,11045,10939,9805,8615,8914,8458,5875,2551,1663,1251,905,680,556,356,313,220,159,139,113,75,63,34,20,18,16,8,3,5,5,5,8,2,2,2,1,4,1,3,1,6
Datasets/wang/Images/train/class5/528.jpg,2,4,1,3,8,4,5,6,9,5,11,19,20,21,33,44,74,67,93,154,189,273,496,716,1037,1632,2190,2982,4160,6179,8869,9034,9680,9679,9081,8057,6825,5336,3811,2625,1714,1120,700,434,270,187,136,79,61,46,27,19,15,4,8,8,8,3,7,0,7,5,5,7
Datasets/wang/Images/train/class5/561.jpg,3,5,2,4,6,7,15,13,12,20,11,19,33,34,44,67,76,103,162,221,310,404,700,1465,2570,3236,5009,8677,13263,14815,18068,21918,5473,520,307,173,131,97,92,60,38,38,16,20,12,1,2,1,2,2,2,2,1,3,2,3,4,1,4,0,0,2,0,3
Datasets/wang/Images/train/class5/500.jpg,5,6,4,3,7,11,5,3,4,5,5,13,17,24,15,26,28,30,43,67,85,116,139,159,199,285,370,585,854,1115,1763,2934,5480,6512,7713,9930,12669,13684,21143,4738,2754,1641,980,568,382,260,172,167,126,100,85,80,49,29,21,26,14,16,14,5,1,6,5,9
Datasets/wang/Images/train/class5/557.jpg,6,6,5,4,3,3,1,8,6,9,14,5,9,9,19,41,52,67,72,80,117,143,177,247,360,496,650,1018,1558,1948,2660,3932,5770,8311,13256,14260,10492,8764,8049,5729,3475,2040,1447,875,601,424,314,218,161,117,59,54,40,19,17,19,28,8,9,0,4,3,6,10
Datasets/wang/Images/train/class5/563.jpg,3,4,9,13,13,16,14,39,43,73,110,154,186,268,353,438,647,781,1048,1288,1591,2032,2421,3039,3704,4696,5159,5562,6447,6919,6795,7110,6468,5604,4482,3983,3343,2772,2271,1867,1473,1201,940,689,558,429,306,214,178,134,110,81,73,53,32,23,12,11,4,7,3,3,2,3
Datasets/wang/Images/train/class5/542.jpg,3,2,1,8,22,31,34,58,55,69,115,125,161,208,270,329,442,486,620,752,891,1086,1312,1734,2232,3169,3562,4119,4922,5967,7049,7580,7284,6294,5776,5355,5937,5756,3313,2462,1923,1470,1204,1013,723,570,463,388,251,169,159,112,76,80,23,30,19,19,8,6,2,1,2,2
Datasets/wang/Images/train/class5/536.jpg,3,1,1,3,4,5,2,0,6,0,3,4,7,5,10,13,14,24,26,32,61,51,86,96,124,170,220,354,532,1025,1732,3164,4944,8043,13235,18562,20277,13855,5023,2727,1450,854,535,289,215,144,106,65,48,33,26,11,14,16,22,6,5,3,3,6,3,2,0,4
Datasets/wang/Images/train/class5/529.jpg,4,5,4,5,4,4,5,14,14,13,17,21,14,23,31,26,43,45,44,57,81,162,256,331,508,710,1028,1673,2251,3332,4732,6286,7924,9608,13314,17668,13304,6057,3545,1928,1105,679,464,294,162,142,86,74,49,39,19,20,14,17,14,8,3,7,5,3,0,4,2,3
Datasets/wang/Images/train/class5/531.jpg,5,2,4,6,11,7,13,6,14,15,15,19,15,27,26,50,34,45,46,67,78,106,164,211,317,469,707,1149,1925,3013,4873,7149,9739,11836,12442,11567,9705,7363,5274,3523,2270,1450,882,517,308,212,157,94,82,69,43,45,45,21,19,13,10,10,6,4,4,2,1,3
Datasets/wang/Images/train/class5/524.jpg,5,5,4,5,4,3,8,2,5,3,5,2,13,5,3,12,4,4,33,23,43,46,72,109,147,177,222,344,633,964,1711,3295,9186,8757,10552,12248,11615,10462,17525,4328,2196,1248,744,456,317,218,159,108,63,50,35,40,23,11,5,6,6,6,8,3,2,3,4,9
Datasets/wang/Images/train/class5/548.jpg,3,3,4,2,2,2,5,3,2,4,8,18,13,15,27,27,33,39,37,48,71,105,136,161,252,390,628,2031,4631,7139,14329,23931,23449,18640,994,416,171,136,104,83,55,46,21,21,12,9,5,1,5,2,4,1,3,2,3,4,3,1,3,1,3,3,1,3
Datasets/wang/Images/train/class5/578.jpg,8,2,1,1,5,6,7,6,4,3,4,1,2,4,1,2,3,4,8,11,13,12,20,14,23,41,78,108,151,249,376,587,900,1381,2637,5461,7735,9948,12826,18561,24743,5389,2647,1646,990,593,369,243,140,74,63,50,17,25,15,14,10,16,7,5,9,8,13,14
Datasets/wang/Images/train/class5/504.jpg,2,2,0,2,3,3,3,1,3,2,1,2,1,6,6,8,8,7,9,6,15,27,28,32,36,43,46,57,53,85,175,292,488,750,1200,1804,2844,4527,9110,23932,16558,12582,13618,4810,2270,1169,673,330,173,131,92,54,52,44,23,21,15,14,15,13,8,8,7,5
Datasets/wang/Images/train/class5/564.jpg,3,1,3,2,4,8,3,11,5,6,20,15,33,36,35,42,39,53,38,48,74,49,106,124,193,280,391,482,746,1053,1568,2405,3688,5497,7443,8572,9201,11598,23416,9953,4620,2336,1276,771,488,429,312,238,146,121,69,61,53,43,25,17,13,11,9,6,7,3,3,3
Datasets/wang/Images/train/class4/455.jpg,6,3,2,11,11,31,18,24,37,48,58,69,90,108,96,148,182,227,278,347,414,559,706,938,1393,1949,2553,3315,3613,3768,3877,4064,14213,46667,2319,1492,1091,813,545,357,324,233,202,159,132,106,93,82,81,68,67,60,54,29,34,32,29,33,8,11,15,5,3,4
Datasets/wang/Images/train/class4/469.jpg,3,3,2,2,4,3,1,4,11,9,9,10,12,11,20,24,25,33,29,35,43,65,79,108,121,145,224,223,298,396,558,747,1033,1244,1854,2246,2549,81642,1589,707,500,339,223,203,155,128,101,96,86,58,60,51,30,33,23,22,15,16,11,12,3,7,3,8
Datasets/wang/Images/train/class4/446.jpg,8,3,3,3,6,3,6,6,19,18,20,19,31,25,30,27,52,56,36,36,63,80,86,112,193,219,362,605,982,1514,2160,2477,2876,3509,17800,60172,1535,963,566,400,254,168,141,111,104,72,63,39,41,42,43,26,32,16,20,8,1,8,7,5,6,6,6,4
Datasets/wang/Images/train/class4/428.jpg,3,0,4,1,2,5,2,3,7,8,13,15,22,28,39,55,58,64,71,75,130,151,160,188,233,281,389,480,685,879,1198,1605,2026,2684,3539,4717,8120,35488,29334,1367,857,629,489,413,331,263,241,191,144,117,109,86,79,60,46,30,22,22,17,9,4,6,6,4
Datasets/wang/Images/train/class4/429.jpg,9,6,8,2,6,9,22,25,26,27,48,42,45,65,68,65,90,121,159,259,327,429,633,889,1168,1516,1861,1948,2172,2276,2734,21794,54574,1384,869,630,534,329,229,175,125,98,74,65,57,60,42,43,28,19,22,14,8,15,22,11,7,7,2,2,1,3,3,3
Datasets/wang/Images/train/class4/461.jpg,7,4,2,12,6,7,14,10,18,15,17,16,21,30,34,40,42,37,42,58,64,86,104,130,197,262,438,863,1371,2166,2710,3393,4487,12339,63040,3625,704,412,260,193,161,142,87,88,96,72,64,48,67,35,34,27,11,19,13,17,11,8,4,6,5,4,4,5
Datasets/wang/Images/train/class4/470.jpg,6,4,8,12,24,22,19,27,21,43,59,53,62,84,108,127,171,232,238,344,361,485,580,768,1048,1507,2005,2717,3198,3795,4371,15431,54132,1499,1104,766,583,414,332,247,238,180,149,145,119,108,71,51,46,32,25,32,31,17,15,6,11,4,2,2,3,3,4,3
Datasets/wang/Images/train/class4/413.jpg,10,9,3,4,5,4,3,9,13,8,11,14,14,19,27,35,30,50,50,71,55,71,74,84,102,142,181,205,248,273,361,464,577,734,975,1295,1670,2377,5480,75522,1791,1239,874,652,528,401,288,230,186,159,135,109,105,72,59,60,33,26,17,22,20,9,5,5
Datasets/wang/Images/train/class4/456.jpg,8,5,2,5,8,6,4,5,9,4,11,11,5,11,12,16,11,12,8,11,25,26,38,45,75,103,103,160,182,239,329,460,612,985,1384,1822,3184,4662,21658,58301,1186,722,507,334,227,160,122,92,79,59,43,34,19,25,22,22,12,17,10,13,17,7,8,10
Datasets/wang/Images/train/class4/471.jpg,3,2,1,2,6,7,7,5,13,14,17,20,32,38,61,69,91,101,142,190,233,267,327,425,518,605,843,1043,1274,1467,1698,1972,2387,2912,9353,61512,5869,1105,781,574,475,372,287,211,173,141,121,111,89,63,64,50,56,28,20,10,10,12,7,7,3,2,3,3
Datasets/wang/Images/train/class4/431.jpg,4,4,2,9,3,6,4,13,10,18,28,24,32,31,53,55,61,61,62,62,73,80,99,134,161,214,262,329,422,680,1019,1290,1716,2326,3238,60039,21998,961,646,440,332,211,172,157,118,101,61,59,45,50,40,38,43,44,32,32,20,17,23,15,9,6,4,6
Datasets/wang/Images/train/class4/479.jpg,5,3,4,1,18,22,25,35,39,54,88,75,89,118,157,147,182,207,257,248,306,390,475,562,652,800,1028,1383,1613,2327,2921,9082,60776,8968,1140,845,563,522,330,299,248,246,165,141,127,107,93,82,58,50,44,27,23,22,18,19,23,14,8,9,4,4,9,7
Datasets/wang/Images/train/class4/447.jpg,2,3,4,9,12,8,12,12,15,13,42,21,23,33,27,36,45,62,83,85,110,115,164,185,282,284,375,452,530,713,1059,1714,2463,3387,4955,7135,64455,4102,1463,976,596,413,319,306,243,181,153,111,111,75,81,67,38,32,27,13,17,13,17,15,2,2,3,3
Datasets/wang/Images/train/class4/448.jpg,8,3,3,13,15,5,10,9,9,18,22,25,38,41,46,61,80,94,115,120,159,191,215,311,422,503,603,737,879,1061,1374,1667,2168,2955,3341,4428,19506,51486,1298,1002,769,564,450,315,235,196,127,116,78,75,86,60,46,26,31,20,19,13,11,6,5,5,5,5
Datasets/wang/Images/train/class4/432.jpg,3,4,3,1,1,4,4,7,3,8,11,10,14,10,12,8,29,28,22,30,37,22,43,74,117,126,174,222,334,425,679,932,1438,1740,2229,3435,4973,13243,62638,1845,917,624,490,320,234,188,130,106,73,63,36,36,24,21,16,17,17,14,9,7,9,5,4,6
Datasets/wang/Images/train/class4/466.jpg,4,9,12,9,6,18,27,28,31,35,26,44,50,68,77,97,130,136,207,239,250,286,365,457,578,753,970,1052,1425,1672,2336,3438,22939,54421,1408,993,754,578,482,386,302,222,203,147,127,102,92,70,43,40,39,27,20,18,17,2,6,4,4,5,7,5,2,4
Datasets/wang/Images/train/class4/458.jpg,4,4,3,4,2,3,5,2,3,10,12,15,11,28,30,22,28,30,44,51,69,58,76,85,126,157,192,265,346,413,513,748,982,1317,1737,2169,2773,4021,22013,50268,2495,1679,1227,995,703,572,409,294,260,230,191,152,112,99,66,53,44,28,22,12,7,5,5,5
Datasets/wang/Images/train/class4/459.jpg,8,3,4,6,13,8,12,9,14,15,26,37,53,52,88,131,115,173,224,244,312,387,508,621,781,1073,1346,1757,2161,2606,4828,24982,50254,1512,1008,741,456,384,307,225,167,136,86,87,59,53,37,44,34,20,17,5,7,7,9,7,5,9,3,4,3,11,2,8
Datasets/wang/Images/train/class4/451.jpg,5,4,3,5,5,2,4,4,6,6,12,17,10,23,28,34,36,32,27,24,29,36,40,45,71,86,107,159,201,258,325,587,934,1301,1590,1852,2202,2757,7037,72317,2136,1201,816,558,341,201,128,121,96,91,82,58,49,45,22,15,27,22,18,13,13,13,7,10
Datasets/wang/Images/train/class4/452.jpg,7,5,8,8,11,13,6,15,11,22,23,26,13,20,27,28,36,36,34,46,78,76,104,168,252,390,599,1145,1579,2139,2671,3709,5066,17511,57465,1699,957,602,385,243,196,145,136,111,78,50,50,48,35,25,26,37,23,34,11,10,10,14,8,12,3,1,2,6
Datasets/wang/Images/train/class4/424.jpg,5,8,6,6,8,19,25,38,37,51,61,61,55,55,79,103,107,143,175,254,321,412,507,751,914,1287,1577,2033,2474,2971,4220,6138,12891,54721,1784,941,644,489,353,261,182,163,121,104,105,105,85,70,68,50,37,32,30,40,26,32,24,17,10,10,2,2,0,4
Datasets/wang/Images/train/class4/467.jpg,8,5,9,6,13,14,19,20,22,27,23,21,33,36,34,48,75,69,64,95,134,135,162,209,254,370,516,764,1199,2091,3959,6277,16907,60793,1166,663,435,296,277,198,158,139,108,87,78,51,49,41,19,22,17,20,19,8,11,7,6,4,2,1,3,2,3,3
Datasets/wang/Images/train/class4/411.jpg,2,4,1,2,2,3,6,8,6,12,17,14,30,22,32,23,35,68,78,109,164,231,282,362,484,623,788,1016,1411,1692,1915,2122,2502,4078,23555,51195,1658,936,666,573,400,278,173,140,116,115,87,76,49,36,22,17,19,15,4,6,2,7,1,3,1,2,2,6
Datasets/wang/Images/train/class4/444.jpg,2,3,3,11,13,18,16,30,19,31,23,44,50,66,79,86,109,112,124,150,145,221,260,350,452,527,797,971,1188,1256,1479,1683,2047,4573,18956,55610,1999,1235,846,573,402,303,225,205,118,106,116,110,66,58,55,55,49,50,37,35,29,29,19,25,18,18,13,6
Datasets/wang/Images/train/class4/416.jpg,3,5,4,3,11,7,3,6,5,11,10,17,19,18,23,24,21,29,34,42,69,74,98,102,117,165,169,208,289,362,481,597,814,1097,1492,2287,2827,5292,75205,1806,1161,902,563,420,339,249,196,122,97,68,68,42,42,39,32,21,21,12,15,10,13,10,10,6
Datasets/wang/Images/train/class4/409.jpg,6,3,5,7,5,2,7,5,11,12,15,29,33,31,51,42,47,58,73,80,110,131,164,175,230,316,377,575,885,1424,2131,2739,3392,4031,10628,64990,1619,988,643,458,336,257,205,141,106,113,101,87,98,64,58,46,34,21,14,18,9,11,9,16,11,8,6,7
Datasets/wang/Images/train/class4/472.jpg,5,2,2,5,5,3,5,2,5,3,3,8,16,18,13,17,18,27,27,32,29,36,43,57,78,97,125,195,236,273,400,563,690,1024,1337,1840,2759,4341,31558,48377,1335,823,414,286,239,181,145,123,86,67,48,43,37,41,28,23,27,21,12,17,6,13,8,7
Datasets/wang/Images/train/class4/445.jpg,8,8,6,14,14,16,18,16,21,25,29,33,41,68,92,90,95,102,121,137,183,277,388,503,712,878,1182,1495,1911,2343,2878,3468,4032,4297,12596,54482,1638,994,718,514,397,279,218,154,114,95,81,95,67,55,44,55,43,37,20,21,17,11,10,10,8,9,13,8
Datasets/wang/Images/train/class4/453.jpg,3,0,5,9,4,13,7,8,12,18,8,13,20,24,22,36,42,39,44,64,57,60,54,104,88,144,208,220,253,321,494,747,876,1204,1661,2868,4570,13578,65700,1216,733,534,401,303,267,212,181,145,101,85,89,64,86,63,40,47,28,25,24,18,22,9,10,3
Datasets/wang/Images/train/class4/434.jpg,8,5,2,3,1,23,18,23,24,31,43,53,54,54,58,73,78,80,94,104,122,130,142,158,187,214,278,329,412,560,697,944,1197,1607,2164,2867,68733,11659,1134,828,616,476,340,235,222,169,124,112,114,104,93,61,54,67,66,47,35,44,29,35,22,24,16,8
Datasets/wang/Images/train/class4/439.jpg,7,4,3,3,2,3,1,10,10,22,20,16,14,21,26,34,44,38,71,90,99,95,131,150,200,252,266,325,431,588,710,924,1523,2709,7143,76117,2011,1152,655,557,405,327,267,201,143,122,109,67,62,46,12,8,6,8,7,8,4,4,1,4,3,4,4,5
Datasets/wang/Images/train/class4/476.jpg,5,3,3,7,9,11,17,17,15,15,18,26,18,29,25,30,31,42,51,52,52,66,50,66,86,139,187,209,246,302,479,1104,2382,3701,5203,13892,64992,1645,753,508,385,272,198,168,139,119,90,51,54,37,44,39,31,25,32,16,18,25,29,12,11,10,7,6
Datasets/wang/Images/train/class4/407.jpg,4,4,3,2,3,2,5,2,4,4,9,8,12,6,8,7,6,20,18,25,42,59,64,97,111,115,164,159,190,248,269,389,482,624,836,1268,2480,5182,78411,2630,1418,811,416,364,252,216,173,142,122,95,80,50,33,31,31,30,12,13,9,7,11,3,9,4
Datasets/wang/Images/train/class4/441.jpg,4,7,9,15,21,29,26,38,36,52,56,65,59,83,105,93,106,149,163,184,233,268,357,450,590,851,1209,1591,2127,2997,3899,8455,66481,3114,1061,711,461,379,256,190,164,139,118,118,113,108,112,84,78,65,38,38,42,27,27,21,10,2,2,2,2,3,3,8
Datasets/wang/Images/train/class4/423.jpg,3,0,2,3,4,4,2,1,5,4,11,13,16,25,38,40,46,53,53,55,77,100,103,108,121,155,178,203,205,230,263,303,354,500,701,1083,1513,2272,4474,79790,1324,776,533,445,378,292,230,213,185,159,120,70,101,72,60,53,51,51,34,14,10,15,4,3
Datasets/wang/Images/train/class4/415.jpg,3,4,3,5,5,19,12,14,23,30,34,38,30,43,38,51,64,66,56,95,93,103,144,250,283,300,392,396,557,843,1250,1735,2115,2606,3449,61266,17211,1143,820,582,341,241,197,197,199,168,149,116,90,68,59,44,45,39,46,34,16,30,13,9,8,4,7,13
Datasets/wang/Images/train/class4/438.jpg,3,1,4,2,1,1,6,1,3,2,3,0,3,4,5,6,1,6,3,8,9,22,38,52,64,73,77,88,138,162,225,298,427,745,1244,1874,2789,3545,5082,69208,8335,1234,709,460,347,219,144,122,105,85,72,52,40,41,36,19,14,8,10,8,6,8,4,3
Datasets/wang/Images/train/class4/419.jpg,6,4,7,4,6,6,16,19,30,34,35,32,36,42,44,83,117,137,153,187,234,276,354,373,494,535,774,940,1210,1573,1974,2555,3499,5210,15078,56284,1557,1062,771,601,402,325,231,180,132,111,67,56,59,39,41,43,48,36,46,30,24,18,14,19,12,6,7,6
Datasets/wang/Images/train/class4/457.jpg,3,0,2,0,5,3,8,7,3,6,5,3,6,9,8,10,10,11,13,14,26,36,72,80,104,126,175,213,346,516,646,940,1245,2006,3091,4274,5876,28257,44993,1614,962,649,467,342,249,216,149,146,95,52,55,40,26,16,22,7,9,13,12,2,3,5,1,4
Datasets/wang/Images/train/class4/437.jpg,5,1,8,6,10,6,18,10,16,22,22,26,42,35,44,44,61,92,88,93,99,102,153,196,234,304,356,414,492,688,971,1172,1547,2156,2859,7370,23867,49860,1284,840,612,437,374,285,236,143,101,92,51,53,53,37,43,32,22,14,20,21,20,13,15,11,2,4
Datasets/wang/Images/train/class4/401.jpg,5,1,4,5,3,4,2,3,7,5,7,12,10,14,15,31,33,25,32,26,47,53,61,90,123,128,178,229,305,423,625,861,1402,1871,2333,2687,3594,14733,61518,2110,1253,839,579,436,320,273,204,134,114,102,82,70,59,49,37,28,19,21,20,12,12,14,7,5
Datasets/wang/Images/train/class4/422.jpg,24,7,12,15,17,20,18,26,26,29,15,25,28,29,31,27,33,48,67,110,156,189,293,457,639,819,1274,1917,2884,3718,4472,4913,5300,8059,55948,2279,1247,741,543,359,278,186,162,95,98,70,72,64,59,49,42,44,35,34,37,20,17,18,20,16,25,20,15,14
Datasets/wang/Images/train/class4/440.jpg,17,11,12,24,25,35,32,32,40,43,44,59,83,94,113,118,152,175,222,266,319,412,508,601,733,934,1121,1282,1478,1779,2047,2674,3178,3961,4033,11076,54250,1452,1021,771,543,487,319,283,199,198,155,148,124,123,108,89,73,41,46,31,31,21,21,15,9,5,3,5
Datasets/wang/Images/train/class4/462.jpg,3,2,6,0,3,3,2,4,4,4,3,4,7,9,18,28,40,56,57,67,111,140,181,204,240,329,396,495,615,881,1083,1226,1595,1887,2423,17040,18824,46331,1030,668,522,433,307,283,191,123,84,81,59,47,33,31,28,17,13,4,3,5,4,7,2,4,1,3
Datasets/wang/Images/train/class4/410.jpg,6,4,2,3,2,6,15,8,12,22,12,19,24,23,37,44,46,48,75,99,120,176,245,373,482,714,1321,2291,3127,3308,3118,3596,4400,12278,57234,1605,919,574,423,301,230,144,125,113,88,87,79,63,42,32,31,25,20,11,14,13,20,13,10,5,6,6,7,8
Datasets/wang/Images/train/class4/426.jpg,8,2,3,8,8,3,12,4,4,6,6,7,13,12,36,46,70,79,81,143,210,243,284,312,433,554,659,940,1244,1949,2967,3951,4172,4289,4184,4222,58934,2322,1487,1043,735,550,421,348,237,197,155,151,116,85,63,60,42,31,28,26,27,16,19,8,9,13,6,11
Datasets/wang/Images/train/class4/475.jpg,5,4,16,15,16,17,28,37,45,45,47,59,67,65,76,96,127,136,169,179,209,257,313,406,548,699,1108,1592,2356,2941,2957,2787,2650,2805,3210,21682,44868,1076,809,646,468,429,359,311,239,173,134,127,112,119,77,85,81,62,72,57,56,48,40,37,20,13,9,8
Datasets/wang/Images/train/class4/443.jpg,3,4,2,3,1,8,12,16,15,15,16,38,28,34,28,34,41,49,40,39,71,71,80,96,133,153,188,245,333,370,629,1000,2242,3185,3768,4396,11142,64460,2090,917,512,297,215,155,139,140,111,85,89,86,76,75,71,48,33,41,33,24,26,15,16,9,7,6
Datasets/wang/Images/train/class4/436.jpg,6,6,3,4,1,4,2,4,3,4,5,12,7,7,3,6,5,4,9,14,14,14,18,30,27,24,40,70,76,95,120,192,312,523,856,1346,2209,2992,5952,14399,64231,1674,854,575,387,284,231,161,100,82,52,49,34,27,21,18,13,8,26,19,10,13,6,11
Datasets/wang/Images/train/class4/420.jpg,4,3,3,2,3,0,3,7,3,5,3,5,1,8,8,17,18,25,34,39,50,49,72,68,112,132,182,233,285,412,575,1054,1740,2794,4618,7751,74067,1492,754,530,340,225,127,71,67,57,52,39,18,27,24,26,23,10,5,3,2,3,3,5,5,5,2,4
Datasets/wang/Images/train/class4/418.jpg,3,1,4,7,9,5,9,14,14,20,19,22,17,29,39,54,63,66,86,130,152,190,272,272,395,583,688,781,1064,1303,1515,2248,3122,3790,4128,11997,61127,1320,753,442,319,215,183,135,120,111,91,72,71,38,37,30,22,20,12,12,10,7,14,11,5,6,4,6
Datasets/wang/Images/train/class4/433.jpg,5,6,5,5,6,3,8,10,17,12,13,15,30,33,28,29,38,78,119,126,148,157,232,286,346,430,601,788,1166,1691,2123,2707,8025,17307,57309,1278,857,594,433,301,253,162,95,74,60,60,36,41,31,29,13,14,8,9,8,9,13,6,1,2,2,2,4,7
Datasets/wang/Images/train/class4/463.jpg,2,2,0,3,2,4,1,3,4,0,4,2,3,8,11,18,16,21,27,34,25,31,40,27,49,58,73,90,123,130,134,182,236,366,516,727,1005,1573,2590,8596,76071,1989,980,626,388,266,213,180,164,128,98,98,87,48,69,32,25,28,23,15,15,10,11,4
Datasets/wang/Images/train/class4/425.jpg,7,7,4,6,10,23,31,39,28,31,37,44,44,39,38,61,83,115,102,132,141,167,178,259,463,698,913,1323,1607,1976,2332,3162,15701,62828,1888,869,588,432,370,288,275,216,169,144,90,69,69,23,39,23,22,19,6,12,17,16,6,0,3,2,1,5,9,5
Datasets/wang/Images/train/class4/405.jpg,4,2,6,7,6,9,7,13,9,16,23,30,43,41,42,49,63,93,112,132,172,197,271,276,294,343,391,545,554,762,753,939,1091,1340,1650,1923,2297,2796,3295,31258,39599,1498,1097,936,650,598,407,335,301,259,146,140,90,85,68,51,44,43,25,27,21,15,10,5
Datasets/wang/Images/train/class4/417.jpg,5,6,4,14,24,30,22,22,18,22,29,27,43,60,80,80,92,96,131,145,160,193,248,275,372,569,721,1153,1435,1945,2596,2820,3125,12816,63721,1502,913,611,377,263,259,159,161,131,127,90,79,77,77,53,56,59,46,57,38,21,10,7,10,6,9,4,0,3
Datasets/wang/Images/train/class4/421.jpg,2,5,5,6,11,12,13,15,22,13,33,26,20,31,33,50,53,65,75,86,101,143,165,190,234,299,414,457,579,711,850,993,1323,1540,1826,3154,22531,56585,1396,952,591,525,442,352,233,197,157,125,110,81,75,64,50,40,53,29,31,26,24,24,14,14,19,9
Datasets/wang/Images/train/class4/402.jpg,5,6,4,4,6,5,9,13,6,13,10,24,39,47,92,127,152,265,323,460,621,796,957,1128,1405,1844,2445,10068,21191,50604,2013,1149,744,464,325,225,151,116,91,74,65,41,34,24,19,16,13,11,4,5,3,5,5,4,1,6,2,6,4,2,3,3,3,4
Datasets/wang/Images/train/class4/435.jpg,3,5,1,3,1,3,2,8,17,15,15,21,21,31,41,38,61,70,92,128,130,154,197,216,259,293,359,413,512,648,748,931,1319,1768,2354,4268,73917,3208,1470,941,715,608,421,350,264,228,212,189,142,117,102,57,49,36,19,30,22,19,11,7,15,6,1,3
Datasets/wang/Images/train/class4/464.jpg,22,36,36,28,40,26,42,37,41,32,33,35,41,49,51,56,66,56,78,60,98,101,102,124,166,208,269,295,452,576,1179,1658,2064,2852,4701,10816,65583,1596,1127,736,504,371,297,215,167,137,112,99,89,92,73,64,48,32,54,39,34,37,33,45,58,43,30,63
Datasets/wang/Images/train/class4/412.jpg,2,2,2,3,1,5,2,5,8,3,12,4,6,15,7,13,13,24,16,21,22,26,29,33,44,48,71,64,100,151,243,324,475,1015,1677,2495,3299,4562,5700,43404,30751,1328,689,360,253,191,155,102,113,84,56,51,32,35,34,26,30,18,17,5,9,8,7,4
Datasets/wang/Images/train/class4/400.jpg,7,4,7,14,19,9,11,18,16,29,41,61,59,78,98,132,162,212,234,260,346,352,417,500,636,659,831,1007,1362,1521,1969,2389,2793,20598,55732,1295,883,720,541,434,336,285,234,198,182,136,86,71,73,61,38,26,32,20,16,17,8,13,2,3,2,2,3,4
Datasets/wang/Images/train/class4/465.jpg,4,2,1,1,3,3,6,8,4,2,4,2,6,7,5,8,11,14,17,18,19,17,28,22,25,41,50,78,77,91,116,161,231,363,601,910,1623,2342,3841,6601,72227,4671,1326,693,467,370,255,145,143,140,100,86,67,54,46,38,37,18,11,8,6,10,13,10
Datasets/wang/Images/train/class4/408.jpg,7,2,3,1,3,0,1,3,0,1,9,8,5,7,18,27,26,32,50,45,37,55,81,149,141,207,171,217,298,356,579,871,1412,2683,4148,5419,6382,6775,17145,43860,2626,1237,646,456,359,248,197,162,157,143,135,121,101,100,93,66,41,37,46,26,26,27,9,11
Datasets/wang/Images/train/class4/427.jpg,3,0,2,1,6,5,5,4,9,6,6,2,9,16,17,17,20,15,28,25,48,43,42,69,99,121,176,225,290,389,465,699,1016,1301,1794,2937,4433,72878,6158,1525,875,623,443,346,253,212,160,129,92,68,50,38,19,18,9,10,12,7,4,11,7,9,2,3
Datasets/wang/Images/train/class4/473.jpg,11,18,19,26,27,36,42,37,50,52,65,69,84,92,105,124,119,143,139,170,156,235,285,318,399,454,737,1114,1537,1991,2295,2528,3513,6801,67656,1671,923,751,578,465,392,307,250,225,176,132,138,119,110,90,87,73,95,72,57,38,22,26,29,17,6,1,2,5
Datasets/wang/Images/train/class4/404.jpg,3,3,5,2,2,3,7,5,8,5,7,10,22,8,19,21,30,40,37,41,41,43,57,71,100,191,290,389,584,697,1040,1501,1914,2357,3269,4693,5602,69207,2018,1184,708,465,344,264,203,190,121,111,72,62,50,40,35,22,12,14,9,12,10,9,7,6,4,8
Datasets/wang/Images/train/class4/477.jpg,3,2,0,4,5,2,5,6,8,6,6,18,16,12,22,20,19,21,22,20,25,26,27,33,58,82,101,104,111,142,156,253,386,690,1095,1684,2604,4049,5334,74449,2920,1041,652,451,344,243,213,143,114,103,90,71,45,31,28,23,23,25,27,28,18,16,19,10
Datasets/wang/Images/train/class4/460.jpg,2,2,0,2,3,4,8,9,14,15,13,20,17,15,14,19,12,21,24,28,31,39,43,45,56,82,96,94,124,165,221,252,342,436,577,768,988,1389,2254,4051,5311,74607,1787,1001,665,442,413,356,327,263,198,140,87,74,65,47,39,52,42,38,23,20,8,4
Datasets/wang/Images/train/class4/454.jpg,3,0,2,3,17,12,11,6,9,16,16,15,18,9,16,23,46,58,48,61,45,59,74,96,111,125,124,138,193,315,490,806,1337,1862,2391,2692,4026,22942,55704,1275,789,534,371,287,168,146,139,101,108,74,67,48,27,37,25,34,37,26,19,16,15,26,13,3
Datasets/wang/Images/train/class4/468.jpg,6,2,2,1,3,2,4,6,3,2,4,5,4,7,5,24,21,21,25,43,42,67,84,75,107,145,150,205,278,454,783,995,1206,1607,2152,2984,4131,10849,65743,1990,1354,809,533,360,239,177,143,80,90,44,33,37,23,25,20,30,28,8,13,6,3,2,4,6
Datasets/wang/Images/train/class4/430.jpg,4,2,2,2,7,11,3,4,3,5,4,4,7,4,8,5,4,10,10,10,5,21,24,25,56,54,62,86,111,162,130,206,287,388,551,904,1300,2128,3278,5638,19274,58509,1581,965,620,426,321,202,164,133,119,110,88,57,39,37,29,17,19,19,14,15,8,13
Datasets/wang/Images/train/class4/442.jpg,3,3,2,2,4,2,3,9,14,16,17,16,17,24,21,38,33,38,76,77,95,117,128,161,222,308,476,675,1018,1315,1682,1961,2650,3340,4127,13753,60664,1610,1029,663,436,321,240,170,136,87,73,71,49,61,53,40,29,17,17,16,13,12,8,13,8,13,5,7
Datasets/wang/Images/train/class4/403.jpg,3,2,5,3,3,2,5,3,4,3,10,6,5,2,7,10,21,14,20,22,33,41,36,43,77,104,134,133,195,283,302,463,659,1004,1352,2073,3778,5220,75740,3346,1007,670,432,310,207,134,78,53,46,39,25,25,17,17,13,12,13,7,14,3,5,3,4,4
Datasets/wang/Images/train/class4/474.jpg,6,4,2,3,4,5,1,13,15,8,9,14,9,15,20,23,18,15,30,38,25,34,36,25,37,57,49,69,101,131,240,405,522,770,1002,1411,1815,2498,4821,75878,4216,1108,731,455,353,227,207,180,139,89,84,57,59,35,40,27,33,14,18,14,12,6,8,14
Datasets/wang/Images/train/class4/449.jpg,5,3,5,9,6,10,6,10,15,30,36,42,36,29,51,43,69,73,90,113,152,189,239,311,363,574,875,1363,2041,2827,3540,3771,3784,4050,4469,13116,50178,1618,1001,686,526,378,273,193,177,134,105,108,105,72,71,45,60,42,44,26,28,19,19,7,11,13,9,11
Datasets/wang/Images/train/class4/450.jpg,5,0,4,1,2,1,6,4,4,4,2,3,4,6,12,13,10,13,18,17,27,42,46,89,115,199,284,327,349,427,553,779,1098,1551,2064,2457,3341,13372,65948,1416,978,664,531,322,305,245,212,128,91,57,32,32,24,18,13,10,4,6,5,3,3,3,3,2
Datasets/wang/Images/train/class4/406.jpg,4,2,1,10,11,8,9,12,13,16,13,22,23,33,33,35,52,95,98,128,173,215,309,373,414,488,628,688,962,1095,1324,1624,2393,3632,4545,71315,2533,1323,931,745,516,319,262,174,145,127,85,80,56,43,48,31,16,19,7,9,14,5,5,3,0,3,2,7
Datasets/wang/Images/train/class4/478.jpg,5,2,2,4,2,1,4,7,4,8,7,17,20,31,52,55,62,57,71,84,94,104,124,167,191,225,295,370,470,654,828,1102,1472,2119,3733,8206,26287,46513,1478,974,645,422,293,220,179,130,114,85,63,59,36,27,22,29,21,14,9,9,9,3,1,3,4,6
Datasets/wang/Images/train/class4/414.jpg,3,5,5,6,13,5,18,14,24,28,33,49,50,50,71,77,75,109,160,192,257,429,547,762,1113,1333,1655,1789,2052,2580,3783,4195,6956,63930,2073,942,679,539,377,283,193,147,114,104,68,55,42,31,28,32,27,35,28,24,20,29,22,7,6,5,5,6,6,9
Datasets/wang/Images/train/class6/656.jpg,11,11,9,9,17,8,12,18,14,21,19,35,34,51,55,81,80,74,110,98,148,156,193,274,311,417,954,37514,23564,6052,3326,2285,2523,3391,3583,4567,3473,1722,902,521,387,292,216,140,99,98,70,62,58,46,31,17,24,20,19,9,17,21,16,3,2,2,4,8
Datasets/wang/Images/train/class6/601.jpg,9,2,4,3,5,13,21,23,18,17,24,42,55,72,88,98,135,173,245,374,674,1050,1990,5042,13729,23978,21804,16438,5907,2797,1284,684,367,230,187,144,114,77,66,55,38,32,37,29,14,16,13,9,11,15,3,7,7,6,3,4,4,4,2,1,5,1,2,3
Datasets/wang/Images/train/class6/640.jpg,6,5,16,24,21,31,28,23,35,26,36,44,54,86,101,137,151,196,248,324,372,535,766,1279,2034,4267,11634,46897,9592,5613,3897,2698,1797,1222,854,688,527,391,283,252,199,159,126,82,73,57,72,49,50,34,19,22,22,14,17,19,21,13,19,18,12,10,4,3
Datasets/wang/Images/train/class6/644.jpg,5,2,2,7,10,15,7,10,13,18,17,32,37,47,62,64,56,76,75,99,101,134,134,177,217,271,367,789,4252,38712,9470,4462,5007,5712,7919,10971,4168,1984,1049,525,270,177,108,102,94,93,80,56,51,40,41,23,18,17,12,5,6,8,4,11,5,2,2,4
Datasets/wang/Images/train/class6/658.jpg,9,19,13,13,18,13,23,12,21,26,23,32,30,37,48,42,56,55,73,80,90,111,134,219,281,454,793,2720,49760,6822,4119,5036,4590,7094,8275,3574,1200,586,381,309,207,151,102,71,77,53,48,51,28,39,34,35,29,24,16,25,21,19,14,15,12,14,16,12
Datasets/wang/Images/train/class6/648.jpg,3,1,15,14,14,23,21,31,32,39,50,46,58,63,83,72,104,122,131,145,133,190,218,307,293,406,614,1336,39508,5571,4208,4196,4876,5659,6014,5540,5169,3849,2731,1717,1171,872,686,468,376,251,173,133,115,103,64,71,62,32,28,31,23,10,8,6,9,5,2,3
Datasets/wang/Images/train/class6/610.jpg,4,1,7,15,15,15,25,16,27,22,31,26,31,35,37,51,110,152,246,331,538,1055,1877,5079,20587,32104,14130,11066,5880,1852,1050,545,389,298,199,127,55,28,21,12,16,16,10,13,17,9,13,13,21,5,5,8,5,3,8,8,5,11,10,7,3,4,2,3
Datasets/wang/Images/train/class6/643.jpg,5,2,2,2,3,5,2,4,5,13,13,35,37,39,50,73,101,152,244,421,711,1796,8007,13800,20222,30458,11117,5501,2822,1023,485,338,222,147,118,80,71,41,39,24,10,8,6,2,2,4,6,2,1,2,4,3,3,0,4,1,2,1,4,2,1,3,1,2
Datasets/wang/Images/train/class6/649.jpg,7,6,14,13,7,21,23,30,35,38,31,39,52,73,77,103,121,143,171,189,215,246,364,476,602,965,3055,53745,7139,5303,5315,5492,4897,3575,1856,1071,642,524,385,245,186,150,113,84,73,67,57,44,42,38,31,19,19,11,10,11,7,12,5,4,6,4,2,4
Datasets/wang/Images/train/class6/670.jpg,3,3,4,8,13,11,18,27,27,31,34,49,44,47,41,62,79,79,83,117,149,152,179,239,325,357,461,637,842,1410,4648,26886,9075,8058,7276,9288,12768,7378,2361,1333,893,612,381,270,241,225,168,175,127,99,84,65,64,58,43,37,41,35,28,19,12,13,6,6
Datasets/wang/Images/train/class6/642.jpg,3,1,1,3,8,9,9,7,7,19,12,17,11,12,35,28,34,54,56,58,76,103,131,148,176,217,267,299,420,628,1181,17628,26829,7271,5196,5896,6973,7007,7853,4295,1748,1023,702,442,302,219,190,147,129,95,65,54,27,36,29,22,23,22,16,7,8,8,8,4
Datasets/wang/Images/train/class6/665.jpg,4,11,14,8,14,18,14,18,20,33,33,37,22,39,47,53,52,68,94,77,122,159,213,314,413,566,947,1207,2416,39108,19462,6654,4495,3196,2641,2655,2625,2294,1837,1454,1178,851,628,516,358,270,225,140,132,102,75,56,47,44,54,27,41,33,22,15,9,13,9,5
Datasets/wang/Images/train/class6/679.jpg,12,7,32,20,19,13,16,22,18,27,25,25,23,26,52,58,78,88,89,130,128,177,155,213,227,273,384,494,1714,15330,40894,9588,4240,4370,3997,6008,5341,1298,639,378,260,229,150,112,103,79,84,72,64,58,62,46,44,49,58,55,42,18,15,12,25,29,4,6
Datasets/wang/Images/train/class6/621.jpg,7,7,7,14,8,7,11,14,20,25,21,20,36,56,41,63,85,111,129,193,257,335,479,791,1739,6360,36246,17268,12458,6903,4998,3448,2167,1237,713,518,312,231,173,152,134,106,64,75,51,28,21,21,15,17,14,12,12,15,16,12,10,6,3,0,3,2,4,3
Datasets/wang/Images/train/class6/657.jpg,10,4,6,9,14,19,15,32,25,51,48,98,115,140,212,310,479,630,911,1507,3627,10204,14939,15553,16421,14238,7542,4131,2418,1360,846,625,448,293,234,187,135,124,74,49,36,21,18,26,21,10,10,5,4,4,6,6,4,5,5,8,5,6,5,3,2,7,1,3
Datasets/wang/Images/train/class6/664.jpg,6,3,6,2,2,2,12,27,22,16,17,25,39,64,53,79,118,153,188,193,253,317,380,441,563,871,1369,9937,51879,5521,5326,5950,5210,3539,1852,1091,736,459,368,226,193,157,123,120,90,70,37,46,30,16,18,18,16,9,13,8,8,1,3,1,4,3,2,3
Datasets/wang/Images/train/class6/632.jpg,2,2,0,1,3,1,5,6,13,7,14,18,9,16,24,28,34,43,44,53,72,69,72,99,94,161,193,287,557,771,1718,18124,28112,17128,5874,4348,4342,4639,4298,2575,1430,759,502,330,284,216,164,122,104,86,76,59,43,47,53,35,32,27,22,15,14,10,6,12
Datasets/wang/Images/train/class6/603.jpg,4,5,5,5,11,13,13,8,11,14,11,13,13,15,19,16,27,33,45,92,154,197,326,506,706,1008,1520,3278,32001,14658,14478,12538,6865,3700,1941,1044,662,531,469,287,238,170,162,113,66,61,48,24,18,16,11,15,11,9,18,12,16,7,5,5,14,8,11,4
Datasets/wang/Images/train/class6/674.jpg,3,3,4,4,2,7,7,10,11,14,12,21,15,18,13,45,48,65,100,148,162,198,205,234,410,709,1186,2596,13390,15780,19120,16528,10152,6105,3923,2589,1676,762,502,342,264,209,149,130,82,63,53,48,27,24,17,15,12,18,15,10,10,11,5,6,9,3,2,3
Datasets/wang/Images/train/class6/660.jpg,6,3,8,3,6,8,3,10,3,9,7,6,11,12,12,8,27,31,30,46,46,58,84,86,99,148,204,286,552,1178,55451,7443,4645,4808,5091,4872,4282,3254,1985,1392,636,400,269,178,128,111,83,52,48,25,30,17,14,20,11,10,8,8,5,10,8,6,7,7
Datasets/wang/Images/train/class6/631.jpg,4,1,4,2,6,4,5,6,7,10,11,22,24,32,50,64,59,101,125,144,187,252,286,368,373,455,658,1066,17874,28493,7363,4933,6083,7360,6924,7171,2983,1380,770,550,410,345,307,211,143,118,108,99,93,61,46,36,31,18,7,10,7,6,8,11,5,6,2,6
Datasets/wang/Images/train/class6/612.jpg,3,2,3,2,3,4,5,1,6,1,8,11,13,15,31,32,41,45,73,90,124,126,146,178,194,296,366,573,972,2740,46037,10328,5770,5431,5427,5397,5419,3821,1720,897,470,354,249,193,134,118,95,85,59,43,41,30,19,14,13,8,4,4,4,4,2,3,4,3
Datasets/wang/Images/train/class6/622.jpg,4,3,8,8,8,13,19,20,47,76,98,75,97,98,118,136,146,167,197,215,305,386,520,759,1117,1980,45733,10438,11665,9342,5142,2867,1933,1121,669,504,340,290,234,207,158,158,148,134,84,104,70,57,46,32,32,19,20,26,15,15,9,18,10,11,13,13,3,4
Datasets/wang/Images/train/class6/629.jpg,3,5,7,6,11,9,20,23,22,20,30,49,58,67,79,104,153,196,254,397,541,744,1043,1480,2677,22651,13015,10480,10597,9538,7699,5777,3558,1970,1312,901,678,538,357,282,248,146,123,92,77,49,38,24,32,26,27,15,12,5,7,6,11,2,3,4,1,0,2,3
Datasets/wang/Images/train/class6/607.jpg,2,5,7,4,6,2,6,9,11,9,10,17,12,20,10,43,37,39,51,60,78,74,151,137,167,278,329,448,833,7288,14647,7960,7686,7298,7495,6882,6767,5745,5996,5519,3621,2776,1979,1470,768,370,228,152,109,97,91,72,69,94,52,53,49,38,31,13,11,9,9,5
Datasets/wang/Images/train/class6/668.jpg,2,1,1,3,3,10,15,18,10,22,43,58,72,105,97,133,172,184,272,317,403,493,668,977,1431,3294,6143,11080,19303,21466,11021,6172,3870,2806,1798,1130,891,627,549,461,381,337,277,244,186,150,124,96,70,70,59,35,31,16,27,23,19,12,8,7,5,2,2,2
Datasets/wang/Images/train/class6/617.jpg,5,9,7,8,10,15,13,17,7,12,13,20,31,52,41,66,84,74,107,146,161,194,241,337,439,656,1545,44058,7415,6229,7291,11170,8648,4643,1719,817,509,393,253,173,120,80,69,70,36,38,32,32,37,26,26,15,18,12,10,9,20,8,2,2,3,6,2,3
Datasets/wang/Images/train/class6/636.jpg,4,6,4,6,3,8,8,13,13,8,19,18,23,19,21,31,34,56,66,72,94,103,154,225,303,397,825,1678,3771,23356,11528,8559,6714,5758,5388,5469,6350,7032,4945,2483,858,538,363,264,180,125,85,62,33,38,27,24,31,16,20,12,17,12,9,4,10,1,6,5
Datasets/wang/Images/train/class6/633.jpg,4,2,3,7,5,5,3,3,7,12,20,25,33,28,32,31,34,40,42,60,62,71,99,113,135,191,215,344,476,1113,29998,7057,4017,4744,6110,10168,12510,10730,5831,1544,671,395,301,205,177,119,86,49,50,39,44,50,35,31,36,16,15,15,17,10,12,3,1,3
Datasets/wang/Images/train/class6/624.jpg,4,5,3,3,3,3,10,20,25,17,23,35,51,44,66,88,77,128,172,195,215,362,546,741,1139,2155,11181,13827,18858,20839,11111,6429,4090,2227,1128,671,409,325,229,164,117,79,75,58,54,52,42,27,22,21,15,14,23,10,12,11,13,11,11,3,3,5,4,4
Datasets/wang/Images/train/class6/611.jpg,6,1,2,6,12,6,5,8,5,16,24,20,26,20,33,57,56,65,67,59,83,98,133,218,295,426,611,1003,2825,45413,8524,5689,5444,7771,8667,6038,1755,873,477,303,243,169,141,136,97,52,56,40,34,27,32,23,25,19,16,1,4,12,6,8,5,4,5,9
Datasets/wang/Images/train/class6/635.jpg,9,8,4,11,17,12,15,11,24,26,31,27,54,63,76,67,79,80,110,131,155,179,234,321,449,797,1899,15025,19958,12171,7934,7574,6626,5797,4924,3510,2596,1877,1261,836,686,508,378,295,237,202,173,152,129,96,96,55,73,54,50,40,19,18,24,17,10,8,3,3
Datasets/wang/Images/train/class6/604.jpg,3,1,3,3,3,4,3,4,5,9,5,5,10,11,15,19,18,33,41,64,90,157,170,214,262,360,552,997,51158,7453,5318,8979,9869,8545,1801,704,383,276,177,134,103,65,49,41,33,29,21,25,13,11,11,3,3,2,2,5,1,4,5,8,5,1,2,4
Datasets/wang/Images/train/class6/638.jpg,3,1,1,5,2,5,3,5,4,11,13,14,12,23,35,19,44,50,53,65,87,96,126,229,353,502,809,1603,5956,27478,8687,6640,5489,5421,5912,7021,7226,6087,3684,1722,848,587,428,263,143,128,90,63,47,47,31,29,21,18,19,10,8,10,4,2,4,3,2,3
Datasets/wang/Images/train/class6/634.jpg,17,7,4,6,11,18,10,12,9,8,18,29,26,39,50,48,58,98,118,125,188,328,441,631,938,1574,5065,9390,13010,20665,20108,9301,5526,3640,2582,1376,778,441,337,261,212,143,103,81,71,62,76,39,38,22,15,20,37,13,10,11,14,17,9,5,1,5,4,5
Datasets/wang/Images/train/class6/609.jpg,4,1,4,7,19,13,7,12,7,19,13,29,27,28,37,37,38,51,61,87,102,110,106,145,204,218,268,418,601,1056,27155,6413,3731,4955,8980,12743,14424,9616,2783,1170,741,431,286,227,175,119,96,86,59,66,49,45,37,33,17,17,16,16,21,17,17,13,9,12
Datasets/wang/Images/train/class6/605.jpg,5,4,1,9,5,10,15,15,21,41,41,49,66,67,97,93,127,131,147,171,214,233,294,410,537,947,2082,7326,18299,21528,12271,6615,6487,7868,5633,2131,1174,696,426,362,243,191,177,157,141,116,95,95,64,68,58,50,46,42,31,24,16,7,7,8,9,6,1,4
Datasets/wang/Images/train/class6/620.jpg,8,4,5,10,8,18,18,14,22,34,35,69,67,86,119,167,199,242,338,482,679,929,1377,2160,3321,7098,11817,26337,16712,7769,5297,3527,2511,1932,1202,711,566,466,348,243,185,198,169,139,116,88,81,55,49,34,46,32,23,21,20,19,13,8,20,17,4,9,3,8
Datasets/wang/Images/train/class6/608.jpg,2,2,5,4,5,10,4,5,5,5,8,21,16,19,13,19,28,49,48,64,62,75,100,141,210,235,328,428,621,854,1298,2760,6558,11351,23040,20836,10063,6510,4611,3032,1645,909,563,370,273,211,165,147,109,92,74,60,47,41,40,29,13,15,18,13,9,10,3,3
Datasets/wang/Images/train/class6/618.jpg,11,17,18,22,18,33,43,41,54,71,104,97,118,170,191,192,293,459,717,1167,1999,9449,20970,12202,9091,8883,9568,8810,5590,2922,1587,959,601,415,294,197,124,103,67,58,71,59,37,42,30,40,42,35,28,27,28,23,29,12,10,10,5,12,9,7,11,2,3,7
Datasets/wang/Images/train/class6/650.jpg,4,5,1,14,8,8,7,5,7,14,12,19,31,34,36,37,59,88,108,177,186,284,413,665,1487,17035,16650,17631,18435,11756,5518,1757,1272,1084,707,512,493,464,363,241,105,87,64,47,49,33,29,42,35,25,28,20,26,20,6,9,9,9,13,5,6,6,1,3
Datasets/wang/Images/train/class6/615.jpg,3,3,6,2,4,9,9,4,6,5,12,16,21,39,47,50,51,75,106,95,94,126,171,250,259,319,360,397,663,1159,40364,7338,3223,3437,3985,5227,7269,7402,5864,3581,1926,1031,729,563,459,373,284,195,150,141,105,78,74,35,36,14,12,17,10,4,5,5,4,3
Datasets/wang/Images/train/class6/647.jpg,8,3,2,3,4,1,3,6,9,8,3,7,16,10,14,17,16,21,24,38,58,74,102,114,120,137,218,387,464,876,41454,7743,5540,5123,6551,10834,11562,3148,1483,672,429,321,216,135,70,48,41,31,24,25,14,13,13,3,5,6,6,3,5,6,2,2,4,9
Datasets/wang/Images/train/class6/645.jpg,5,2,8,9,7,12,15,27,21,40,32,39,40,49,80,66,119,126,147,214,279,353,515,765,1191,2149,22243,24078,12909,10624,6650,4118,3023,2266,1627,1203,879,632,439,294,238,130,101,83,71,57,55,39,30,33,17,15,21,28,18,11,14,9,14,8,4,6,2,5
Datasets/wang/Images/train/class6/676.jpg,8,8,9,17,28,32,33,35,47,46,44,38,59,56,79,83,113,166,200,300,441,640,1266,4522,21696,33600,18895,7867,4180,1452,652,386,258,165,149,109,93,84,62,49,38,41,36,28,24,13,21,13,12,13,8,14,6,5,6,4,10,5,9,5,7,6,7,6
Datasets/wang/Images/train/class6/675.jpg,10,13,6,19,16,17,32,29,27,43,35,46,67,52,53,60,77,79,101,118,140,147,189,302,353,444,842,1886,39763,16161,5310,5782,6420,7585,5201,2549,1300,800,494,263,229,180,156,133,107,95,82,74,52,49,46,49,36,22,29,24,22,18,16,11,16,15,8,4
Datasets/wang/Images/train/class6/619.jpg,6,3,3,2,2,2,2,3,9,8,14,25,35,35,33,29,51,59,73,106,118,146,181,241,389,541,975,1697,3135,8681,12355,11948,11245,9795,9324,9109,7814,4509,2086,1105,669,455,337,240,199,142,70,77,53,34,22,22,27,11,15,12,6,3,1,3,2,2,4,4
Datasets/wang/Images/train/class6/630.jpg,3,3,6,5,5,6,10,5,8,17,24,34,42,54,54,66,92,84,121,166,202,251,432,538,859,1377,2946,21619,8936,7582,9414,10756,10328,8148,5308,3352,2074,976,611,414,265,251,193,119,111,93,58,49,32,32,35,26,23,12,13,15,14,3,9,7,3,4,3,6
Datasets/wang/Images/train/class6/672.jpg,7,2,8,12,15,6,12,18,26,37,37,46,49,69,52,66,89,86,120,155,195,203,272,427,521,692,1029,1710,3290,13982,10915,13486,13589,12267,9411,5615,3090,1869,1215,835,638,440,334,260,192,172,139,109,93,75,64,65,52,44,16,16,10,13,11,14,10,3,2,7
Datasets/wang/Images/train/class6/626.jpg,5,3,4,6,6,6,12,17,21,45,44,46,62,78,119,135,187,217,331,454,586,732,1112,1666,2990,21698,15002,11853,13562,10152,6727,3440,1970,1194,778,584,431,336,318,253,197,188,131,125,83,69,55,44,38,45,37,18,15,13,11,14,5,8,11,5,4,2,1,3
Datasets/wang/Images/train/class6/677.jpg,4,6,3,5,8,14,16,10,12,13,12,17,17,18,20,27,28,31,52,50,71,119,214,373,820,12674,61046,16954,2716,1397,641,322,181,77,64,39,20,16,12,9,9,13,12,7,10,7,7,9,8,10,8,11,11,6,9,7,3,1,5,1,6,5,5,6
Datasets/wang/Images/train/class6/614.jpg,6,8,7,5,6,6,7,24,32,35,37,52,90,108,133,177,224,228,299,314,378,513,727,1602,23119,24165,7719,5351,5456,6066,6618,5533,3464,1718,953,785,551,410,274,242,180,130,108,96,63,48,33,26,30,30,24,12,16,15,14,6,9,6,6,1,3,2,2,2
Datasets/wang/Images/train/class6/654.jpg,5,4,5,1,2,7,10,13,20,18,33,35,48,45,61,71,95,114,124,184,234,323,536,693,1018,1555,2401,3635,5725,8524,11895,14919,15192,10929,6811,4225,2764,1911,1135,716,496,397,293,196,177,173,119,87,60,63,49,39,32,15,16,12,19,5,7,5,2,2,0,4
Datasets/wang/Images/train/class6/628.jpg,2,4,2,2,1,3,4,2,4,4,3,4,4,2,4,3,6,15,14,16,29,33,57,68,85,98,109,145,228,525,962,22816,17786,6806,6787,10100,12611,12366,4017,1157,502,307,155,93,57,52,39,20,26,20,29,24,21,9,16,13,13,7,3,2,2,2,2,6
Datasets/wang/Images/train/class6/653.jpg,5,3,8,10,11,10,13,11,15,18,23,26,34,42,42,63,48,72,81,93,120,128,187,252,295,491,905,1853,33132,18366,7551,6083,6205,7918,7605,2590,1099,697,460,423,291,200,117,118,101,76,62,45,54,54,39,30,23,15,19,14,9,16,11,14,2,0,2,4
Datasets/wang/Images/train/class6/637.jpg,6,9,8,17,14,17,12,20,26,51,40,41,48,46,62,68,101,164,164,196,268,315,402,559,729,1102,1890,20430,13265,13419,11825,11112,8339,5374,2677,1484,884,684,513,376,272,238,183,191,125,97,100,68,44,42,28,27,14,20,14,24,17,13,9,11,2,3,1,4
Datasets/wang/Images/train/class6/666.jpg,5,3,3,1,5,14,19,21,26,40,75,70,88,94,95,131,161,237,262,319,394,534,761,890,1711,14798,24072,9604,6990,5602,5168,5267,5880,4838,3239,2209,1195,842,569,428,317,255,198,169,116,87,69,55,61,57,43,29,31,22,27,24,11,15,9,15,13,9,6,6
Datasets/wang/Images/train/class6/625.jpg,4,2,7,5,14,23,15,15,18,16,29,15,40,39,49,48,56,54,83,107,128,156,190,238,288,322,385,515,830,45489,9077,3122,3382,5203,5894,11396,5606,1652,911,574,429,336,279,227,166,160,127,126,87,66,69,31,27,25,32,24,23,18,15,9,13,7,7,4
Datasets/wang/Images/train/class6/646.jpg,4,2,7,8,7,4,10,6,19,22,34,43,43,81,91,134,159,212,269,294,406,521,803,1055,1392,2319,3305,4007,4697,5190,7225,9776,15086,15170,8577,4327,2916,2200,1682,1245,1035,881,657,495,418,310,265,238,171,153,108,73,49,30,25,19,11,4,3,1,3,4,2,1
Datasets/wang/Images/train/class6/627.jpg,11,4,3,2,2,2,10,16,13,20,13,23,25,27,31,22,36,48,52,53,87,98,153,227,260,360,634,1548,36829,13764,4511,4112,4996,9887,13315,3619,1341,688,443,273,204,112,74,59,33,30,24,21,25,23,33,17,12,18,9,10,13,7,3,3,6,4,3,3
Datasets/wang/Images/train/class6/661.jpg,7,6,6,9,10,8,13,5,8,7,12,24,15,31,29,66,84,81,109,145,150,171,247,473,534,827,1398,2595,6656,39497,10694,7111,6664,6374,6251,3400,1443,781,535,364,318,254,207,123,116,84,81,61,39,26,34,24,21,12,10,6,10,10,9,4,3,1,4,7
Datasets/wang/Images/train/class6/623.jpg,4,1,5,3,5,2,4,5,4,7,10,14,22,22,30,44,61,60,94,137,198,275,349,529,747,2126,21055,23211,16373,6009,4648,5288,9496,3625,1174,677,442,317,218,181,165,126,79,66,56,66,48,36,40,33,18,23,25,12,9,5,5,3,3,3,0,4,3,4
Datasets/wang/Images/train/class6/641.jpg,13,10,12,14,10,22,13,25,28,23,36,36,50,51,52,47,44,45,51,63,74,109,127,177,210,372,562,796,11336,26917,9424,6648,7835,11134,11720,5026,1925,938,601,414,262,189,124,88,60,56,70,47,56,43,50,36,30,27,33,26,18,15,16,14,14,15,13,12
Datasets/wang/Images/train/class6/651.jpg,3,2,1,3,7,4,2,4,6,7,8,13,12,19,19,30,30,51,58,54,73,88,107,129,171,283,565,991,2756,25390,24737,13449,6354,4775,5448,6117,3296,1207,648,386,290,191,111,88,78,53,34,20,14,15,20,17,11,9,19,9,4,6,1,1,3,2,2,3
Datasets/wang/Images/train/class6/678.jpg,3,1,1,4,6,8,8,7,9,9,21,13,20,21,31,40,38,36,39,62,58,63,66,115,151,407,701,1842,58263,21905,7879,1769,1396,1172,742,458,224,122,85,47,60,52,38,47,35,25,21,20,22,22,13,15,13,20,10,14,10,5,2,3,3,5,2,5
Datasets/wang/Images/train/class6/602.jpg,3,2,5,5,5,8,7,11,9,17,11,31,34,49,75,87,125,172,245,364,669,1171,2026,5497,14416,29232,25402,8970,3844,1894,1138,786,529,356,277,183,143,100,95,67,49,29,39,18,24,21,8,6,5,6,3,4,7,1,3,3,2,2,2,1,2,2,4,3
Datasets/wang/Images/train/class6/606.jpg,6,4,2,8,4,8,5,5,13,15,12,20,12,27,16,23,46,52,71,71,72,86,129,178,226,267,408,767,1976,18123,24108,15205,9417,7045,6364,4975,3357,2111,1028,551,323,210,162,127,137,79,79,70,46,42,39,26,27,16,21,20,14,15,12,9,6,3,2,6
Datasets/wang/Images/train/class6/662.jpg,11,13,6,5,6,10,12,6,5,6,3,5,18,27,26,19,30,32,42,43,40,51,85,87,110,183,258,409,597,856,1900,8855,48270,19766,6070,2765,1716,1179,916,694,535,442,338,301,255,211,156,134,116,92,76,81,75,60,60,39,35,42,34,24,17,17,16,16
Datasets/wang/Images/train/class6/663.jpg,5,5,2,3,4,8,2,6,10,5,11,4,25,20,26,40,39,67,100,138,165,223,377,543,839,1309,3586,44873,14562,13888,8209,3541,1708,1022,660,509,404,281,226,153,125,117,91,61,54,47,36,25,25,16,23,22,15,9,4,6,6,2,3,3,6,3,3,4
Datasets/wang/Images/train/class6/613.jpg,4,2,4,4,8,4,5,10,12,25,31,34,32,46,55,55,83,112,142,168,212,284,309,505,725,1288,9085,41963,5269,6610,9107,9224,5765,2801,1338,814,545,373,270,179,157,107,94,90,67,38,30,34,29,30,18,22,13,19,12,10,6,5,7,5,3,2,1,3
Datasets/wang/Images/train/class6/671.jpg,5,4,5,5,2,5,6,22,18,13,14,19,18,26,22,32,33,33,59,96,123,137,201,219,293,475,688,1375,4065,39447,14256,8531,8038,7993,5476,2799,1252,758,445,298,207,170,109,102,58,56,46,36,26,19,22,21,18,15,20,19,9,5,5,7,6,13,6,3
Datasets/wang/Images/train/class6/659.jpg,3,3,5,15,13,10,14,18,30,37,30,57,47,82,111,162,165,203,260,273,397,596,887,1743,23966,33831,9504,5610,4265,3676,3288,2380,1900,1330,863,610,412,283,274,157,137,116,98,102,62,62,41,32,32,13,15,21,13,9,7,5,4,9,5,2,4,1,2,2
Datasets/wang/Images/train/class6/616.jpg,3,1,2,3,3,5,2,3,1,3,2,2,10,18,26,42,37,55,68,64,155,206,345,442,637,972,2314,18129,21488,25045,14988,6193,2628,1570,996,704,381,240,165,71,63,37,27,24,25,18,11,12,4,12,11,8,3,7,1,2,3,2,5,1,2,3,1,3
Datasets/wang/Images/train/class6/600.jpg,4,9,14,11,6,6,10,8,10,6,6,6,7,9,16,31,32,53,63,108,139,145,169,188,265,354,582,2132,30201,18745,6637,5421,6830,11579,8998,2699,864,547,334,236,167,159,99,77,44,48,31,35,24,12,17,8,7,8,6,9,7,14,5,6,7,12,9,13
Datasets/wang/Images/train/class6/667.jpg,5,14,31,25,27,38,55,48,63,56,74,93,135,169,236,302,352,456,588,719,940,1245,1854,2963,5896,7872,9610,14275,9558,7159,7030,6196,6800,5785,2784,1411,772,571,396,313,237,195,138,132,82,109,78,58,65,48,39,30,31,25,33,20,21,16,6,10,5,4,1,5
Datasets/wang/Images/train/class6/673.jpg,5,2,5,7,5,14,10,9,11,14,20,26,31,36,70,74,108,116,125,180,221,265,372,513,680,804,1222,1758,2834,7540,14813,12322,13504,11725,8847,6862,4246,2551,1629,1130,852,599,454,348,258,199,158,144,117,90,85,70,60,48,40,23,15,10,6,7,2,3,5,5
Datasets/wang/Images/train/class6/655.jpg,5,3,8,9,19,17,15,15,24,18,39,37,57,62,85,97,140,173,199,254,375,502,752,1328,2540,25341,23761,13925,6446,3795,2672,2416,2360,2455,2256,1694,1226,757,562,354,277,249,166,145,118,86,73,54,62,55,63,34,31,18,22,13,7,11,9,6,4,1,4,3
Datasets/wang/Images/train/class6/652.jpg,2,2,2,2,3,4,9,12,13,14,14,14,27,21,27,25,51,65,62,77,105,106,125,143,192,244,330,523,946,1615,11014,34039,19082,10042,7692,5080,2461,1270,737,489,337,215,162,144,107,93,93,90,54,59,37,48,33,23,23,16,22,14,9,18,9,8,5,4
Datasets/wang/Images/train/class6/669.jpg,9,13,6,11,14,21,20,19,37,41,41,55,71,111,113,116,162,196,262,350,599,852,1106,2019,5796,9935,13222,13957,12889,10908,8120,5766,3487,2236,1491,1005,666,537,429,317,259,215,178,140,105,78,59,44,31,40,23,21,13,16,19,15,13,4,5,3,5,7,3,3
Datasets/wang/Images/train/class6/639.jpg,7,5,6,5,11,16,15,18,19,43,53,68,73,91,90,91,89,93,132,124,160,214,246,322,459,645,5364,21757,15137,21112,12205,7728,4698,2525,1364,887,491,393,266,193,161,148,115,112,91,53,43,57,49,59,43,36,29,20,15,14,11,7,5,7,5,1,5,3
Datasets/wang/Images/train/class7/718.jpg,5,4,7,4,9,10,2,17,15,12,24,24,26,50,54,81,96,168,276,458,715,1305,2476,4244,7024,10300,12965,14493,13444,10801,7521,4572,2404,1500,924,563,403,294,200,166,110,96,63,50,51,45,31,35,25,15,24,15,13,11,9,9,10,4,7,4,4,8,3,6
Datasets/wang/Images/train/class7/734.jpg,6,5,3,2,2,1,5,8,9,12,15,19,34,34,51,50,96,122,187,300,463,582,737,1169,1517,2178,3257,5147,7714,11041,13035,13036,10276,7849,5951,4037,2935,1986,1331,909,611,456,285,225,177,103,97,52,43,25,22,24,19,10,14,8,0,3,0,2,2,4,3,8
Datasets/wang/Images/train/class7/708.jpg,7,9,6,6,10,7,13,32,39,52,57,73,122,147,202,232,356,411,577,661,932,1173,1519,2024,2623,3596,4783,6019,7584,8886,9353,9516,8389,6976,5720,4113,2942,2215,1701,1201,963,674,549,434,356,244,188,148,102,100,62,58,38,30,20,19,10,5,2,4,4,6,2,2
Datasets/wang/Images/train/class7/740.jpg,7,10,4,11,17,12,7,7,11,8,10,13,8,15,10,31,31,26,65,139,190,393,803,1836,4516,17449,19681,16698,13133,9218,5743,3484,2051,1176,599,305,209,80,54,27,22,23,23,11,12,13,8,10,6,5,7,6,13,4,1,6,4,4,7,7,17,4,2,2
Datasets/wang/Images/train/class7/737.jpg,8,6,8,17,6,18,17,22,43,36,43,58,41,57,64,78,103,118,204,272,341,565,798,1287,2073,3704,6750,11528,12459,11613,10293,8815,7464,5720,4212,2850,1903,1371,859,569,412,306,212,178,180,101,90,64,49,55,63,42,37,29,19,18,15,16,6,3,4,5,4,3
Datasets/wang/Images/train/class7/767.jpg,5,4,8,7,14,15,12,26,21,22,23,20,29,45,42,99,149,266,322,611,958,1373,1865,2803,3468,4422,5422,6954,8122,9574,10596,10490,9039,6762,4721,3186,2232,1524,914,645,431,307,208,114,74,38,45,27,33,27,16,27,12,24,24,16,13,12,11,6,9,8,7,5
Datasets/wang/Images/train/class7/754.jpg,9,8,11,16,28,18,27,39,48,49,56,57,79,107,165,225,307,442,558,728,1008,1258,1673,2397,3309,4982,6407,7646,8503,8380,8429,8074,6644,4910,3879,3011,2433,1936,1798,1427,1218,1135,886,731,646,501,431,407,315,246,185,127,102,85,62,48,40,20,12,10,8,4,1,3
Datasets/wang/Images/train/class7/757.jpg,3,3,3,3,6,7,5,6,4,4,9,7,6,9,14,14,31,42,53,51,64,81,104,140,191,330,531,793,1343,2009,2682,4046,6544,10069,13993,15100,12656,9025,5863,4054,2656,1882,1341,909,559,368,234,129,93,56,33,38,26,20,9,12,10,11,5,0,4,2,5,4
Datasets/wang/Images/train/class7/771.jpg,8,4,7,7,4,2,17,11,9,10,17,21,23,29,43,43,77,85,68,136,233,491,1140,2204,4114,7719,19458,15464,13984,11217,7958,4893,3264,2062,1290,845,360,231,178,103,89,66,52,37,23,32,24,26,19,12,12,11,8,10,7,9,11,7,0,4,8,4,1,3
Datasets/wang/Images/train/class7/722.jpg,5,3,6,1,9,14,27,31,47,56,59,90,114,199,243,357,476,559,917,1158,1791,2910,4752,8557,13892,17673,16116,10572,5384,3146,2134,1631,1212,920,697,557,410,308,217,206,153,146,95,71,80,69,39,35,27,26,21,12,6,12,10,18,9,4,1,3,3,3,2,3
Datasets/wang/Images/train/class7/773.jpg,12,18,13,26,21,18,28,32,40,42,66,87,136,164,291,358,544,733,1104,1494,2311,3253,4596,6161,7970,9927,11843,12326,10732,7883,5375,3434,2171,1510,941,672,433,353,240,196,172,135,107,72,62,32,12,21,17,24,21,13,12,9,6,9,7,4,0,6,2,3,2,2
Datasets/wang/Images/train/class7/721.jpg,2,3,2,4,4,10,9,16,12,15,24,48,46,58,93,100,147,194,228,344,465,666,912,1359,2231,5103,9451,10267,9290,10207,10696,9957,7810,5323,3174,2197,1679,1557,1463,908,569,467,313,205,144,112,81,61,57,39,41,29,25,20,14,8,9,13,4,6,4,6,0,3
Datasets/wang/Images/train/class7/730.jpg,2,2,4,4,1,8,5,7,7,7,9,9,8,17,13,19,20,32,43,66,94,163,341,819,1874,3587,7306,14596,17337,14881,12256,9645,6272,3717,2199,1263,609,275,188,130,113,70,66,39,17,21,10,9,15,8,9,14,7,13,4,10,4,6,4,8,4,6,8,4
Datasets/wang/Images/train/class7/764.jpg,7,7,6,14,15,12,14,24,15,24,24,25,35,48,63,77,101,120,162,212,279,357,509,790,1051,1576,2289,3236,4493,6145,7528,9071,10525,11159,10481,8491,6320,4478,2712,1894,1248,851,574,357,243,202,132,99,68,34,26,16,14,7,8,3,1,4,3,6,4,4,3,8
Datasets/wang/Images/train/class7/746.jpg,3,0,4,3,2,2,4,3,2,2,2,3,2,8,8,16,21,32,40,60,78,98,117,159,223,271,407,517,750,1133,2196,3692,6300,10928,15294,17385,15217,10614,6282,2977,1341,793,465,276,182,115,69,51,35,41,19,16,13,6,2,4,3,4,3,5,1,2,0,3
Datasets/wang/Images/train/class7/760.jpg,4,3,5,5,5,9,10,9,8,14,5,18,18,36,36,85,117,166,264,343,442,745,1194,1836,2799,4148,6147,9393,13017,14147,12626,9674,6838,4873,3414,2090,1288,789,532,347,264,164,88,56,25,31,21,16,19,21,20,15,7,10,7,6,5,6,5,5,7,2,2,3
Datasets/wang/Images/train/class7/717.jpg,4,2,4,1,3,1,9,4,5,6,7,8,6,9,12,15,15,21,32,53,63,93,142,171,270,286,425,633,969,1786,2628,4623,7476,9802,11769,12515,11878,10714,7302,4580,2757,1639,1115,864,661,596,509,433,376,249,177,152,95,94,69,50,39,21,22,22,9,4,3,6
Datasets/wang/Images/train/class7/702.jpg,3,5,5,14,13,11,13,18,14,16,19,39,51,60,70,115,140,196,234,367,503,687,867,1234,1607,2102,2571,3347,4229,4865,5956,7106,8685,10688,10312,8897,7003,4933,3335,2265,1579,1153,792,558,414,342,170,127,118,87,63,61,52,39,30,23,22,27,18,13,7,4,3,7
Datasets/wang/Images/train/class7/700.jpg,3,1,4,6,6,6,6,7,10,15,11,21,22,26,34,42,68,84,105,115,151,207,271,343,496,654,976,1591,2652,4556,8317,13725,18755,16631,11371,6238,3552,2172,1405,937,615,491,382,272,199,117,126,82,80,64,62,48,37,33,27,17,18,14,13,3,4,4,1,3
Datasets/wang/Images/train/class7/705.jpg,3,2,3,3,2,4,10,6,5,5,4,11,6,13,17,17,24,27,51,70,132,185,281,560,834,1495,2669,4615,7530,10377,11662,12076,11066,9453,7909,6426,4191,2527,1470,884,606,397,217,172,63,42,40,20,15,16,12,10,12,6,9,6,11,7,3,4,1,3,3,4
Datasets/wang/Images/train/class7/761.jpg,4,1,3,14,15,12,15,41,42,53,75,101,131,182,216,293,381,470,705,878,1101,1431,1828,2561,3335,4241,5895,7048,7519,7829,7862,7827,7113,5919,4793,4016,3224,2447,2063,1651,1272,1004,790,591,406,315,205,149,105,50,23,18,11,7,4,3,2,0,2,2,2,1,2,5
Datasets/wang/Images/train/class7/732.jpg,9,10,7,4,13,15,19,23,32,46,51,108,135,202,240,378,616,973,1627,3087,5149,8799,13788,16833,15590,11740,7612,4453,2660,1512,794,500,324,237,177,141,80,67,52,25,24,30,16,14,14,11,5,7,7,6,5,1,3,3,3,1,5,1,6,4,3,2,2,3
Datasets/wang/Images/train/class7/749.jpg,6,4,2,2,0,8,1,7,4,10,16,13,31,33,42,38,46,54,77,84,119,155,203,304,391,510,851,1742,3084,5736,11091,17275,19119,14823,9690,5233,2718,1447,771,544,466,324,292,206,141,138,79,71,64,44,37,35,27,18,21,6,5,9,12,9,1,5,6,4
Datasets/wang/Images/train/class7/706.jpg,6,5,8,7,8,11,14,12,14,14,17,30,35,31,37,47,80,91,122,213,260,378,531,797,1242,1836,2644,3940,5846,8045,9944,11663,14024,12513,8019,5229,3480,2043,1450,988,598,456,351,296,221,174,112,104,79,66,40,40,26,8,7,9,8,7,6,6,6,3,5,2
Datasets/wang/Images/train/class7/714.jpg,3,2,4,7,9,13,22,21,29,32,58,71,103,131,150,185,264,359,474,758,1153,2685,11102,18626,11262,10652,11111,10037,6857,4083,2622,1536,1089,763,460,321,245,217,170,147,117,90,58,42,26,15,19,11,21,11,19,5,6,5,3,3,2,2,2,7,2,1,1,3
Datasets/wang/Images/train/class7/778.jpg,3,1,7,4,8,13,10,18,14,22,13,23,26,20,42,64,90,122,189,253,401,536,646,912,1247,1610,2021,2843,4366,5878,9188,15195,16489,11594,6886,4544,3394,2556,1946,1446,1018,732,542,398,247,149,101,91,72,56,42,48,32,31,19,19,8,12,10,11,8,14,1,3
Datasets/wang/Images/train/class7/774.jpg,3,1,9,7,9,5,12,12,20,20,23,25,26,28,37,38,44,51,79,141,181,256,354,544,718,1138,1976,3174,4931,7776,11250,14234,14798,12593,8945,5819,3878,2119,1167,673,372,231,158,106,72,47,25,30,19,17,15,26,18,12,3,3,4,2,4,6,9,4,2,5
Datasets/wang/Images/train/class7/710.jpg,4,1,1,5,4,2,1,4,2,0,12,26,34,52,63,95,118,150,185,221,296,396,577,875,1351,2288,4139,7359,11748,21987,18106,10955,7936,3635,1845,977,711,532,413,307,210,136,109,95,60,55,46,34,29,19,23,16,14,7,10,5,4,2,4,2,1,3,1,6
Datasets/wang/Images/train/class7/745.jpg,3,7,3,5,5,4,13,13,8,17,13,16,25,26,34,49,64,123,170,251,348,534,785,1197,1560,2413,3707,5153,6746,8844,11256,13619,12077,8257,5539,4065,3217,2419,1732,1175,819,540,391,258,169,123,96,81,56,58,41,28,30,20,13,19,10,14,9,10,8,10,2,7
Datasets/wang/Images/train/class7/726.jpg,2,4,3,2,6,11,16,11,17,15,26,36,32,50,75,81,126,216,252,314,491,631,851,1171,1713,2645,4477,4734,4968,6250,7445,8475,8948,8586,7560,6335,5213,4090,3298,2504,1828,1405,999,701,549,377,285,158,113,73,39,26,14,7,8,2,8,5,5,5,2,7,4,4
Datasets/wang/Images/train/class7/777.jpg,2,4,2,2,1,7,8,5,10,23,26,45,55,89,117,150,240,296,386,522,727,980,1390,1848,2537,3336,4687,5815,7349,10374,13465,11824,7873,5177,4034,3238,2542,2061,1689,1386,1018,793,599,388,300,229,166,144,92,67,41,34,23,17,9,8,11,10,6,9,8,4,2,4
Datasets/wang/Images/train/class7/744.jpg,2,2,2,4,5,6,8,11,8,9,14,14,21,25,29,36,52,73,92,117,132,161,233,261,363,446,608,858,1154,1465,2032,3161,4727,7414,10382,12283,12389,11699,9570,6639,4124,2568,1540,1002,732,466,328,266,196,150,95,69,58,55,38,33,19,14,13,10,3,7,6,5
Datasets/wang/Images/train/class7/729.jpg,3,2,5,6,6,6,11,9,12,19,15,21,20,45,46,68,72,132,170,288,363,457,594,845,1217,1710,2451,3506,4676,6120,7803,9347,10400,9848,7898,5991,4973,4151,3433,2837,2228,1603,1240,895,709,511,395,327,199,173,135,106,72,32,25,19,9,8,5,8,5,8,9,7
Datasets/wang/Images/train/class7/712.jpg,8,9,7,12,15,22,38,32,53,71,87,120,193,209,277,364,496,663,898,1296,2053,2860,4420,6372,7776,9610,10702,10600,9499,7664,5791,4504,3624,2289,1404,1030,719,560,434,362,267,213,159,130,85,87,65,29,25,23,14,12,9,5,9,6,7,3,1,2,1,3,1,5
Datasets/wang/Images/train/class7/748.jpg,3,0,3,7,3,3,3,7,11,18,23,25,27,28,33,50,64,70,92,119,152,203,310,430,634,1050,1792,2692,4216,5845,8077,10388,12680,13924,12496,9201,5575,3045,1873,986,564,379,258,182,156,124,115,82,76,47,33,26,29,22,15,6,11,4,4,1,3,2,3,4
Datasets/wang/Images/train/class7/758.jpg,12,8,19,13,28,20,29,39,53,64,77,107,166,226,370,437,598,827,1063,1489,2019,2906,3944,4831,6079,7114,8863,10492,10284,8702,6582,4913,3952,3145,2420,1697,1258,904,625,467,313,230,180,144,114,111,65,57,40,33,23,27,25,30,13,18,12,6,8,3,2,2,2,4
Datasets/wang/Images/train/class7/724.jpg,4,1,3,2,4,2,6,19,15,10,15,7,19,21,21,56,64,89,111,131,158,224,272,323,483,584,843,1357,2024,3492,6653,10329,12636,14148,12902,9737,6060,3820,2564,1991,1530,1117,872,647,563,453,374,329,251,222,143,139,97,80,66,66,47,40,25,14,12,7,5,5
Datasets/wang/Images/train/class7/768.jpg,8,2,2,4,9,22,16,20,32,27,42,53,57,81,87,159,187,247,312,376,558,860,1371,2049,2922,4375,6218,8474,11263,12638,11498,9408,7418,5391,3982,2689,1735,1110,824,513,323,231,176,134,66,59,47,44,44,38,16,17,7,12,6,10,6,2,4,3,4,5,9,2
Datasets/wang/Images/train/class7/755.jpg,5,3,4,2,3,13,14,13,17,12,19,21,33,56,78,114,130,182,246,307,420,579,862,1090,1299,1664,2154,2815,3683,4775,6386,8572,9945,10601,10393,8249,5971,4348,3389,2580,1940,1495,1098,783,587,394,286,204,146,78,61,27,25,22,20,23,20,14,7,9,3,6,2,7
Datasets/wang/Images/train/class7/775.jpg,6,6,2,3,4,2,3,7,7,7,6,11,16,23,27,31,48,45,63,106,132,152,222,271,464,546,848,1406,2269,3942,6398,7557,7783,8018,7997,8885,8743,7909,6473,4944,3750,2647,1819,1288,918,768,549,345,219,181,112,63,69,42,32,37,21,16,15,13,5,6,2,5
Datasets/wang/Images/train/class7/731.jpg,3,5,2,3,2,3,11,19,8,14,16,17,29,21,24,63,76,89,110,157,215,314,431,655,888,1363,2378,3758,5828,7186,7216,6451,6182,5957,5824,5845,5729,5657,5081,4184,3725,3081,2379,1861,1455,1117,820,645,380,304,204,162,120,99,39,29,25,10,14,7,6,3,2,3
Datasets/wang/Images/train/class7/711.jpg,4,4,1,7,2,8,5,8,11,10,18,30,30,44,73,93,143,183,236,346,488,676,940,1325,1677,2549,3395,4334,5447,7137,8128,9017,9009,8149,7287,6127,5119,4219,3194,2573,1950,1467,958,631,423,299,184,92,64,44,37,21,14,10,14,11,8,6,5,4,6,4,1,5
Datasets/wang/Images/train/class7/716.jpg,7,2,3,1,1,2,3,5,8,4,17,18,26,34,25,32,39,58,61,89,118,151,215,345,472,712,967,1698,2828,4620,5478,6837,8924,11158,11364,10174,8679,6794,5129,3609,2617,1762,1199,772,433,316,158,93,51,29,29,17,26,21,16,12,11,11,9,7,3,1,2,2
Datasets/wang/Images/train/class7/759.jpg,4,4,1,2,2,1,4,6,13,19,16,27,23,28,28,37,74,126,255,405,719,1164,2053,4061,9218,16839,16787,14348,10609,7490,4963,3374,2158,1269,769,456,257,178,104,76,64,38,41,27,27,22,28,25,16,7,9,4,4,3,1,2,3,1,7,0,2,3,0,3
Datasets/wang/Images/train/class7/703.jpg,4,5,14,9,7,13,33,25,22,27,52,54,73,95,104,146,183,255,305,456,582,849,1051,1497,1971,2826,3777,4824,6257,7712,8940,9985,9943,8695,7067,5578,3947,3004,2268,1612,1147,864,570,409,293,193,110,72,71,53,51,33,30,33,33,19,14,15,8,5,7,1,3,3
Datasets/wang/Images/train/class7/739.jpg,7,10,11,18,17,23,28,34,46,42,52,88,129,158,220,348,485,654,979,1242,1672,2292,3186,4489,7104,10404,13223,12993,10100,7612,5585,4273,3278,2271,1570,1044,734,466,334,227,190,149,120,96,61,45,28,25,22,14,14,10,10,9,6,5,10,6,7,5,6,3,10,5
Datasets/wang/Images/train/class7/707.jpg,4,1,5,7,4,3,3,3,5,3,7,3,11,8,8,8,8,18,32,51,76,114,205,320,479,784,1178,1772,2651,4085,7292,12146,16977,17333,11962,7125,4540,3155,2031,1272,828,569,361,229,165,109,68,60,39,30,43,23,23,14,17,12,7,2,3,1,2,3,3,4
Datasets/wang/Images/train/class7/733.jpg,3,2,3,4,2,5,11,12,9,21,27,30,30,49,56,62,81,124,152,208,320,572,1008,2038,5783,16582,17178,17571,14677,9436,4782,2531,1390,861,612,439,334,255,193,153,113,87,79,64,66,51,44,47,26,24,32,10,16,7,4,5,3,4,3,5,3,2,0,3
Datasets/wang/Images/train/class7/743.jpg,3,2,1,6,13,14,24,25,21,30,22,34,45,42,81,121,158,276,479,666,1021,1555,2285,3643,5726,9046,13494,16669,15347,10559,6218,3964,2419,1561,987,645,422,216,126,74,39,34,25,19,30,21,12,8,8,8,6,9,7,6,5,2,4,4,6,2,2,2,2,3
Datasets/wang/Images/train/class7/736.jpg,4,10,11,8,10,10,12,13,11,15,20,13,22,41,58,54,84,111,132,194,344,668,1073,2271,4725,10139,15972,15687,13188,11055,8404,5644,3421,1910,1034,590,316,176,122,93,85,72,74,55,58,43,43,33,34,25,15,8,13,9,11,9,15,13,5,2,5,2,4,6
Datasets/wang/Images/train/class7/715.jpg,3,4,2,4,8,15,19,20,26,27,29,42,63,84,131,209,294,394,484,758,1310,3128,20837,23298,15052,11983,8220,4644,2357,1428,881,589,469,348,263,189,116,104,94,74,62,40,42,24,19,15,15,7,10,4,7,8,10,5,5,5,2,2,5,5,4,1,2,5
Datasets/wang/Images/train/class7/701.jpg,6,2,3,2,7,9,9,8,6,4,16,13,17,21,31,54,69,57,103,106,190,251,470,810,1320,2333,4062,6219,8957,10853,12001,12688,11607,8669,6031,3765,2480,1555,1038,676,471,322,240,168,136,108,67,44,43,33,26,20,25,14,10,9,9,6,14,12,4,1,1,3
Datasets/wang/Images/train/class7/741.jpg,3,5,1,3,2,7,5,9,9,13,16,33,29,25,36,40,43,58,67,72,92,113,157,223,284,343,440,632,832,1243,1809,3005,4474,6606,8999,11436,12193,11301,9441,7663,5785,3900,2487,1475,909,563,369,282,175,119,91,90,55,37,49,25,23,34,27,17,18,4,1,7
Datasets/wang/Images/train/class7/747.jpg,5,3,6,14,18,17,11,15,15,21,23,30,31,79,102,175,297,364,507,628,922,1267,1657,2129,2717,3587,5101,7022,10502,12351,11263,8666,6705,5648,4565,3521,2471,1751,1122,719,501,416,294,212,156,137,112,78,56,46,40,34,23,26,18,19,12,15,10,8,6,17,8,13
Datasets/wang/Images/train/class7/723.jpg,4,1,6,5,6,7,13,4,13,12,21,34,46,74,102,132,199,238,341,509,734,1036,1564,2223,3973,8156,14825,16362,14209,10695,6547,3956,2637,2066,1689,1262,1037,867,686,517,355,291,196,143,116,89,56,45,32,28,23,26,24,15,15,10,11,7,2,2,1,3,2,4
Datasets/wang/Images/train/class7/719.jpg,5,6,4,1,4,1,8,9,10,14,17,13,16,19,26,28,39,36,53,60,62,67,67,120,107,173,246,368,514,971,2058,3966,7871,13301,18497,18471,13858,8599,4216,1978,977,460,227,133,105,72,64,55,52,45,36,27,31,25,20,23,17,19,16,7,3,2,4,5
Datasets/wang/Images/train/class7/728.jpg,3,4,1,3,0,3,6,5,8,7,6,3,9,5,10,13,26,39,28,48,77,88,130,221,325,434,640,836,1131,1685,2418,3190,4265,5918,7964,10407,11677,11379,9865,7895,5930,4068,2567,1678,1074,719,444,327,219,158,108,74,48,25,25,19,9,3,7,6,8,9,1,6
Datasets/wang/Images/train/class7/742.jpg,9,10,9,25,21,21,20,33,37,59,71,108,140,165,244,365,526,759,1074,1533,2139,3087,4385,5954,7424,9092,9969,9887,9099,7550,6016,4392,3306,2480,1822,1362,1115,830,632,517,444,338,251,172,124,98,79,74,58,54,65,35,43,26,25,25,22,27,22,9,7,9,6,4
Datasets/wang/Images/train/class7/704.jpg,3,1,1,0,4,2,2,4,3,1,2,2,2,2,2,2,9,17,19,30,31,47,73,88,97,147,168,257,344,473,649,1020,1874,3057,4554,7324,14595,25348,17959,7954,4216,2631,1948,1288,673,398,257,161,98,74,58,59,66,48,31,26,26,17,16,9,14,7,9,7
Datasets/wang/Images/train/class7/766.jpg,5,3,4,8,8,6,16,15,17,24,25,40,50,44,61,48,59,80,93,135,165,178,256,328,536,1000,1674,3066,5097,8363,12702,15273,14648,11662,8380,5456,3236,1766,961,618,434,365,254,171,154,135,110,111,88,76,61,54,44,26,27,24,17,14,13,2,6,3,6,3
Datasets/wang/Images/train/class7/720.jpg,3,1,1,3,5,3,1,3,2,2,1,3,1,5,2,8,9,9,16,15,20,25,22,41,67,99,104,160,192,286,502,900,1417,2206,3615,6107,9283,12564,14280,14227,11886,8187,5004,2847,1602,1023,576,335,174,141,94,77,63,21,24,14,4,2,7,1,2,3,4,3
Datasets/wang/Images/train/class7/772.jpg,7,4,2,3,0,2,4,10,5,7,6,7,13,13,11,22,34,32,34,45,45,56,82,173,436,916,1958,3691,6545,9570,13119,16491,17037,12375,7206,4079,1931,900,418,294,158,99,74,55,47,40,41,50,39,18,17,11,12,6,14,8,5,7,7,0,4,0,4,5
Datasets/wang/Images/train/class7/750.jpg,4,3,3,1,2,4,11,7,12,16,24,38,51,56,63,88,130,160,226,279,384,423,633,779,990,1353,1814,2530,3567,4814,6895,9180,11144,11269,10052,7769,5781,4088,3070,2442,1875,1492,1154,879,685,543,382,315,202,157,115,99,63,44,31,23,23,17,16,15,7,8,1,3
Datasets/wang/Images/train/class7/713.jpg,3,1,1,4,6,6,12,8,10,4,12,12,26,32,38,49,43,54,72,107,125,190,281,405,625,951,1359,2178,3290,5189,7124,9176,10547,11120,10703,8719,6678,5154,3723,2808,1971,1502,1118,822,598,346,261,196,155,100,80,65,50,42,45,27,14,15,17,12,9,5,5,4
Datasets/wang/Images/train/class7/762.jpg,2,3,2,4,5,11,11,6,11,24,41,37,34,66,57,92,131,160,181,235,405,527,706,939,1380,1767,2410,3365,4372,5900,7575,8840,10223,10840,10331,8288,6117,4340,2867,1876,1199,775,521,387,270,208,146,119,71,85,62,47,49,26,22,23,16,23,24,14,17,10,5,4
Datasets/wang/Images/train/class7/752.jpg,3,1,4,13,12,24,21,24,31,48,42,52,68,100,108,160,241,332,475,741,957,1520,2360,3648,5728,9343,13782,15480,12973,9075,5931,4291,3029,2259,1666,1120,712,524,348,228,178,130,103,80,52,57,48,30,29,31,31,18,7,7,3,4,4,3,3,1,0,4,3,4
Datasets/wang/Images/train/class7/765.jpg,2,3,2,2,5,4,9,5,15,16,18,19,34,55,98,106,144,179,222,261,354,438,562,669,912,1165,1413,1820,2353,3285,3745,4734,6203,8744,13953,14485,8454,5266,3640,3037,2380,1853,1454,1186,987,873,679,579,437,312,301,206,173,114,86,73,48,42,35,25,16,2,7,5
Datasets/wang/Images/train/class7/709.jpg,9,5,8,10,12,15,30,24,23,28,28,35,32,54,52,87,114,134,234,336,433,714,1188,2139,4530,10163,16994,17746,14113,9106,5625,3625,2527,1975,1497,1085,797,618,431,358,255,200,180,136,126,106,76,72,61,42,25,22,13,11,13,9,7,1,3,3,1,3,2,3
Datasets/wang/Images/train/class7/725.jpg,5,4,9,14,18,32,53,55,68,77,103,104,181,237,330,428,638,858,1309,1945,3166,5249,7811,8840,9688,9396,8270,6906,5958,5155,4347,3619,3041,2430,1991,1568,1169,841,585,439,305,197,174,153,119,107,75,64,49,24,21,25,16,6,9,3,6,2,1,2,1,2,4,2
Datasets/wang/Images/train/class7/763.jpg,3,3,5,6,9,13,13,17,25,33,42,56,81,96,142,181,221,331,420,570,746,1075,1627,2557,3670,4851,6862,8448,9907,10560,9969,8976,6951,5632,4157,3053,2149,1327,921,682,442,346,268,205,143,85,80,62,55,44,33,24,22,18,12,14,15,14,12,8,7,2,3,3
Datasets/wang/Images/train/class7/756.jpg,3,1,1,6,2,4,1,2,5,1,15,18,20,19,38,42,56,82,93,123,184,213,308,389,600,777,1015,1359,1745,2493,3441,4710,6118,8019,10295,11944,11127,8840,6116,4468,3509,2538,1827,1387,1083,839,636,489,372,279,187,145,112,59,63,30,12,9,10,8,2,5,7,3
Datasets/wang/Images/train/class7/779.jpg,3,3,0,3,6,8,8,21,25,17,17,21,34,65,65,111,130,226,294,382,600,980,1539,2456,4180,6975,9889,10446,10446,10081,9018,7530,5692,4457,3257,2488,1837,1381,993,677,457,332,294,175,146,110,81,72,64,34,27,28,26,20,24,17,12,3,5,3,2,6,2,3
Datasets/wang/Images/train/class7/735.jpg,5,7,5,9,18,17,25,28,27,45,42,54,70,108,148,210,249,322,501,687,1049,1600,2661,4312,7736,10497,12111,12580,10773,8375,6524,4742,3658,2504,1945,1332,853,576,395,315,232,195,152,128,69,57,38,36,35,29,27,28,21,24,16,15,20,18,9,9,7,9,8,7
Datasets/wang/Images/train/class7/776.jpg,19,13,19,29,41,38,40,52,56,81,115,131,184,208,250,301,456,592,741,951,1267,1638,2160,2815,3729,4975,6096,6897,7183,7489,7458,7348,6772,5851,4642,3904,3162,2417,1877,1613,1189,955,658,525,370,308,224,158,96,91,41,27,22,8,3,4,1,2,2,1,2,1,4,2
Datasets/wang/Images/train/class7/770.jpg,5,4,5,14,11,22,35,44,67,86,103,150,198,307,403,609,822,1248,2081,3155,4583,6314,8385,10731,13311,12530,9850,7600,5423,3631,2204,1340,864,549,385,280,195,152,109,73,69,63,59,40,43,34,26,26,17,9,7,2,4,2,1,3,4,5,3,3,1,1,2,2
Datasets/wang/Images/train/class7/751.jpg,4,7,4,4,11,11,12,20,24,37,48,42,77,82,113,141,184,239,345,471,915,1695,3973,8181,14798,21516,19658,12156,6383,3328,1633,685,360,216,161,107,106,77,71,60,60,41,38,23,20,12,12,18,17,14,11,15,10,12,5,9,5,3,6,2,10,1,2,3
Datasets/wang/Images/train/class7/753.jpg,6,7,5,5,8,14,17,9,15,12,19,30,36,45,55,66,92,139,149,197,245,317,446,542,709,975,1242,1718,2345,3071,3988,5067,7015,11188,15019,12067,8393,5186,3800,2964,2354,1901,1470,1252,1000,707,545,404,302,270,216,179,143,106,65,41,32,26,27,14,6,11,5,5
Datasets/wang/Images/train/class7/769.jpg,4,4,5,2,5,10,16,27,38,51,57,79,84,131,166,240,348,504,707,1009,1566,2478,3560,5525,7753,9609,10236,10455,9746,8424,6866,5092,3695,2701,1940,1393,967,707,530,419,277,153,144,125,81,67,63,39,29,44,30,16,15,15,15,7,7,6,6,4,1,6,2,3
Datasets/wang/Images/train/class7/727.jpg,4,3,3,2,5,10,11,8,8,10,12,11,32,42,54,66,78,103,157,215,336,470,712,1090,1699,2616,4068,5912,8243,10696,13234,13502,11699,8824,5733,3322,1978,1188,628,471,291,175,135,96,53,49,60,46,34,15,16,13,20,14,4,3,6,5,3,5,1,1,1,3
Datasets/wang/Images/train/class7/738.jpg,4,4,3,5,6,7,11,16,10,12,15,18,28,35,40,54,73,68,93,136,189,265,344,462,570,864,1245,1885,3050,4845,7044,9947,11902,13296,12221,10841,7650,4626,2780,1321,814,464,303,213,137,90,52,56,43,22,21,7,12,13,11,16,8,13,10,5,2,1,2,4
Datasets/wang/Images/train/class2/269.jpg,4,2,4,4,15,13,8,11,15,31,28,46,92,120,142,160,188,311,432,491,665,948,1275,1962,2948,5057,11656,18155,14685,10728,7836,5534,3815,2751,1871,1388,1108,825,633,542,439,349,243,153,159,107,77,62,44,30,33,26,24,13,7,9,4,7,0,4,2,4,5,4
Datasets/wang/Images/train/class2/239.jpg,7,4,3,3,3,6,1,3,6,5,5,3,4,7,11,8,10,15,25,39,53,73,98,117,176,219,270,411,529,741,1023,1677,2364,4106,6543,31537,29610,7693,3660,2019,1399,930,615,459,396,334,230,181,162,102,100,86,46,43,30,25,22,15,17,11,5,4,2,3
Datasets/wang/Images/train/class2/204.jpg,3,4,1,2,1,3,6,8,10,9,12,12,23,24,36,43,58,72,126,177,225,268,330,493,619,852,1081,1293,1743,2240,2928,3590,4455,5296,7144,18957,13292,7810,5320,4251,3475,2652,2136,1723,1373,1098,748,606,434,321,230,180,129,118,70,57,39,41,12,10,13,5,8,9
Datasets/wang/Images/train/class2/275.jpg,9,2,2,4,0,3,4,4,12,6,3,4,3,5,15,18,28,39,55,110,209,414,615,847,1291,2690,5577,16198,19057,10165,11450,11601,8213,3733,1963,1181,785,549,432,312,221,149,107,70,34,17,19,16,12,7,4,4,1,5,4,9,0,2,2,0,3,1,4,5
Datasets/wang/Images/train/class2/266.jpg,5,5,10,10,10,20,30,32,44,62,88,91,158,172,199,245,339,488,734,1138,1554,2233,3437,5824,6531,7824,9813,11610,12559,11337,8421,4850,2614,1555,1112,828,552,351,284,227,185,167,126,89,93,53,31,35,29,21,16,16,9,11,2,6,3,2,2,2,2,2,4,2
Datasets/wang/Images/train/class2/227.jpg,2,3,7,13,4,12,14,20,23,35,57,68,102,110,157,204,235,262,374,458,561,732,878,1078,1438,1719,2339,14689,5979,5244,16459,12269,8005,3942,3206,2970,2642,2244,1990,1584,1299,1083,900,677,506,431,309,241,171,146,104,75,61,42,46,26,13,10,11,3,3,7,10,2
Datasets/wang/Images/train/class2/248.jpg,7,2,3,0,6,10,11,17,16,25,26,42,67,77,114,146,170,189,264,323,430,527,670,853,1246,1626,2238,3007,3664,4302,18741,28040,9653,4767,4097,3504,2358,1650,1150,905,760,663,454,343,291,233,123,117,75,80,59,49,30,14,15,9,9,5,8,5,5,5,2,7
Datasets/wang/Images/train/class2/218.jpg,3,3,0,5,7,3,8,6,8,15,13,19,21,42,52,69,98,143,193,267,336,379,485,543,739,879,1036,1260,1633,2037,2808,6086,6126,6664,6894,9076,8654,9317,9428,5398,3573,2951,2393,1973,1572,1239,981,711,541,399,329,253,177,122,96,59,42,49,34,20,11,9,11,6
Datasets/wang/Images/train/class2/277.jpg,6,1,5,3,9,9,17,19,19,27,35,33,69,57,87,114,160,166,219,248,324,442,538,725,976,1251,1583,2149,2991,5610,5733,7671,9655,9538,9515,8613,6975,5320,4171,3156,2329,1628,1372,1078,853,706,481,345,274,222,167,122,112,93,63,66,43,24,23,21,9,16,9,9
Datasets/wang/Images/train/class2/212.jpg,4,4,2,1,2,3,2,2,7,8,8,10,15,14,39,48,70,89,128,192,274,383,541,771,1058,1443,2067,2903,4422,11294,9465,7526,7609,8045,7646,6980,5792,7627,3596,2363,1731,1180,793,592,419,320,244,174,89,83,56,48,35,21,11,12,9,12,6,1,3,2,3,7
Datasets/wang/Images/train/class2/245.jpg,3,1,3,3,5,3,3,1,9,12,11,35,40,49,94,96,138,198,220,256,365,510,683,925,1447,2329,3878,6440,14948,27375,13947,7021,4630,3241,2327,1726,1280,1007,781,594,429,338,242,207,138,100,54,47,36,27,5,4,8,8,3,4,4,3,0,2,2,2,2,5
Datasets/wang/Images/train/class2/222.jpg,2,3,4,6,18,18,16,24,35,62,102,140,176,190,264,320,459,575,711,919,1012,1473,1885,2569,3341,4372,5341,6301,6580,6868,13954,12216,5515,4034,3402,2883,2410,2013,1775,1396,1120,866,649,564,415,315,207,158,156,116,57,73,55,34,38,27,22,16,10,6,5,5,4,2
Datasets/wang/Images/train/class2/220.jpg,5,14,9,9,25,31,35,33,34,45,56,78,74,82,108,104,130,160,208,253,306,334,446,628,851,5783,24582,13197,9685,7758,8218,7998,4327,3578,2419,1917,1293,848,545,404,304,242,176,167,109,108,126,91,89,79,55,53,26,19,12,8,8,3,4,8,0,3,2,2
Datasets/wang/Images/train/class2/219.jpg,2,1,3,3,2,2,4,5,7,15,13,21,26,26,37,75,76,105,138,213,313,416,470,643,836,999,1394,1861,2581,3731,5147,5089,4932,4938,4914,9398,14191,13610,5543,3541,2758,2137,1656,1377,1113,867,708,625,470,352,292,221,157,85,61,38,29,19,7,3,1,4,0,3
Datasets/wang/Images/train/class2/217.jpg,8,23,23,23,14,18,31,56,61,60,83,99,113,156,179,231,287,396,484,531,771,997,1372,1897,2605,4469,7905,6767,6293,6623,6519,6076,5987,5515,6223,11669,3365,2218,1752,1300,968,869,595,534,444,313,310,238,166,125,110,105,66,52,64,36,30,23,13,26,12,2,1,3
Datasets/wang/Images/train/class2/247.jpg,7,3,15,16,19,32,63,82,115,159,214,263,365,467,587,708,801,1111,1569,1871,2606,3373,4554,6005,7484,7653,7736,7728,7309,6657,5522,4399,3554,2827,2305,1872,1520,1193,969,849,714,579,472,444,343,224,216,171,164,114,98,58,35,27,11,11,8,4,9,9,5,2,2,2
Datasets/wang/Images/train/class2/236.jpg,4,4,8,7,4,4,13,15,27,36,41,49,52,59,79,83,102,131,207,238,363,441,612,907,1741,3378,10364,11437,16539,15644,12501,8522,4989,3204,2290,1184,833,536,399,249,186,138,107,98,76,69,56,47,31,32,37,28,13,8,13,11,10,7,11,8,6,5,5,6
Datasets/wang/Images/train/class2/201.jpg,3,1,11,15,18,24,30,25,30,34,36,54,71,76,96,118,151,172,215,292,349,405,583,809,1183,1792,3125,6105,13164,10247,6975,5694,5217,14368,13696,5878,1846,1322,1006,703,547,394,288,213,182,137,125,88,74,64,53,43,37,22,21,14,15,17,2,7,5,5,6,6
Datasets/wang/Images/train/class2/249.jpg,3,5,5,9,10,18,28,34,34,54,79,108,138,166,188,288,342,444,591,741,994,1329,1781,2439,3305,4639,7483,9022,10364,10231,8897,7802,6140,4637,3461,2733,2063,1625,1323,1068,781,572,423,362,320,248,188,158,131,113,91,63,64,39,30,20,25,14,12,14,3,6,1,5
Datasets/wang/Images/train/class2/259.jpg,5,9,6,11,12,15,22,17,28,49,48,86,118,163,186,251,314,494,651,955,1377,1892,2529,3403,5750,6056,6579,7211,8246,8636,8287,7311,6045,4888,4015,2915,2169,1705,1260,1050,836,657,535,403,310,253,167,120,74,42,29,21,22,11,7,9,8,5,6,6,3,9,3,4
Datasets/wang/Images/train/class2/237.jpg,2,5,6,11,12,21,14,27,32,51,57,51,80,122,151,218,313,441,640,958,1424,2190,3019,5222,8343,9837,13048,15594,13155,8115,4917,3171,2020,1445,1053,746,529,343,270,202,134,83,57,38,36,21,12,17,2,8,2,7,5,5,3,3,3,1,3,1,4,0,2,2
Datasets/wang/Images/train/class2/209.jpg,4,2,4,5,7,10,7,21,15,29,32,34,55,60,71,108,123,171,190,270,387,581,737,1094,1580,2466,4002,5892,7459,8350,8542,7065,6118,5473,5046,4530,6877,10354,2363,1805,1423,1168,857,631,479,366,285,241,179,161,123,113,81,75,57,35,26,20,13,12,2,6,5,7
Datasets/wang/Images/train/class2/223.jpg,3,0,2,3,6,6,9,7,7,12,7,6,10,6,13,12,16,35,48,59,87,119,131,208,297,391,584,863,1280,2074,3545,7366,21584,13599,11483,7772,5089,12700,2897,1554,1101,816,590,464,332,254,203,152,133,91,66,51,44,38,22,7,13,10,5,7,4,4,3,4
Datasets/wang/Images/train/class2/255.jpg,5,3,4,4,10,8,17,16,21,22,30,31,35,66,78,104,200,259,389,428,612,871,1297,1924,2766,3855,5574,7124,8023,8841,9031,8945,8359,7371,5988,4553,3151,2291,1656,1257,851,626,434,285,201,147,147,90,70,55,56,36,28,18,11,7,6,2,3,2,3,2,3,2
Datasets/wang/Images/train/class2/243.jpg,5,6,7,7,19,22,18,14,27,18,27,34,46,56,74,91,112,148,202,243,339,400,597,786,1011,1360,1611,2033,2535,4045,4594,5630,21588,13757,7550,6337,4982,3985,3158,2352,1825,1392,1040,829,658,576,437,327,290,253,194,131,127,91,88,58,41,30,25,18,24,11,8,5
Datasets/wang/Images/train/class2/254.jpg,3,1,1,3,12,10,22,20,31,40,51,43,64,59,83,157,228,423,613,957,1441,2032,3056,4787,7552,9302,10215,9457,7971,6349,5197,5095,16746,2096,1156,832,496,335,272,197,136,144,111,119,84,36,47,35,26,35,24,16,23,16,13,4,3,7,5,5,1,2,2,5
Datasets/wang/Images/train/class2/233.jpg,8,3,2,3,11,7,13,12,10,15,21,12,19,21,28,45,49,57,77,103,127,151,210,253,349,505,718,1070,1695,3289,16913,15424,16161,12262,9434,5790,3587,2711,1961,1390,1068,700,478,334,287,260,175,128,93,48,36,32,24,28,18,16,13,8,11,10,10,4,3,4
Datasets/wang/Images/train/class2/238.jpg,2,2,0,8,9,7,14,13,21,27,36,57,84,86,112,151,187,244,325,380,498,614,790,1171,1577,2185,3107,5108,7802,9654,13148,15116,10054,7085,5037,3431,2402,1706,1205,964,787,632,456,399,336,259,206,159,115,103,80,73,63,57,33,31,22,19,14,13,13,4,6,5
Datasets/wang/Images/train/class2/224.jpg,1,0,3,2,5,0,6,13,11,24,16,28,37,42,58,62,75,106,126,205,205,269,403,511,751,1092,1411,2652,4445,3988,24747,16249,14873,11787,5425,2332,1536,922,738,562,463,407,304,273,223,184,150,103,100,66,72,62,58,21,25,18,12,13,8,8,5,4,4,3
Datasets/wang/Images/train/class2/273.jpg,3,1,4,4,3,4,8,7,10,20,37,59,61,88,154,234,355,518,673,974,1346,1898,2889,4107,7465,35526,9385,7289,6099,4725,3678,2895,2147,1630,1067,852,535,391,311,227,145,106,87,61,45,47,32,17,13,12,7,7,7,8,3,5,5,3,3,3,3,1,1,4
Datasets/wang/Images/train/class2/208.jpg,4,1,1,4,5,4,4,3,2,2,2,8,3,3,5,5,6,14,33,47,53,92,133,194,337,789,2195,16863,17261,15451,15574,16198,8148,2777,819,386,226,148,121,76,48,42,36,45,32,21,8,12,11,3,3,5,5,5,3,2,3,6,2,4,1,3,3,4
Datasets/wang/Images/train/class2/216.jpg,3,2,4,4,2,4,2,5,5,3,4,3,12,5,6,8,4,8,11,17,27,31,57,79,116,152,213,344,476,782,1169,1833,3198,6575,22930,13433,10312,12512,11003,5088,2865,1952,1178,616,372,229,182,107,99,50,29,24,16,17,15,19,13,15,15,12,17,10,6,4
Datasets/wang/Images/train/class2/215.jpg,7,17,19,19,26,37,49,61,52,91,105,118,188,232,303,401,586,728,1077,1478,2174,7331,5144,3356,7045,19841,12548,11633,9702,3804,2619,1861,1330,910,654,551,458,417,272,245,214,187,134,71,57,31,30,20,13,7,8,5,8,4,3,1,5,2,2,2,2,3,3,3
Datasets/wang/Images/train/class2/251.jpg,4,1,4,4,6,6,10,12,11,17,32,35,25,63,72,80,139,156,196,281,412,568,666,948,1279,1699,2391,3224,4704,6691,9991,23053,11373,7376,5529,4338,3333,2540,1846,1309,981,675,522,438,330,226,159,130,94,88,57,45,37,18,15,14,17,10,7,6,6,2,1,2
Datasets/wang/Images/train/class2/229.jpg,3,2,3,3,4,4,4,4,10,18,38,26,25,34,34,32,36,47,43,48,102,124,228,372,579,1161,2322,5335,13257,18518,30640,11106,6423,3459,1881,1000,516,273,147,96,45,27,23,19,25,18,16,12,19,14,19,9,10,7,12,7,14,16,7,9,7,5,3,4
Datasets/wang/Images/train/class2/258.jpg,3,2,6,5,9,7,10,4,15,16,25,12,22,28,30,27,37,48,60,86,119,174,253,346,581,1030,1806,3974,6867,5250,7482,9166,6053,8973,39073,2557,1404,876,488,325,208,203,140,119,64,58,42,19,25,19,23,15,17,18,14,12,15,12,10,5,3,3,5,6
Datasets/wang/Images/train/class2/262.jpg,17,13,13,14,15,20,39,48,69,85,108,161,171,226,305,372,551,781,910,1403,1919,2744,4439,10162,15984,14268,7213,6087,5895,5622,6028,3328,2309,1871,1341,1007,746,554,348,240,194,130,105,99,74,61,41,28,18,16,17,13,21,14,10,8,10,2,6,1,3,2,3,2
Datasets/wang/Images/train/class2/270.jpg,6,3,5,3,9,9,16,15,24,25,23,38,42,65,82,126,123,116,175,231,321,378,507,807,1093,1717,2521,3794,5189,14381,27340,14185,12117,5194,2604,1510,1033,619,461,375,241,158,118,79,75,51,63,35,32,29,25,15,17,14,15,7,8,10,5,3,6,4,4,8
Datasets/wang/Images/train/class2/231.jpg,4,6,3,5,14,25,24,29,35,52,48,71,108,161,223,295,423,533,744,989,1288,1892,2581,3873,5831,8482,10993,10956,10943,10030,7519,4988,3639,2706,2114,1554,1263,895,743,528,428,307,206,158,148,104,78,61,43,27,17,21,23,12,8,13,12,5,5,5,7,2,2,2
Datasets/wang/Images/train/class2/276.jpg,4,4,5,9,10,8,10,15,24,31,35,33,43,80,104,149,292,523,827,1346,2478,5418,30402,14012,10206,7153,4784,3315,3123,9441,1429,875,587,434,269,197,146,124,70,63,35,29,16,23,14,11,13,6,9,4,5,7,9,5,9,2,3,4,6,5,4,1,2,4
Datasets/wang/Images/train/class2/202.jpg,2,2,4,2,1,9,6,4,6,9,15,26,25,24,41,55,59,111,110,166,230,302,422,575,708,1014,1525,2186,2813,3565,3822,4421,4876,8989,24656,22293,4327,2853,1975,1429,1061,826,628,490,394,307,220,160,128,126,77,54,41,30,33,17,16,11,12,4,4,4,0,3
Datasets/wang/Images/train/class2/246.jpg,3,2,1,3,3,5,3,10,4,6,7,8,19,12,12,17,33,46,55,85,114,191,326,541,836,1305,1913,3105,5156,8584,11971,14866,14403,16795,10324,2522,1647,999,735,474,320,188,128,95,98,61,43,34,26,24,20,29,15,10,10,10,7,7,3,8,10,8,5,4
Datasets/wang/Images/train/class2/257.jpg,3,3,11,10,27,33,19,35,36,53,73,88,97,150,184,242,351,466,605,736,926,1303,1739,2520,3884,7012,11149,12821,11712,9432,7192,5511,4148,3246,5298,1626,1177,967,715,565,433,373,274,215,179,147,102,77,53,53,39,33,25,27,22,19,17,13,7,8,6,4,4,9
Datasets/wang/Images/train/class2/252.jpg,2,3,2,1,1,3,2,5,7,4,4,9,4,10,18,23,41,52,66,82,113,177,248,273,384,527,678,906,1335,1964,2830,4430,5442,5383,5654,5997,9539,29260,5704,4571,3205,2317,1653,1237,1002,821,574,449,347,238,157,130,103,85,53,49,30,27,20,13,12,14,8,6
Datasets/wang/Images/train/class2/278.jpg,2,1,1,0,7,7,3,16,13,20,16,26,37,54,67,87,119,176,226,275,339,399,496,673,840,1054,1332,1707,2454,4503,5477,5555,4533,3953,12255,18592,14452,5248,2722,2010,1647,1286,1063,822,725,588,508,366,296,238,233,160,133,132,119,72,51,34,22,24,15,9,9,5
Datasets/wang/Images/train/class2/221.jpg,3,2,4,1,9,12,13,14,23,43,54,61,99,99,140,179,247,301,335,407,633,753,957,1206,1577,1900,2219,2859,3787,4511,4642,5106,5692,6439,6847,7161,7111,6659,5707,4809,3840,3022,2233,1704,1297,1003,722,529,379,275,193,163,115,83,53,30,19,11,5,2,1,1,1,2
Datasets/wang/Images/train/class2/203.jpg,3,2,6,8,2,3,3,14,21,41,61,82,102,146,157,209,317,457,543,734,963,1343,1739,2172,2749,3770,5414,7374,7248,7024,7077,18912,6907,4980,3996,3163,2352,1800,1361,1165,915,719,545,415,306,203,158,131,126,83,66,55,54,28,34,7,10,10,6,4,2,3,2,2
Datasets/wang/Images/train/class2/272.jpg,3,1,2,3,4,3,5,4,2,3,4,6,12,13,11,14,15,38,46,92,125,165,224,311,472,610,920,1217,1697,2318,5983,6231,5575,6630,29156,13317,5760,4635,3299,2344,1604,1185,911,724,591,505,342,297,206,173,114,110,67,55,34,25,24,25,7,6,5,7,9,8
Datasets/wang/Images/train/class2/253.jpg,6,12,11,9,17,19,25,23,39,49,66,80,149,170,205,264,309,346,423,597,709,949,1273,1704,2260,3098,4223,5129,5732,6099,6330,9209,20048,13211,3880,2550,1942,1600,1237,924,687,531,468,347,265,219,158,152,121,100,86,71,45,36,23,23,9,14,7,6,2,4,1,3
Datasets/wang/Images/train/class2/244.jpg,3,2,3,3,1,6,11,11,16,19,33,43,52,49,63,80,140,162,209,338,407,566,726,1011,1338,1871,2445,4271,6901,13498,28972,8720,6751,5106,3757,2711,2017,1459,1102,805,614,462,381,313,222,149,128,77,47,46,29,27,20,14,16,21,17,9,6,12,4,4,6,2
Datasets/wang/Images/train/class2/210.jpg,3,0,2,0,5,5,1,1,3,7,7,15,7,26,18,21,37,58,66,89,140,192,284,412,661,957,1383,2221,3294,5364,7960,9562,10063,9719,8715,6984,13828,7060,2560,1740,1342,933,739,516,372,235,179,117,79,65,54,44,30,24,23,22,14,8,7,12,9,4,4,2
Datasets/wang/Images/train/class2/274.jpg,3,4,10,16,21,26,36,41,29,33,57,56,74,77,83,124,154,221,273,435,729,1284,1791,3814,45222,11924,9505,7980,5690,3033,1690,1177,714,442,329,234,199,152,106,86,57,49,54,38,36,31,32,24,22,12,14,9,4,6,8,7,7,5,4,3,3,1,1,3
Datasets/wang/Images/train/class2/250.jpg,8,6,15,16,15,16,36,41,54,49,59,107,131,153,170,184,259,315,364,471,560,684,875,1329,1914,2870,4971,21960,16854,13587,9198,6434,3961,2664,1804,1370,967,698,579,407,343,291,247,201,173,146,129,98,76,62,76,57,60,51,26,24,11,13,11,11,15,12,8,8
Datasets/wang/Images/train/class2/271.jpg,2,3,3,3,7,11,27,39,50,47,69,86,129,153,191,240,318,406,464,622,834,1163,1470,2000,2621,3414,3876,4825,7190,17064,7944,5266,24858,3373,1738,1427,1178,986,768,714,510,435,367,338,257,184,149,131,79,50,57,53,37,19,15,10,7,4,5,4,1,6,3,4
Datasets/wang/Images/train/class2/235.jpg,7,6,3,6,11,13,11,17,34,44,47,73,83,130,168,197,262,370,492,613,836,1221,1846,2525,3304,4216,4827,15708,21818,15206,5813,4751,3913,2876,1767,1112,831,630,512,410,336,268,198,164,132,102,109,62,57,24,29,26,19,12,13,14,2,8,4,5,3,4,1,3
Datasets/wang/Images/train/class2/279.jpg,2,5,9,6,6,9,7,12,9,26,29,26,38,49,55,94,103,185,292,319,498,785,1146,1472,2348,4220,9340,12306,8395,8810,16967,15161,5959,2508,1702,1301,950,731,547,440,350,265,220,125,97,92,66,33,30,17,22,17,12,12,15,8,12,9,4,7,3,7,3,11
Datasets/wang/Images/train/class2/234.jpg,7,5,5,10,12,22,18,14,24,24,20,25,33,53,56,57,69,87,125,134,131,168,179,221,254,334,416,641,34036,1107,2245,10933,13406,12323,10943,5862,1569,508,384,314,276,215,150,140,142,113,74,66,60,57,40,41,36,20,25,17,12,8,8,11,12,3,1,3
Datasets/wang/Images/train/class2/226.jpg,6,2,3,1,2,2,0,4,3,4,6,10,19,20,29,58,68,100,96,152,176,271,306,415,487,602,828,1167,1479,2041,2726,3451,5128,6157,7271,7350,8117,6554,7304,19510,3778,2795,2266,1788,1438,1082,739,561,461,365,247,201,157,126,110,67,56,40,33,31,14,11,9,4
Datasets/wang/Images/train/class2/205.jpg,7,3,4,6,11,4,10,21,29,50,64,99,121,139,169,231,308,409,548,747,1024,1414,1723,2223,3078,4045,22586,19117,16374,5457,4222,3268,2544,1959,1617,1163,859,670,419,339,229,190,140,112,127,93,82,48,28,35,27,27,21,15,12,7,9,4,5,6,1,1,1,3
Datasets/wang/Images/train/class2/200.jpg,6,3,5,8,6,8,16,15,14,28,38,44,45,62,104,126,167,182,269,350,464,597,864,1151,1509,2014,2690,3550,4426,5731,6649,14157,22533,9229,4624,3654,3027,2168,1696,1275,995,819,560,475,388,288,264,215,168,116,130,86,64,61,46,26,26,17,10,13,18,7,5,3
Datasets/wang/Images/train/class2/261.jpg,17,16,11,11,15,17,10,14,13,24,35,44,42,70,107,141,146,194,280,397,522,766,950,1249,1662,2209,2966,4071,6568,11416,8178,7878,7036,13018,7178,4960,3716,2944,2157,1632,1320,962,713,544,410,353,306,225,201,140,87,78,61,44,26,29,20,12,18,13,14,14,21,13
Datasets/wang/Images/train/class2/264.jpg,3,3,3,13,6,13,18,22,25,38,34,54,46,93,118,175,192,254,281,368,448,591,702,854,1183,1507,1927,4405,21799,13951,11528,12850,9679,3263,2142,1721,1500,1285,953,837,665,545,490,392,270,222,143,133,159,116,74,65,49,37,13,14,6,9,5,2,4,0,4,3
Datasets/wang/Images/train/class2/228.jpg,6,3,8,9,14,12,20,15,16,20,22,42,51,69,106,106,165,268,415,546,878,1365,2070,4489,18971,15688,18213,13682,6215,4691,3326,2308,1662,1100,683,377,224,115,91,39,27,29,25,14,11,6,7,4,6,10,7,7,6,2,6,4,5,6,5,6,3,4,0,4
Datasets/wang/Images/train/class2/242.jpg,4,1,4,3,7,1,4,2,4,6,7,11,12,15,28,29,40,40,66,76,114,153,221,238,347,495,701,827,1031,1430,1730,2189,2933,13549,24446,24095,7166,3973,2846,2067,1592,1279,1026,899,613,470,357,299,241,197,117,71,60,38,34,26,14,16,13,10,9,7,3,2
Datasets/wang/Images/train/class2/225.jpg,3,2,4,3,4,6,12,19,28,36,45,70,102,151,219,240,275,396,543,747,972,1330,1839,2278,3136,5186,7948,8878,11954,9904,6570,5130,4286,4942,10164,2403,1840,1452,1145,844,662,481,413,339,289,242,160,137,107,97,59,49,42,28,22,19,12,15,7,10,1,3,2,2
Datasets/wang/Images/train/class2/260.jpg,3,4,10,6,5,9,9,12,29,45,71,80,100,156,187,295,451,537,828,1288,1716,2458,3562,5313,8392,10446,10777,10306,8978,7895,6566,4873,3451,2487,1853,1344,990,749,594,425,252,216,143,89,70,58,42,34,26,17,15,1,1,4,2,3,2,4,4,9,3,4,3,2
Datasets/wang/Images/train/class2/214.jpg,4,3,9,5,13,14,24,23,33,37,63,51,55,77,95,122,158,181,218,234,248,340,431,593,824,1179,1848,5006,10778,38162,21226,5935,3479,2135,1168,714,516,383,304,270,201,155,165,125,84,82,77,70,66,54,61,40,46,30,29,21,10,10,4,8,2,3,1,2
Datasets/wang/Images/train/class2/211.jpg,4,3,4,2,3,10,3,14,14,11,18,22,45,49,58,66,118,160,245,325,530,721,902,1322,1953,2806,4311,11712,17688,12037,10333,9545,7932,5403,3307,2126,1415,940,643,456,275,183,118,114,73,39,30,27,24,23,29,6,14,14,13,7,12,15,6,5,2,4,4,11
Datasets/wang/Images/train/class2/265.jpg,6,3,2,12,13,17,27,22,52,51,71,73,102,152,213,307,414,557,734,960,1407,2077,3315,5503,10068,12325,11395,7784,5222,3736,3330,8404,12991,1672,1269,914,740,557,396,315,250,169,141,98,92,81,47,55,30,21,20,14,18,12,3,5,6,9,9,3,4,3,3,3
Datasets/wang/Images/train/class2/256.jpg,6,12,18,19,16,25,40,40,38,67,94,106,137,209,248,365,487,754,1043,1653,3047,4920,8187,9550,9305,8365,6704,5586,3984,9806,19213,1203,825,674,420,314,231,161,95,72,46,39,49,26,13,19,13,5,10,5,2,6,5,1,4,2,1,4,4,3,2,2,1,3
Datasets/wang/Images/train/class2/240.jpg,5,1,5,2,4,8,9,11,9,22,31,44,48,48,78,98,131,172,242,265,274,339,457,643,849,1113,1509,2340,5056,13410,13023,12146,11365,9308,7239,5007,3370,2239,1632,1265,956,718,555,392,345,263,216,189,170,128,105,99,88,59,39,46,31,19,24,12,6,15,8,4
Datasets/wang/Images/train/class2/268.jpg,5,0,3,1,3,3,7,7,7,12,8,16,19,51,56,81,108,132,215,298,469,890,1840,4127,13507,20468,17493,11882,8476,6571,4732,2524,1569,831,625,359,239,173,141,92,73,41,42,18,12,9,7,8,6,4,3,6,6,5,3,3,2,4,2,1,1,3,2,3
Datasets/wang/Images/train/class2/267.jpg,4,2,4,3,2,7,5,9,6,10,20,22,37,56,98,106,194,272,382,558,869,1359,2454,4692,8927,15773,21550,19430,10849,4945,2147,1247,780,483,310,183,146,97,68,48,27,20,12,13,15,8,6,9,1,3,5,1,2,3,2,1,4,4,2,3,3,2,1,3
Datasets/wang/Images/train/class2/207.jpg,3,2,3,1,2,1,5,2,2,4,0,6,5,2,5,5,14,14,18,32,64,108,138,285,531,967,2048,8506,10824,11463,13092,12579,12774,17901,3819,1357,762,322,217,161,60,43,30,28,27,13,4,7,5,6,7,0,2,4,2,1,4,2,3,4,3,2,0,3
Datasets/wang/Images/train/class2/230.jpg,3,1,2,7,10,13,12,23,36,45,49,69,87,118,148,186,219,243,325,334,452,564,752,911,1131,1417,1859,2680,4468,8118,7432,5783,5630,10271,11318,6348,5066,4288,3496,2788,2269,1908,1667,1319,1065,866,623,447,310,258,211,175,128,102,83,35,39,24,20,13,22,5,5,8
Datasets/wang/Images/train/class2/213.jpg,3,1,3,0,2,7,4,11,15,15,12,17,29,16,29,46,78,85,117,141,180,216,288,366,445,570,657,942,1397,2552,26061,23429,15032,4934,4730,3855,2870,2257,1967,1317,811,579,431,342,284,248,198,156,124,93,82,63,50,35,24,27,16,17,12,5,5,2,1,3
Datasets/wang/Images/train/class2/263.jpg,6,5,7,5,9,4,15,16,14,24,41,42,62,70,98,133,150,193,256,287,357,366,443,571,651,871,1077,1435,2699,9219,18629,15841,12531,11180,5668,3233,2273,1721,1336,1147,968,770,680,606,539,397,336,258,219,209,171,103,90,76,50,36,29,28,15,19,10,3,5,2
Datasets/wang/Images/train/class2/206.jpg,2,3,3,3,1,4,3,2,4,3,3,5,12,9,14,26,42,58,69,91,143,187,332,459,776,1100,1664,2647,4366,11066,11611,12027,10589,9762,8082,6513,4905,3564,2546,1666,1144,802,567,400,276,186,162,80,70,53,40,36,22,21,23,10,13,7,3,7,8,4,4,4
Datasets/wang/Images/train/class2/232.jpg,2,5,2,10,9,23,34,42,45,53,73,118,150,218,327,397,616,775,1077,1428,1765,2364,3328,4834,5618,6383,6800,7029,9359,15063,10833,4387,3646,2818,2135,1518,1097,862,695,533,383,318,233,219,128,100,104,92,64,48,39,22,19,19,7,11,7,4,1,3,3,2,2,5
Datasets/wang/Images/train/class2/241.jpg,3,2,3,0,8,7,5,8,20,17,21,24,47,68,84,149,165,222,275,379,477,744,979,1347,1868,2426,3412,4528,5518,7630,19703,16416,13964,5340,3171,2346,1662,1327,1013,716,532,421,317,238,180,140,105,75,49,40,32,14,12,12,9,9,3,2,2,2,2,5,7,2
