image_path,glcm_hist_0,glcm_hist_1,glcm_hist_2,glcm_hist_3,glcm_hist_4,glcm_hist_5,glcm_hist_6,glcm_hist_7,glcm_hist_8,glcm_hist_9,glcm_hist_10,glcm_hist_11,glcm_hist_12,glcm_hist_13,glcm_hist_14,glcm_hist_15,glcm_hist_16,glcm_hist_17,glcm_hist_18,glcm_hist_19,glcm_hist_20,glcm_hist_21,glcm_hist_22,glcm_hist_23,glcm_hist_24,glcm_hist_25,glcm_hist_26,glcm_hist_27,glcm_hist_28,glcm_hist_29,glcm_hist_30,glcm_hist_31,glcm_hist_32,glcm_hist_33,glcm_hist_34,glcm_hist_35,glcm_hist_36,glcm_hist_37,glcm_hist_38,glcm_hist_39,glcm_hist_40,glcm_hist_41,glcm_hist_42,glcm_hist_43,glcm_hist_44,glcm_hist_45,glcm_hist_46,glcm_hist_47,glcm_hist_48,glcm_hist_49,glcm_hist_50,glcm_hist_51,glcm_hist_52,glcm_hist_53,glcm_hist_54,glcm_hist_55,glcm_hist_56,glcm_hist_57,glcm_hist_58,glcm_hist_59,glcm_hist_60,glcm_hist_61,glcm_hist_62,glcm_hist_63
Datasets/wang/Images/train/class3/319.jpg,62087,1758,645,308,213,125,75,58,30,30,23,17,15,17,10,7,3,13,8,8,10,15,6,3,4,2,3,2,5,3,2,2,1,1,1,5,2,0,3,1,3,3,0,1,0,0,0,0,0,1,0,1,2,0,1,0,0,0,0,0,1,0,0,2
Datasets/wang/Images/train/class3/330.jpg,65157,209,75,25,13,12,10,8,2,4,3,4,3,3,1,0,0,0,0,0,1,1,0,0,1,1,1,0,1,0,0,0,0,0,0,0,0,0,0,0,0,0,0,0,0,0,0,0,0,0,0,0,0,0,0,0,0,0,0,0,0,0,0,1
Datasets/wang/Images/train/class3/360.jpg,62082,2142,670,281,125,82,47,32,11,14,5,2,4,8,5,5,2,2,5,2,3,4,0,0,1,0,1,0,0,0,0,0,0,0,0,0,0,0,0,0,0,0,0,0,0,0,0,0,0,0,0,0,0,0,0,0,0,0,0,0,0,0,0,1
Datasets/wang/Images/train/class3/363.jpg,65184,221,64,30,9,2,1,2,2,1,2,2,0,1,0,0,2,0,2,3,0,0,0,1,1,0,1,0,0,0,0,0,0,0,1,2,0,0,0,0,0,0,1,0,0,0,0,0,0,0,0,0,0,0,0,0,0,0,0,0,0,0,0,1
Datasets/wang/Images/train/class3/376.jpg,64279,761,189,99,61,32,23,22,14,5,5,0,8,8,5,2,2,2,2,1,1,0,1,0,0,0,1,1,0,0,1,3,2,0,0,0,1,0,0,0,0,0,1,0,0,0,0,0,1,1,0,0,1,0,0,0,0,0,0,0,0,0,0,1
Datasets/wang/Images/train/class3/355.jpg,63023,1695,434,129,73,32,38,18,23,15,6,15,6,3,2,3,0,1,1,1,1,2,2,1,0,0,1,2,2,0,0,1,2,0,0,0,0,0,0,0,0,0,0,0,0,0,0,0,0,2,0,1,0,0,0,0,0,0,0,0,0,0,0,1
Datasets/wang/Images/train/class3/346.jpg,65192,252,47,13,10,11,0,0,1,0,1,1,2,2,2,0,0,0,0,0,0,0,0,0,0,0,0,0,1,0,0,0,0,0,0,0,0,0,0,0,0,0,0,0,0,0,0,0,0,0,0,0,0,0,0,0,0,0,0,0,0,0,0,1
Datasets/wang/Images/train/class3/335.jpg,65244,160,60,14,11,9,6,5,5,5,4,3,1,1,1,1,1,0,0,0,0,0,1,0,0,0,1,0,0,1,0,0,0,0,0,0,0,0,1,0,0,0,0,0,0,0,0,0,0,0,0,0,0,0,0,0,0,0,0,0,0,0,0,1
Datasets/wang/Images/train/class3/320.jpg,64596,551,153,69,36,25,24,18,7,4,2,4,5,3,2,3,7,5,1,4,2,0,0,1,0,0,0,2,2,0,0,0,1,0,1,0,1,0,0,1,1,0,0,0,0,0,0,0,0,0,1,0,0,0,0,0,2,0,0,0,0,0,1,1
Datasets/wang/Images/train/class3/343.jpg,62226,2096,662,154,96,54,37,21,21,15,23,9,6,12,4,6,7,11,6,8,9,2,2,4,4,0,2,1,1,2,1,0,1,1,3,1,1,1,0,3,0,0,1,2,1,0,3,3,1,1,1,3,1,1,0,0,2,1,1,0,0,0,0,1
Datasets/wang/Images/train/class3/356.jpg,65373,115,17,8,3,1,4,1,3,2,2,1,1,1,0,0,0,1,0,0,0,1,0,0,0,0,0,0,0,1,0,0,0,0,0,0,0,0,0,0,0,0,0,0,0,0,0,0,0,0,0,0,0,0,0,0,0,0,0,0,0,0,0,1
Datasets/wang/Images/train/class3/372.jpg,65208,185,66,24,11,9,10,5,6,2,2,2,0,2,0,0,0,0,0,0,0,0,0,0,0,1,0,0,0,0,0,0,0,0,0,1,0,0,0,0,0,0,0,0,0,0,1,0,0,0,0,0,0,0,0,0,0,0,0,0,0,0,0,1
Datasets/wang/Images/train/class3/336.jpg,61242,2745,699,402,158,74,38,26,17,30,9,9,7,9,5,3,3,5,0,8,2,2,3,5,7,2,1,3,2,1,1,2,1,2,2,0,0,0,0,0,1,1,0,1,1,1,1,1,0,0,0,0,0,0,0,1,0,2,0,0,0,0,0,1
Datasets/wang/Images/train/class3/322.jpg,63872,936,286,114,69,61,36,30,21,16,13,18,4,11,11,1,3,1,2,3,0,1,1,1,2,2,0,1,6,2,1,1,0,1,1,0,2,0,0,0,0,0,1,0,0,0,0,0,0,0,0,0,1,0,0,0,1,1,0,1,0,0,0,1
Datasets/wang/Images/train/class3/359.jpg,62269,1533,655,287,222,118,87,49,29,33,26,18,24,23,16,12,11,11,8,8,5,7,16,7,5,5,4,1,11,8,0,5,2,2,1,1,2,1,1,1,2,1,1,0,0,1,0,2,1,0,1,0,0,0,0,0,2,0,0,0,0,0,0,1
Datasets/wang/Images/train/class3/375.jpg,65083,305,54,33,20,7,2,1,8,3,4,4,4,3,1,1,1,0,0,0,0,0,0,0,0,0,0,0,0,0,0,0,0,0,0,0,0,0,0,0,0,0,0,0,0,0,1,0,0,0,0,0,0,0,0,0,0,0,0,0,0,0,0,1
Datasets/wang/Images/train/class3/333.jpg,64204,895,180,80,32,31,20,18,19,7,6,5,2,2,2,4,1,2,1,3,1,2,1,1,1,0,0,2,1,0,1,0,2,1,1,0,1,1,0,0,1,0,1,1,0,0,0,1,0,0,0,0,0,0,1,0,0,0,0,0,0,0,0,1
Datasets/wang/Images/train/class3/314.jpg,63041,1092,451,199,174,89,82,71,55,46,19,35,12,21,20,14,12,6,8,11,7,11,9,10,8,3,1,2,4,0,3,1,2,2,3,1,1,2,0,0,0,0,0,1,0,2,0,0,1,0,0,0,0,0,0,0,0,1,0,0,0,2,0,1
Datasets/wang/Images/train/class3/321.jpg,64279,797,165,83,41,33,24,27,15,12,7,6,6,1,5,4,2,4,3,2,2,3,1,5,0,1,1,2,0,1,0,0,0,0,0,0,0,0,0,1,0,0,0,0,0,0,0,0,0,0,0,0,0,0,0,0,0,0,2,0,0,0,0,1
Datasets/wang/Images/train/class3/347.jpg,64601,508,175,97,41,34,13,11,8,5,7,2,3,1,0,1,5,1,1,0,1,2,1,1,0,0,1,1,0,0,0,1,1,2,2,1,0,1,0,0,0,0,0,0,1,0,0,2,0,0,0,0,1,0,0,0,0,0,2,0,0,0,0,1
Datasets/wang/Images/train/class3/378.jpg,64757,425,141,56,32,19,14,17,7,9,5,8,7,7,4,3,0,1,3,0,2,0,0,1,0,1,1,0,0,0,1,0,0,0,2,0,1,1,0,0,1,0,1,0,2,0,1,0,1,0,1,1,1,0,1,0,0,0,0,0,0,0,0,1
Datasets/wang/Images/train/class3/311.jpg,63240,1195,396,190,97,74,48,30,30,27,37,35,13,19,13,14,11,14,7,5,5,3,2,2,5,0,3,2,0,1,0,0,2,0,0,0,0,0,0,0,0,0,0,0,0,2,1,1,0,0,0,0,0,0,1,0,1,1,1,2,1,2,2,1
Datasets/wang/Images/train/class3/307.jpg,62132,2433,588,205,81,34,23,13,5,4,3,0,3,1,0,3,0,1,1,0,1,1,1,0,0,0,1,0,0,0,0,0,0,0,0,0,0,0,0,0,0,0,0,0,0,0,0,0,0,0,0,0,0,1,0,0,0,0,0,0,0,0,0,1
Datasets/wang/Images/train/class3/340.jpg,64303,756,249,77,44,37,13,12,7,7,5,2,6,3,0,2,0,2,0,1,1,0,1,1,1,2,0,0,0,0,0,0,0,0,0,0,0,0,0,0,0,1,0,0,1,0,0,0,0,0,0,0,0,0,0,0,0,0,1,0,0,0,0,1
Datasets/wang/Images/train/class3/331.jpg,63620,1211,294,140,74,39,27,22,18,18,11,13,5,6,4,2,2,0,2,2,2,0,0,2,3,2,0,0,1,3,1,0,0,0,0,0,1,1,1,2,0,0,0,1,0,0,0,0,0,0,0,1,1,0,1,0,0,0,1,0,0,0,0,2
Datasets/wang/Images/train/class3/371.jpg,65133,201,86,47,17,11,1,4,3,1,1,2,3,1,4,5,6,3,2,0,0,0,0,0,0,0,0,0,0,1,0,0,0,0,0,0,0,0,0,0,0,0,1,0,0,0,0,0,0,0,0,0,0,0,0,0,0,0,0,1,0,0,1,1
Datasets/wang/Images/train/class3/366.jpg,64343,685,226,117,70,36,18,9,5,5,1,4,0,1,1,0,1,1,1,2,0,0,2,2,0,0,1,0,0,0,1,0,1,0,0,0,0,0,0,0,0,0,0,1,0,0,0,0,0,0,0,1,0,0,0,0,0,0,0,0,0,0,0,1
Datasets/wang/Images/train/class3/379.jpg,62661,1583,513,257,129,92,67,47,29,18,19,12,11,2,9,11,10,6,4,5,6,8,3,5,1,6,3,1,2,1,0,2,0,1,1,1,0,0,0,1,0,1,1,1,0,1,0,0,1,0,0,1,0,0,1,0,0,0,0,1,0,0,0,1
Datasets/wang/Images/train/class3/306.jpg,65475,35,13,1,0,0,2,3,2,1,0,1,1,1,0,0,0,0,0,0,0,0,0,0,0,0,0,0,0,0,0,0,0,0,0,0,0,0,0,0,0,0,0,0,0,0,0,0,0,0,0,0,0,0,0,0,0,0,0,0,0,0,0,1
Datasets/wang/Images/train/class3/338.jpg,64276,810,196,84,43,23,14,21,19,9,7,5,3,1,1,0,2,1,0,0,3,2,3,2,0,1,4,1,2,1,0,0,0,0,0,1,0,0,0,0,0,0,0,0,0,0,0,0,0,0,0,0,0,0,0,0,0,0,0,0,0,0,0,1
Datasets/wang/Images/train/class3/325.jpg,62893,1617,497,210,92,60,45,19,11,9,12,12,5,5,5,4,3,0,4,5,1,1,1,2,0,0,3,1,4,0,1,0,0,1,1,1,1,0,0,0,0,1,1,0,3,0,0,1,1,0,0,1,0,0,0,0,1,0,0,0,0,0,0,1
Datasets/wang/Images/train/class3/353.jpg,64074,916,237,111,58,23,18,24,16,11,9,6,8,4,1,1,1,1,0,1,1,0,0,1,0,0,0,0,0,1,1,0,0,2,0,1,2,0,1,0,1,1,0,0,0,0,0,0,0,0,0,0,2,0,0,0,0,0,0,0,0,0,1,1
Datasets/wang/Images/train/class3/327.jpg,65475,35,9,6,4,1,2,1,1,0,0,0,0,0,0,0,0,1,0,0,0,0,0,0,0,0,0,0,0,0,0,0,0,0,0,0,0,0,0,0,0,0,0,0,0,0,0,0,0,0,0,0,0,0,0,0,0,0,0,0,0,0,0,1
Datasets/wang/Images/train/class3/357.jpg,65321,135,31,13,9,12,0,3,0,2,1,0,2,0,0,0,0,1,0,0,0,0,0,1,0,0,0,0,0,0,0,0,0,0,0,0,0,0,0,0,2,0,0,0,0,0,0,2,0,0,0,0,0,0,0,0,0,0,0,0,0,0,0,1
Datasets/wang/Images/train/class3/318.jpg,62383,1595,600,314,201,125,90,60,39,37,22,9,9,14,5,7,1,4,4,1,2,1,1,3,2,1,0,0,0,0,0,0,0,1,0,0,1,1,0,0,0,1,0,0,1,0,0,0,0,0,0,0,0,0,0,0,0,0,0,0,0,0,0,1
Datasets/wang/Images/train/class3/364.jpg,65302,101,39,20,18,16,9,3,1,2,1,4,2,2,1,0,0,1,0,2,1,0,0,0,2,0,0,0,1,0,2,1,1,0,0,1,0,0,0,0,0,0,0,1,0,0,0,0,0,0,0,0,0,0,1,0,0,0,0,0,0,0,0,1
Datasets/wang/Images/train/class3/337.jpg,64776,416,111,63,44,27,19,17,3,6,5,2,7,1,4,4,1,2,5,3,0,2,0,1,0,0,5,0,1,0,1,1,1,0,2,2,1,0,0,0,1,0,0,0,1,0,0,0,0,0,0,0,0,0,0,0,0,0,0,0,0,0,0,1
Datasets/wang/Images/train/class3/323.jpg,63591,883,324,172,141,90,68,49,23,23,21,11,27,12,12,7,6,7,9,7,8,2,6,4,2,2,4,1,0,1,3,0,1,1,0,1,0,0,0,1,2,0,1,2,0,1,1,1,0,1,2,0,0,0,0,0,1,0,0,0,1,2,0,1
Datasets/wang/Images/train/class3/334.jpg,65300,138,36,16,9,8,8,3,3,1,0,1,2,2,1,1,0,0,0,1,0,0,0,0,0,0,0,0,0,1,0,0,0,0,1,0,0,1,0,0,0,0,0,0,0,0,0,1,0,0,0,0,1,0,0,0,0,0,0,0,0,0,0,1
Datasets/wang/Images/train/class3/350.jpg,62310,1669,579,314,173,121,85,47,39,24,31,24,17,13,16,13,6,5,8,5,7,5,2,3,3,2,2,1,1,0,0,0,0,0,2,1,2,0,0,1,0,0,2,0,0,0,0,1,0,0,0,0,0,0,1,0,0,0,0,0,0,0,0,1
Datasets/wang/Images/train/class3/341.jpg,64586,597,154,70,47,25,18,13,3,4,2,0,3,1,2,2,2,2,0,0,0,0,0,0,0,0,0,0,0,0,0,0,1,0,0,0,0,0,0,0,0,0,0,1,1,0,0,0,0,0,0,0,0,0,0,0,1,0,0,0,0,0,0,1
Datasets/wang/Images/train/class3/309.jpg,64181,663,268,120,79,65,37,13,12,13,18,14,5,5,4,6,7,6,2,2,1,1,0,0,0,1,2,1,0,0,0,1,0,2,1,1,0,2,0,1,0,0,0,0,0,0,0,0,1,0,0,0,0,0,0,0,0,0,0,0,0,0,0,1
Datasets/wang/Images/train/class3/373.jpg,65210,174,44,26,20,16,11,0,2,2,3,6,4,6,4,0,0,0,0,0,0,0,0,0,1,0,1,0,1,0,0,1,0,0,0,0,1,0,0,0,0,0,0,0,0,0,0,0,0,1,0,0,0,1,0,0,0,0,0,0,0,0,0,1
Datasets/wang/Images/train/class3/315.jpg,64338,761,190,87,42,32,26,18,12,3,3,2,1,3,2,1,2,2,2,0,0,1,0,0,1,0,0,2,0,0,0,0,1,0,0,0,0,0,0,0,2,0,0,0,0,1,0,0,0,0,0,0,0,0,0,0,0,0,0,0,0,0,0,1
Datasets/wang/Images/train/class3/329.jpg,65344,115,33,9,7,6,6,4,2,1,1,0,1,1,1,0,0,1,0,0,0,0,0,0,1,0,0,2,0,0,0,0,0,0,0,0,0,0,0,0,0,0,0,0,0,0,0,0,0,0,0,0,0,0,0,0,0,0,0,0,0,0,0,1
Datasets/wang/Images/train/class3/342.jpg,64385,659,239,120,41,27,10,7,3,2,4,4,5,4,3,5,3,2,1,1,1,0,0,0,0,0,1,0,1,0,0,0,0,1,1,0,0,0,0,0,1,0,0,0,0,0,1,0,0,1,0,1,1,0,0,0,0,0,0,0,0,0,0,1
Datasets/wang/Images/train/class3/358.jpg,64978,363,96,26,16,14,11,5,1,4,3,1,3,2,3,0,1,3,2,0,0,0,0,0,0,1,0,0,0,0,0,0,0,0,0,0,0,0,0,0,0,0,0,0,0,0,0,0,0,0,0,0,1,0,1,0,0,0,0,0,0,0,0,1
Datasets/wang/Images/train/class3/345.jpg,64774,429,157,69,29,19,18,4,9,5,1,3,1,3,4,2,2,0,1,0,0,0,0,0,1,0,0,0,0,0,0,0,1,0,0,1,0,0,0,0,0,0,0,1,0,0,0,0,0,1,0,0,0,0,0,0,0,0,0,0,0,0,0,1
Datasets/wang/Images/train/class3/339.jpg,64726,469,138,80,41,24,13,13,6,3,2,2,0,1,1,2,0,3,2,1,0,0,1,2,1,0,0,0,0,0,2,0,0,0,0,0,0,0,0,0,0,1,0,0,0,0,0,0,0,0,0,0,0,0,0,0,0,0,0,0,0,0,0,2
Datasets/wang/Images/train/class3/302.jpg,64087,886,242,98,50,42,17,15,15,9,7,5,10,5,6,6,11,5,6,3,1,0,1,0,0,0,0,0,0,1,0,1,0,0,0,0,0,1,2,0,0,1,0,0,0,0,1,0,0,0,0,0,0,0,0,0,1,0,0,0,0,0,0,1
Datasets/wang/Images/train/class3/368.jpg,64697,526,131,47,20,16,10,6,6,6,5,7,9,3,3,7,8,0,2,0,0,1,0,0,1,2,0,1,0,1,2,1,0,0,0,0,1,1,2,1,0,1,1,2,0,0,0,1,0,0,1,0,1,0,0,1,0,0,1,0,1,1,0,2
Datasets/wang/Images/train/class3/374.jpg,65305,168,32,9,11,2,2,1,0,0,0,1,0,0,0,1,0,0,0,0,0,0,0,0,1,0,1,1,0,0,0,0,0,0,0,0,0,0,0,0,0,0,0,0,0,0,0,0,0,0,0,0,0,0,0,0,0,0,0,0,0,0,0,1
Datasets/wang/Images/train/class3/352.jpg,64721,533,142,59,24,12,10,2,5,5,2,5,2,0,1,3,0,1,1,0,0,1,0,1,0,0,0,1,0,0,1,0,0,1,0,0,0,0,0,0,0,0,0,0,0,0,0,1,0,0,0,0,0,0,0,0,0,0,0,0,0,1,0,1
Datasets/wang/Images/train/class3/367.jpg,63439,1180,380,195,93,59,50,28,16,13,15,8,6,4,3,4,3,3,3,1,2,1,1,2,4,1,1,1,2,2,1,3,3,1,1,2,0,1,1,0,0,1,0,0,0,0,0,0,0,0,0,0,0,1,0,0,0,0,0,0,0,0,0,1
Datasets/wang/Images/train/class3/370.jpg,62434,1502,602,383,164,136,62,41,32,29,13,17,9,10,15,8,5,8,2,4,4,4,4,3,3,3,2,4,4,3,2,3,3,3,0,0,0,0,0,1,1,2,0,0,1,2,1,0,0,2,0,0,1,0,0,0,0,0,2,1,0,0,0,1
Datasets/wang/Images/train/class3/300.jpg,64497,625,168,99,57,22,8,5,9,7,5,4,5,3,1,1,3,1,2,1,1,0,0,0,0,1,1,1,0,0,0,0,0,1,2,0,0,1,0,0,0,0,1,0,0,2,0,0,1,0,0,0,0,0,0,0,0,0,0,0,0,0,0,1
Datasets/wang/Images/train/class3/365.jpg,61735,2717,601,241,87,48,29,17,12,7,8,6,3,1,0,1,2,1,2,0,2,1,2,1,2,1,1,0,1,0,0,0,1,1,0,0,0,0,0,0,0,0,0,1,1,0,1,0,0,0,0,0,0,0,0,0,1,0,0,0,0,0,0,1
Datasets/wang/Images/train/class3/377.jpg,64067,908,307,107,46,24,18,14,7,7,4,3,4,3,3,4,2,1,1,0,0,0,0,1,0,0,0,0,1,0,0,1,0,0,0,0,0,0,0,0,0,0,0,0,1,0,0,0,0,0,0,0,1,0,0,0,0,0,0,0,0,0,0,1
Datasets/wang/Images/train/class3/305.jpg,64020,814,323,136,65,34,34,20,7,14,14,13,9,5,7,4,1,1,1,2,2,4,1,2,0,0,0,0,0,0,0,0,0,1,0,0,0,0,0,0,0,0,0,0,1,0,0,0,0,0,0,0,0,0,0,0,0,0,0,0,0,0,0,1
Datasets/wang/Images/train/class3/326.jpg,64882,411,108,67,21,14,5,3,5,4,5,2,1,4,1,0,1,0,0,0,0,0,0,0,0,0,0,0,0,0,1,0,0,0,0,0,0,0,0,0,0,0,0,0,0,0,0,0,0,0,0,0,0,0,0,0,0,0,0,0,0,0,0,1
Datasets/wang/Images/train/class3/351.jpg,65268,141,42,30,15,8,6,7,0,4,1,1,2,2,2,2,1,1,0,0,0,0,0,0,0,0,0,0,0,0,0,0,0,1,0,0,0,0,0,0,0,0,0,0,0,0,1,0,0,0,0,0,0,0,0,0,0,0,0,0,0,0,0,1
Datasets/wang/Images/train/class3/312.jpg,64024,817,333,156,83,41,22,18,11,9,4,2,1,1,2,1,1,1,0,1,2,2,1,0,0,0,0,0,0,0,0,1,0,0,0,0,0,0,0,0,1,0,0,0,0,0,0,0,0,0,0,0,0,0,0,0,0,0,0,0,0,0,0,1
Datasets/wang/Images/train/class3/328.jpg,64795,569,79,30,21,7,5,2,4,1,4,1,0,1,5,3,1,3,2,0,0,0,0,0,0,0,0,0,0,1,0,0,0,0,0,0,0,0,0,0,0,0,0,0,0,0,0,0,0,0,0,0,0,1,0,0,0,0,0,0,0,0,0,1
Datasets/wang/Images/train/class3/354.jpg,63678,1082,339,126,72,49,35,18,24,31,14,9,7,6,4,1,2,2,2,1,2,2,1,2,2,1,1,0,1,0,1,0,1,0,2,1,1,0,1,0,0,1,0,0,0,0,1,0,0,0,0,0,2,3,2,1,0,2,1,0,0,1,0,1
Datasets/wang/Images/train/class3/303.jpg,65403,103,12,6,3,0,3,3,0,0,0,0,0,0,1,0,0,1,0,0,0,0,0,0,0,0,0,0,0,0,0,0,0,0,0,0,0,0,0,0,0,0,0,0,0,0,0,0,0,0,0,0,0,0,0,0,0,0,0,0,0,0,0,1
Datasets/wang/Images/train/class3/332.jpg,65366,92,28,23,8,5,4,0,3,2,0,1,1,0,0,0,0,0,0,0,0,1,0,0,0,0,0,1,0,0,0,0,0,0,0,0,0,0,0,0,0,0,0,0,0,0,0,0,0,0,0,0,0,0,0,0,0,0,0,0,0,0,0,1
Datasets/wang/Images/train/class3/301.jpg,64446,603,181,91,51,32,34,22,14,8,6,3,4,2,7,4,2,5,3,2,4,1,1,2,1,1,0,0,1,0,0,1,0,0,0,0,0,0,0,0,0,0,0,0,0,0,0,0,0,1,0,1,0,0,0,0,1,0,0,0,0,0,0,1
Datasets/wang/Images/train/class3/324.jpg,65434,81,9,5,1,3,0,0,0,0,0,0,1,0,0,0,0,0,0,0,0,1,0,0,0,0,0,0,0,0,0,0,0,0,0,0,0,0,0,0,0,0,0,0,0,0,0,0,0,0,0,0,0,0,0,0,0,0,0,0,0,0,0,1
Datasets/wang/Images/train/class3/369.jpg,56133,3446,1759,1081,807,591,375,309,229,217,119,78,77,47,48,45,29,23,33,8,10,14,10,6,8,6,2,4,4,2,0,0,0,0,2,1,2,1,0,0,0,1,1,1,1,0,1,1,0,0,0,0,0,0,0,0,0,0,0,0,0,2,0,2
Datasets/wang/Images/train/class3/344.jpg,65127,207,81,37,26,12,14,5,6,5,3,2,1,0,2,0,2,1,1,0,0,0,0,0,0,0,1,0,0,0,0,0,0,0,0,0,0,0,0,1,0,0,0,0,0,0,1,0,0,0,0,0,0,0,0,0,0,0,0,0,0,0,0,1
Datasets/wang/Images/train/class3/362.jpg,64487,556,234,101,44,36,18,15,10,3,1,6,2,1,1,3,1,2,2,3,2,0,0,0,1,1,0,0,0,0,0,1,0,0,0,0,1,0,0,0,0,1,0,0,0,1,0,0,0,0,0,0,0,0,0,0,0,0,0,0,0,0,1,1
Datasets/wang/Images/train/class3/310.jpg,64356,710,182,73,46,31,30,21,20,10,9,2,1,5,3,2,1,1,3,3,3,2,0,1,2,1,1,0,1,0,3,3,1,0,1,3,1,0,0,1,1,0,0,0,0,0,0,0,0,0,0,0,0,0,0,0,1,0,0,0,0,0,0,1
Datasets/wang/Images/train/class3/313.jpg,63969,913,336,115,62,35,21,13,7,7,8,5,4,6,3,2,4,6,4,4,3,1,0,2,2,0,0,0,0,1,0,0,1,0,0,0,0,0,0,1,0,0,0,0,0,0,0,0,0,0,0,0,0,0,0,0,0,0,0,0,0,0,0,1
Datasets/wang/Images/train/class3/348.jpg,63043,1679,403,164,83,42,21,20,18,8,8,5,1,5,2,5,0,0,2,4,2,3,2,2,3,1,1,0,0,0,1,2,0,0,0,0,0,0,0,0,0,0,0,0,1,0,0,0,0,2,0,0,0,0,0,0,1,0,0,0,0,0,1,1
Datasets/wang/Images/train/class3/316.jpg,64716,448,137,58,54,18,15,23,13,6,7,6,3,4,1,0,4,0,0,3,0,1,2,3,3,0,0,1,1,1,1,0,0,0,0,0,1,1,1,0,0,0,0,0,0,0,2,0,0,0,0,0,0,1,0,0,0,0,0,0,0,0,0,1
Datasets/wang/Images/train/class3/308.jpg,63104,1506,419,160,76,60,39,27,28,15,15,21,13,9,9,5,7,3,3,1,3,4,0,1,1,0,0,0,0,1,0,1,0,0,0,0,0,2,0,0,0,0,0,1,0,0,0,0,0,0,0,0,1,0,0,0,0,0,0,0,0,0,0,1
Datasets/wang/Images/train/class3/361.jpg,65302,153,47,16,4,4,0,0,1,0,0,1,0,1,0,0,0,0,2,1,1,0,0,0,0,1,0,0,0,0,0,0,0,0,0,0,1,0,0,0,0,0,0,0,0,0,0,0,0,0,0,0,0,0,0,0,0,0,0,0,0,0,0,1
Datasets/wang/Images/train/class3/349.jpg,63157,1256,471,200,131,88,50,45,40,17,22,18,13,10,3,4,0,0,1,0,3,1,0,0,1,0,1,1,0,0,0,0,0,0,0,0,0,0,0,0,1,0,0,1,0,0,0,0,0,0,0,0,0,0,0,0,0,0,0,0,0,0,0,1
Datasets/wang/Images/train/class3/317.jpg,64736,491,140,63,25,19,21,10,5,3,1,2,3,1,0,5,2,0,1,1,2,0,2,0,0,1,0,0,0,0,0,0,0,0,0,0,0,0,0,0,0,0,0,0,0,0,0,0,0,0,0,0,0,0,0,0,0,0,0,0,1,0,0,1
Datasets/wang/Images/train/class3/304.jpg,65339,101,58,20,12,0,1,0,1,0,2,0,0,0,0,0,0,1,0,0,0,0,0,0,0,0,0,0,0,0,0,0,0,0,0,0,0,0,0,0,0,0,0,0,0,0,0,0,0,0,0,0,0,0,0,0,0,0,0,0,0,0,0,1
Datasets/wang/Images/train/class1/105.jpg,62281,1138,608,426,312,211,154,113,63,30,27,31,20,18,17,5,10,5,9,5,8,3,3,2,4,2,1,1,4,0,1,1,1,1,0,0,1,2,0,1,0,4,2,1,1,1,2,0,0,0,0,1,1,0,2,0,0,0,0,0,1,0,0,1
Datasets/wang/Images/train/class1/171.jpg,64131,959,193,97,59,37,17,8,4,6,4,3,1,0,0,0,0,2,1,0,3,2,0,1,1,0,0,1,0,0,0,0,2,0,0,0,0,0,0,0,0,0,1,0,0,0,0,0,0,0,0,0,0,0,0,1,0,1,0,0,0,0,0,1
Datasets/wang/Images/train/class1/173.jpg,65295,157,52,17,4,1,2,0,2,0,0,0,1,0,0,0,0,0,0,0,0,0,0,0,0,0,0,0,0,0,0,1,0,0,0,1,0,0,0,0,0,0,0,1,0,0,0,0,0,1,0,0,0,0,0,0,0,0,0,0,0,0,0,1
Datasets/wang/Images/train/class1/135.jpg,64439,601,148,80,37,26,15,16,12,23,14,14,25,10,8,6,4,3,4,2,3,1,0,2,1,1,8,4,2,4,1,2,4,3,0,1,3,0,0,1,0,1,0,1,1,0,0,0,0,1,1,0,1,0,0,1,0,0,0,0,0,0,0,1
Datasets/wang/Images/train/class1/115.jpg,62179,1605,782,363,141,54,69,44,36,29,22,22,21,21,18,14,10,11,17,9,12,3,3,6,6,5,3,4,0,5,1,2,0,2,0,1,3,0,1,1,1,1,1,1,1,0,0,0,0,0,0,0,1,1,0,1,0,0,0,0,0,0,0,3
Datasets/wang/Images/train/class1/162.jpg,64479,427,133,96,51,66,41,41,17,7,7,13,8,7,5,9,5,8,7,8,6,7,14,6,3,2,5,2,8,3,6,1,7,3,1,2,1,3,3,3,3,0,3,1,0,0,1,0,0,1,2,0,0,1,0,1,1,0,0,0,0,0,0,1
Datasets/wang/Images/train/class1/138.jpg,65022,270,54,54,33,15,9,7,5,4,7,1,0,3,2,0,0,2,0,0,0,4,1,4,1,0,1,3,0,5,4,3,2,1,1,2,1,0,1,1,2,1,1,1,1,1,1,0,1,1,1,0,0,0,0,0,1,0,0,0,0,0,0,1
Datasets/wang/Images/train/class1/112.jpg,64243,776,201,77,67,40,18,24,21,15,3,2,3,5,4,0,2,2,2,0,2,0,1,0,0,1,4,0,0,0,0,1,0,1,0,0,0,2,1,1,0,1,0,2,1,0,0,0,1,1,1,0,2,2,2,0,1,0,0,0,1,0,1,1
Datasets/wang/Images/train/class1/114.jpg,60398,2720,1437,452,236,87,47,39,28,23,11,11,7,2,2,1,3,2,4,6,2,1,2,2,1,1,2,0,1,1,1,0,1,0,0,0,0,0,0,0,0,0,2,0,0,0,0,0,1,0,0,0,0,0,1,0,0,0,0,0,0,0,0,1
Datasets/wang/Images/train/class1/149.jpg,64648,307,104,79,37,27,35,35,21,22,15,9,14,10,10,8,8,10,4,6,8,10,4,8,4,5,9,1,1,0,0,5,0,3,3,1,2,2,4,4,3,3,6,3,4,4,4,4,1,3,1,2,1,2,1,1,1,2,2,1,0,0,0,4
Datasets/wang/Images/train/class1/128.jpg,64081,846,220,114,66,38,31,22,16,14,8,9,12,8,7,1,4,4,0,1,1,1,2,4,1,1,3,5,1,1,1,1,0,1,1,0,0,0,1,1,0,3,0,2,0,0,0,0,0,0,0,0,0,2,0,0,0,0,0,0,0,0,0,1
Datasets/wang/Images/train/class1/179.jpg,65215,194,61,42,14,4,0,1,0,1,0,1,0,0,0,0,0,0,0,0,0,0,0,0,0,0,0,0,0,0,0,0,1,1,0,0,0,0,0,0,0,0,0,0,0,0,0,0,0,0,0,0,0,0,0,0,0,0,0,0,0,0,0,1
Datasets/wang/Images/train/class1/174.jpg,62245,1601,550,324,137,126,82,84,47,50,38,39,24,27,32,27,22,18,11,11,7,1,4,2,3,3,2,4,0,1,0,1,1,0,2,1,2,1,1,0,0,0,0,0,0,0,1,0,0,1,0,0,0,1,0,0,0,1,0,0,0,0,0,1
Datasets/wang/Images/train/class1/109.jpg,65300,139,38,22,15,11,3,1,2,0,0,1,2,0,0,0,0,0,0,0,0,0,0,0,0,0,0,0,0,0,0,0,0,0,0,0,0,0,1,0,0,0,0,0,0,0,0,0,0,0,0,0,0,0,0,0,0,0,0,0,0,0,0,1
Datasets/wang/Images/train/class1/157.jpg,64623,478,137,105,53,30,17,13,14,5,7,6,3,3,3,5,5,5,2,1,2,1,3,0,1,1,2,0,0,0,0,1,1,1,0,2,0,0,1,1,0,0,0,1,0,0,0,1,0,0,0,0,1,0,0,0,0,0,0,0,0,0,0,1
Datasets/wang/Images/train/class1/167.jpg,61154,1619,823,688,418,378,158,115,64,32,19,7,12,16,8,5,9,1,1,0,1,1,1,2,0,1,0,0,0,0,0,0,0,0,1,0,0,0,0,0,0,0,0,0,0,0,0,0,1,0,0,0,0,0,0,0,0,0,0,0,0,0,0,1
Datasets/wang/Images/train/class1/170.jpg,61396,1951,951,514,304,173,95,59,32,11,7,11,1,3,4,2,2,2,0,2,0,2,0,2,0,0,1,0,1,0,0,1,1,0,2,0,0,0,0,0,0,0,0,1,1,1,0,0,0,0,0,0,0,0,0,1,0,0,0,0,1,0,0,1
Datasets/wang/Images/train/class1/106.jpg,64220,558,155,101,59,70,46,45,30,16,17,10,9,12,7,16,20,10,7,7,8,3,3,6,5,5,3,2,3,1,2,0,5,2,5,3,2,1,3,3,6,4,2,3,1,3,3,3,0,3,5,2,1,2,1,2,6,2,1,1,1,1,0,3
Datasets/wang/Images/train/class1/133.jpg,63613,1040,310,136,91,54,53,35,20,22,17,16,12,17,8,7,7,8,10,6,6,6,3,5,3,1,4,0,2,0,1,0,3,1,1,1,2,3,1,1,1,0,4,1,0,0,1,0,0,0,0,0,0,1,0,0,0,0,0,0,0,0,0,2
Datasets/wang/Images/train/class1/178.jpg,64864,383,59,43,44,18,8,6,17,17,7,9,6,6,2,3,5,4,2,2,4,1,2,0,3,0,1,2,1,1,0,1,0,0,1,0,1,0,1,0,0,0,3,0,0,1,1,1,0,0,1,0,1,0,0,0,0,2,0,0,1,0,0,1
Datasets/wang/Images/train/class1/144.jpg,65412,47,28,12,11,4,1,3,5,1,1,0,1,0,1,2,1,1,0,0,0,0,0,1,0,0,0,1,0,0,0,0,0,0,0,0,1,0,0,0,0,0,0,0,0,0,0,1,0,0,0,0,0,0,0,0,0,0,0,0,0,0,0,1
Datasets/wang/Images/train/class1/120.jpg,64530,490,175,96,77,65,30,18,15,5,5,6,5,1,4,1,0,2,0,0,1,0,0,0,1,0,1,0,0,0,0,0,1,0,0,0,0,0,0,0,1,0,1,0,0,0,0,0,1,1,0,1,0,0,0,0,0,0,0,0,0,0,1,1
Datasets/wang/Images/train/class1/156.jpg,65318,130,5,5,14,10,16,10,1,0,0,0,0,0,1,0,0,0,0,0,0,1,2,1,0,1,0,2,2,2,2,1,2,1,3,0,0,0,0,0,0,1,0,1,0,0,0,0,0,0,0,0,0,1,0,0,0,1,0,1,0,0,0,1
Datasets/wang/Images/train/class1/137.jpg,65043,217,72,36,40,14,16,11,7,7,3,4,5,5,11,3,7,5,3,4,1,2,1,1,1,0,3,1,0,0,0,1,0,0,0,0,0,1,1,0,0,0,1,0,1,0,0,0,0,0,3,0,0,0,0,1,0,0,1,2,0,0,0,1
Datasets/wang/Images/train/class1/117.jpg,64652,566,205,49,12,3,9,4,1,4,1,1,0,0,2,0,0,1,0,1,2,1,2,0,2,0,1,0,1,1,3,1,3,0,2,0,0,1,0,0,0,0,2,0,0,1,0,1,0,0,0,0,0,0,0,0,0,0,0,0,0,0,0,1
Datasets/wang/Images/train/class1/124.jpg,64551,639,202,78,22,11,6,7,3,0,0,0,2,0,1,0,0,1,1,1,0,1,0,0,0,0,0,0,0,1,0,0,0,1,0,0,0,0,1,0,0,1,0,0,0,0,2,0,0,1,0,0,1,0,0,0,0,0,0,0,1,0,0,1
Datasets/wang/Images/train/class1/177.jpg,65342,133,14,11,10,4,2,0,2,1,0,0,4,1,0,0,0,0,0,0,0,1,0,1,0,1,0,0,0,0,0,0,0,0,0,2,1,0,0,1,1,0,0,1,0,2,0,0,0,0,0,0,0,0,0,0,0,0,0,0,0,0,0,1
Datasets/wang/Images/train/class1/140.jpg,61260,2323,843,510,260,101,71,27,29,12,15,10,7,10,6,7,5,4,7,3,2,3,0,1,1,0,2,1,3,0,1,0,1,0,0,1,1,0,0,2,1,1,1,0,0,0,1,0,0,0,0,0,0,1,0,0,0,0,0,0,0,0,0,2
Datasets/wang/Images/train/class1/132.jpg,63015,1526,474,140,94,44,33,37,32,20,17,8,3,4,3,1,2,0,0,0,1,1,4,3,2,3,0,2,4,3,1,3,3,3,4,4,1,1,2,4,3,3,4,4,6,1,4,0,3,1,1,0,0,0,0,0,1,0,0,1,1,0,0,1
Datasets/wang/Images/train/class1/176.jpg,63396,1258,250,136,85,73,47,33,36,29,20,15,14,12,10,10,4,4,11,3,6,10,6,4,4,2,2,3,2,0,6,4,1,4,3,2,3,2,6,4,4,0,0,0,0,2,0,0,3,0,0,0,1,0,0,0,1,1,1,0,1,0,0,2
Datasets/wang/Images/train/class1/122.jpg,64199,589,260,137,90,53,40,30,30,19,18,15,11,8,6,8,0,4,2,2,0,1,1,0,1,0,0,1,0,0,0,0,0,1,0,0,0,0,2,0,0,0,0,0,0,0,0,0,0,0,1,1,1,1,0,0,0,1,0,1,0,0,0,2
Datasets/wang/Images/train/class1/148.jpg,65058,299,63,32,22,14,11,5,12,3,3,1,1,1,2,2,1,1,1,0,0,0,1,0,0,0,0,0,0,0,0,0,0,0,1,0,0,0,0,1,0,0,0,0,0,0,0,0,0,0,0,0,0,0,0,0,0,0,0,0,0,0,0,1
Datasets/wang/Images/train/class1/111.jpg,63756,1109,230,112,64,53,31,9,24,16,11,12,15,17,10,9,5,10,7,3,2,3,1,0,1,4,2,2,1,2,0,0,1,1,0,0,0,1,0,0,2,1,1,0,0,0,0,0,3,0,2,1,0,0,0,0,0,0,1,0,0,0,0,1
Datasets/wang/Images/train/class1/145.jpg,63298,818,431,214,160,115,62,70,44,35,36,47,26,25,25,15,10,7,8,7,12,6,5,4,4,7,10,5,5,2,3,4,1,1,2,3,3,1,3,1,0,0,0,0,0,0,0,0,0,0,0,0,0,0,0,0,0,0,0,0,0,0,0,1
Datasets/wang/Images/train/class1/102.jpg,63937,647,287,166,118,67,63,66,52,44,17,3,9,9,6,0,1,0,0,1,1,1,2,0,1,0,0,1,0,0,0,0,1,2,2,0,1,1,1,0,0,1,1,2,2,2,0,4,0,2,3,2,1,1,3,1,0,1,1,0,1,0,0,1
Datasets/wang/Images/train/class1/143.jpg,64307,488,164,96,69,29,23,13,21,25,11,24,21,19,18,13,14,9,10,16,8,8,6,8,7,10,4,4,5,1,2,1,7,4,1,2,7,2,3,5,6,2,1,4,1,6,2,3,1,4,1,1,5,2,2,3,2,1,1,0,0,1,0,2
Datasets/wang/Images/train/class1/139.jpg,60157,2706,772,405,282,255,166,152,120,109,72,61,41,36,20,21,19,17,11,15,12,16,9,7,7,1,7,10,3,2,0,1,1,3,2,2,3,0,1,2,3,0,2,0,1,0,0,0,0,1,0,0,1,0,0,0,0,0,0,0,1,0,0,1
Datasets/wang/Images/train/class1/121.jpg,65127,129,66,48,42,28,19,14,15,11,12,4,2,3,0,0,0,1,0,0,0,0,0,0,1,0,0,0,0,1,0,0,1,0,1,1,0,0,0,0,0,1,0,1,1,1,0,1,0,0,0,0,0,0,0,1,0,0,1,0,0,1,0,2
Datasets/wang/Images/train/class1/154.jpg,64232,757,232,127,55,37,18,13,4,3,6,7,5,4,4,6,3,4,1,2,1,0,2,1,2,2,1,0,0,0,1,1,0,0,0,1,0,0,0,0,0,1,0,0,0,0,0,1,0,0,0,0,0,0,0,0,1,0,0,0,0,0,0,1
Datasets/wang/Images/train/class1/152.jpg,63989,496,234,116,77,83,46,49,32,37,30,21,20,13,11,16,13,10,5,13,17,14,9,10,6,7,4,6,10,8,9,9,5,5,8,6,4,6,7,7,7,9,1,3,8,5,6,4,6,4,2,1,2,2,1,1,2,0,2,0,0,0,1,1
Datasets/wang/Images/train/class1/150.jpg,63791,903,252,115,54,64,56,28,34,42,33,23,15,6,12,13,8,5,3,4,10,7,5,5,5,8,4,1,4,1,1,0,0,0,0,1,0,0,5,0,4,0,2,2,1,1,2,1,1,0,0,0,0,1,2,0,0,0,0,0,0,0,0,1
Datasets/wang/Images/train/class1/161.jpg,65392,50,14,28,18,7,1,1,1,0,1,4,3,4,1,0,1,5,1,1,0,0,0,0,0,0,0,0,0,0,0,0,0,0,0,1,0,0,0,0,0,0,0,0,0,0,0,0,0,0,0,0,0,1,0,0,0,0,0,0,0,0,0,1
Datasets/wang/Images/train/class1/134.jpg,55278,3952,1021,1331,460,673,258,421,204,299,125,233,106,143,65,136,102,46,87,37,65,27,57,31,41,18,43,16,31,9,25,21,9,25,5,21,6,16,9,5,5,17,4,7,8,8,0,3,4,2,4,2,5,1,1,1,2,2,0,0,1,0,1,1
Datasets/wang/Images/train/class1/172.jpg,64861,467,56,26,31,19,17,9,7,2,0,2,0,0,0,0,0,0,1,2,2,2,2,4,0,2,1,0,0,5,0,2,0,3,0,4,1,1,1,1,0,2,1,1,0,0,0,0,0,0,0,0,0,0,0,0,0,0,0,0,0,0,0,1
Datasets/wang/Images/train/class1/159.jpg,64289,749,256,102,50,19,11,11,8,3,2,0,1,1,1,0,0,0,0,1,0,1,1,0,1,1,0,0,1,0,0,0,0,0,1,1,0,0,1,2,0,0,0,1,1,3,0,2,1,1,2,0,0,3,2,0,3,0,1,1,0,0,0,1
Datasets/wang/Images/train/class1/126.jpg,64841,285,114,52,42,22,15,14,13,16,10,9,15,3,3,2,0,1,2,2,2,3,1,0,2,2,2,1,2,3,0,3,2,2,1,3,6,6,3,2,1,5,7,1,5,1,0,1,2,1,1,1,0,0,1,0,0,0,0,1,0,0,0,1
Datasets/wang/Images/train/class1/118.jpg,59107,2443,1014,816,307,239,276,131,117,90,133,65,54,87,53,45,56,42,32,28,35,31,10,32,11,21,21,18,20,12,17,14,10,22,9,9,9,21,9,8,8,5,5,5,2,7,2,4,4,2,4,3,0,2,1,2,0,1,2,0,1,0,1,1
Datasets/wang/Images/train/class1/108.jpg,60988,2043,676,526,194,169,89,97,71,71,43,57,32,46,34,40,31,26,26,17,20,17,20,16,15,17,9,12,10,13,5,17,7,8,5,6,6,6,4,11,2,4,2,1,5,1,2,2,1,1,2,2,2,1,2,0,0,0,2,1,0,1,1,1
Datasets/wang/Images/train/class1/125.jpg,64717,501,100,55,41,32,13,6,14,16,12,4,4,2,0,2,1,0,0,0,0,0,0,1,1,0,1,0,0,0,0,1,0,0,0,0,0,0,1,2,0,0,0,1,0,0,0,2,1,0,0,0,0,1,0,0,1,0,1,1,0,0,0,1
Datasets/wang/Images/train/class1/136.jpg,64079,655,240,137,93,70,57,35,24,17,16,7,11,7,6,6,6,6,4,6,5,2,7,1,2,8,4,4,3,3,1,0,2,4,1,0,0,0,1,1,1,1,0,0,0,0,0,0,0,0,0,0,0,1,0,1,0,0,0,0,0,0,0,1
Datasets/wang/Images/train/class1/146.jpg,64002,587,293,198,117,110,72,65,47,21,3,0,1,0,0,0,0,0,0,0,0,0,0,0,0,0,1,0,2,2,1,0,1,1,1,0,2,3,0,0,0,0,1,0,1,0,0,0,0,0,1,0,0,1,0,0,0,0,1,0,0,0,0,1
Datasets/wang/Images/train/class1/151.jpg,64682,588,118,34,12,7,2,7,8,6,5,10,6,8,3,4,2,1,0,0,0,0,0,1,1,1,2,0,1,0,0,1,0,1,1,0,1,3,0,1,1,1,0,1,0,2,0,1,3,0,0,2,1,0,0,0,1,1,2,0,0,0,1,2
Datasets/wang/Images/train/class1/164.jpg,62071,1224,491,322,221,173,154,134,111,82,88,74,49,55,37,32,22,17,19,12,9,21,13,7,8,5,6,6,2,6,3,4,6,4,6,2,3,3,4,3,1,1,5,0,4,2,3,2,0,1,2,1,1,0,1,1,1,0,0,0,0,0,0,1
Datasets/wang/Images/train/class1/130.jpg,64821,239,110,48,46,38,19,24,14,21,13,13,15,15,4,12,13,10,4,6,9,9,9,2,2,0,1,0,1,1,0,0,0,1,1,0,0,0,1,0,2,0,0,0,1,1,2,0,0,1,1,3,0,1,1,0,0,0,0,0,0,0,0,1
Datasets/wang/Images/train/class1/163.jpg,63649,937,251,162,95,55,44,34,23,32,36,20,25,12,22,15,18,4,5,5,4,6,4,3,6,7,1,1,1,3,6,4,2,5,5,6,5,2,1,0,0,1,1,0,0,0,2,1,1,0,0,1,0,2,0,3,1,1,1,1,0,1,2,1
Datasets/wang/Images/train/class1/104.jpg,61237,1550,790,473,406,226,161,135,92,81,53,42,29,39,46,31,19,23,17,17,15,3,6,3,3,2,3,3,3,3,5,1,1,2,1,1,3,1,1,0,0,0,0,1,0,1,1,0,0,0,1,1,0,0,1,0,1,0,0,1,0,0,0,1
Datasets/wang/Images/train/class1/169.jpg,65388,71,27,6,8,3,2,1,0,0,0,1,0,0,2,0,0,1,2,2,2,1,3,1,1,1,2,1,0,1,1,1,1,0,0,0,1,0,1,0,0,2,0,0,0,0,0,1,0,0,0,0,0,0,0,0,0,0,0,0,0,0,0,1
Datasets/wang/Images/train/class1/103.jpg,64104,627,235,107,94,84,80,64,46,17,11,8,4,3,1,6,2,3,2,4,2,1,0,1,1,2,4,1,4,0,0,0,0,0,0,0,2,0,2,1,0,1,2,0,0,0,1,2,0,1,0,0,0,2,1,1,0,0,1,0,0,0,0,1
Datasets/wang/Images/train/class1/142.jpg,64445,624,153,54,39,33,35,31,19,8,5,2,7,2,2,0,2,3,2,0,3,5,4,6,6,4,1,2,3,3,2,2,0,3,5,0,1,4,0,3,2,2,0,0,2,0,0,1,0,1,1,0,1,1,0,1,0,0,0,0,0,0,0,1
Datasets/wang/Images/train/class1/101.jpg,64098,620,224,121,88,71,63,42,34,31,23,13,5,4,10,4,1,3,5,5,3,6,7,4,10,4,7,6,5,1,5,2,4,1,0,0,0,0,0,0,3,0,0,0,1,0,0,0,0,0,0,1,0,0,0,0,0,0,0,0,0,0,0,1
Datasets/wang/Images/train/class1/166.jpg,64837,438,130,27,17,23,9,5,5,12,4,3,1,0,0,0,0,1,0,2,0,3,0,2,0,2,1,0,1,0,1,0,1,2,0,0,1,0,0,0,0,1,0,2,0,0,0,0,0,0,2,0,0,0,0,0,1,1,0,0,0,0,0,1
Datasets/wang/Images/train/class1/168.jpg,65292,158,32,9,5,5,0,2,0,0,0,0,1,0,1,3,3,1,1,2,1,2,2,1,4,1,1,1,0,0,0,0,0,0,0,0,0,0,0,0,0,1,0,0,1,0,0,0,0,1,0,0,1,1,0,0,0,1,0,1,0,0,0,1
Datasets/wang/Images/train/class1/110.jpg,64960,415,56,18,13,22,9,9,4,1,2,0,1,1,0,0,0,0,0,0,2,1,0,0,1,1,4,3,2,0,0,0,0,0,0,0,0,1,0,2,1,0,0,1,2,0,0,0,1,0,0,1,0,1,0,0,0,0,0,0,0,0,0,1
Datasets/wang/Images/train/class1/116.jpg,64153,913,248,107,53,16,13,6,2,1,0,0,1,1,0,1,0,1,2,0,0,0,0,1,0,0,0,0,0,0,1,0,0,0,3,1,1,1,2,0,1,0,1,0,0,0,1,1,1,0,0,0,1,0,0,0,0,0,0,0,0,1,0,1
Datasets/wang/Images/train/class1/119.jpg,64530,627,145,67,47,32,14,10,10,10,3,8,6,1,2,0,0,0,0,1,1,0,0,0,1,0,1,0,0,1,1,0,1,0,0,1,0,1,1,1,2,1,0,0,2,2,1,1,0,0,1,0,1,0,1,0,0,0,0,0,0,0,0,1
Datasets/wang/Images/train/class1/107.jpg,64219,958,130,43,46,38,9,5,4,2,0,0,1,1,1,0,1,0,0,1,0,0,0,0,0,0,1,3,5,5,3,3,3,3,3,3,5,7,4,2,4,2,0,6,6,1,1,0,0,2,1,1,0,0,1,0,0,0,0,0,0,1,0,1
Datasets/wang/Images/train/class1/147.jpg,62653,2155,402,93,50,34,26,15,19,13,8,7,0,1,0,0,1,1,0,1,0,2,3,4,4,1,5,3,1,3,4,4,0,2,2,1,0,0,1,1,0,3,1,1,2,0,0,3,0,1,1,0,0,0,0,2,0,1,0,0,0,0,0,1
Datasets/wang/Images/train/class1/160.jpg,61526,2333,1097,308,129,54,29,19,6,7,5,1,1,2,1,1,0,2,1,2,1,1,2,1,1,1,0,1,0,0,0,0,0,1,0,0,0,0,0,0,0,1,0,0,0,0,0,0,0,0,0,1,0,0,0,0,0,0,0,0,0,0,0,1
Datasets/wang/Images/train/class1/155.jpg,64274,649,146,80,58,51,39,27,30,17,14,17,13,8,4,10,5,6,11,11,6,6,7,2,1,1,4,2,1,2,0,0,1,2,3,0,4,2,3,1,2,0,2,4,2,0,0,2,0,1,1,0,0,0,0,1,0,0,0,0,0,0,0,3
Datasets/wang/Images/train/class1/113.jpg,63355,1073,387,236,145,87,87,50,30,23,8,5,7,2,9,5,1,5,2,2,0,1,1,0,1,0,1,0,0,1,2,0,0,1,0,0,0,1,1,1,1,0,0,0,0,0,1,0,0,0,0,0,0,0,0,1,0,0,1,0,0,1,0,1
Datasets/wang/Images/train/class1/158.jpg,65165,238,40,19,15,3,4,2,1,3,7,5,4,5,2,2,4,0,1,0,0,1,0,0,1,0,0,1,2,0,0,1,0,0,3,0,2,0,0,0,0,0,1,0,1,0,1,0,0,0,0,0,0,0,0,0,0,1,0,0,0,0,0,1
Datasets/wang/Images/train/class1/153.jpg,41304,8384,0,4316,2572,0,1939,1376,0,1110,939,0,674,563,0,434,347,0,302,235,0,188,155,0,103,80,0,66,53,0,49,51,0,47,0,36,33,0,33,22,0,20,18,0,19,11,0,7,14,0,8,4,0,6,4,0,3,2,0,4,3,0,1,1
Datasets/wang/Images/train/class1/127.jpg,64684,265,128,89,55,44,47,25,31,23,26,17,7,12,10,7,10,6,5,5,4,4,3,3,4,0,3,0,1,0,0,2,0,0,2,0,0,0,0,1,0,3,2,0,0,1,0,1,1,0,1,0,0,0,0,1,0,0,0,0,1,0,0,2
Datasets/wang/Images/train/class1/165.jpg,65021,197,95,96,56,31,11,1,8,0,2,1,1,0,1,1,3,2,0,2,0,0,0,1,1,0,0,1,0,0,0,0,0,0,0,0,0,0,0,1,0,0,1,0,0,0,0,0,0,0,0,0,0,0,0,0,0,0,0,0,1,0,0,1
Datasets/wang/Images/train/class1/131.jpg,64343,521,164,93,75,40,22,17,28,26,16,12,12,15,8,7,13,9,8,13,9,5,1,7,7,8,4,2,2,6,2,3,1,2,0,1,1,1,1,0,2,0,3,2,2,2,1,0,1,3,0,3,2,2,1,0,0,2,2,0,1,1,0,1
Datasets/wang/Images/train/class1/141.jpg,64538,537,170,43,30,25,30,16,17,13,15,13,10,5,0,1,0,0,0,1,0,1,1,0,1,1,1,0,1,0,2,1,1,0,1,2,1,3,3,1,2,2,1,3,3,2,1,5,1,4,2,3,5,1,4,3,1,1,0,1,3,1,0,2
Datasets/wang/Images/train/class1/175.jpg,60429,2889,1439,366,150,61,46,24,21,26,9,6,5,4,1,1,0,0,1,0,3,0,1,0,2,0,0,2,3,1,5,0,1,2,2,5,2,2,1,0,3,3,0,2,0,0,0,0,4,2,1,0,0,1,3,0,0,3,0,1,1,0,0,2
Datasets/wang/Images/train/class1/129.jpg,64389,702,257,76,23,16,12,13,7,3,2,5,6,0,2,5,3,4,0,1,0,2,1,0,0,1,0,0,0,0,0,0,0,0,0,0,1,1,0,0,0,0,0,0,0,1,0,0,0,0,0,1,0,0,0,0,0,0,1,0,0,0,0,1
Datasets/wang/Images/train/class1/100.jpg,61556,2080,856,381,191,125,108,52,44,25,23,12,17,14,18,6,7,0,1,1,0,0,2,0,2,1,2,0,1,0,0,0,2,2,0,0,0,1,0,0,1,1,0,0,1,0,0,0,0,0,0,0,0,1,0,0,1,0,0,0,0,0,0,1
Datasets/wang/Images/train/class1/123.jpg,63335,875,418,223,134,59,40,31,32,35,25,23,20,22,13,20,20,17,16,16,10,10,11,8,7,10,8,7,7,4,4,5,5,5,5,4,3,3,2,5,3,2,3,0,1,4,1,1,2,4,1,0,4,1,2,2,2,2,1,1,1,0,0,1
Datasets/wang/Images/train/class9/971.jpg,62096,1810,812,395,235,74,35,19,7,13,3,4,6,2,4,4,0,1,0,0,2,0,3,2,1,1,1,1,0,0,0,0,0,0,0,0,1,0,0,0,0,0,0,1,0,0,0,0,1,0,0,0,0,0,0,0,1,0,0,0,0,0,0,1
Datasets/wang/Images/train/class9/977.jpg,56495,2845,2259,919,971,483,381,398,161,160,94,85,52,31,28,14,26,16,18,10,11,9,9,7,6,10,4,3,5,4,1,1,2,1,0,2,3,1,2,1,0,0,1,0,0,2,0,0,0,1,2,0,0,0,1,0,0,0,0,0,0,0,0,1
Datasets/wang/Images/train/class9/965.jpg,65467,31,17,4,4,2,0,1,1,0,0,0,1,1,1,0,2,0,0,0,0,1,0,0,0,0,0,0,0,0,0,0,0,0,0,0,0,1,0,0,0,0,0,0,0,0,0,0,0,0,0,0,0,0,0,0,0,1,0,0,0,0,0,1
Datasets/wang/Images/train/class9/941.jpg,65018,446,31,17,6,5,0,1,3,2,1,2,0,0,0,0,0,0,0,1,0,0,0,0,0,0,1,0,0,0,0,0,0,0,0,0,0,0,0,0,0,0,0,0,0,1,0,0,0,0,0,0,0,0,0,0,0,0,0,0,0,0,0,1
Datasets/wang/Images/train/class9/900.jpg,43013,7265,0,3584,0,2241,0,1639,0,1384,0,1163,0,948,0,811,682,0,595,0,467,0,425,0,322,0,249,0,182,0,158,108,0,92,0,71,0,34,0,27,0,20,0,16,0,16,0,6,5,0,5,0,2,0,4,0,1,0,0,0,0,0,0,1
Datasets/wang/Images/train/class9/944.jpg,63604,1306,298,131,64,45,21,24,11,5,10,3,5,1,0,0,0,1,1,0,0,0,0,1,0,1,1,0,0,0,0,0,0,0,0,0,0,1,0,0,0,0,0,0,0,0,0,0,0,1,0,0,0,0,0,0,0,0,0,0,0,0,0,1
Datasets/wang/Images/train/class9/916.jpg,56827,4777,1647,694,412,171,182,135,97,103,89,36,41,44,24,21,13,15,12,14,14,6,10,9,9,9,10,5,8,2,6,9,5,9,5,7,5,1,1,2,2,4,4,5,3,1,0,3,5,4,3,2,1,1,4,0,2,1,1,0,1,2,0,1
Datasets/wang/Images/train/class9/976.jpg,60159,3272,1215,456,172,94,62,20,21,18,6,7,4,4,2,6,1,1,4,0,1,1,2,0,1,2,0,0,0,0,2,0,0,0,0,0,0,0,0,0,0,0,0,0,0,1,0,0,1,0,0,0,0,0,0,0,0,0,0,0,0,0,0,1
Datasets/wang/Images/train/class9/978.jpg,65321,137,32,15,10,4,5,2,3,3,1,0,0,0,0,0,1,0,0,0,0,0,0,0,0,0,0,0,0,0,1,0,0,0,0,0,0,0,0,0,0,0,0,0,0,0,0,0,0,0,0,0,0,0,0,0,0,0,0,0,0,0,0,1
Datasets/wang/Images/train/class9/925.jpg,65458,49,9,3,2,7,2,0,0,1,0,0,0,1,0,0,1,0,0,0,0,0,0,0,1,0,0,0,0,0,1,0,0,0,0,0,0,0,0,0,0,0,0,0,0,0,0,0,0,0,0,0,0,0,0,0,0,0,0,0,0,0,0,1
Datasets/wang/Images/train/class9/945.jpg,57261,3911,1711,1594,683,186,77,16,14,11,6,12,7,4,4,2,2,1,3,6,1,3,2,2,2,0,2,1,0,0,1,0,0,0,1,2,0,0,0,0,0,1,0,0,1,0,0,0,2,1,0,1,0,0,0,1,0,0,0,0,0,0,0,1
Datasets/wang/Images/train/class9/924.jpg,65447,46,17,6,3,2,2,2,3,0,1,2,1,0,0,0,0,1,0,0,0,0,1,0,0,0,0,0,0,0,0,0,0,0,0,0,0,0,0,0,0,0,0,0,0,0,0,0,0,0,0,1,0,0,0,0,0,0,0,0,0,0,0,1
Datasets/wang/Images/train/class9/939.jpg,57499,4066,1601,1154,439,354,148,117,47,29,23,4,15,5,4,3,6,2,2,1,1,3,0,1,0,0,1,1,1,2,1,0,0,0,0,3,0,0,0,1,0,0,0,0,0,0,0,0,0,0,0,0,0,0,0,0,0,1,0,0,0,0,0,1
Datasets/wang/Images/train/class9/950.jpg,65521,9,1,2,0,1,0,0,0,0,0,0,0,0,0,0,0,0,0,0,0,0,0,0,0,0,0,0,0,0,0,1,0,0,0,0,0,0,0,0,0,0,0,0,0,0,0,0,0,0,0,0,0,0,0,0,0,0,0,0,0,0,0,1
Datasets/wang/Images/train/class9/966.jpg,63593,1338,340,153,71,24,11,2,1,1,0,0,0,0,0,0,0,0,0,0,0,0,0,0,0,0,0,1,0,0,0,0,0,0,0,0,0,0,0,0,0,0,0,0,0,0,0,0,0,0,0,0,0,0,0,0,0,0,0,0,0,0,0,1
Datasets/wang/Images/train/class9/906.jpg,52148,5339,2460,1673,585,1019,725,471,285,118,196,123,70,49,23,34,27,23,27,7,13,17,10,4,5,10,7,3,3,2,5,4,3,6,2,2,2,4,3,5,3,3,1,0,0,1,0,2,1,1,3,0,2,1,0,0,1,1,0,0,1,2,0,1
Datasets/wang/Images/train/class9/903.jpg,64808,523,82,39,20,20,12,7,2,2,2,0,0,0,0,2,2,0,2,0,2,2,0,4,1,0,0,0,0,1,0,1,0,0,0,0,0,0,0,0,0,0,0,0,0,0,0,1,0,0,0,0,0,0,0,0,0,0,0,0,0,0,0,1
Datasets/wang/Images/train/class9/955.jpg,65324,108,34,20,13,8,7,4,2,1,4,3,0,1,0,2,1,0,0,0,0,1,0,1,0,0,0,0,0,0,0,0,0,0,0,0,0,0,0,0,0,1,0,0,0,0,0,0,0,0,0,0,0,0,0,0,0,0,0,0,0,0,0,1
Datasets/wang/Images/train/class9/917.jpg,58894,3342,1298,683,434,250,168,112,69,49,33,32,19,25,16,12,6,13,10,9,8,10,3,1,3,2,4,2,0,2,1,5,2,1,3,0,3,1,0,1,1,0,1,1,0,0,2,0,0,0,2,0,0,0,0,0,0,0,0,0,0,2,0,1
Datasets/wang/Images/train/class9/914.jpg,63410,1437,310,151,68,41,33,16,24,12,11,5,4,2,2,2,1,0,2,1,0,1,0,1,1,0,0,0,0,0,0,0,0,0,0,0,0,0,0,0,0,0,0,0,0,0,0,0,0,0,0,0,0,0,0,0,0,0,0,0,0,0,0,1
Datasets/wang/Images/train/class9/946.jpg,60852,3352,729,304,131,46,26,18,14,7,3,9,6,4,4,3,2,0,4,0,1,0,1,0,2,0,1,2,1,2,1,1,2,0,0,0,1,0,0,1,0,0,0,0,0,0,0,0,0,0,0,2,0,0,0,0,1,0,0,1,0,1,0,1
Datasets/wang/Images/train/class9/938.jpg,64159,766,219,105,80,45,34,37,18,5,13,4,6,2,2,4,4,0,3,1,1,1,1,5,0,2,2,3,1,2,2,0,0,0,0,0,0,1,0,0,0,2,0,0,0,0,1,1,1,1,0,0,0,0,0,0,0,0,0,0,0,0,0,2
Datasets/wang/Images/train/class9/936.jpg,57522,2390,1320,934,894,441,382,314,245,314,129,128,98,66,87,69,28,28,26,19,7,16,8,5,7,1,6,2,1,5,1,2,1,4,4,2,2,2,2,1,2,1,5,1,3,1,1,1,0,1,0,1,0,0,1,0,1,2,0,1,0,0,0,1
Datasets/wang/Images/train/class9/909.jpg,65489,32,4,2,3,2,2,0,0,0,0,0,0,0,0,0,0,0,0,0,0,0,0,1,0,0,0,0,0,0,0,0,0,0,0,0,0,0,0,0,0,0,0,0,0,0,0,0,0,0,0,0,0,0,0,0,0,0,0,0,0,0,0,1
Datasets/wang/Images/train/class9/975.jpg,63542,1289,355,172,54,42,25,22,6,5,2,1,0,2,3,3,0,0,0,0,0,1,0,1,1,1,0,1,0,1,0,0,0,1,0,1,0,0,1,0,0,0,1,0,0,0,0,1,0,0,0,1,0,0,0,0,0,0,0,0,0,0,0,1
Datasets/wang/Images/train/class9/910.jpg,62342,1808,737,341,114,53,36,21,11,10,7,5,5,6,7,4,2,5,5,1,1,1,1,0,2,1,0,0,0,0,0,2,0,1,0,1,0,0,0,0,0,0,1,0,0,0,1,0,0,0,0,0,0,1,0,1,0,1,0,0,0,0,0,1
Datasets/wang/Images/train/class9/974.jpg,57021,3946,1230,1047,461,496,315,156,198,94,120,49,80,58,37,41,27,25,16,16,19,8,13,1,5,8,3,2,3,4,2,6,1,0,6,0,0,0,0,2,2,0,2,1,2,1,2,2,1,0,1,0,0,1,0,1,0,0,0,0,2,0,1,1
Datasets/wang/Images/train/class9/957.jpg,54618,4584,1912,1002,703,527,359,269,189,197,151,126,99,122,85,73,67,47,52,62,50,17,42,34,24,31,17,19,7,10,10,10,3,2,4,0,1,1,2,0,0,0,1,0,0,1,0,0,0,0,0,2,2,0,0,0,0,1,0,0,0,0,0,1
Datasets/wang/Images/train/class9/932.jpg,60958,1886,856,580,470,348,181,80,58,39,26,21,9,8,4,3,2,0,2,1,0,1,1,0,0,0,0,0,1,0,0,0,0,0,0,0,0,0,0,0,0,0,0,0,0,0,0,0,0,0,0,0,0,0,0,0,0,0,0,0,0,0,0,1
Datasets/wang/Images/train/class9/959.jpg,65477,33,6,3,4,3,1,2,1,1,0,0,0,1,0,0,0,0,0,0,0,0,0,0,1,0,0,0,0,0,0,0,0,0,0,0,0,0,0,1,0,0,0,0,0,0,0,0,0,0,0,0,0,0,0,1,0,0,0,0,0,0,0,1
Datasets/wang/Images/train/class9/921.jpg,65039,293,88,23,15,16,7,7,6,5,4,3,6,0,3,3,0,3,1,2,0,1,1,2,1,0,2,0,0,1,0,0,0,0,0,0,0,0,0,0,0,1,0,0,1,0,0,0,0,0,0,0,0,0,0,0,0,0,0,0,0,0,0,2
Datasets/wang/Images/train/class9/901.jpg,65001,351,129,29,6,5,2,2,1,1,2,1,2,1,0,0,0,0,1,0,0,0,0,0,0,0,0,0,0,1,0,0,0,0,0,0,0,0,0,0,0,0,0,0,0,0,0,0,0,0,0,0,0,0,0,0,0,0,0,0,0,0,0,1
Datasets/wang/Images/train/class9/962.jpg,63428,1258,399,178,91,43,34,22,17,16,8,9,9,5,5,4,1,1,0,1,0,0,0,0,0,0,0,2,1,0,1,0,0,0,0,0,0,0,0,0,0,0,0,0,0,0,0,0,0,1,0,0,0,0,0,0,0,1,0,0,0,0,0,1
Datasets/wang/Images/train/class9/934.jpg,65433,84,4,5,0,0,3,1,1,0,0,1,0,1,0,0,0,0,0,0,0,1,0,0,0,1,0,0,0,0,0,0,0,0,0,0,0,0,0,0,0,0,0,0,0,0,0,0,0,0,0,0,0,0,0,0,0,0,0,0,0,0,0,1
Datasets/wang/Images/train/class9/979.jpg,65434,53,13,14,6,0,4,2,1,3,0,0,3,0,0,0,0,0,1,0,0,0,0,0,0,0,0,0,0,0,0,0,0,0,0,0,0,0,0,1,0,0,0,0,0,0,0,0,0,0,0,0,0,0,0,0,0,0,0,0,0,0,0,1
Datasets/wang/Images/train/class9/902.jpg,65510,14,5,0,0,0,0,1,0,1,0,0,0,2,1,1,0,0,0,0,0,0,0,0,0,0,0,0,0,0,0,0,0,0,0,0,0,0,0,0,0,0,0,0,0,0,0,0,0,0,0,0,0,0,0,0,0,0,0,0,0,0,0,1
Datasets/wang/Images/train/class9/973.jpg,65519,4,6,2,0,0,1,0,0,0,0,0,0,0,0,0,0,0,1,0,0,0,0,0,0,0,0,0,0,0,0,0,0,1,0,0,0,0,0,0,0,0,0,0,0,0,0,0,0,0,0,0,1,0,0,0,0,0,0,0,0,0,0,1
Datasets/wang/Images/train/class9/928.jpg,65519,10,0,0,1,0,0,1,0,1,2,1,0,0,0,0,0,0,0,0,0,0,0,0,0,0,0,0,0,0,0,0,0,0,0,0,0,0,0,0,0,0,0,0,0,0,0,0,0,0,0,0,0,0,0,0,0,0,0,0,0,0,0,1
Datasets/wang/Images/train/class9/937.jpg,63928,1101,255,109,50,26,22,12,7,6,1,4,4,3,1,0,1,0,1,0,0,0,0,0,0,0,0,1,1,0,0,0,0,0,0,0,0,1,0,0,0,0,0,0,1,0,0,0,0,0,0,0,0,0,0,0,0,0,0,0,0,0,0,1
Datasets/wang/Images/train/class9/919.jpg,56200,3024,1712,1049,848,647,459,335,268,241,180,140,120,79,69,51,20,24,17,12,5,5,3,2,2,0,3,2,1,2,2,1,0,0,0,0,1,1,1,0,3,1,0,1,0,0,1,2,0,1,0,0,0,0,0,0,0,0,0,0,0,0,0,1
Datasets/wang/Images/train/class9/952.jpg,65529,4,0,1,0,0,0,0,1,0,0,0,0,0,0,0,0,0,0,0,0,0,0,0,0,0,0,0,0,0,0,0,0,0,0,0,0,0,0,0,0,0,0,0,0,0,0,0,0,0,0,0,0,0,0,0,0,0,0,0,0,0,0,1
Datasets/wang/Images/train/class9/960.jpg,59210,2494,1365,611,526,313,312,155,164,82,72,46,61,22,17,18,8,9,6,4,2,1,2,6,1,1,3,2,4,5,1,1,0,0,0,0,1,2,0,0,2,0,0,0,0,0,0,0,0,0,1,2,0,0,0,0,1,0,0,0,0,1,0,2
Datasets/wang/Images/train/class9/956.jpg,63539,1475,294,83,44,20,18,13,17,6,3,6,1,1,1,2,2,1,0,0,1,2,0,2,0,0,0,1,1,0,0,0,0,0,0,0,0,0,0,0,0,0,1,0,0,0,0,0,1,0,0,0,0,0,0,0,0,0,0,0,0,0,0,1
Datasets/wang/Images/train/class9/958.jpg,65370,82,40,7,7,8,4,1,3,2,2,0,3,1,1,1,1,0,0,0,1,0,0,0,0,0,0,0,0,0,0,0,0,0,0,0,0,0,0,1,0,0,0,0,0,0,0,0,0,0,0,0,0,0,0,0,0,0,0,0,0,0,0,1
Datasets/wang/Images/train/class9/930.jpg,57027,3895,2266,1113,497,230,163,84,47,42,31,15,24,17,6,5,7,9,7,3,5,6,2,3,5,2,2,2,0,0,0,1,0,0,3,2,4,2,3,1,0,1,0,1,1,0,0,0,0,0,0,0,0,1,0,0,0,0,0,0,0,0,0,1
Datasets/wang/Images/train/class9/905.jpg,62602,1889,436,150,111,79,39,35,37,28,17,14,11,7,9,10,7,10,7,9,7,5,1,3,0,2,0,1,0,0,1,1,1,2,0,1,0,0,1,0,1,0,0,0,0,0,0,1,0,0,0,0,0,0,0,0,0,0,0,0,0,0,0,1
Datasets/wang/Images/train/class9/913.jpg,65021,226,76,45,24,16,9,8,12,10,6,3,6,2,2,1,6,1,5,1,3,5,2,1,4,1,0,5,3,2,4,2,1,3,0,0,1,0,1,0,2,0,1,2,1,1,1,1,1,1,0,1,0,1,0,0,1,1,1,1,0,0,0,1
Datasets/wang/Images/train/class9/922.jpg,64664,682,117,41,12,2,4,4,0,4,1,1,0,0,1,0,0,0,0,0,0,0,0,0,0,1,0,0,0,0,0,0,0,0,0,0,0,1,0,0,0,0,0,0,0,0,0,0,0,0,0,0,0,0,0,0,0,0,0,0,0,0,0,1
Datasets/wang/Images/train/class9/911.jpg,59030,2919,1333,717,421,249,204,83,79,63,60,51,34,45,28,24,17,18,22,27,13,8,18,13,8,8,3,1,0,4,4,2,2,2,5,2,4,0,0,4,1,3,2,2,0,0,1,0,0,0,0,0,0,0,0,0,0,0,1,0,0,0,0,1
Datasets/wang/Images/train/class9/920.jpg,59696,2648,1165,936,449,289,128,81,36,31,26,15,5,9,5,1,2,0,6,3,0,0,0,0,1,0,0,0,0,1,1,0,0,0,1,0,0,0,0,0,0,0,0,0,0,0,0,0,0,0,0,0,0,0,0,0,0,0,0,0,0,0,0,1
Datasets/wang/Images/train/class9/953.jpg,65430,67,22,4,2,2,2,2,0,0,1,1,0,1,0,0,0,0,0,0,0,0,0,0,0,0,0,0,0,0,0,0,0,0,0,0,0,0,0,0,0,0,0,0,0,0,0,0,0,1,0,0,0,0,0,0,0,0,0,0,0,0,0,1
Datasets/wang/Images/train/class9/929.jpg,65440,48,18,9,5,4,1,0,2,0,0,0,0,0,0,0,1,0,0,0,0,0,2,0,1,0,0,2,0,1,0,0,0,0,0,0,0,0,0,0,0,0,0,0,0,0,0,0,0,0,0,0,1,0,0,0,0,0,0,0,0,0,0,1
Datasets/wang/Images/train/class9/926.jpg,61683,2328,773,289,180,87,41,22,18,21,15,12,9,6,8,8,6,1,3,1,2,0,2,3,0,0,2,0,1,1,2,0,1,0,0,1,0,1,0,1,1,1,1,0,1,0,0,0,0,0,1,0,0,0,0,0,1,0,0,1,0,0,0,1
Datasets/wang/Images/train/class9/954.jpg,65183,193,65,28,15,6,3,9,5,5,1,1,1,3,1,1,2,2,0,3,1,1,0,0,1,0,0,1,0,1,0,0,1,0,0,0,0,0,0,1,1,0,0,0,0,0,0,0,0,0,0,0,0,0,0,0,0,0,0,0,0,0,0,1
Datasets/wang/Images/train/class9/961.jpg,65377,88,35,4,5,2,7,1,2,1,6,0,0,0,0,0,0,0,0,2,0,1,0,0,0,0,0,0,1,0,0,0,0,0,0,0,0,0,0,0,0,0,0,0,0,0,0,1,1,0,0,0,0,0,0,0,0,0,1,0,0,0,0,1
Datasets/wang/Images/train/class9/943.jpg,65376,86,41,7,3,6,10,2,1,0,0,1,0,0,0,0,1,0,0,0,0,0,0,0,0,0,0,0,0,0,0,0,0,0,0,0,0,0,0,0,0,0,0,0,0,0,0,0,0,1,0,0,0,0,0,0,0,0,0,0,0,0,0,1
Datasets/wang/Images/train/class9/908.jpg,63081,1523,582,173,50,34,17,10,7,7,0,7,3,2,3,3,3,0,2,5,1,1,4,1,2,1,1,0,0,0,2,1,0,0,1,0,1,0,1,0,1,1,0,1,0,0,1,0,0,1,0,0,1,0,0,0,0,0,0,0,0,0,0,1
Datasets/wang/Images/train/class9/935.jpg,64679,633,120,37,16,16,8,2,4,7,2,3,1,1,2,0,1,0,0,0,0,0,1,0,1,0,0,0,0,0,0,0,0,0,0,0,0,0,0,0,0,0,0,0,0,0,0,0,0,0,0,0,0,0,0,0,0,0,0,0,0,1,0,1
Datasets/wang/Images/train/class9/915.jpg,62130,1690,805,316,204,122,88,58,40,25,8,10,6,4,4,5,1,2,1,2,1,3,0,1,1,2,2,0,0,1,0,0,0,0,0,0,0,1,0,1,0,0,0,0,0,0,0,1,0,0,0,0,0,0,0,0,0,0,0,0,0,0,0,1
Datasets/wang/Images/train/class9/968.jpg,64839,251,84,55,45,15,21,24,15,11,9,13,14,6,15,14,15,10,6,13,2,4,6,1,1,3,3,6,3,6,6,1,2,0,2,0,1,1,1,1,0,0,1,0,0,0,3,1,1,0,0,1,0,1,0,1,0,0,0,0,0,1,0,1
Datasets/wang/Images/train/class9/951.jpg,65529,4,0,0,1,0,0,1,0,0,0,0,0,0,0,0,0,0,0,0,0,0,0,0,0,0,0,0,0,0,0,0,0,0,0,0,0,0,0,0,0,0,0,0,0,0,0,0,0,0,0,0,0,0,0,0,0,0,0,0,0,0,0,1
Datasets/wang/Images/train/class9/940.jpg,65031,361,72,31,12,4,9,2,1,4,3,1,1,1,0,1,0,0,0,0,0,0,0,0,0,0,0,0,0,0,0,0,0,0,0,0,0,0,0,0,0,0,0,0,0,0,1,0,0,0,0,0,0,0,0,0,0,0,0,0,0,0,0,1
Datasets/wang/Images/train/class9/931.jpg,65324,153,23,15,6,2,0,4,2,2,0,0,0,1,0,0,0,0,0,0,0,0,0,0,0,1,0,0,0,1,1,0,0,0,0,0,0,0,0,0,0,0,0,0,0,0,0,0,0,0,0,0,0,0,0,0,0,0,0,0,0,0,0,1
Datasets/wang/Images/train/class9/972.jpg,65431,66,12,10,6,4,2,0,0,0,1,0,0,0,0,0,0,0,0,0,0,0,1,0,0,0,0,1,0,0,0,0,1,0,0,0,0,0,0,0,0,0,0,0,0,0,0,0,0,0,0,0,0,0,0,0,0,0,0,0,0,0,0,1
Datasets/wang/Images/train/class9/948.jpg,65302,98,23,28,17,10,9,3,0,0,1,2,2,6,3,2,1,0,4,3,0,1,1,2,0,1,0,1,1,6,0,1,1,2,1,1,0,1,0,0,0,0,0,1,0,0,0,0,0,0,0,0,0,0,0,0,0,0,0,0,0,0,0,1
Datasets/wang/Images/train/class9/933.jpg,63985,885,344,112,84,35,30,16,18,6,8,2,3,0,2,0,1,2,0,0,0,0,0,0,0,0,0,0,0,0,0,0,0,0,1,1,0,0,0,0,0,0,0,0,0,0,0,0,0,0,0,0,0,0,0,0,0,0,0,0,0,0,0,1
Datasets/wang/Images/train/class9/942.jpg,55750,4163,2032,815,957,645,335,293,186,82,93,49,28,20,15,6,9,9,6,7,6,3,3,4,2,2,4,1,2,1,1,1,0,0,1,1,0,2,0,1,0,0,0,0,0,0,0,0,0,0,0,0,0,0,0,0,0,0,0,0,0,0,0,1
Datasets/wang/Images/train/class9/967.jpg,65200,318,8,2,3,1,1,0,0,0,1,0,0,0,0,0,0,0,0,0,0,0,0,0,0,0,0,0,1,0,0,0,0,0,0,0,0,0,0,0,0,0,0,0,0,0,0,0,0,0,0,0,0,0,0,0,0,0,0,0,0,0,0,1
Datasets/wang/Images/train/class9/923.jpg,62669,1704,458,251,103,72,59,37,16,22,32,16,13,16,6,13,10,6,4,0,7,2,1,1,2,3,2,1,0,1,0,1,0,1,0,0,2,1,2,0,0,0,0,0,0,0,1,0,0,0,0,0,0,0,0,0,0,0,0,0,0,0,0,1
Datasets/wang/Images/train/class9/918.jpg,65389,86,26,8,7,1,2,3,1,0,2,0,0,2,1,2,2,0,0,0,0,0,0,0,0,0,0,0,1,0,0,0,0,0,0,0,0,0,0,0,0,0,0,0,0,1,0,0,0,0,0,0,0,0,0,0,1,0,0,0,0,0,0,1
Datasets/wang/Images/train/class9/927.jpg,63326,1793,260,53,28,15,3,4,7,10,6,6,5,0,3,5,1,3,2,0,0,0,1,0,1,0,1,0,1,0,0,0,0,0,0,0,0,0,0,0,1,0,0,0,0,0,0,0,0,0,0,0,0,0,0,0,0,0,0,0,0,0,0,1
Datasets/wang/Images/train/class9/947.jpg,62963,1334,482,244,123,76,47,54,44,24,21,14,7,7,5,5,4,9,5,10,2,6,2,6,0,6,3,3,4,1,1,3,1,1,1,2,3,2,0,0,0,1,0,1,0,1,0,0,1,0,1,1,0,0,0,0,1,2,0,0,0,0,1,1
Datasets/wang/Images/train/class9/969.jpg,65508,14,5,2,1,3,0,0,0,0,0,0,0,0,0,0,0,0,0,0,0,0,0,0,0,0,0,0,0,0,0,1,0,0,0,1,0,0,0,0,0,0,0,0,0,0,0,0,0,0,0,0,0,0,0,0,0,0,0,0,0,0,0,1
Datasets/wang/Images/train/class9/949.jpg,65499,20,9,1,0,1,0,1,1,0,0,0,0,0,1,0,1,0,0,0,0,0,0,0,0,0,0,0,0,1,0,0,0,0,0,0,0,0,0,0,0,0,0,0,0,0,0,0,0,0,0,0,0,0,0,0,0,0,0,0,0,0,0,1
Datasets/wang/Images/train/class9/904.jpg,65406,79,19,7,3,10,3,2,0,0,1,0,0,0,0,1,0,0,0,2,0,0,0,0,1,0,0,0,0,0,0,0,0,0,0,0,0,0,0,0,0,0,0,0,0,0,1,0,0,0,0,0,0,0,0,0,0,0,0,0,0,0,0,1
Datasets/wang/Images/train/class9/970.jpg,65524,7,2,1,0,0,0,0,0,0,0,1,0,0,0,0,0,0,0,0,0,0,0,0,0,0,0,0,0,0,0,0,0,0,0,0,0,0,0,0,0,0,0,0,0,0,0,0,0,0,0,0,0,0,0,0,0,0,0,0,0,0,0,1
Datasets/wang/Images/train/class9/907.jpg,63946,1049,262,124,69,28,20,18,8,3,0,3,0,1,0,0,0,0,0,1,0,0,1,0,0,0,0,0,0,0,0,0,0,0,2,0,0,0,0,0,0,0,0,0,0,0,0,0,0,0,0,0,0,0,0,0,0,0,0,0,0,0,0,1
Datasets/wang/Images/train/class9/912.jpg,64658,512,102,43,37,34,35,32,12,10,10,6,7,2,2,2,1,0,2,4,2,4,0,1,0,1,2,1,1,1,1,0,3,1,2,1,0,0,0,0,1,0,1,0,0,0,0,0,0,0,0,0,0,0,0,0,0,0,1,0,0,0,0,1
Datasets/wang/Images/train/class9/964.jpg,65496,25,10,2,0,0,1,1,0,0,0,0,0,0,0,0,0,0,0,0,0,0,0,0,0,0,0,0,0,0,0,0,0,0,0,0,0,0,0,0,0,0,0,0,0,0,0,0,0,0,0,0,0,0,0,0,0,0,0,0,0,0,0,1
Datasets/wang/Images/train/class9/963.jpg,65450,40,15,6,5,3,3,4,3,3,0,0,0,0,0,1,0,1,0,0,0,0,0,0,0,0,0,1,0,0,0,0,0,0,0,0,0,0,0,0,0,0,0,0,0,0,0,0,0,0,0,0,0,0,0,0,0,0,0,0,0,0,0,1
Datasets/wang/Images/train/class0/19.jpg,59379,2909,1610,980,469,153,19,0,3,5,1,1,0,0,0,0,0,0,0,0,0,0,1,0,0,0,0,1,0,0,1,0,0,0,0,0,0,0,0,0,0,0,0,0,0,0,0,0,0,1,0,0,1,0,0,1,0,0,0,0,0,0,0,1
Datasets/wang/Images/train/class0/81.jpg,64633,669,152,27,15,6,4,3,1,3,1,2,3,2,2,3,0,0,0,1,0,0,2,1,1,0,0,0,0,0,1,0,0,0,0,0,0,1,0,0,0,0,0,0,0,0,0,0,0,0,0,0,0,0,0,0,0,0,2,0,0,0,0,1
Datasets/wang/Images/train/class0/35.jpg,64011,858,259,148,83,36,28,23,22,18,9,6,6,3,5,2,2,2,0,1,1,2,2,2,0,0,0,0,0,0,0,0,0,0,0,1,0,0,0,0,0,0,1,0,0,1,0,1,1,0,0,0,0,0,0,0,1,0,0,0,0,0,0,1
Datasets/wang/Images/train/class0/57.jpg,65505,20,5,1,1,0,1,0,0,0,1,0,0,0,0,0,0,0,0,0,0,0,0,0,0,0,0,0,0,0,0,0,0,0,0,0,0,0,0,0,0,0,0,0,0,0,0,0,0,0,0,0,0,0,0,0,0,0,0,1,0,0,0,1
Datasets/wang/Images/train/class0/2.jpg,62777,1755,649,142,59,32,31,22,22,8,12,6,2,2,5,0,3,0,1,1,1,0,0,0,0,3,0,0,1,0,0,0,0,0,0,0,0,0,0,0,0,0,0,0,0,0,0,0,0,0,0,0,0,0,0,0,0,1,0,0,0,0,0,1
Datasets/wang/Images/train/class0/72.jpg,64244,957,207,46,28,11,2,4,5,9,5,4,2,1,3,1,2,0,0,1,0,1,0,1,0,0,0,0,0,0,0,0,0,0,0,0,0,0,0,1,0,0,0,0,0,0,0,0,0,0,0,0,0,0,0,0,0,0,0,0,0,0,0,1
Datasets/wang/Images/train/class0/16.jpg,64280,745,310,59,22,33,9,11,17,17,8,4,5,7,1,0,1,1,0,0,0,0,0,0,0,0,0,1,0,1,0,1,0,0,0,0,1,1,0,0,0,0,0,0,0,0,0,0,0,0,0,0,0,0,0,0,0,0,0,0,0,0,0,1
Datasets/wang/Images/train/class0/22.jpg,60471,2900,1142,512,190,113,78,44,15,7,12,10,6,4,1,0,4,2,4,4,1,1,0,1,1,1,0,3,2,2,1,0,1,0,0,0,0,0,0,0,0,0,0,0,0,0,1,0,0,0,0,0,0,0,0,0,0,0,0,0,0,1,0,1
Datasets/wang/Images/train/class0/55.jpg,61837,2028,669,291,194,110,67,41,37,37,30,32,16,23,16,13,7,9,8,7,5,6,2,4,2,3,2,6,2,1,1,3,2,4,2,5,1,0,1,0,1,3,0,0,1,0,0,0,0,2,0,0,1,0,0,0,0,1,1,0,0,1,0,1
Datasets/wang/Images/train/class0/40.jpg,63483,1037,355,213,124,81,42,39,26,20,19,17,10,8,5,3,2,6,8,3,6,2,1,1,3,1,3,2,3,1,1,1,2,0,0,0,0,0,0,1,0,1,1,0,1,0,1,0,0,0,1,0,0,1,0,0,0,0,0,0,0,0,0,1
Datasets/wang/Images/train/class0/14.jpg,61724,2357,928,361,124,24,7,3,3,0,0,1,0,0,0,1,0,0,1,0,0,0,0,0,0,0,0,0,0,0,0,0,0,0,0,0,0,0,0,0,0,0,0,0,0,1,0,0,0,0,0,0,0,0,0,0,0,0,0,0,0,0,0,1
Datasets/wang/Images/train/class0/4.jpg,63372,1504,377,134,63,27,16,5,10,4,1,2,0,0,1,3,2,0,1,1,1,0,0,2,1,1,0,2,0,0,1,0,0,0,1,0,0,0,0,0,0,0,0,2,0,0,0,0,0,0,0,0,0,0,0,0,0,0,0,0,0,0,0,2
Datasets/wang/Images/train/class0/70.jpg,52714,3631,2040,1471,1915,597,491,382,277,390,147,137,98,169,68,50,66,58,101,40,49,41,65,32,30,20,34,48,27,23,15,34,20,18,18,14,33,14,15,20,8,27,10,8,10,17,4,4,13,1,6,4,7,0,2,1,0,0,0,0,1,0,0,1
Datasets/wang/Images/train/class0/20.jpg,63300,1456,455,156,54,31,24,21,5,5,3,8,2,1,2,2,2,1,1,1,0,0,0,1,0,0,0,1,0,0,0,0,0,0,0,0,0,0,0,0,0,0,0,1,0,0,0,0,0,0,0,0,1,1,0,0,0,0,0,0,0,0,0,1
Datasets/wang/Images/train/class0/53.jpg,64951,527,38,7,4,2,2,1,2,1,0,0,0,0,0,0,0,0,0,0,0,0,0,0,0,0,0,0,0,0,0,0,0,0,0,0,0,0,0,0,0,0,0,0,0,0,0,0,0,0,0,0,0,0,0,0,0,0,0,0,0,0,0,1
Datasets/wang/Images/train/class0/68.jpg,63215,1326,447,202,94,64,47,38,34,16,8,5,9,2,4,5,4,2,1,1,2,1,0,0,1,0,0,0,1,0,0,0,0,0,0,0,0,1,1,0,0,1,0,1,0,0,0,0,0,0,0,0,0,1,0,0,0,0,1,0,0,0,0,1
Datasets/wang/Images/train/class0/46.jpg,65423,78,12,9,4,3,1,0,1,0,0,0,0,1,0,0,0,1,0,0,0,0,0,0,0,0,0,0,0,0,1,0,0,0,0,0,0,0,0,0,0,1,0,0,0,0,0,0,0,0,0,0,0,0,0,0,0,0,0,0,0,0,0,1
Datasets/wang/Images/train/class0/43.jpg,65050,264,114,33,23,9,10,6,2,1,4,6,1,2,0,1,0,1,0,1,0,0,1,0,2,0,0,0,0,0,1,1,0,0,0,0,0,1,0,1,0,0,0,0,0,0,0,0,0,0,0,0,0,0,0,0,0,0,0,0,0,0,0,1
Datasets/wang/Images/train/class0/48.jpg,63192,1142,536,273,140,66,47,20,16,22,13,12,7,4,2,4,2,6,5,6,7,2,1,0,1,0,3,0,1,0,0,0,0,0,0,1,1,0,1,0,1,0,1,0,0,0,0,0,0,0,0,0,0,0,0,0,0,0,0,0,0,0,0,1
Datasets/wang/Images/train/class0/5.jpg,62947,2264,283,24,6,3,2,0,1,1,1,0,1,0,0,0,0,0,0,0,0,0,0,0,0,0,0,0,0,0,0,0,0,0,2,0,0,0,0,0,0,0,0,0,0,0,0,0,0,0,0,0,0,0,0,0,0,0,0,0,0,0,0,1
Datasets/wang/Images/train/class0/74.jpg,64145,682,299,170,78,47,22,21,14,14,3,3,6,10,5,1,5,3,1,0,0,1,1,0,0,0,0,0,0,1,0,0,0,0,0,0,0,0,0,0,1,1,0,0,0,1,0,0,0,0,0,0,0,0,0,0,0,0,0,0,0,0,0,1
Datasets/wang/Images/train/class0/67.jpg,63599,1005,404,208,143,67,40,23,12,5,5,5,9,2,1,0,1,0,0,0,1,1,1,0,0,2,0,0,0,0,0,0,0,0,0,0,0,0,0,0,0,0,0,0,0,0,0,0,0,0,0,0,0,0,0,0,0,0,0,0,0,1,0,1
Datasets/wang/Images/train/class0/61.jpg,41720,7976,4185,2773,1902,1390,1084,811,673,536,455,358,296,255,219,159,141,115,94,65,72,43,33,39,20,14,14,9,10,14,5,4,0,6,5,6,4,2,3,4,3,3,2,4,0,2,3,0,1,1,2,0,0,0,0,0,0,0,0,0,0,0,0,1
Datasets/wang/Images/train/class0/34.jpg,56240,3007,2186,931,773,895,428,415,182,117,126,51,47,18,13,15,8,15,7,6,6,5,2,5,3,2,3,4,4,2,2,0,2,3,1,0,1,2,2,0,1,1,0,0,0,1,1,0,1,0,0,0,0,0,0,0,0,0,0,0,1,0,0,1
Datasets/wang/Images/train/class0/54.jpg,64624,638,159,47,25,14,7,3,5,4,3,2,1,0,1,0,0,0,0,1,0,0,0,0,1,0,0,0,0,0,0,0,0,0,0,0,0,0,0,0,0,0,0,0,0,0,0,0,0,0,0,0,0,0,0,0,0,0,0,0,0,0,0,1
Datasets/wang/Images/train/class0/13.jpg,55662,3827,2666,901,968,457,373,186,142,47,32,45,19,20,12,18,18,13,5,16,7,8,8,2,7,6,5,4,3,5,7,2,1,5,6,2,5,2,2,2,3,2,0,1,1,0,3,1,0,0,2,1,3,0,0,0,1,0,0,0,1,0,0,1
Datasets/wang/Images/train/class0/30.jpg,47579,6164,0,2601,1613,0,1138,0,788,635,0,544,0,432,433,0,381,0,312,323,0,305,298,0,284,0,237,212,0,191,0,210,146,0,153,0,119,100,0,89,0,62,43,0,46,21,0,34,0,14,12,0,3,0,5,6,0,0,0,1,0,0,1,1
Datasets/wang/Images/train/class0/50.jpg,55290,3948,1869,1211,716,483,172,262,165,170,134,123,45,92,107,83,67,71,73,28,36,50,38,33,36,16,26,21,18,17,14,18,4,12,10,11,14,9,2,3,5,2,3,5,1,2,4,3,2,0,0,0,1,3,3,0,1,0,0,1,0,1,1,1
Datasets/wang/Images/train/class0/56.jpg,58247,4087,1192,712,358,204,202,99,130,60,42,34,12,23,17,10,16,9,13,14,11,7,4,3,6,3,5,3,2,1,1,2,0,1,1,0,1,0,0,0,0,1,0,0,0,0,0,1,0,0,0,0,0,0,0,0,0,1,0,0,0,0,0,1
Datasets/wang/Images/train/class0/7.jpg,65016,350,107,29,14,9,1,0,0,0,1,2,3,0,0,0,0,1,0,0,0,0,0,0,0,0,0,0,0,0,1,0,0,0,0,0,0,0,0,0,0,0,0,0,0,0,0,0,0,0,0,0,0,0,0,0,0,0,0,1,0,0,0,1
Datasets/wang/Images/train/class0/49.jpg,57878,2878,1296,1030,444,306,372,171,153,163,101,77,112,77,66,69,41,28,56,26,25,24,23,13,16,5,8,10,3,5,8,5,5,4,2,8,3,4,3,4,0,3,2,1,1,1,1,1,1,0,0,2,0,0,0,0,0,0,0,0,0,0,0,1
Datasets/wang/Images/train/class0/38.jpg,64993,403,82,22,7,5,1,4,3,2,2,0,3,3,0,0,0,0,1,0,1,0,0,0,0,0,0,0,0,1,0,0,0,0,0,1,0,0,0,0,0,0,0,0,0,0,1,0,0,0,0,0,0,0,0,0,0,0,0,0,0,0,0,1
Datasets/wang/Images/train/class0/41.jpg,63412,960,420,279,157,89,53,35,33,20,13,7,8,3,5,3,5,4,9,3,3,0,1,0,2,1,1,1,0,0,0,1,0,0,0,2,0,0,0,0,1,0,0,0,0,0,0,0,1,0,0,0,0,0,1,0,1,0,0,0,1,0,0,1
Datasets/wang/Images/train/class0/32.jpg,64040,1054,269,82,33,14,6,5,2,1,4,1,2,4,1,5,2,2,1,0,1,1,0,0,0,0,0,0,0,0,0,0,0,0,1,0,0,0,0,1,1,0,0,0,0,0,0,0,0,1,0,0,0,0,0,0,0,0,1,0,0,0,0,1
Datasets/wang/Images/train/class0/58.jpg,57206,2874,1545,969,653,483,337,335,148,129,124,80,66,53,87,45,30,32,43,40,23,31,24,17,26,18,14,13,14,13,7,8,6,4,6,7,4,1,1,1,1,0,3,1,0,2,0,1,1,3,1,2,0,0,1,0,0,0,0,0,0,2,0,1
Datasets/wang/Images/train/class0/44.jpg,65088,297,57,18,11,14,13,5,3,5,4,7,6,0,1,0,0,0,0,0,0,1,0,0,0,0,1,0,0,0,0,0,0,0,0,1,1,0,0,0,0,0,0,0,0,0,0,0,0,1,0,0,0,1,0,0,0,0,0,0,0,0,0,1
Datasets/wang/Images/train/class0/42.jpg,64286,885,189,52,18,23,17,5,10,6,11,5,5,7,5,1,1,0,1,0,1,2,0,0,0,0,0,0,0,0,1,1,0,0,0,0,1,0,1,0,0,0,0,0,0,0,0,1,0,0,0,0,0,0,0,0,0,0,0,0,0,0,0,1
Datasets/wang/Images/train/class0/15.jpg,59640,2501,1154,805,342,237,176,90,64,76,60,44,33,32,21,27,20,16,22,11,17,15,11,6,8,11,1,8,12,12,3,5,7,3,4,8,8,2,3,1,2,2,2,0,2,1,1,0,0,2,1,0,0,0,1,0,2,1,0,1,1,0,0,1
Datasets/wang/Images/train/class0/76.jpg,59195,2892,1277,662,423,223,166,147,68,67,57,40,25,32,26,37,6,14,16,13,7,8,13,8,3,8,9,11,9,6,3,9,5,2,2,3,3,5,2,5,5,6,3,2,1,3,3,2,0,0,0,1,0,1,0,0,0,1,0,0,0,0,0,1
Datasets/wang/Images/train/class0/18.jpg,65378,84,23,13,12,5,7,4,0,0,0,1,1,1,2,0,0,1,0,0,0,0,0,0,0,0,0,0,0,1,0,0,0,0,0,0,0,0,1,0,0,0,0,0,0,0,1,0,0,0,0,0,0,0,0,0,0,0,0,0,0,0,0,1
Datasets/wang/Images/train/class0/3.jpg,61936,1747,692,382,259,166,100,94,60,28,12,6,10,8,8,4,3,4,1,4,0,0,0,0,0,0,4,1,0,2,0,0,0,0,2,0,0,0,0,0,1,0,0,0,0,1,0,0,0,0,0,0,0,0,0,0,0,0,0,0,0,0,0,1
Datasets/wang/Images/train/class0/1.jpg,63176,978,489,273,200,110,79,37,47,29,21,24,18,19,6,6,1,4,3,2,5,0,2,1,1,0,0,1,0,0,1,0,1,1,0,0,0,0,0,0,0,0,0,0,0,0,0,0,0,0,0,0,0,0,0,0,0,0,0,0,0,0,0,1
Datasets/wang/Images/train/class0/80.jpg,58498,3114,1351,699,494,334,250,227,175,121,81,44,44,14,14,14,9,5,15,8,4,5,1,1,0,1,1,0,1,0,1,0,0,1,2,1,1,1,1,0,1,0,0,0,0,0,0,0,0,1,0,0,0,0,0,0,0,0,0,0,0,0,0,1
Datasets/wang/Images/train/class0/45.jpg,65181,229,46,22,10,6,9,10,9,3,1,0,0,1,0,1,0,1,0,0,0,2,0,0,0,0,0,0,1,0,0,0,0,0,0,0,0,0,0,0,0,0,0,0,0,0,0,2,0,0,0,0,0,0,0,0,0,0,0,0,1,0,0,1
Datasets/wang/Images/train/class0/24.jpg,65454,42,17,9,4,3,0,0,0,0,0,0,1,0,0,1,1,0,0,0,0,0,0,0,0,0,0,1,0,0,0,0,1,0,0,0,0,0,0,0,0,0,0,0,0,0,1,0,0,0,0,0,0,0,0,0,0,0,0,0,0,0,0,1
Datasets/wang/Images/train/class0/66.jpg,65403,91,10,3,6,10,3,2,0,0,1,0,0,0,1,0,1,0,0,0,0,0,0,0,0,0,1,0,0,0,0,0,0,1,0,0,0,0,0,0,0,1,0,1,0,0,0,0,0,0,0,0,0,0,0,0,0,0,0,0,0,0,0,1
Datasets/wang/Images/train/class0/0.jpg,55172,2447,2629,699,1123,403,315,470,214,355,124,121,199,70,143,66,55,108,44,95,32,31,56,40,54,23,28,47,25,38,25,41,19,15,30,14,32,6,11,27,9,18,5,2,9,4,8,3,3,8,4,7,3,1,2,0,0,0,0,2,0,0,1,1
Datasets/wang/Images/train/class0/78.jpg,64252,767,246,98,53,28,27,15,15,9,9,2,2,2,1,2,2,0,0,1,0,0,0,0,0,0,0,0,0,0,0,0,0,0,0,0,0,0,0,1,0,0,0,0,0,0,1,1,0,0,0,0,0,0,0,0,0,0,0,1,0,0,0,1
Datasets/wang/Images/train/class0/64.jpg,55527,5142,1554,1356,519,494,322,106,137,64,55,36,23,20,14,18,29,16,5,6,3,7,9,5,7,7,2,2,4,0,3,2,3,1,3,4,1,2,1,2,3,2,3,2,0,3,0,2,1,1,0,0,1,2,0,1,1,0,0,1,1,0,0,1
Datasets/wang/Images/train/class0/79.jpg,65236,105,26,25,24,19,16,16,18,10,7,1,4,1,4,1,2,1,1,0,2,2,0,0,0,1,0,2,1,1,1,2,2,1,0,0,1,0,1,0,0,0,0,0,0,0,0,0,0,0,0,0,0,0,0,0,0,1,0,0,0,0,0,1
Datasets/wang/Images/train/class0/62.jpg,65011,387,102,18,7,4,1,2,0,1,0,1,0,1,0,0,0,0,0,0,0,0,0,0,0,0,0,0,0,0,0,0,0,0,0,0,0,0,0,0,0,0,0,0,0,0,0,0,0,0,0,0,0,0,0,0,0,0,0,0,0,0,0,1
Datasets/wang/Images/train/class0/60.jpg,60360,2494,840,618,452,245,201,96,40,43,31,21,22,15,13,14,6,5,4,3,4,2,1,0,1,0,0,0,0,0,0,1,0,0,1,0,0,0,0,0,0,0,0,0,0,0,0,0,0,1,0,0,0,0,0,0,0,0,0,0,0,0,1,1
Datasets/wang/Images/train/class0/39.jpg,63825,986,311,123,63,59,39,18,16,9,9,11,13,5,5,3,2,3,3,2,2,4,1,0,0,2,2,2,1,1,1,1,2,0,2,0,1,1,0,0,0,0,0,0,0,0,0,3,0,0,0,1,0,1,0,0,1,0,0,0,0,0,0,2
Datasets/wang/Images/train/class0/51.jpg,54985,4862,2078,1140,903,368,304,202,142,161,60,48,42,41,34,20,14,14,17,9,21,8,11,12,5,3,8,4,2,2,2,2,0,2,1,2,0,3,0,0,0,1,0,0,0,0,0,0,0,0,1,1,0,0,0,0,0,0,0,0,0,0,0,1
Datasets/wang/Images/train/class0/33.jpg,60885,2075,769,537,227,171,156,103,63,45,59,36,31,32,23,22,27,17,10,19,13,9,8,20,9,10,15,14,8,8,4,7,11,7,4,4,3,8,2,5,3,2,3,6,7,6,7,3,4,2,2,1,0,2,1,2,0,3,1,1,2,0,0,2
Datasets/wang/Images/train/class0/63.jpg,64865,474,67,36,22,9,12,9,7,5,5,3,3,2,1,0,4,2,1,0,0,2,2,0,0,0,0,1,0,0,0,0,0,0,0,0,1,1,0,0,0,1,0,0,0,0,0,0,0,0,0,0,0,0,0,0,0,0,0,0,0,0,0,1
Datasets/wang/Images/train/class0/69.jpg,64859,371,140,63,35,21,13,6,7,2,1,3,1,2,3,0,1,2,1,0,0,0,0,0,0,0,0,0,0,0,0,0,1,0,0,0,0,0,0,0,0,1,0,0,0,0,0,0,1,0,0,0,0,0,0,0,0,0,0,0,0,0,0,2
Datasets/wang/Images/train/class0/27.jpg,63851,856,365,271,102,37,12,12,7,7,5,1,1,1,0,0,0,1,1,1,0,0,0,0,0,1,0,0,0,0,0,1,0,0,0,0,0,0,0,0,0,0,0,0,0,0,0,0,0,0,0,0,0,0,0,0,0,0,1,0,0,0,1,1
Datasets/wang/Images/train/class0/36.jpg,63026,1001,446,268,173,135,115,100,83,33,46,22,14,10,8,6,10,5,5,0,4,3,3,2,1,1,0,2,0,1,1,1,1,1,0,0,0,1,1,1,1,0,0,0,0,0,2,0,0,2,0,0,0,0,0,0,0,0,0,0,0,0,0,1
Datasets/wang/Images/train/class0/28.jpg,65468,30,17,8,3,2,2,0,0,0,0,0,2,0,1,0,0,0,0,1,0,0,1,0,0,0,0,0,0,0,0,0,0,0,0,0,0,0,0,0,0,0,0,0,0,0,0,0,0,0,0,0,0,0,0,0,0,0,0,0,0,0,0,1
Datasets/wang/Images/train/class0/21.jpg,62419,1212,754,500,255,149,87,73,28,23,7,6,0,2,2,2,0,0,2,1,1,2,1,1,0,1,0,1,1,2,0,0,1,0,1,0,0,0,0,0,0,0,0,0,0,0,0,0,0,0,0,0,1,0,0,0,0,0,0,0,0,0,0,1
Datasets/wang/Images/train/class0/71.jpg,56729,1968,1108,1346,492,353,578,255,215,379,145,127,241,95,109,170,65,61,135,52,45,102,39,47,68,32,37,75,30,22,71,24,24,50,28,15,35,20,15,30,11,8,17,9,5,11,7,4,9,2,0,8,2,2,2,1,0,2,1,0,1,1,0,1
Datasets/wang/Images/train/class0/47.jpg,54472,5472,2631,1296,647,337,136,175,118,89,48,32,17,18,16,7,7,5,3,5,0,1,1,0,0,0,0,0,0,0,0,0,0,0,0,0,0,1,0,0,0,0,0,0,0,0,0,0,0,0,0,1,0,0,0,0,0,0,0,0,0,0,0,1
Datasets/wang/Images/train/class0/37.jpg,58060,3223,1248,506,577,410,328,225,255,192,111,51,51,49,26,18,24,15,10,11,13,9,4,9,6,9,4,5,4,4,3,6,4,4,4,3,8,3,2,4,5,5,1,8,5,1,2,2,0,1,0,3,1,0,0,0,0,0,0,0,1,2,0,1
Datasets/wang/Images/train/class0/77.jpg,53491,2892,1618,2043,688,649,1062,421,398,317,486,202,166,276,90,75,140,57,39,37,59,22,29,49,26,13,29,15,8,16,18,11,10,11,5,4,10,6,2,2,1,1,3,11,2,0,2,1,1,1,8,1,1,1,0,1,1,0,3,0,2,0,0,3
Datasets/wang/Images/train/class0/6.jpg,62942,1367,530,276,131,99,52,35,19,13,22,4,6,14,8,2,4,2,1,1,1,2,0,1,1,0,1,0,0,0,0,1,0,0,0,0,0,0,0,0,0,0,0,0,0,0,0,0,0,0,0,0,0,0,0,0,0,0,0,0,0,0,0,1
Datasets/wang/Images/train/class0/59.jpg,58824,2857,1694,641,407,336,171,131,111,51,35,33,26,28,15,13,13,14,9,12,6,6,8,15,13,7,7,8,7,7,6,6,3,3,3,1,0,1,0,1,0,1,0,1,0,0,0,0,1,0,1,0,0,0,1,0,0,0,0,1,0,0,0,1
Datasets/wang/Images/train/class0/12.jpg,61563,1827,770,439,316,214,127,79,43,31,18,15,8,12,2,6,7,6,6,8,6,5,4,3,1,2,1,3,1,2,2,0,3,0,0,0,1,1,0,0,0,0,0,1,1,0,0,0,1,0,0,0,0,0,0,0,0,0,0,0,0,0,0,1
Datasets/wang/Images/train/class0/29.jpg,64946,370,126,37,20,9,6,3,3,3,3,2,2,1,0,0,0,0,1,0,0,0,0,1,0,0,0,0,0,0,0,0,1,0,0,0,0,0,0,0,0,0,0,0,0,0,0,0,0,0,0,0,0,0,0,0,0,0,0,1,0,0,0,1
Datasets/wang/Images/train/class0/73.jpg,65179,179,54,37,7,8,16,10,6,10,4,4,1,4,2,0,3,1,1,1,1,2,1,1,0,0,0,0,1,0,0,1,0,0,0,0,0,0,0,0,0,0,0,0,0,0,0,0,0,0,0,1,0,0,0,0,0,0,0,0,0,0,0,1
Datasets/wang/Images/train/class0/31.jpg,37133,10079,5784,0,3719,2337,0,1608,1051,851,0,614,500,0,361,313,0,266,199,153,0,130,85,0,69,58,0,35,32,26,0,16,12,0,7,10,10,0,7,8,0,7,8,0,8,8,3,0,6,6,0,4,5,0,2,2,1,0,2,0,0,0,0,1
Datasets/wang/Images/train/class0/25.jpg,63408,1792,309,17,1,0,0,0,2,2,0,0,0,0,0,0,0,0,0,0,0,0,0,0,0,1,0,2,0,0,0,0,0,0,0,0,0,1,0,0,0,0,0,0,0,0,0,0,0,0,0,0,0,0,0,0,0,0,0,0,0,0,0,1
Datasets/wang/Images/train/class0/10.jpg,60918,2110,1006,604,327,216,161,77,37,17,5,7,4,8,6,10,5,2,1,1,1,0,1,1,1,1,0,1,0,0,1,1,0,0,0,0,0,1,0,0,0,0,1,0,1,0,0,1,0,0,0,0,0,0,0,0,0,0,0,1,0,0,0,1
Datasets/wang/Images/train/class0/26.jpg,64177,847,344,67,25,27,23,12,2,4,1,1,0,1,0,1,0,0,0,0,0,0,0,0,0,1,0,0,0,0,0,0,0,0,0,0,0,1,0,0,0,0,0,0,0,0,0,0,0,0,0,0,0,0,0,0,0,0,0,0,1,0,0,1
Datasets/wang/Images/train/class0/17.jpg,64927,321,143,47,29,30,20,10,0,1,2,0,0,0,0,0,0,1,0,0,1,0,0,1,0,0,0,0,0,0,1,0,0,0,0,0,0,1,0,0,0,0,0,0,0,0,0,0,0,0,0,0,0,0,0,0,0,0,0,0,0,0,0,1
Datasets/wang/Images/train/class0/23.jpg,63206,1577,479,114,56,37,19,17,3,4,2,2,2,1,1,2,1,1,2,0,1,1,0,0,0,2,0,0,0,0,0,0,0,0,1,0,0,0,0,1,1,0,0,0,0,0,0,0,0,0,0,0,0,0,1,0,0,0,0,1,0,0,0,1
Datasets/wang/Images/train/class0/52.jpg,42500,7605,3884,2497,1880,1366,1109,848,700,595,0,469,377,336,248,211,195,138,109,98,73,0,51,37,26,24,13,16,9,10,11,9,0,11,6,7,11,6,5,10,5,6,0,2,0,3,2,4,2,3,1,1,1,0,0,1,1,0,1,1,0,0,1,1
Datasets/wang/Images/train/class0/11.jpg,64304,1081,124,13,5,1,2,2,1,0,0,0,0,0,0,1,0,0,0,0,0,0,0,0,1,0,0,0,0,0,0,0,0,0,0,0,0,0,0,0,0,0,0,0,0,0,0,0,0,0,0,0,0,0,0,0,0,0,0,0,0,0,0,1
Datasets/wang/Images/train/class0/65.jpg,65378,74,39,10,9,8,6,4,2,0,0,1,0,0,0,0,1,0,0,0,0,1,0,0,0,0,0,0,0,0,0,0,0,0,1,0,0,0,0,0,0,0,0,0,0,0,0,0,0,0,0,0,0,0,0,0,0,0,0,0,0,0,1,1
Datasets/wang/Images/train/class0/75.jpg,55358,3854,1673,1004,656,511,381,303,274,237,195,153,135,137,118,93,85,64,60,35,45,19,18,9,14,9,14,14,8,12,5,7,4,8,3,3,3,2,2,0,3,1,0,1,0,0,0,0,0,0,1,0,1,1,0,0,0,0,1,0,0,0,0,2
Datasets/wang/Images/train/class8/823.jpg,61824,1764,627,333,211,166,148,70,72,44,38,38,31,19,20,17,18,12,8,18,6,7,6,10,5,4,1,3,0,3,1,1,0,1,1,1,0,1,0,0,0,1,0,1,1,0,1,0,2,0,0,0,0,0,0,0,0,0,0,0,0,0,0,1
Datasets/wang/Images/train/class8/874.jpg,63934,864,275,144,107,58,34,36,20,14,9,1,3,2,7,5,7,1,0,1,2,1,0,0,0,0,1,0,1,0,0,0,1,0,0,0,0,2,0,1,0,0,1,0,0,0,0,0,0,0,0,1,0,0,1,0,1,0,0,0,0,0,0,1
Datasets/wang/Images/train/class8/839.jpg,63787,730,305,191,77,86,67,26,30,31,24,17,20,14,8,6,8,14,8,6,8,8,5,5,2,3,0,3,4,4,6,3,1,0,4,4,4,1,5,0,0,0,0,1,0,1,2,3,0,0,1,0,0,0,0,0,0,0,0,1,1,0,0,1
Datasets/wang/Images/train/class8/848.jpg,64185,714,290,134,69,46,28,18,9,10,4,2,2,1,1,1,0,0,1,4,0,1,1,0,1,0,1,1,3,0,0,0,0,1,0,2,1,0,0,0,0,1,0,1,1,0,0,0,0,0,0,0,0,0,0,0,0,1,0,0,0,0,0,1
Datasets/wang/Images/train/class8/801.jpg,64267,863,184,84,37,28,7,10,6,6,2,4,3,5,1,3,2,2,2,1,1,1,1,2,0,3,1,1,1,0,1,2,0,0,0,0,0,0,1,0,1,0,0,0,0,0,0,1,0,0,0,0,0,0,0,1,0,0,0,0,0,0,0,1
Datasets/wang/Images/train/class8/829.jpg,63470,1190,361,153,109,54,36,35,22,23,10,10,9,6,4,4,3,1,1,3,3,1,3,4,2,0,3,0,3,1,2,1,0,0,0,2,0,1,0,1,1,0,1,0,1,0,0,0,0,0,0,0,0,1,0,0,0,0,0,0,0,0,0,1
Datasets/wang/Images/train/class8/871.jpg,64524,635,136,26,17,8,8,16,10,5,5,10,10,23,10,5,10,12,4,8,5,5,5,7,1,1,3,5,2,3,3,0,3,1,0,1,1,0,2,1,0,1,1,0,1,1,0,0,0,0,0,0,0,0,0,0,0,0,0,0,0,0,0,1
Datasets/wang/Images/train/class8/847.jpg,63378,1036,351,158,96,91,63,53,36,28,19,30,22,9,21,15,8,9,8,5,6,9,6,6,10,9,4,2,8,3,1,1,3,1,0,1,0,4,5,3,0,2,3,5,0,0,1,0,1,1,0,1,0,0,0,0,1,1,0,1,0,0,0,1
Datasets/wang/Images/train/class8/852.jpg,65002,202,125,81,20,8,12,11,9,8,7,8,3,5,5,5,4,6,4,4,1,0,2,1,0,0,0,0,0,0,0,0,0,0,0,0,0,0,0,0,0,0,0,1,0,0,0,0,0,0,0,0,0,0,0,0,0,1,0,0,0,0,0,1
Datasets/wang/Images/train/class8/817.jpg,65463,33,8,4,8,0,3,4,0,3,1,1,2,1,1,1,1,0,0,0,0,0,0,0,0,0,0,0,0,0,0,0,0,0,0,0,0,0,0,0,0,0,0,0,0,0,0,0,0,0,0,0,0,1,0,0,0,0,0,0,0,0,0,1
Datasets/wang/Images/train/class8/864.jpg,63187,1899,230,54,46,32,19,9,4,3,2,1,2,3,4,5,2,2,3,3,3,3,1,1,2,2,1,1,0,0,0,2,0,1,0,1,1,1,0,1,1,2,0,0,1,0,0,0,0,0,0,0,0,0,0,0,0,0,0,0,0,0,0,1
Datasets/wang/Images/train/class8/846.jpg,65215,123,47,20,24,12,8,12,8,4,10,3,4,2,1,4,1,1,0,2,0,2,1,5,1,1,1,1,0,0,1,0,1,1,0,0,0,1,0,2,2,1,0,0,1,1,0,1,0,0,0,3,1,0,1,1,0,0,0,2,1,0,1,1
Datasets/wang/Images/train/class8/822.jpg,64576,448,214,137,84,15,9,7,13,11,7,5,4,1,0,0,1,1,1,0,0,0,0,0,0,0,0,0,0,0,0,0,0,0,0,0,0,0,0,1,0,0,0,0,0,0,0,0,0,0,0,0,0,0,0,0,0,0,0,0,0,0,0,1
Datasets/wang/Images/train/class8/856.jpg,65400,56,24,31,16,3,1,0,0,0,0,0,0,0,1,0,0,0,0,0,0,0,0,0,0,0,0,0,1,0,0,0,1,0,0,0,0,0,0,0,1,0,0,0,0,0,0,0,0,0,0,0,0,0,0,0,0,0,0,0,0,0,0,1
Datasets/wang/Images/train/class8/824.jpg,60578,2258,924,629,265,229,107,120,57,96,46,41,29,30,11,15,13,3,4,9,5,5,3,5,4,3,3,2,3,2,3,0,3,4,1,2,2,3,1,3,3,3,2,0,1,1,0,0,0,2,0,1,0,0,0,0,0,0,0,0,1,0,0,1
Datasets/wang/Images/train/class8/835.jpg,63951,759,246,115,77,74,48,26,29,15,22,20,14,19,13,11,7,4,3,3,3,4,5,11,8,4,5,2,2,4,1,4,4,1,2,1,1,1,4,0,0,0,2,2,0,0,2,0,2,0,0,0,0,0,0,0,0,2,1,0,0,1,0,1
Datasets/wang/Images/train/class8/834.jpg,64852,374,58,53,49,29,23,17,12,6,9,3,9,4,2,2,0,0,0,1,1,2,1,1,2,1,2,1,2,0,1,2,0,0,0,2,1,0,1,3,0,1,0,1,0,1,1,1,2,0,0,0,1,0,0,0,0,0,1,0,0,0,0,1
Datasets/wang/Images/train/class8/840.jpg,65176,166,103,30,16,19,12,4,1,2,2,2,0,1,0,0,0,0,0,0,0,0,0,0,0,0,0,0,0,0,1,0,0,0,0,0,0,0,0,0,0,0,0,0,0,0,0,0,0,0,0,0,0,0,0,0,0,0,0,0,0,0,0,1
Datasets/wang/Images/train/class8/827.jpg,63774,1139,279,98,46,26,17,14,11,8,10,9,11,10,10,10,4,6,7,3,5,5,3,4,2,1,2,0,2,0,0,2,0,0,0,1,0,4,0,1,1,0,1,1,1,1,1,0,0,1,0,1,0,1,0,0,0,0,2,0,0,0,0,1
Datasets/wang/Images/train/class8/802.jpg,65520,5,2,5,1,0,0,1,0,0,1,0,0,0,0,0,0,0,0,0,0,0,0,0,0,0,0,0,0,0,0,0,0,0,0,0,0,0,0,0,0,0,0,0,0,0,0,0,0,0,0,0,0,0,0,0,0,0,0,0,0,0,0,1
Datasets/wang/Images/train/class8/811.jpg,65289,121,27,17,10,16,10,6,6,3,0,3,3,1,0,0,0,1,0,0,0,2,0,0,3,0,1,1,0,0,1,0,0,1,0,0,0,0,0,0,2,1,0,2,0,0,1,0,0,1,1,1,0,1,0,1,0,0,0,1,0,1,0,1
Datasets/wang/Images/train/class8/804.jpg,64848,328,121,63,24,4,25,20,13,10,11,7,9,8,4,4,3,7,3,1,1,1,0,0,1,1,0,2,1,0,1,0,1,2,2,1,0,0,1,0,0,0,1,0,0,1,0,1,0,0,1,1,0,1,0,0,0,1,0,0,0,0,0,1
Datasets/wang/Images/train/class8/863.jpg,63865,711,298,152,124,99,79,46,30,19,26,22,14,8,6,3,1,0,0,3,0,0,1,2,1,2,0,1,1,3,3,1,1,1,1,0,0,1,2,1,2,1,0,0,0,0,1,0,0,0,1,0,0,0,0,0,0,1,0,1,0,0,0,1
Datasets/wang/Images/train/class8/812.jpg,64813,491,51,44,40,16,12,4,2,3,0,1,3,1,0,1,4,4,1,3,2,1,0,3,2,0,3,4,3,2,0,0,1,0,1,0,1,0,1,0,2,0,0,0,0,2,1,2,1,2,1,1,0,2,0,0,2,0,0,1,0,0,0,1
Datasets/wang/Images/train/class8/854.jpg,65258,161,46,25,8,3,1,6,2,2,4,5,4,5,2,1,1,0,0,0,0,0,0,0,0,0,0,0,0,0,0,1,0,0,0,0,0,0,0,0,0,0,0,0,0,0,0,0,0,0,0,0,0,0,0,0,0,0,0,0,0,0,0,1
Datasets/wang/Images/train/class8/842.jpg,65228,177,57,32,10,2,5,3,1,3,1,4,4,1,0,2,2,0,1,0,1,0,0,0,0,0,0,0,0,0,0,0,0,0,0,0,0,0,0,0,0,0,0,0,0,0,0,0,0,1,0,0,0,0,0,0,0,0,0,0,0,0,0,1
Datasets/wang/Images/train/class8/877.jpg,63176,1481,375,135,72,29,29,27,22,13,12,20,15,7,16,10,15,14,6,7,3,5,3,4,5,7,2,2,1,0,3,2,1,2,0,2,0,0,0,0,0,2,0,0,0,1,1,1,2,0,0,2,0,0,1,0,0,1,0,0,0,1,0,1
Datasets/wang/Images/train/class8/814.jpg,64395,773,214,79,39,14,11,1,1,2,1,1,1,0,0,1,0,0,0,0,0,0,0,0,0,0,1,0,0,1,0,0,0,0,0,0,0,0,0,0,0,0,0,0,0,0,0,0,0,0,0,0,0,0,0,0,0,0,0,0,0,0,0,1
Datasets/wang/Images/train/class8/825.jpg,63465,1038,408,246,111,77,45,35,18,25,14,9,10,2,3,4,6,2,1,0,2,2,1,0,0,0,1,0,0,0,0,1,0,0,0,0,1,0,2,1,0,0,1,0,1,0,1,0,0,0,0,0,0,0,0,0,0,0,1,0,0,0,1,1
Datasets/wang/Images/train/class8/876.jpg,65201,180,60,27,14,15,1,1,0,0,1,1,1,1,1,0,0,0,0,1,0,0,0,0,0,0,0,1,0,0,0,0,0,3,0,0,1,3,2,2,1,1,1,1,1,1,2,0,1,1,0,0,3,1,0,0,0,2,1,0,1,0,0,1
Datasets/wang/Images/train/class8/832.jpg,65248,150,50,24,27,10,9,4,5,2,2,2,0,0,1,0,0,0,0,0,0,0,0,0,1,0,0,0,0,0,0,0,0,0,0,0,0,0,0,0,0,0,0,0,0,0,0,0,0,0,0,0,0,0,0,0,0,0,0,0,0,0,0,1
Datasets/wang/Images/train/class8/818.jpg,64433,813,100,59,26,12,13,12,11,7,5,8,3,3,2,5,2,2,3,2,2,2,0,0,0,0,0,1,1,1,0,0,2,0,0,1,0,1,1,0,0,1,0,0,0,0,0,0,0,1,0,0,0,0,0,0,0,0,0,0,0,0,0,1
Datasets/wang/Images/train/class8/859.jpg,61862,1832,700,384,177,115,115,52,60,51,32,11,15,9,11,18,14,2,7,5,1,4,5,3,9,1,1,3,4,2,0,2,2,4,2,2,1,1,1,2,2,0,1,3,2,1,0,1,0,1,0,0,1,0,1,0,0,0,0,0,0,0,0,1
Datasets/wang/Images/train/class8/869.jpg,64393,808,235,39,14,3,5,6,6,4,3,3,1,0,1,0,1,0,0,1,0,1,1,0,3,2,0,1,0,0,1,0,0,0,0,0,1,0,0,0,0,0,0,1,0,0,0,0,0,1,0,0,0,0,0,0,0,0,0,0,0,0,0,1
Datasets/wang/Images/train/class8/855.jpg,64722,612,138,27,10,7,5,1,5,1,0,0,0,2,0,1,0,0,0,0,0,1,1,1,0,0,0,0,0,0,0,0,0,0,0,0,1,0,0,0,0,0,0,0,0,0,0,0,0,0,0,0,0,0,0,0,0,0,0,0,0,0,0,1
Datasets/wang/Images/train/class8/867.jpg,65351,132,24,13,2,1,2,0,0,1,1,0,0,1,0,0,0,0,0,0,0,1,2,0,0,0,0,0,0,1,0,0,0,1,0,0,0,0,0,0,1,0,0,0,0,0,0,0,0,0,0,0,0,0,0,1,0,0,0,0,0,0,0,1
Datasets/wang/Images/train/class8/849.jpg,60851,2256,964,539,303,162,115,74,48,36,40,15,15,15,9,10,6,4,4,5,6,7,6,1,4,6,2,1,0,4,1,1,4,1,2,1,2,0,1,2,0,1,0,0,0,2,0,0,1,0,1,2,0,1,0,1,0,1,0,0,0,1,0,2
Datasets/wang/Images/train/class8/844.jpg,65369,61,23,28,10,4,4,4,3,4,0,2,3,2,1,3,1,3,0,0,1,1,2,0,1,0,0,1,0,0,1,0,0,0,0,0,0,0,0,0,0,0,1,0,0,0,0,1,0,0,0,1,0,0,0,0,0,0,0,0,0,0,0,1
Datasets/wang/Images/train/class8/813.jpg,62963,1200,574,344,169,79,45,32,24,11,9,8,15,13,4,7,2,1,1,0,1,1,0,0,1,0,1,0,0,2,1,2,0,3,0,2,2,1,1,3,1,0,0,0,0,1,1,2,2,0,1,0,1,0,0,0,0,1,1,1,0,0,0,2
Datasets/wang/Images/train/class8/810.jpg,65519,6,5,2,1,0,0,0,0,0,0,0,0,1,0,0,0,0,0,0,0,0,0,0,0,0,0,0,1,0,0,0,0,0,0,0,0,0,0,0,0,0,0,0,0,0,0,0,0,0,0,0,0,0,0,0,0,0,0,0,0,0,0,1
Datasets/wang/Images/train/class8/841.jpg,64536,537,146,107,59,29,18,6,7,11,7,11,10,11,4,5,3,5,0,3,2,3,1,1,0,0,0,1,1,2,0,1,1,2,0,0,0,0,0,1,0,1,0,0,0,0,0,0,0,1,0,0,0,0,0,0,0,0,1,0,1,0,0,1
Datasets/wang/Images/train/class8/836.jpg,62671,1185,499,303,213,146,113,77,70,54,43,29,13,19,11,13,8,10,5,6,7,5,5,3,3,4,5,1,1,0,1,0,1,0,0,0,1,1,0,0,0,0,1,0,0,0,1,0,1,2,0,0,1,1,0,0,0,0,0,1,0,1,0,1
Datasets/wang/Images/train/class8/872.jpg,63598,1040,377,203,111,64,35,29,7,4,8,9,3,10,7,2,4,4,0,1,0,1,1,1,0,1,1,0,1,0,0,1,0,0,2,0,1,0,0,1,1,0,0,0,0,0,1,1,0,0,0,0,0,1,0,3,0,0,0,0,0,0,0,2
Datasets/wang/Images/train/class8/837.jpg,61348,1967,837,441,276,208,103,92,51,30,36,35,26,21,19,9,4,8,4,2,2,2,0,2,2,1,1,0,0,0,0,1,0,0,0,2,0,1,0,0,0,0,1,0,0,0,0,0,0,0,0,1,0,0,0,1,0,0,0,1,0,0,0,1
Datasets/wang/Images/train/class8/860.jpg,55909,3813,1618,853,330,544,418,311,126,210,169,138,56,119,102,83,41,68,65,69,27,42,55,46,16,36,26,27,12,25,24,21,6,21,14,11,6,10,14,8,4,4,4,5,1,3,2,3,1,2,1,3,1,2,1,1,1,1,3,1,2,0,0,1
Datasets/wang/Images/train/class8/843.jpg,65012,280,89,37,21,19,14,14,9,10,0,2,0,2,1,2,1,1,0,2,0,1,2,0,1,1,1,1,0,0,2,0,1,0,0,0,1,0,0,0,1,0,1,0,1,0,0,1,0,1,0,0,2,0,0,0,1,0,0,0,0,0,0,1
Datasets/wang/Images/train/class8/875.jpg,63130,1278,424,227,129,106,52,30,17,11,6,16,18,17,9,1,2,0,0,1,1,0,1,0,2,2,1,1,2,2,2,5,3,3,4,2,1,5,2,2,1,0,1,0,2,0,0,4,1,3,1,0,0,1,1,1,1,1,0,1,1,0,0,1
Datasets/wang/Images/train/class8/873.jpg,65018,239,151,44,24,21,14,15,1,1,3,1,0,0,0,1,0,1,0,0,0,0,0,0,0,0,0,0,0,0,0,0,0,0,0,0,0,0,0,0,0,0,0,0,0,0,0,0,0,0,0,0,0,0,1,0,0,0,0,0,0,0,0,1
Datasets/wang/Images/train/class8/820.jpg,65042,260,42,52,26,35,19,11,5,2,3,1,1,4,3,1,4,3,4,4,3,3,1,1,1,0,1,1,0,0,1,0,0,0,0,0,0,0,0,0,0,0,0,0,1,0,0,0,0,0,0,0,0,0,0,0,0,0,0,0,0,0,0,1
Datasets/wang/Images/train/class8/838.jpg,58327,3968,1174,353,335,168,103,146,108,107,65,81,59,34,57,49,28,29,31,25,10,20,24,16,14,17,11,13,20,14,13,13,5,6,8,5,7,4,7,6,5,5,7,6,4,8,2,3,3,2,0,1,2,1,1,0,2,0,0,0,0,1,1,2
Datasets/wang/Images/train/class8/826.jpg,63511,818,343,203,136,99,90,77,52,25,27,24,21,12,18,10,9,6,4,9,3,0,1,5,1,3,0,0,2,2,1,2,2,0,1,1,2,0,1,3,1,1,0,1,0,0,2,0,0,0,0,1,0,0,2,0,1,1,0,1,0,0,0,1
Datasets/wang/Images/train/class8/808.jpg,65412,65,12,18,11,3,2,2,3,3,1,0,1,0,0,0,0,0,0,0,0,0,0,0,1,1,0,0,0,0,0,0,0,0,0,0,0,0,0,0,0,0,0,0,0,0,0,0,0,0,0,0,0,0,0,0,0,0,0,0,0,0,0,1
Datasets/wang/Images/train/class8/858.jpg,63377,1201,362,148,92,104,61,46,33,17,6,3,3,4,7,6,6,4,3,1,5,3,1,0,1,1,0,1,1,2,0,1,1,0,1,2,3,3,6,1,2,2,3,1,1,2,0,1,0,0,2,0,0,0,0,1,0,2,0,1,0,0,0,1
Datasets/wang/Images/train/class8/878.jpg,63822,1067,288,120,50,50,30,18,6,5,1,2,0,0,0,3,0,0,1,1,2,0,4,1,2,2,3,3,1,4,4,2,1,5,6,8,5,3,5,1,1,3,1,0,1,0,1,0,0,0,0,1,0,1,0,0,0,0,0,0,0,0,0,1
Datasets/wang/Images/train/class8/879.jpg,63806,1266,204,67,49,22,16,15,13,7,7,3,5,5,5,3,4,1,4,3,5,2,1,0,1,0,0,1,1,0,0,0,0,2,3,4,2,2,0,0,1,1,0,0,1,0,0,1,0,0,0,1,0,0,0,0,0,0,0,0,0,0,1,1
Datasets/wang/Images/train/class8/862.jpg,62345,1565,607,404,194,100,68,29,34,27,19,25,16,15,4,2,11,5,0,4,2,3,3,3,3,2,3,2,5,2,1,2,4,3,4,2,1,4,2,0,2,2,0,1,0,0,0,0,0,1,1,0,0,1,1,0,0,0,0,0,0,0,1,1
Datasets/wang/Images/train/class8/850.jpg,63112,1123,338,218,147,82,75,63,47,38,36,28,35,31,26,20,11,11,7,8,9,3,5,8,5,5,2,3,2,6,4,2,2,3,2,4,3,0,1,3,1,3,0,0,1,0,2,0,0,0,0,0,0,0,0,0,0,0,0,0,0,0,0,1
Datasets/wang/Images/train/class8/805.jpg,64507,664,117,58,48,25,28,10,7,6,4,4,2,3,3,1,1,2,4,8,1,5,3,2,1,2,1,0,1,1,0,0,0,0,0,0,2,0,0,0,0,0,1,2,1,0,0,2,1,3,0,0,0,1,0,1,0,0,1,0,1,0,0,1
Datasets/wang/Images/train/class8/868.jpg,64927,252,106,62,43,20,25,17,11,11,8,6,7,4,2,5,3,4,1,1,2,3,1,1,0,2,2,0,1,0,0,0,0,1,0,1,0,1,0,0,0,0,0,0,0,0,0,1,0,1,0,0,0,0,0,0,0,0,0,1,0,0,0,3
Datasets/wang/Images/train/class8/833.jpg,64819,308,86,68,35,31,25,14,5,4,14,7,9,11,12,10,8,5,5,11,7,1,4,0,1,3,2,0,0,1,2,3,1,3,2,4,0,0,0,1,1,0,2,0,0,0,0,0,0,1,1,0,1,1,2,0,1,1,1,0,1,0,0,1
Datasets/wang/Images/train/class8/807.jpg,64559,641,112,61,33,33,21,20,15,8,2,0,0,1,0,1,3,0,0,0,0,0,0,0,0,0,1,0,0,0,0,0,0,0,1,1,1,0,3,0,2,1,0,1,0,0,2,1,1,0,0,0,0,2,1,1,1,3,1,0,1,0,0,1
Datasets/wang/Images/train/class8/870.jpg,62882,1486,536,186,104,79,34,22,26,23,25,13,10,9,8,11,5,4,3,2,4,4,6,7,4,7,2,2,0,2,2,2,3,3,1,0,2,0,2,2,0,2,1,0,2,2,2,0,0,1,1,0,0,0,0,1,0,0,0,0,0,0,0,1
Datasets/wang/Images/train/class8/821.jpg,64580,629,165,52,22,19,18,11,11,6,7,2,3,4,1,0,0,1,1,1,0,0,0,0,0,0,0,0,0,0,0,0,0,0,1,0,0,0,0,0,1,0,0,0,0,0,0,0,0,0,0,0,0,0,0,0,0,0,0,0,0,0,0,1
Datasets/wang/Images/train/class8/831.jpg,65056,243,75,61,37,12,11,4,5,6,3,6,2,1,3,2,4,0,1,0,0,0,0,0,0,0,1,0,0,0,0,0,1,0,0,0,0,0,0,0,0,0,0,0,0,0,0,0,0,0,0,0,1,0,0,0,0,0,0,0,0,0,0,1
Datasets/wang/Images/train/class8/815.jpg,64110,663,270,157,115,62,50,24,22,24,7,10,6,3,2,2,1,0,0,0,0,0,1,1,0,0,1,0,0,0,0,0,0,1,1,0,0,0,0,0,0,0,0,1,1,0,0,0,0,0,0,0,0,0,0,0,0,0,0,0,0,0,0,1
Datasets/wang/Images/train/class8/857.jpg,64616,433,154,90,63,32,28,14,16,8,10,8,4,3,3,2,2,1,2,0,0,1,2,2,3,1,2,2,0,2,3,1,3,2,2,1,2,1,2,0,2,2,2,3,0,1,2,1,0,0,0,0,0,1,0,0,0,0,0,0,0,0,0,1
Datasets/wang/Images/train/class8/830.jpg,59617,2393,1213,733,382,295,208,126,90,89,66,62,39,47,27,24,12,14,14,8,10,4,8,5,3,5,1,4,2,8,7,4,0,2,0,2,1,0,2,1,1,0,0,0,0,1,0,2,0,1,0,1,0,0,0,0,0,0,0,0,0,1,0,1
Datasets/wang/Images/train/class8/861.jpg,64866,263,107,80,53,49,21,12,18,8,8,1,2,0,4,2,1,4,1,0,1,2,0,1,2,0,0,0,0,1,1,1,0,1,0,0,0,2,3,1,1,1,2,1,2,0,0,1,1,4,1,2,1,0,0,0,1,1,0,0,0,0,0,1
Datasets/wang/Images/train/class8/865.jpg,65140,157,76,35,27,13,11,10,18,4,2,5,8,11,4,5,1,2,1,2,0,0,0,0,1,0,0,0,0,0,0,0,0,0,0,0,0,0,0,0,0,0,0,0,0,1,0,0,0,1,0,0,0,0,0,0,0,0,0,0,0,0,0,1
Datasets/wang/Images/train/class8/803.jpg,62083,1985,819,304,129,76,32,26,28,16,5,4,5,3,0,1,2,2,1,0,4,1,1,1,2,2,1,0,0,0,0,0,0,0,2,0,0,0,0,0,0,0,0,0,0,0,0,0,0,0,0,0,0,0,0,0,0,0,0,0,0,0,0,1
Datasets/wang/Images/train/class8/816.jpg,64181,538,224,140,87,68,54,59,35,30,21,22,14,10,4,3,2,1,1,0,3,0,0,1,1,0,0,1,2,3,1,4,2,1,1,1,1,4,1,2,1,0,0,2,0,1,0,1,1,0,1,0,0,0,1,0,1,1,0,1,0,0,0,2
Datasets/wang/Images/train/class8/809.jpg,65348,133,20,10,3,0,1,1,0,0,1,0,1,0,1,1,1,0,0,0,0,0,0,1,0,0,0,0,0,1,0,0,0,1,0,0,0,2,1,0,0,0,1,1,2,0,0,1,0,1,0,1,0,0,1,0,0,0,0,0,0,0,0,1
Datasets/wang/Images/train/class8/853.jpg,65467,38,10,8,4,6,0,0,0,0,0,0,0,0,1,0,0,0,0,0,0,0,0,0,0,0,0,0,0,0,0,0,1,0,0,0,0,0,0,0,0,0,0,0,0,0,0,0,0,0,0,0,0,0,0,0,0,0,0,0,0,0,0,1
Datasets/wang/Images/train/class8/866.jpg,65074,310,67,13,8,12,11,7,2,8,3,0,1,0,0,2,0,1,1,0,1,0,1,1,3,0,1,0,0,1,0,0,1,0,0,0,0,0,1,0,3,1,0,1,0,0,0,0,0,0,0,0,0,0,0,0,0,0,0,0,0,0,0,1
Datasets/wang/Images/train/class8/819.jpg,65468,16,11,18,4,2,0,0,0,0,0,0,1,1,0,1,0,0,0,0,0,0,0,1,0,0,0,0,1,1,0,1,0,0,1,1,0,1,1,1,0,0,0,0,0,0,0,0,1,0,0,1,0,0,0,0,0,1,0,0,0,0,0,2
Datasets/wang/Images/train/class8/851.jpg,63906,1161,248,89,57,22,8,8,5,5,0,2,0,1,0,0,0,0,3,1,0,0,1,0,0,0,1,0,0,1,3,0,1,2,0,0,0,0,1,1,1,3,1,0,0,1,0,1,0,0,0,0,1,0,0,0,0,0,0,0,0,0,0,1
Datasets/wang/Images/train/class8/845.jpg,64754,655,52,31,10,3,5,2,2,1,1,1,1,0,1,0,1,1,2,0,1,1,1,0,0,0,0,0,1,0,0,0,0,0,0,1,2,0,0,0,1,0,0,0,0,0,2,0,1,0,0,0,1,0,0,0,0,0,0,0,0,0,0,1
Datasets/wang/Images/train/class8/806.jpg,63461,1104,389,192,136,95,46,33,24,12,7,9,3,7,1,0,2,2,0,1,0,3,0,1,0,0,1,2,0,0,0,0,0,1,0,1,0,0,0,0,0,0,0,0,0,0,0,0,0,0,0,1,0,1,0,0,0,0,0,0,0,0,0,1
Datasets/wang/Images/train/class8/800.jpg,64001,1040,253,104,45,26,17,9,7,4,5,3,2,1,1,1,1,3,0,0,1,0,1,0,1,1,1,0,1,0,1,1,0,0,0,0,0,1,1,0,0,0,0,0,1,0,0,0,0,0,0,0,0,0,1,0,0,0,0,0,0,0,0,1
Datasets/wang/Images/train/class8/828.jpg,65071,201,37,54,33,16,14,16,5,6,5,5,4,5,6,3,4,1,3,0,3,0,2,3,5,3,3,1,1,1,0,0,0,1,1,2,1,0,0,3,0,1,2,2,0,1,1,0,2,2,0,1,1,0,1,0,1,0,0,0,0,0,1,1
Datasets/wang/Images/train/class5/541.jpg,56440,2051,2011,627,947,343,536,206,402,165,156,232,85,159,67,139,46,99,47,80,46,40,47,23,61,27,45,24,38,15,27,12,19,17,12,28,13,24,11,22,6,18,10,12,19,7,20,4,9,1,7,2,12,5,0,3,4,1,1,1,0,1,1,3
Datasets/wang/Images/train/class5/508.jpg,65344,120,17,19,5,8,5,0,0,3,3,1,0,1,0,0,1,0,0,0,1,0,0,0,0,0,0,0,0,1,0,0,0,0,0,0,1,1,0,0,0,0,0,0,1,0,0,1,1,0,0,0,0,0,1,0,0,0,0,0,0,0,0,1
Datasets/wang/Images/train/class5/554.jpg,64910,587,20,1,2,3,3,0,0,0,0,2,0,2,2,0,0,3,0,0,0,0,0,0,0,0,0,0,0,0,0,0,0,0,0,0,0,0,0,0,0,0,0,0,0,0,0,0,0,0,0,0,0,0,0,0,0,0,0,0,0,0,0,1
Datasets/wang/Images/train/class5/568.jpg,56600,1926,2034,648,464,749,270,246,383,163,142,260,98,85,151,73,67,120,50,44,77,48,51,84,40,27,63,32,28,62,29,72,38,19,48,20,16,40,21,19,28,10,9,15,8,10,20,6,7,9,0,2,1,0,0,0,0,0,2,0,0,0,1,1
Datasets/wang/Images/train/class5/575.jpg,60754,2146,1098,577,380,321,137,73,16,5,4,5,1,0,2,1,1,0,0,2,1,0,0,0,0,1,0,1,0,1,1,1,1,0,0,1,0,2,0,0,0,0,0,0,0,1,0,0,0,1,0,0,0,0,0,0,0,0,0,0,0,0,0,1
Datasets/wang/Images/train/class5/503.jpg,57329,2948,2420,1154,929,292,152,112,52,39,22,10,15,5,3,6,6,5,3,2,4,1,6,2,1,2,1,1,1,3,0,0,1,0,0,2,1,1,0,0,0,0,2,0,0,1,0,1,0,0,0,0,0,0,0,0,0,0,0,0,0,0,0,1
Datasets/wang/Images/train/class5/526.jpg,60365,4154,684,117,65,25,19,12,7,7,3,5,5,4,8,6,5,10,7,1,4,4,1,1,0,0,0,0,1,0,0,0,0,1,0,1,1,1,0,0,0,1,0,0,2,0,0,2,1,0,0,1,1,0,0,0,2,0,0,0,0,1,0,1
Datasets/wang/Images/train/class5/502.jpg,64757,491,94,57,22,17,14,8,15,14,10,3,4,2,4,4,1,2,1,2,1,1,0,0,0,0,0,1,0,1,0,0,0,0,1,0,0,0,0,0,0,0,0,0,1,0,1,0,0,0,0,1,1,0,0,0,1,1,0,0,0,0,0,3
Datasets/wang/Images/train/class5/519.jpg,53707,3086,1751,1955,643,527,822,312,294,483,210,201,306,112,120,184,79,72,126,60,51,97,40,39,63,32,22,40,7,15,21,9,9,9,6,2,4,3,1,2,0,2,3,1,0,1,0,1,1,1,0,1,1,0,1,0,0,0,0,0,0,0,0,1
Datasets/wang/Images/train/class5/535.jpg,61812,1902,769,419,283,149,103,46,23,13,4,1,1,1,0,0,0,0,1,1,1,0,0,1,0,0,0,0,0,0,0,0,0,0,0,0,0,1,0,1,0,0,1,0,0,0,0,0,0,0,0,0,0,1,0,0,1,0,0,0,0,0,0,1
Datasets/wang/Images/train/class5/567.jpg,57112,3150,2446,1244,738,383,163,97,77,26,20,17,3,4,8,8,8,6,0,1,3,0,1,5,3,0,1,0,0,2,0,3,2,0,0,0,0,0,1,0,1,0,0,0,0,0,1,0,0,0,0,0,0,0,0,0,0,0,0,0,0,1,0,1
Datasets/wang/Images/train/class5/579.jpg,64615,553,191,93,30,20,11,6,3,0,0,0,2,0,0,1,0,0,1,0,0,1,1,0,0,0,0,0,0,0,0,0,0,0,0,0,0,1,0,0,0,1,1,0,0,0,0,0,0,1,0,0,0,0,1,0,0,0,1,0,0,1,0,1
Datasets/wang/Images/train/class5/570.jpg,65267,191,24,15,7,8,6,2,0,0,0,0,1,0,0,0,0,1,1,1,0,0,0,0,0,0,0,0,0,0,0,0,3,0,0,0,0,0,0,0,0,0,1,1,1,0,1,0,0,0,0,1,1,0,1,0,0,0,0,1,0,0,0,1
Datasets/wang/Images/train/class5/550.jpg,65514,8,4,2,0,1,1,0,1,0,1,0,0,0,0,0,0,0,0,0,1,0,1,0,0,0,1,0,0,0,0,0,0,0,0,0,0,0,0,0,0,0,0,0,0,0,0,0,0,0,0,0,0,0,0,0,0,0,0,0,0,0,0,1
Datasets/wang/Images/train/class5/569.jpg,54570,2493,1438,1068,755,1116,422,379,285,290,245,455,177,194,150,165,143,274,109,109,84,88,79,117,44,53,27,32,24,38,15,14,12,11,15,4,7,2,4,6,8,1,1,1,3,2,3,1,0,0,0,1,0,0,0,0,1,0,0,0,0,0,0,1
Datasets/wang/Images/train/class5/507.jpg,65365,128,16,8,7,2,0,0,1,0,0,0,2,0,1,0,0,0,0,0,0,0,2,0,0,0,0,0,1,0,0,0,0,0,0,0,0,0,0,0,0,0,0,0,0,0,2,0,0,0,0,0,0,0,0,0,0,0,0,0,0,0,0,1
Datasets/wang/Images/train/class5/572.jpg,45776,6285,2929,1952,1508,1246,939,0,844,655,510,481,374,324,0,293,211,182,140,106,109,0,93,60,59,52,44,29,0,35,34,23,27,16,22,0,13,17,15,11,14,12,0,14,11,8,8,5,14,0,4,8,2,4,3,5,0,3,2,2,1,0,1,1
Datasets/wang/Images/train/class5/501.jpg,63018,2253,195,34,8,6,4,6,1,0,0,1,1,0,0,0,0,0,2,1,1,0,0,0,0,0,0,0,1,1,0,0,0,0,0,0,0,0,0,0,0,1,0,0,0,0,0,0,0,0,0,0,0,1,0,0,0,0,0,0,0,0,0,1
Datasets/wang/Images/train/class5/537.jpg,63524,1218,522,184,52,6,3,3,5,4,1,3,1,0,0,0,0,0,0,0,0,1,1,0,1,0,0,0,0,0,0,0,0,0,0,1,1,0,1,0,0,0,0,0,0,0,0,1,0,0,0,0,0,0,0,1,0,0,0,0,0,0,0,2
Datasets/wang/Images/train/class5/555.jpg,63251,1398,474,187,94,38,23,11,14,5,8,10,8,2,2,0,1,0,2,2,2,0,0,0,0,0,0,0,1,0,0,1,0,0,0,0,0,0,0,0,0,0,0,0,0,0,0,0,0,0,0,0,0,0,0,0,0,0,0,1,0,0,0,1
Datasets/wang/Images/train/class5/512.jpg,41842,7230,3896,2636,2043,1632,1275,1009,857,714,541,446,370,270,213,189,130,82,56,42,20,16,5,12,3,2,0,2,1,0,0,0,0,0,0,0,0,0,0,1,0,0,0,0,0,0,0,0,0,0,0,0,0,0,0,0,0,0,0,0,0,0,0,1
Datasets/wang/Images/train/class5/546.jpg,57365,3068,986,1080,732,369,519,393,234,294,184,91,91,51,30,20,10,4,5,3,2,2,2,0,0,0,0,0,0,0,0,0,0,0,0,0,0,0,0,0,0,0,0,0,0,0,0,0,0,0,0,0,0,0,0,0,0,0,0,0,0,0,0,1
Datasets/wang/Images/train/class5/565.jpg,65439,48,12,7,2,1,1,6,4,6,1,1,1,0,1,1,0,0,0,1,0,0,0,0,0,0,0,0,0,0,1,0,0,0,0,0,0,0,1,0,0,0,0,0,0,0,0,0,0,1,0,0,0,0,0,0,0,0,0,0,0,0,0,1
Datasets/wang/Images/train/class5/571.jpg,52592,6035,1364,1709,609,816,508,194,316,128,225,151,63,120,54,108,78,36,52,29,42,49,16,31,15,34,20,9,16,10,12,16,4,4,8,11,4,6,9,3,7,1,4,3,0,3,1,1,2,1,3,1,0,1,0,0,0,0,0,1,0,0,0,1
Datasets/wang/Images/train/class5/522.jpg,65514,7,2,6,2,0,2,1,1,0,0,0,0,0,0,0,0,0,0,0,0,0,0,0,0,0,0,0,0,0,0,0,0,0,0,0,0,0,0,0,0,0,0,0,0,0,0,0,0,0,0,0,0,0,0,0,0,0,0,0,0,0,0,1
Datasets/wang/Images/train/class5/517.jpg,63933,1025,238,126,50,40,16,9,7,9,9,10,5,5,7,8,7,1,3,3,1,0,2,1,0,2,0,1,0,1,1,1,0,2,0,0,1,1,2,0,0,1,0,1,0,0,0,1,1,1,0,1,1,0,0,0,0,0,0,0,0,1,0,1
Datasets/wang/Images/train/class5/523.jpg,65232,239,26,13,4,4,1,0,0,0,1,0,2,1,1,5,0,0,1,0,1,0,0,0,0,0,1,0,0,0,0,0,0,0,0,1,0,0,0,0,1,0,0,0,0,0,0,0,0,0,1,0,0,0,0,0,0,0,0,0,0,0,0,1
Datasets/wang/Images/train/class5/520.jpg,54996,2444,2519,810,581,794,320,511,213,191,339,154,150,243,100,186,78,88,137,75,61,104,43,74,42,30,52,20,24,26,11,24,15,6,11,7,3,8,7,7,1,2,4,1,1,6,0,5,0,1,2,0,2,1,3,0,0,0,1,0,0,0,1,1
Datasets/wang/Images/train/class5/534.jpg,53200,2885,1803,1368,1798,691,550,496,365,622,187,170,149,213,79,86,61,52,126,39,41,33,87,35,29,31,31,51,17,21,25,29,10,8,13,13,22,13,10,6,7,11,5,5,0,11,2,5,3,6,7,1,1,2,2,1,0,1,0,0,0,0,0,1
Datasets/wang/Images/train/class5/515.jpg,63562,1287,481,159,25,5,1,2,4,2,2,1,1,0,0,0,0,0,0,0,0,0,1,0,0,0,0,0,0,0,0,0,0,0,1,0,0,0,0,0,0,0,0,0,0,0,0,0,0,0,0,0,0,0,0,0,1,0,0,0,0,0,0,1
Datasets/wang/Images/train/class5/547.jpg,65480,25,6,4,3,1,2,2,0,0,0,1,0,0,0,0,0,1,0,0,0,2,0,0,0,0,1,3,1,1,0,0,0,0,0,0,0,0,0,1,0,0,0,0,0,0,0,0,0,0,0,0,0,1,0,0,0,0,0,0,0,0,0,1
Datasets/wang/Images/train/class5/539.jpg,65103,291,91,12,5,4,7,3,2,0,0,1,0,0,0,0,0,1,0,0,2,0,1,2,1,3,2,0,1,0,0,1,0,1,0,0,0,0,0,0,1,0,0,0,0,0,0,0,0,0,0,0,0,0,0,0,0,0,0,0,0,0,0,1
Datasets/wang/Images/train/class5/525.jpg,62194,1859,759,372,234,59,16,3,6,4,7,0,1,3,4,2,0,0,0,0,0,0,0,0,0,0,1,0,1,2,0,1,0,1,0,0,0,0,0,0,0,0,0,0,0,1,0,0,0,0,0,0,1,1,0,0,0,1,0,0,0,1,1,1
Datasets/wang/Images/train/class5/552.jpg,65485,17,8,9,3,0,1,1,0,0,2,0,1,0,0,0,0,0,0,1,0,1,0,1,1,1,0,0,0,0,0,0,0,0,0,0,0,0,0,0,2,0,0,0,0,0,0,0,0,0,0,0,0,0,0,0,0,0,1,0,0,0,0,1
Datasets/wang/Images/train/class5/544.jpg,63450,1237,479,183,59,22,15,7,12,8,19,8,8,7,1,1,2,2,1,0,0,0,2,0,0,0,1,1,3,0,0,0,0,1,0,0,3,1,0,0,0,0,0,1,1,0,0,0,0,0,0,0,0,0,0,0,0,0,0,0,0,0,0,1
Datasets/wang/Images/train/class5/573.jpg,65488,12,8,10,4,0,0,0,2,0,0,0,0,0,1,0,0,0,1,0,0,0,0,0,0,0,0,0,1,1,0,1,0,0,1,0,1,0,0,0,0,0,0,0,0,0,1,1,0,0,0,1,1,0,0,0,0,0,0,0,0,0,0,1
Datasets/wang/Images/train/class5/527.jpg,64096,1235,139,16,11,13,4,3,3,3,1,0,1,0,0,1,0,0,1,2,0,0,0,0,0,0,1,0,0,0,0,2,0,0,1,0,0,0,0,0,0,0,0,0,0,0,0,0,0,0,1,1,0,0,0,0,0,0,0,0,0,0,0,1
Datasets/wang/Images/train/class5/510.jpg,57663,2373,1317,835,647,474,353,314,226,227,176,141,125,86,97,83,59,50,40,30,36,25,21,15,14,14,13,16,8,5,10,7,5,4,5,1,2,2,0,1,0,1,1,0,1,0,2,1,0,4,0,0,1,0,0,0,0,1,0,1,0,1,1,1
Datasets/wang/Images/train/class5/506.jpg,61097,1929,982,576,293,228,165,87,52,37,22,17,6,5,7,7,6,1,4,2,3,2,0,2,0,0,1,1,0,0,0,0,0,0,0,0,0,0,0,0,0,0,0,0,0,0,0,1,0,1,0,0,0,0,0,0,0,0,0,0,0,1,0,1
Datasets/wang/Images/train/class5/562.jpg,59996,2280,1078,634,298,238,161,124,108,87,80,53,47,49,47,37,32,27,35,17,29,15,10,14,14,4,6,6,3,3,1,0,0,0,1,0,0,0,0,0,0,0,0,0,0,1,0,0,0,0,0,0,0,0,0,0,0,0,0,0,0,0,0,1
Datasets/wang/Images/train/class5/540.jpg,65499,17,2,3,4,0,0,1,0,0,0,0,1,0,0,0,1,0,0,1,1,0,0,1,1,0,0,0,0,0,0,0,1,0,0,0,1,0,0,0,0,0,0,1,0,0,0,0,0,0,0,0,0,0,0,0,0,0,0,0,0,0,0,1
Datasets/wang/Images/train/class5/574.jpg,55495,2030,2113,696,620,870,368,311,588,233,251,376,159,261,121,107,148,75,73,101,47,29,71,31,31,53,25,45,27,18,26,20,16,23,14,13,18,5,9,5,2,2,2,0,2,1,0,1,0,0,0,0,0,0,0,0,0,0,2,0,0,0,0,2
Datasets/wang/Images/train/class5/549.jpg,56363,2809,1688,1183,899,993,371,306,189,149,85,98,48,37,36,29,25,41,17,20,25,16,16,23,12,12,15,7,9,3,0,1,3,2,0,0,0,2,0,1,0,0,1,0,0,0,0,0,0,0,0,0,0,1,0,0,0,0,0,0,0,0,0,1
Datasets/wang/Images/train/class5/559.jpg,63718,1504,148,34,18,8,9,7,5,13,8,6,2,0,0,0,0,0,3,1,0,1,0,1,2,0,0,3,1,3,0,1,1,1,2,0,5,2,1,4,5,3,2,1,1,2,4,1,1,1,0,0,1,0,0,1,0,0,0,0,0,0,0,1
Datasets/wang/Images/train/class5/530.jpg,64530,643,167,69,72,20,4,6,2,1,3,1,1,1,1,0,0,0,0,1,0,1,0,0,0,3,1,0,0,1,0,0,0,0,0,2,0,0,0,0,0,0,0,1,0,0,0,1,0,1,1,0,0,0,0,0,0,0,0,1,0,0,0,1
Datasets/wang/Images/train/class5/545.jpg,63913,1209,291,65,27,9,4,4,2,3,0,0,0,0,0,0,0,0,0,0,0,0,1,0,1,0,0,0,1,0,1,0,1,1,0,0,0,0,0,0,0,0,0,0,0,0,0,0,0,0,0,0,2,0,0,0,0,0,0,0,0,0,0,1
Datasets/wang/Images/train/class5/509.jpg,57509,2779,1508,1194,491,317,398,165,154,204,108,88,108,48,56,67,25,29,25,36,18,15,25,13,13,17,14,5,9,7,3,9,5,4,4,11,6,3,5,1,4,5,5,0,3,2,2,4,1,0,1,3,2,1,1,1,0,1,2,0,0,0,1,1
Datasets/wang/Images/train/class5/577.jpg,63089,1621,421,201,73,60,19,15,6,8,5,0,2,0,2,1,0,0,0,0,1,0,0,0,1,0,0,0,0,0,1,0,0,0,0,1,0,1,0,1,0,1,0,1,0,0,0,0,1,0,0,1,0,0,0,1,0,1,0,0,0,0,0,1
Datasets/wang/Images/train/class5/553.jpg,65092,194,66,37,13,31,47,15,5,5,2,1,0,2,0,1,3,0,0,2,0,1,1,0,0,1,0,1,1,1,2,1,1,1,0,0,1,0,0,0,1,0,0,0,0,0,0,0,0,1,3,0,0,0,0,0,0,1,0,1,0,0,0,1
Datasets/wang/Images/train/class5/518.jpg,46226,6412,2875,1761,1232,944,847,740,0,602,510,460,382,361,356,298,0,233,232,182,181,146,120,98,0,71,60,41,35,36,24,18,0,17,12,6,5,3,3,2,0,1,3,0,0,0,0,0,0,0,0,0,0,0,0,0,0,0,0,0,0,0,0,1
Datasets/wang/Images/train/class5/566.jpg,61091,2005,1038,747,362,187,66,12,8,2,2,4,2,1,1,1,0,0,0,0,0,0,0,1,1,0,0,0,0,1,0,0,0,0,0,0,0,1,1,0,0,0,0,0,0,0,0,0,0,0,0,0,0,0,0,0,0,0,0,0,0,0,0,2
Datasets/wang/Images/train/class5/513.jpg,63763,1370,222,56,35,17,15,9,12,5,3,3,0,2,3,0,2,3,0,2,2,2,2,0,3,0,1,0,0,0,0,1,0,0,0,0,0,0,0,0,0,0,0,0,0,0,0,0,0,0,0,0,0,0,0,0,0,0,0,0,0,0,2,1
Datasets/wang/Images/train/class5/521.jpg,64193,1013,151,46,30,17,20,17,14,9,6,3,1,2,1,4,0,0,2,0,0,2,0,0,0,0,0,0,0,0,1,1,0,0,0,0,0,0,0,1,0,0,0,0,0,0,0,0,0,0,0,0,0,0,0,0,0,0,0,0,0,0,1,1
Datasets/wang/Images/train/class5/556.jpg,65495,11,7,7,1,3,0,1,0,1,0,0,0,0,0,0,0,1,1,0,1,0,0,0,0,0,1,0,0,0,0,0,0,0,0,1,0,0,0,0,0,1,0,1,0,0,0,0,0,0,0,0,0,0,0,1,0,0,0,0,1,0,0,1
Datasets/wang/Images/train/class5/560.jpg,52787,5449,1321,1798,606,899,319,499,188,305,252,101,183,84,149,54,91,37,73,30,60,37,15,30,13,24,11,17,7,17,8,17,12,4,7,3,4,0,4,2,5,0,1,1,1,0,0,0,0,2,0,3,0,0,0,0,1,1,0,1,2,0,0,1
Datasets/wang/Images/train/class5/514.jpg,56213,3556,1668,890,353,523,355,277,122,185,158,131,54,87,74,60,35,74,59,56,25,56,49,48,26,45,37,36,18,32,32,29,8,19,20,18,9,17,15,12,6,10,11,4,2,7,4,5,1,1,2,1,0,0,0,0,0,0,0,0,0,0,0,1
Datasets/wang/Images/train/class5/576.jpg,55679,2076,1323,903,700,544,458,428,346,308,266,210,334,167,118,118,116,103,76,79,77,73,87,62,78,117,50,64,43,41,43,36,40,42,30,37,37,31,48,13,22,11,14,15,3,13,9,8,9,5,5,5,5,3,0,1,1,2,1,1,1,0,0,1
Datasets/wang/Images/train/class5/505.jpg,65523,5,4,0,0,0,0,0,2,0,0,0,0,0,0,0,0,0,0,0,0,0,0,1,0,0,0,0,0,0,0,0,0,0,0,0,0,0,0,0,0,0,0,0,0,0,0,0,0,0,0,0,0,0,0,0,0,0,0,0,0,0,0,1
Datasets/wang/Images/train/class5/558.jpg,54178,2629,1547,1018,846,687,587,915,376,354,278,276,222,213,172,257,100,80,69,82,58,49,56,74,32,16,24,22,29,18,12,36,10,16,15,10,12,9,11,20,13,11,12,9,4,11,10,7,10,2,8,3,2,3,3,2,1,3,1,1,3,0,0,2
Datasets/wang/Images/train/class5/533.jpg,63621,1180,563,97,13,6,5,9,3,4,2,8,1,3,0,1,2,0,0,0,0,2,0,1,0,0,0,0,0,1,0,2,1,1,0,3,0,0,0,3,0,0,0,0,1,0,0,0,0,0,1,0,0,1,0,0,0,0,0,0,0,0,0,1
Datasets/wang/Images/train/class5/538.jpg,58903,3379,935,788,383,406,191,173,88,75,38,31,18,33,12,15,3,9,3,10,6,7,3,5,2,3,2,2,1,3,2,0,1,1,0,0,2,0,0,0,0,0,0,0,0,0,1,0,0,0,0,0,0,1,0,0,0,0,0,0,0,0,0,1
Datasets/wang/Images/train/class5/543.jpg,46574,6707,0,2823,1732,0,1220,903,0,689,588,0,512,428,0,395,356,0,310,304,0,259,202,0,211,170,0,168,125,0,129,121,0,111,0,71,79,0,65,53,0,52,41,0,33,29,0,16,14,0,11,15,0,5,3,0,1,5,0,0,3,0,0,3
Datasets/wang/Images/train/class5/511.jpg,64300,960,238,20,3,4,3,2,0,0,0,1,0,1,0,0,0,0,0,0,0,0,0,0,0,0,0,1,0,0,0,0,0,0,0,0,0,0,0,0,0,0,0,0,0,0,0,0,0,0,0,0,0,0,0,0,0,1,0,0,0,0,0,2
Datasets/wang/Images/train/class5/551.jpg,58855,2798,1236,906,432,313,309,136,108,143,62,39,39,18,21,14,14,11,11,9,8,9,5,6,6,4,1,6,2,3,3,1,2,1,1,1,0,0,1,0,1,0,0,0,0,0,0,0,0,0,0,0,0,0,0,0,0,0,0,0,0,0,0,1
Datasets/wang/Images/train/class5/532.jpg,64789,535,110,26,9,9,6,12,13,4,1,0,0,0,0,3,1,1,0,0,0,2,0,0,0,0,1,1,0,0,0,1,0,0,1,0,1,0,0,0,0,0,0,1,0,0,1,2,0,2,0,0,0,1,0,0,0,0,0,0,0,0,1,2
Datasets/wang/Images/train/class5/516.jpg,57469,3960,1432,540,574,378,187,192,160,113,66,72,49,34,46,42,28,21,13,12,5,13,18,6,8,12,9,10,5,12,3,3,5,2,3,3,4,3,1,6,1,2,1,3,0,0,2,0,0,1,1,1,0,0,0,0,0,2,0,0,0,0,0,3
Datasets/wang/Images/train/class5/528.jpg,55039,2144,1371,970,737,630,551,453,382,371,324,264,232,193,182,153,128,145,98,119,94,93,58,72,76,49,48,42,44,45,52,47,36,23,32,22,20,27,26,16,15,15,17,10,6,6,9,3,6,5,6,8,5,0,5,2,3,0,1,0,0,1,1,4
Datasets/wang/Images/train/class5/561.jpg,64567,538,168,58,23,53,44,25,1,5,4,2,6,2,5,4,1,1,2,4,2,1,1,1,2,1,0,0,1,1,1,0,1,1,0,1,1,2,0,0,1,0,0,1,0,0,1,0,0,1,0,0,0,0,0,0,0,0,0,0,0,0,0,2
Datasets/wang/Images/train/class5/500.jpg,64224,879,230,74,42,12,10,7,10,12,9,6,1,1,0,0,2,0,0,1,0,0,0,1,0,0,0,0,1,2,0,0,0,0,1,0,0,1,0,0,0,1,1,0,0,1,1,2,0,0,0,0,0,1,0,1,0,0,1,0,0,0,0,1
Datasets/wang/Images/train/class5/557.jpg,52250,5195,2572,1629,1134,801,573,371,287,93,140,97,63,45,45,32,26,18,8,12,11,9,9,10,11,12,7,0,7,4,7,5,4,3,4,4,1,3,1,1,5,3,1,4,2,0,1,2,4,3,0,2,0,2,0,1,0,0,1,0,0,0,0,1
Datasets/wang/Images/train/class5/563.jpg,53514,6385,2827,1045,913,442,164,119,48,17,12,12,10,4,3,0,3,0,2,1,0,1,3,0,0,1,0,1,1,0,0,1,1,0,0,0,0,0,0,0,0,2,0,0,0,1,0,0,0,0,0,0,1,1,0,0,0,0,0,0,0,0,0,1
Datasets/wang/Images/train/class5/542.jpg,58106,3354,1519,1077,416,249,180,212,86,79,75,52,26,15,14,10,4,9,8,2,4,4,3,2,2,3,1,1,1,3,1,1,1,1,0,0,0,0,1,1,0,1,0,0,0,0,0,0,0,0,0,0,1,0,1,1,1,0,1,2,1,1,1,2
Datasets/wang/Images/train/class5/536.jpg,63038,1166,428,201,134,97,63,59,46,32,28,17,21,21,20,21,12,12,4,6,8,4,10,12,7,9,7,6,4,3,5,2,3,0,2,1,3,1,3,1,2,1,2,1,3,1,1,1,0,1,0,1,0,1,1,1,0,0,0,1,0,0,0,1
Datasets/wang/Images/train/class5/529.jpg,64671,698,65,28,24,14,7,4,2,2,4,6,2,1,1,0,0,1,2,0,2,0,0,0,0,0,0,0,0,0,0,0,0,0,0,1,0,0,0,0,0,0,0,0,0,0,0,0,0,0,0,0,0,0,0,0,0,0,0,0,0,0,0,1
Datasets/wang/Images/train/class5/531.jpg,48836,6018,2463,1348,991,738,626,528,0,425,370,315,280,264,217,189,0,170,155,137,125,111,98,109,0,74,85,67,80,64,72,66,0,76,61,41,38,46,42,26,0,31,29,31,14,18,14,8,0,9,8,10,4,1,2,3,0,0,1,0,0,0,1,1
Datasets/wang/Images/train/class5/524.jpg,64816,588,38,16,11,11,7,12,10,5,1,2,2,1,2,0,0,0,1,2,0,1,0,1,0,0,0,0,0,0,0,0,1,0,2,0,0,0,1,0,0,1,0,0,0,0,0,0,0,0,0,0,0,0,0,0,0,1,1,1,0,0,0,1
Datasets/wang/Images/train/class5/548.jpg,64924,371,112,84,7,4,6,4,9,2,2,2,1,0,1,0,1,1,1,0,0,0,0,0,0,0,0,0,0,0,1,0,0,0,0,0,0,0,0,0,0,0,0,0,0,0,0,0,0,0,0,0,0,1,0,0,0,0,0,1,0,0,0,1
Datasets/wang/Images/train/class5/578.jpg,64800,509,69,38,31,21,8,16,8,9,4,2,2,0,1,0,0,1,1,0,0,0,1,0,0,2,0,2,1,0,0,0,0,0,2,0,0,0,0,0,0,0,0,0,0,0,2,1,1,0,0,1,0,0,1,0,0,0,0,0,0,0,1,1
Datasets/wang/Images/train/class5/504.jpg,62440,2139,470,120,85,63,34,33,25,21,13,9,12,12,7,4,3,4,5,5,3,4,3,2,3,1,1,0,1,1,1,0,3,0,1,3,0,1,0,1,0,0,0,0,0,0,0,0,0,0,0,0,1,0,0,0,0,0,0,0,0,0,1,1
Datasets/wang/Images/train/class5/564.jpg,65285,137,47,33,9,6,8,1,1,1,0,3,0,0,0,0,0,0,0,0,1,0,0,0,0,1,0,0,0,0,0,1,1,0,0,0,0,0,0,0,0,0,0,0,0,0,0,0,0,0,0,0,0,0,0,0,0,0,0,0,0,0,0,1
Datasets/wang/Images/train/class4/455.jpg,65528,5,0,0,0,0,0,0,1,0,0,0,0,0,0,1,0,0,0,0,0,0,0,0,0,0,0,0,0,0,0,0,0,0,0,0,0,0,0,0,0,0,0,0,0,0,0,0,0,0,0,0,0,0,0,0,0,0,0,0,0,0,0,1
Datasets/wang/Images/train/class4/469.jpg,65517,10,4,0,1,0,0,1,0,0,0,0,1,0,0,0,0,0,0,0,0,0,0,1,0,0,0,0,0,0,0,0,0,0,0,0,0,0,0,0,0,0,0,0,0,0,0,0,0,0,0,0,0,0,0,0,0,0,0,0,0,0,0,1
Datasets/wang/Images/train/class4/446.jpg,65523,8,2,0,0,0,0,0,0,0,0,0,0,1,0,0,0,0,0,0,0,0,0,0,0,0,0,0,0,0,0,0,0,0,1,0,0,0,0,0,0,0,0,0,0,0,0,0,0,0,0,0,0,0,0,0,0,0,0,0,0,0,0,1
Datasets/wang/Images/train/class4/428.jpg,65519,5,0,4,3,1,0,0,0,0,0,0,0,0,0,0,0,0,0,0,0,0,0,0,0,0,0,0,0,0,0,0,0,0,0,0,0,0,1,1,0,0,0,0,0,0,0,0,0,0,0,0,0,0,0,0,0,0,0,0,0,0,0,2
Datasets/wang/Images/train/class4/429.jpg,65519,5,4,2,0,0,0,1,0,0,0,1,0,0,0,0,0,0,0,1,0,0,0,0,0,0,0,0,1,0,0,0,0,0,0,0,0,0,0,0,0,0,0,0,0,0,0,0,1,0,0,0,0,0,0,0,0,0,0,0,0,0,0,1
Datasets/wang/Images/train/class4/461.jpg,65520,7,3,3,0,0,0,0,0,0,0,0,0,0,0,0,1,0,0,0,0,0,0,0,0,0,0,0,0,0,0,0,0,0,0,0,0,0,0,0,0,0,0,0,0,0,0,0,0,0,0,0,1,0,0,0,0,0,0,0,0,0,0,1
Datasets/wang/Images/train/class4/470.jpg,65531,2,0,2,0,0,0,0,0,0,0,0,0,0,0,0,0,0,0,0,0,0,0,0,0,0,0,0,0,0,0,0,0,0,0,0,0,0,0,0,0,0,0,0,0,0,0,0,0,0,0,0,0,0,0,0,0,0,0,0,0,0,0,1
Datasets/wang/Images/train/class4/413.jpg,65523,6,4,1,0,0,1,0,0,0,0,0,0,0,0,0,0,0,0,0,0,0,0,0,0,0,0,0,0,0,0,0,0,0,0,0,0,0,0,0,0,0,0,0,0,0,0,0,0,0,0,0,0,0,0,0,0,0,0,0,0,0,0,1
Datasets/wang/Images/train/class4/456.jpg,65523,4,4,1,0,0,0,0,0,0,0,1,0,0,0,0,0,0,0,0,0,0,0,0,0,0,0,0,0,0,0,0,0,0,0,0,1,0,0,0,0,0,0,0,0,0,0,1,0,0,0,0,0,0,0,0,0,0,0,0,0,0,0,1
Datasets/wang/Images/train/class4/471.jpg,65530,4,0,0,0,0,0,0,0,1,0,0,0,0,0,0,0,0,0,0,0,0,0,0,0,0,0,0,0,0,0,0,0,0,0,0,0,0,0,0,0,0,0,0,0,0,0,0,0,0,0,0,0,0,0,0,0,0,0,0,0,0,0,1
Datasets/wang/Images/train/class4/431.jpg,65513,10,4,2,0,1,0,2,0,1,0,0,0,0,0,0,0,0,0,0,0,0,0,0,0,0,0,0,0,0,0,0,0,0,0,0,0,0,1,0,0,0,0,0,0,1,0,0,0,0,0,0,0,0,0,0,0,0,0,0,0,0,0,1
Datasets/wang/Images/train/class4/479.jpg,65510,14,5,2,1,0,0,0,0,0,0,1,0,0,0,0,0,0,0,0,0,0,0,0,0,0,0,0,0,0,0,0,0,0,0,0,0,1,0,0,0,0,0,0,0,0,0,0,0,0,1,0,0,0,0,0,0,0,0,0,0,0,0,1
Datasets/wang/Images/train/class4/447.jpg,65523,6,2,2,1,0,0,0,0,0,0,0,0,1,0,0,0,0,0,0,0,0,0,0,0,0,0,0,0,0,0,0,0,0,0,0,0,0,0,0,0,0,0,0,0,0,0,0,0,0,0,0,0,0,0,0,0,0,0,0,0,0,0,1
Datasets/wang/Images/train/class4/448.jpg,65529,4,1,1,0,0,0,0,0,0,0,0,0,0,0,0,0,0,0,0,0,0,0,0,0,0,0,0,0,0,0,0,0,0,0,0,0,0,0,0,0,0,0,0,0,0,0,0,0,0,0,0,0,0,0,0,0,0,0,0,0,0,0,1
Datasets/wang/Images/train/class4/432.jpg,65528,2,3,0,0,0,0,0,1,0,0,0,0,0,0,0,0,0,0,0,0,0,0,0,0,0,0,0,1,0,0,0,0,0,0,0,0,0,0,0,0,0,0,0,0,0,0,0,0,0,0,0,0,0,0,0,0,0,0,0,0,0,0,1
Datasets/wang/Images/train/class4/466.jpg,65490,24,8,3,3,2,0,1,0,0,0,0,0,0,0,0,0,0,0,0,2,0,0,0,0,0,0,0,0,0,0,0,0,0,0,0,0,0,0,0,0,0,0,0,0,0,1,1,0,0,0,0,0,0,0,0,0,0,0,0,0,0,0,1
Datasets/wang/Images/train/class4/458.jpg,65531,2,1,0,1,0,0,0,0,0,0,0,0,0,0,0,0,0,0,0,0,0,0,0,0,0,0,0,0,0,0,0,0,0,0,0,0,0,0,0,0,0,0,0,0,0,0,0,0,0,0,0,0,0,0,0,0,0,0,0,0,0,0,1
Datasets/wang/Images/train/class4/459.jpg,65533,0,1,1,0,0,0,0,0,0,0,0,0,0,0,0,0,0,0,0,0,0,0,0,0,0,0,0,0,0,0,0,0,0,0,0,0,0,0,0,0,0,0,0,0,0,0,0,0,0,0,0,0,0,0,0,0,0,0,0,0,0,0,1
Datasets/wang/Images/train/class4/451.jpg,65499,24,6,2,0,0,1,0,0,0,0,0,0,0,0,0,0,0,0,0,0,0,0,1,0,0,1,0,0,0,0,0,0,0,0,0,0,0,0,0,0,0,0,0,0,1,0,0,0,0,0,0,0,0,0,0,0,0,0,0,0,0,0,1
Datasets/wang/Images/train/class4/452.jpg,65531,2,0,1,1,0,0,0,0,0,0,0,0,0,0,0,0,0,0,0,0,0,0,0,0,0,0,0,0,0,0,0,0,0,0,0,0,0,0,0,0,0,0,0,0,0,0,0,0,0,0,0,0,0,0,0,0,0,0,0,0,0,0,1
Datasets/wang/Images/train/class4/424.jpg,65497,13,6,9,2,1,0,0,1,0,1,1,0,0,0,0,0,1,0,0,0,1,0,0,0,0,0,0,0,0,0,0,0,0,0,0,1,0,0,0,0,0,0,0,0,0,0,0,0,0,0,0,0,0,0,0,0,0,0,0,0,0,0,2
Datasets/wang/Images/train/class4/467.jpg,65518,9,6,0,0,0,0,0,1,0,0,0,0,0,0,0,0,0,0,0,0,0,0,0,0,0,0,0,0,0,0,0,0,0,0,0,0,0,0,0,0,0,0,0,0,0,1,0,0,0,0,0,0,0,0,0,0,0,0,0,0,0,0,1
Datasets/wang/Images/train/class4/411.jpg,65511,19,2,1,0,0,0,0,0,0,0,0,0,1,0,0,0,0,0,0,1,0,0,0,0,0,0,0,0,0,0,0,0,0,0,0,0,0,0,0,0,0,0,0,0,0,0,0,0,0,0,0,0,0,0,0,0,0,0,0,0,0,0,1
Datasets/wang/Images/train/class4/444.jpg,65519,8,1,1,4,0,0,0,0,0,0,0,0,0,0,0,0,0,0,0,0,0,0,0,0,0,0,0,1,0,1,0,0,0,0,0,0,0,0,0,0,0,0,0,0,0,0,0,0,0,0,0,0,0,0,0,0,0,0,0,0,0,0,1
Datasets/wang/Images/train/class4/416.jpg,65524,8,2,0,0,0,0,0,0,0,1,0,0,0,0,0,0,0,0,0,0,0,0,0,0,0,0,0,0,0,0,0,0,0,0,0,0,0,0,0,0,0,0,0,0,0,0,0,0,0,0,0,0,0,0,0,0,0,0,0,0,0,0,1
Datasets/wang/Images/train/class4/409.jpg,65528,4,1,0,0,0,0,0,0,0,0,0,1,0,0,0,0,0,0,0,1,0,0,0,0,0,0,0,0,0,0,0,0,0,0,0,0,0,0,0,0,0,0,0,0,0,0,0,0,0,0,0,0,0,0,0,0,0,0,0,0,0,0,1
Datasets/wang/Images/train/class4/472.jpg,65525,7,0,0,2,0,0,0,0,0,0,0,0,0,0,0,0,1,0,0,0,0,0,0,0,0,0,0,0,0,0,0,0,0,0,0,0,0,0,0,0,0,0,0,0,0,0,0,0,0,0,0,0,0,0,0,0,0,0,0,0,0,0,1
Datasets/wang/Images/train/class4/445.jpg,65507,13,2,4,2,0,1,0,0,0,3,0,1,0,0,0,0,0,0,0,0,0,1,0,0,0,0,0,0,0,0,0,0,0,0,0,0,0,0,0,0,0,0,0,0,0,0,0,0,0,0,1,0,0,0,0,0,0,0,0,0,0,0,1
Datasets/wang/Images/train/class4/453.jpg,65525,6,2,1,0,0,0,0,0,0,0,1,0,0,0,0,0,0,0,0,0,0,0,0,0,0,0,0,0,0,0,0,0,0,0,0,0,0,0,0,0,0,0,0,0,0,0,0,0,0,0,0,0,0,0,0,0,0,0,0,0,0,0,1
Datasets/wang/Images/train/class4/434.jpg,65508,12,5,4,1,1,0,2,0,0,0,0,0,0,0,0,0,0,0,0,0,0,0,0,0,0,0,0,0,1,0,0,0,0,0,0,0,0,0,0,0,0,0,0,1,0,0,0,0,0,0,0,0,0,0,0,0,0,0,0,0,0,0,1
Datasets/wang/Images/train/class4/439.jpg,65525,5,3,1,0,0,0,0,0,0,0,0,0,0,0,0,0,0,0,0,0,0,0,1,0,0,0,0,0,0,0,0,0,0,0,0,0,0,0,0,0,0,0,0,0,0,0,0,0,0,0,0,0,0,0,0,0,0,0,0,0,0,0,1
Datasets/wang/Images/train/class4/476.jpg,65530,3,1,0,0,1,0,0,0,0,0,0,0,0,0,0,0,0,0,0,0,0,0,0,0,0,0,0,0,0,0,0,0,0,0,0,0,0,0,0,0,0,0,0,0,0,0,0,0,0,0,0,0,0,0,0,0,0,0,0,0,0,0,1
Datasets/wang/Images/train/class4/407.jpg,65512,12,5,2,0,0,0,0,0,0,1,0,0,0,0,1,1,0,0,0,0,0,0,0,0,0,0,0,0,0,0,0,0,0,0,0,0,0,0,0,0,0,0,0,0,0,0,0,0,0,0,0,0,0,0,1,0,0,0,0,0,0,0,1
Datasets/wang/Images/train/class4/441.jpg,65529,4,0,0,0,2,0,0,0,0,0,0,0,0,0,0,0,0,0,0,0,0,0,0,0,0,0,0,0,0,0,0,0,0,0,0,0,0,0,0,0,0,0,0,0,0,0,0,0,0,0,0,0,0,0,0,0,0,0,0,0,0,0,1
Datasets/wang/Images/train/class4/423.jpg,65502,10,8,4,0,0,1,1,0,1,0,2,0,0,1,0,0,1,0,0,1,0,0,0,0,0,0,0,1,0,0,0,0,1,0,0,0,0,0,0,0,0,0,0,0,0,0,0,0,0,0,0,0,0,0,0,1,0,0,0,0,0,0,1
Datasets/wang/Images/train/class4/415.jpg,65467,23,3,5,9,5,4,5,2,0,1,0,0,1,1,0,1,1,0,0,1,1,0,0,0,0,1,0,0,0,0,0,0,0,0,1,1,0,0,0,0,0,0,0,1,0,0,0,0,0,0,1,0,0,0,0,0,0,0,0,0,0,0,1
Datasets/wang/Images/train/class4/438.jpg,65524,8,1,0,1,0,0,0,0,0,0,0,0,0,0,0,0,0,0,0,0,0,0,0,0,0,0,0,0,0,0,0,0,0,0,0,0,0,0,0,0,0,0,1,0,0,0,0,0,0,0,0,0,0,0,0,0,0,0,0,0,0,0,1
Datasets/wang/Images/train/class4/419.jpg,65528,4,1,0,0,1,1,0,0,0,0,0,0,0,0,0,0,0,0,0,0,0,0,0,0,0,0,0,0,0,0,0,0,0,0,0,0,0,0,0,0,0,0,0,0,0,0,0,0,0,0,0,0,0,0,0,0,0,0,0,0,0,0,1
Datasets/wang/Images/train/class4/457.jpg,65515,7,4,2,1,0,0,2,1,1,1,0,0,0,0,0,0,0,0,0,0,0,0,0,0,0,0,0,0,0,0,0,0,0,0,0,0,0,0,0,0,0,0,0,0,0,0,0,0,0,0,0,0,0,0,0,0,0,0,0,0,1,0,1
Datasets/wang/Images/train/class4/437.jpg,65529,4,0,0,1,0,0,0,0,1,0,0,0,0,0,0,0,0,0,0,0,0,0,0,0,0,0,0,0,0,0,0,0,0,0,0,0,0,0,0,0,0,0,0,0,0,0,0,0,0,0,0,0,0,0,0,0,0,0,0,0,0,0,1
Datasets/wang/Images/train/class4/401.jpg,65528,1,2,2,0,0,0,0,0,0,0,0,0,0,0,1,0,0,0,0,0,0,0,0,0,0,0,0,0,0,0,0,0,0,0,0,0,0,0,0,0,0,0,0,0,0,0,0,0,0,0,0,0,0,0,0,0,0,0,1,0,0,0,1
Datasets/wang/Images/train/class4/422.jpg,65495,18,6,3,3,4,0,1,0,0,1,0,0,0,0,1,0,0,0,0,0,0,0,0,0,0,0,0,0,0,1,0,0,0,0,0,0,0,0,0,0,0,1,0,0,0,1,0,0,0,0,0,0,0,0,0,0,0,0,0,0,0,0,1
Datasets/wang/Images/train/class4/440.jpg,65525,6,3,0,0,0,0,0,0,0,0,0,0,0,0,0,0,0,0,0,0,0,0,0,0,0,0,0,0,0,1,0,0,0,0,0,0,0,0,0,0,0,0,0,0,0,0,0,0,0,0,0,0,0,0,0,0,0,0,0,0,0,0,1
Datasets/wang/Images/train/class4/462.jpg,65533,0,1,1,0,0,0,0,0,0,0,0,0,0,0,0,0,0,0,0,0,0,0,0,0,0,0,0,0,0,0,0,0,0,0,0,0,0,0,0,0,0,0,0,0,0,0,0,0,0,0,0,0,0,0,0,0,0,0,0,0,0,0,1
Datasets/wang/Images/train/class4/410.jpg,65513,11,5,4,1,0,0,0,0,0,0,0,0,0,0,0,0,0,0,0,0,1,0,0,0,0,0,0,0,0,0,0,0,0,0,0,0,0,0,0,0,0,0,0,0,0,0,0,0,0,0,0,0,0,0,0,0,0,0,0,0,0,0,1
Datasets/wang/Images/train/class4/426.jpg,65520,7,2,0,2,1,0,0,0,2,0,0,0,0,0,0,0,0,0,0,0,0,0,0,0,1,0,0,0,0,0,0,0,0,0,0,0,0,0,0,0,0,0,0,0,0,0,0,0,0,0,0,0,0,0,0,0,0,0,0,0,0,0,1
Datasets/wang/Images/train/class4/475.jpg,65517,8,4,3,2,0,0,0,0,0,0,0,0,0,0,0,0,0,0,0,0,0,0,0,0,0,0,0,0,1,0,0,0,0,0,0,0,0,0,0,0,0,0,0,0,0,0,0,0,0,0,0,0,0,0,0,0,0,0,0,0,0,0,1
Datasets/wang/Images/train/class4/443.jpg,65526,5,1,0,1,0,0,0,0,0,0,0,0,0,0,1,1,0,0,0,0,0,0,0,0,0,0,0,0,0,0,0,0,0,0,0,0,0,0,0,0,0,0,0,0,0,0,0,0,0,0,0,0,0,0,0,0,0,0,0,0,0,0,1
Datasets/wang/Images/train/class4/436.jpg,65529,4,0,0,0,0,1,0,0,0,0,0,0,0,0,0,0,0,0,0,1,0,0,0,0,0,0,0,0,0,0,0,0,0,0,0,0,0,0,0,0,0,0,0,0,0,0,0,0,0,0,0,0,0,0,0,0,0,0,0,0,0,0,1
Datasets/wang/Images/train/class4/420.jpg,65528,3,3,1,0,0,0,0,0,0,0,0,0,0,0,0,0,0,0,0,0,0,0,0,0,0,0,0,0,0,0,0,0,0,0,0,0,0,0,0,0,0,0,0,0,0,0,0,0,0,0,0,0,0,0,0,0,0,0,0,0,0,0,1
Datasets/wang/Images/train/class4/418.jpg,65523,7,2,2,0,0,0,0,0,0,0,0,0,0,0,1,0,0,0,0,0,0,0,0,0,0,0,0,0,0,0,0,0,0,0,0,0,0,0,0,0,0,0,0,0,0,0,0,0,0,0,0,0,0,0,0,0,0,0,0,0,0,0,1
Datasets/wang/Images/train/class4/433.jpg,65528,2,2,1,0,1,0,0,0,0,0,0,0,0,0,0,0,0,0,0,0,0,0,0,0,0,0,0,0,0,0,0,0,0,0,0,0,0,0,0,0,0,0,0,0,0,0,0,0,0,0,0,0,1,0,0,0,0,0,0,0,0,0,1
Datasets/wang/Images/train/class4/463.jpg,65529,3,1,1,0,0,0,0,0,0,0,0,0,0,0,1,0,0,0,0,0,0,0,0,0,0,0,0,0,0,0,0,0,0,0,0,0,0,0,0,0,0,0,0,0,0,0,0,0,0,0,0,0,0,0,0,0,0,0,0,0,0,0,1
Datasets/wang/Images/train/class4/425.jpg,65419,34,8,9,14,5,2,0,1,0,1,3,0,1,0,2,2,0,8,8,4,0,0,1,0,0,0,0,0,0,0,0,0,1,0,0,0,0,0,0,0,0,0,0,0,2,1,0,1,1,1,0,2,2,0,1,0,0,0,0,0,1,0,1
Datasets/wang/Images/train/class4/405.jpg,65514,8,6,1,0,0,0,0,1,0,0,1,1,1,0,0,0,0,1,0,0,0,0,0,0,0,0,0,0,0,0,0,0,0,0,0,0,0,0,0,0,0,0,0,0,0,0,0,0,0,0,0,1,0,0,0,0,0,0,0,0,0,0,1
Datasets/wang/Images/train/class4/417.jpg,65520,10,1,0,0,0,0,0,0,0,0,1,0,1,0,0,0,0,0,0,0,0,1,0,0,0,0,0,0,0,0,0,0,0,0,0,0,0,0,0,0,1,0,0,0,0,0,0,0,0,0,0,0,0,0,0,0,0,0,0,0,0,0,1
Datasets/wang/Images/train/class4/421.jpg,65511,12,8,2,0,0,0,0,0,1,0,0,0,0,0,0,0,0,0,0,0,0,0,0,0,0,0,0,0,0,0,0,0,0,0,1,0,0,0,0,0,0,0,0,0,0,0,0,0,0,0,0,0,0,0,0,0,0,0,0,0,0,0,1
Datasets/wang/Images/train/class4/402.jpg,65533,1,0,0,1,0,0,0,0,0,0,0,0,0,0,0,0,0,0,0,0,0,0,0,0,0,0,0,0,0,0,0,0,0,0,0,0,0,0,0,0,0,0,0,0,0,0,0,0,0,0,0,0,0,0,0,0,0,0,0,0,0,0,1
Datasets/wang/Images/train/class4/435.jpg,65525,2,5,1,0,0,0,0,0,0,0,0,0,0,0,0,1,0,0,0,0,0,0,0,0,0,0,0,0,0,0,0,0,0,0,0,0,0,0,0,0,0,0,0,1,0,0,0,0,0,0,0,0,0,0,0,0,0,0,0,0,0,0,1
Datasets/wang/Images/train/class4/464.jpg,65523,6,2,1,1,0,0,0,0,0,0,0,1,0,0,0,0,0,0,0,0,0,0,0,0,1,0,0,0,0,0,0,0,0,0,0,0,0,0,0,0,0,0,0,0,0,0,0,0,0,0,0,0,0,0,0,0,0,0,0,0,0,0,1
Datasets/wang/Images/train/class4/412.jpg,65501,17,5,2,0,4,0,2,0,0,1,0,0,0,0,0,0,0,0,0,0,0,0,0,0,1,0,0,0,0,0,0,0,0,0,0,0,0,0,1,0,0,0,0,0,0,0,0,0,0,0,1,0,0,0,0,0,0,0,0,0,0,0,1
Datasets/wang/Images/train/class4/400.jpg,65524,4,3,2,1,0,1,0,0,0,0,0,0,0,0,0,0,0,0,0,0,0,0,0,0,0,0,0,0,0,0,0,0,0,0,0,0,0,0,0,0,0,0,0,0,0,0,0,0,0,0,0,0,0,0,0,0,0,0,0,0,0,0,1
Datasets/wang/Images/train/class4/465.jpg,65519,3,5,2,2,0,0,0,0,0,1,0,0,0,0,0,0,0,0,0,1,0,0,0,0,0,0,0,0,0,0,0,0,0,1,0,0,0,0,0,0,0,0,0,0,0,1,0,0,0,0,0,0,0,0,0,0,0,0,0,0,0,0,1
Datasets/wang/Images/train/class4/408.jpg,65522,8,3,0,0,1,0,0,0,0,0,0,1,0,0,0,0,0,0,0,0,0,0,0,0,0,0,0,0,0,0,0,0,0,0,0,0,0,0,0,0,0,0,0,0,0,0,0,0,0,0,0,0,0,0,0,0,0,0,0,0,0,0,1
Datasets/wang/Images/train/class4/427.jpg,65529,3,1,0,0,0,0,0,1,0,0,0,0,0,0,0,0,0,0,0,0,0,1,0,0,0,0,0,0,0,0,0,0,0,0,0,0,0,0,0,0,0,0,0,0,0,0,0,0,0,0,0,0,0,0,0,0,0,0,0,0,0,0,1
Datasets/wang/Images/train/class4/473.jpg,65524,4,3,1,0,0,0,1,0,0,0,0,0,0,0,0,0,0,0,0,0,0,0,0,0,0,1,0,1,0,0,0,0,0,0,0,0,0,0,0,0,0,0,0,0,0,0,0,0,0,0,0,0,0,0,0,0,0,0,0,0,0,0,1
Datasets/wang/Images/train/class4/404.jpg,65519,7,5,2,0,0,0,0,1,0,0,0,0,0,0,0,0,0,0,0,0,0,0,0,0,0,0,0,0,0,0,0,0,0,0,0,0,0,0,0,0,0,0,0,0,0,0,0,1,0,0,0,0,0,0,0,0,0,0,0,0,0,0,1
Datasets/wang/Images/train/class4/477.jpg,65521,5,3,2,3,0,1,0,0,0,0,0,0,0,0,0,0,0,0,0,0,0,0,0,0,0,0,0,0,0,0,0,0,0,0,0,0,0,0,0,0,0,0,0,0,0,0,0,0,0,0,0,0,0,0,0,0,0,0,0,0,0,0,1
Datasets/wang/Images/train/class4/460.jpg,65522,7,2,2,0,0,0,0,1,0,0,0,0,0,0,0,1,0,0,0,0,0,0,0,0,0,0,0,0,0,0,0,0,0,0,0,0,0,0,0,0,0,0,0,0,0,0,0,0,0,0,0,0,0,0,0,0,0,0,0,0,0,0,1
Datasets/wang/Images/train/class4/454.jpg,65531,2,0,0,0,0,1,0,0,0,0,0,0,0,0,1,0,0,0,0,0,0,0,0,0,0,0,0,0,0,0,0,0,0,0,0,0,0,0,0,0,0,0,0,0,0,0,0,0,0,0,0,0,0,0,0,0,0,0,0,0,0,0,1
Datasets/wang/Images/train/class4/468.jpg,65516,14,2,0,1,0,0,0,0,0,0,0,0,0,0,0,0,1,0,0,0,0,0,0,0,0,0,0,0,0,0,0,0,0,0,0,0,0,0,0,0,0,0,0,0,0,0,0,0,0,0,0,0,0,0,1,0,0,0,0,0,0,0,1
Datasets/wang/Images/train/class4/430.jpg,65511,5,4,6,2,1,0,0,0,0,0,0,0,0,0,0,0,0,0,0,1,0,0,0,0,0,0,0,0,0,0,0,0,0,0,0,0,0,0,0,0,2,0,0,0,1,0,0,0,0,0,0,0,0,0,1,0,0,0,0,0,1,0,1
Datasets/wang/Images/train/class4/442.jpg,65525,5,3,0,0,0,0,0,0,0,1,0,0,0,0,0,0,0,0,0,0,0,0,0,0,0,0,0,0,0,1,0,0,0,0,0,0,0,0,0,0,0,0,0,0,0,0,0,0,0,0,0,0,0,0,0,0,0,0,0,0,0,0,1
Datasets/wang/Images/train/class4/403.jpg,65514,10,3,4,1,1,0,0,1,0,0,0,0,0,0,0,0,0,0,0,0,0,0,0,0,0,0,0,0,0,0,0,0,0,0,0,0,0,0,0,0,0,0,1,0,0,0,0,0,0,0,0,0,0,0,0,0,0,0,0,0,0,0,1
Datasets/wang/Images/train/class4/474.jpg,65531,3,0,0,0,0,0,1,0,0,0,0,0,0,0,0,0,0,0,0,0,0,0,0,0,0,0,0,0,0,0,0,0,0,0,0,0,0,0,0,0,0,0,0,0,0,0,0,0,0,0,0,0,0,0,0,0,0,0,0,0,0,0,1
Datasets/wang/Images/train/class4/449.jpg,65530,3,1,0,0,0,0,0,0,0,0,0,1,0,0,0,0,0,0,0,0,0,0,0,0,0,0,0,0,0,0,0,0,0,0,0,0,0,0,0,0,0,0,0,0,0,0,0,0,0,0,0,0,0,0,0,0,0,0,0,0,0,0,1
Datasets/wang/Images/train/class4/450.jpg,65498,18,2,4,5,0,2,1,2,1,0,0,0,0,0,0,0,0,0,0,0,0,1,0,0,0,0,0,0,0,0,0,0,0,0,0,0,0,0,0,0,0,0,0,0,0,0,0,0,0,0,0,0,0,0,0,0,0,0,1,0,0,0,1
Datasets/wang/Images/train/class4/406.jpg,65519,8,3,2,0,0,2,0,0,0,0,0,0,1,0,0,0,0,0,0,0,0,0,0,0,0,0,0,0,0,0,0,0,0,0,0,0,0,0,0,0,0,0,0,0,0,0,0,0,0,0,0,0,0,0,0,0,0,0,0,0,0,0,1
Datasets/wang/Images/train/class4/478.jpg,65504,7,4,4,3,4,3,0,0,0,0,0,0,0,1,0,0,0,0,0,0,0,0,0,0,1,0,0,0,1,0,0,0,0,0,0,0,0,0,0,0,0,0,1,0,0,0,0,0,0,0,0,0,0,1,0,0,0,0,0,0,1,0,1
Datasets/wang/Images/train/class4/414.jpg,65482,17,12,5,3,3,4,2,1,1,1,0,0,0,0,0,0,0,0,0,0,0,0,0,0,0,1,0,0,0,0,0,0,0,0,0,0,0,0,0,0,0,0,0,0,0,0,0,0,0,0,0,1,0,0,0,0,0,0,1,0,1,0,1
Datasets/wang/Images/train/class6/656.jpg,65479,22,9,4,5,3,7,0,0,1,0,0,0,0,1,0,0,0,0,0,0,0,0,0,0,0,0,0,1,0,0,0,0,0,0,0,0,0,0,0,0,0,0,0,0,0,0,0,0,0,0,0,0,0,1,0,0,1,0,0,0,0,0,2
Datasets/wang/Images/train/class6/601.jpg,63940,519,243,136,102,82,79,59,50,50,49,27,46,22,20,16,12,14,7,12,6,5,3,3,2,4,4,4,2,3,1,2,3,0,0,3,1,0,0,0,0,1,1,0,0,0,0,0,0,0,0,0,1,0,1,0,0,0,0,0,0,0,0,1
Datasets/wang/Images/train/class6/640.jpg,65394,50,21,13,11,9,5,9,0,1,1,0,2,0,3,2,2,0,0,0,2,2,1,1,1,1,0,0,1,0,0,0,0,0,0,0,0,1,0,0,0,0,0,0,0,1,0,0,0,0,0,0,0,1,0,0,0,0,0,0,0,0,0,1
Datasets/wang/Images/train/class6/644.jpg,65439,51,21,8,9,1,0,0,0,1,1,0,0,1,0,1,0,0,2,0,0,0,0,0,0,0,0,0,0,0,0,0,0,0,0,0,0,0,0,0,0,0,0,0,0,0,0,0,0,0,0,0,0,0,0,0,0,0,0,0,0,0,0,1
Datasets/wang/Images/train/class6/658.jpg,65479,25,6,4,5,3,2,3,2,0,0,0,1,0,0,0,0,0,0,0,0,0,1,0,0,0,1,0,0,0,0,1,0,0,0,0,0,0,0,0,0,0,0,0,0,0,0,0,1,0,0,0,1,0,0,0,0,0,0,0,0,0,0,1
Datasets/wang/Images/train/class6/648.jpg,65510,10,1,3,4,2,0,0,0,0,0,1,0,0,0,0,0,0,0,0,0,0,0,0,0,0,0,0,0,0,0,0,1,0,0,0,1,0,0,0,0,0,0,0,0,0,0,0,0,1,0,0,0,0,0,0,1,0,0,0,0,0,0,1
Datasets/wang/Images/train/class6/610.jpg,65189,231,52,28,7,7,2,3,1,1,0,4,1,0,1,2,0,2,0,1,0,0,0,0,0,1,0,0,0,0,0,0,0,0,0,1,0,0,0,0,0,0,0,0,0,0,0,0,0,0,0,0,0,0,0,1,0,0,0,0,0,0,0,1
Datasets/wang/Images/train/class6/643.jpg,64768,275,138,76,45,44,38,30,21,14,9,6,5,5,5,8,3,6,5,0,8,5,3,2,0,1,1,2,2,1,0,1,1,0,0,1,0,0,0,1,0,0,1,0,0,0,0,0,0,1,0,0,1,1,1,0,0,0,0,0,0,0,0,1
Datasets/wang/Images/train/class6/649.jpg,65515,6,6,2,1,1,0,0,0,0,0,0,0,1,1,0,0,0,0,0,0,0,0,1,0,1,0,0,0,0,0,0,0,0,0,0,0,0,0,0,0,0,0,0,0,0,0,0,0,0,0,0,0,0,0,0,0,0,0,0,0,0,0,1
Datasets/wang/Images/train/class6/670.jpg,65202,224,50,20,8,6,4,3,3,6,2,2,1,0,0,0,0,0,1,0,0,0,0,0,0,0,0,0,0,0,0,0,0,0,0,0,0,0,0,0,0,0,0,0,0,1,0,0,0,0,0,1,0,1,0,0,0,0,0,0,0,0,0,1
Datasets/wang/Images/train/class6/642.jpg,65272,159,37,15,10,8,7,9,3,3,0,1,0,1,1,1,0,1,1,1,0,1,0,0,0,1,0,0,0,0,0,0,1,0,0,0,0,0,0,0,0,0,0,0,0,0,0,0,0,0,0,1,0,0,0,0,0,0,0,1,0,0,0,1
Datasets/wang/Images/train/class6/665.jpg,65434,39,7,6,5,18,4,5,1,1,0,2,2,1,3,1,0,0,0,2,0,0,0,0,0,0,0,0,0,0,1,0,0,0,1,0,0,0,0,0,0,0,0,1,0,0,0,0,1,0,0,0,0,0,0,0,0,0,0,0,0,0,0,1
Datasets/wang/Images/train/class6/679.jpg,65399,81,12,6,11,7,1,1,1,1,0,0,2,0,1,0,0,0,0,0,0,1,1,0,0,0,1,1,1,0,0,0,1,0,1,0,0,1,0,1,1,0,1,0,0,0,0,0,0,0,1,0,0,0,0,0,0,0,0,0,0,0,0,1
Datasets/wang/Images/train/class6/621.jpg,65298,132,42,17,7,10,5,5,3,5,2,1,1,1,0,0,0,0,0,0,0,1,0,0,0,0,1,0,0,0,0,0,0,0,0,0,0,1,0,0,1,1,0,0,0,0,0,0,0,0,0,0,0,0,0,0,0,0,0,0,0,0,1,1
Datasets/wang/Images/train/class6/657.jpg,64854,173,92,60,33,47,18,9,23,27,28,10,4,10,16,14,7,13,8,8,5,6,6,11,6,5,5,4,3,4,1,5,2,2,2,0,1,2,0,2,1,0,1,0,1,1,0,1,0,1,0,0,1,0,0,0,0,0,0,2,0,0,0,1
Datasets/wang/Images/train/class6/664.jpg,65518,6,1,2,4,1,0,0,0,0,0,0,0,0,0,0,0,0,0,0,0,0,1,0,0,0,0,0,0,0,0,0,0,0,0,0,0,0,0,0,1,1,0,0,0,0,0,0,0,0,0,0,0,0,0,0,0,0,0,0,0,0,0,1
Datasets/wang/Images/train/class6/632.jpg,65082,181,71,46,14,19,28,26,14,12,5,10,5,5,6,1,2,0,0,0,0,1,0,1,1,0,0,0,0,0,0,0,0,0,0,0,0,0,0,0,0,0,0,0,0,0,0,1,0,0,0,1,1,0,0,0,1,0,0,1,0,0,0,1
Datasets/wang/Images/train/class6/603.jpg,65485,36,7,2,0,0,1,2,0,1,0,0,0,0,0,0,0,0,0,1,0,0,0,0,0,0,0,0,0,0,0,0,0,0,0,0,0,0,0,0,0,0,0,0,0,0,0,0,0,0,0,0,0,0,0,0,0,0,0,0,0,0,0,1
Datasets/wang/Images/train/class6/674.jpg,64926,322,138,69,45,13,10,0,0,3,2,3,0,0,0,0,0,0,0,1,0,0,0,0,1,0,0,0,0,0,0,0,0,0,1,0,0,0,0,0,0,0,0,0,0,0,0,0,0,0,0,0,1,0,0,0,0,0,0,0,0,0,0,1
Datasets/wang/Images/train/class6/660.jpg,65527,4,2,1,0,0,0,0,0,0,0,0,0,0,0,0,0,0,0,0,0,0,0,0,0,0,0,0,0,0,0,0,0,0,0,0,0,0,0,0,0,1,0,0,0,0,0,0,0,0,0,0,0,0,0,0,0,0,0,0,0,0,0,1
Datasets/wang/Images/train/class6/631.jpg,65354,100,24,17,13,3,0,0,4,4,1,0,0,1,0,1,1,1,0,1,2,1,1,0,0,1,0,1,0,1,0,1,0,0,0,1,0,0,1,0,0,0,0,0,0,0,0,0,0,0,0,0,0,0,0,0,0,0,0,0,0,0,0,1
Datasets/wang/Images/train/class6/612.jpg,65424,37,6,7,18,9,13,4,3,2,0,2,0,1,1,0,0,1,0,1,0,0,0,0,0,0,0,1,0,1,0,2,0,0,0,0,0,0,1,1,0,0,0,0,0,0,0,0,0,0,0,0,0,0,0,0,0,0,0,0,0,0,0,1
Datasets/wang/Images/train/class6/622.jpg,65470,19,8,9,3,3,4,6,1,2,1,0,1,0,0,1,0,0,0,0,0,0,0,0,1,0,0,0,0,0,0,0,1,0,0,0,0,0,0,1,0,0,0,1,0,0,0,0,2,0,0,0,0,0,1,0,0,0,0,0,0,0,0,1
Datasets/wang/Images/train/class6/629.jpg,65501,20,5,2,1,2,1,1,1,0,0,0,0,0,0,0,1,0,0,0,0,0,0,0,0,0,0,0,0,0,0,0,0,0,0,0,0,0,0,0,0,0,0,0,0,0,0,0,0,0,0,0,0,0,0,0,0,0,0,0,0,0,0,1
Datasets/wang/Images/train/class6/607.jpg,64820,492,124,39,13,10,11,10,2,2,1,0,2,0,0,1,0,0,0,1,1,0,0,2,0,0,0,1,0,0,0,1,0,0,0,0,0,0,0,0,1,0,0,0,0,0,0,0,0,0,0,0,1,0,0,0,0,0,0,0,0,0,0,1
Datasets/wang/Images/train/class6/668.jpg,64578,416,197,66,53,40,30,23,19,15,7,4,7,5,4,8,3,4,3,7,3,4,2,6,4,4,2,5,1,0,2,1,1,2,0,0,0,0,0,0,0,0,1,0,0,3,1,0,1,0,1,0,1,0,0,0,0,1,0,0,0,0,0,1
Datasets/wang/Images/train/class6/617.jpg,65519,8,4,1,0,1,0,1,0,0,0,0,0,0,0,0,0,0,1,0,0,0,0,0,0,0,0,0,0,0,0,0,0,0,0,0,0,0,0,0,0,0,0,0,0,0,0,0,0,0,0,0,0,0,0,0,0,0,0,0,0,0,0,1
Datasets/wang/Images/train/class6/636.jpg,65321,156,18,9,3,6,3,4,5,2,1,0,1,1,0,0,0,0,1,0,0,1,0,0,1,0,0,0,0,0,0,0,1,0,0,0,0,0,0,0,0,0,0,0,0,0,0,0,0,0,0,0,0,0,0,0,0,0,0,0,0,0,0,2
Datasets/wang/Images/train/class6/633.jpg,65489,23,10,8,0,0,0,1,0,0,0,0,0,0,0,0,1,1,0,0,1,0,0,0,0,0,0,0,1,0,0,0,0,0,0,0,0,0,0,0,0,0,0,0,0,0,0,0,0,0,0,0,0,0,0,0,0,0,0,0,0,0,0,1
Datasets/wang/Images/train/class6/624.jpg,64639,402,142,75,52,55,34,26,22,14,12,26,13,6,3,2,2,1,1,0,2,0,0,2,0,0,0,0,0,1,1,1,0,0,0,0,0,0,0,0,0,1,0,0,0,0,0,0,0,0,0,0,0,0,0,0,0,0,0,0,0,0,0,1
Datasets/wang/Images/train/class6/611.jpg,65501,15,0,5,0,2,1,6,1,0,0,0,0,0,0,0,0,0,0,0,0,0,0,0,0,0,0,0,0,0,1,0,1,0,0,0,0,0,1,0,0,0,0,0,0,0,0,0,0,1,0,0,0,0,0,0,0,0,0,0,0,0,0,1
Datasets/wang/Images/train/class6/635.jpg,65013,305,78,23,16,16,9,10,20,12,5,3,2,2,0,1,1,2,1,1,2,0,2,3,0,1,1,3,0,1,0,0,0,1,0,0,0,0,0,0,0,0,0,1,0,0,0,0,0,0,0,0,0,0,0,0,0,0,0,0,0,0,0,1
Datasets/wang/Images/train/class6/604.jpg,65477,29,9,6,0,1,4,3,1,0,0,0,0,0,0,0,1,0,0,0,0,0,0,0,0,0,0,0,0,0,0,0,0,0,1,0,0,0,0,0,0,0,0,0,0,0,0,0,1,0,0,0,0,0,0,0,0,0,0,0,1,0,1,1
Datasets/wang/Images/train/class6/638.jpg,65333,109,41,8,5,3,2,4,5,3,2,5,4,2,2,1,0,0,0,0,1,0,0,0,0,0,0,0,0,1,0,0,1,0,0,0,0,0,0,0,0,0,1,0,0,1,0,0,0,0,0,0,0,0,1,0,0,0,0,0,0,0,0,1
Datasets/wang/Images/train/class6/634.jpg,64667,343,163,87,62,35,29,25,27,10,16,6,8,3,3,4,1,2,3,3,1,3,3,4,3,7,2,1,1,0,1,0,0,0,0,1,1,0,1,0,0,0,0,3,2,0,0,0,0,0,0,0,1,0,0,0,0,0,0,2,0,1,0,1
Datasets/wang/Images/train/class6/609.jpg,65510,16,4,0,2,0,1,0,1,0,0,0,0,0,0,1,0,0,0,0,0,0,0,0,0,0,0,0,0,0,0,0,0,0,0,0,0,0,0,0,0,0,0,0,0,0,0,0,0,0,0,0,0,0,0,0,0,0,0,0,0,0,0,1
Datasets/wang/Images/train/class6/605.jpg,63222,720,462,202,155,93,78,62,60,39,37,23,41,26,18,23,16,14,14,7,6,14,12,19,9,14,9,15,10,7,7,7,1,3,8,0,2,5,5,7,6,11,10,8,1,2,8,2,3,1,1,1,1,0,2,1,4,0,1,0,0,0,0,1
Datasets/wang/Images/train/class6/620.jpg,64834,354,133,55,33,28,14,13,12,5,11,10,3,4,5,0,1,0,0,1,1,1,0,0,2,0,0,1,0,1,1,1,0,1,0,0,0,0,2,2,1,0,0,0,2,0,1,0,0,1,0,0,1,0,0,0,0,0,0,0,0,0,0,1
Datasets/wang/Images/train/class6/608.jpg,64825,346,113,69,35,35,23,27,6,6,0,5,3,3,2,2,2,6,3,6,1,0,1,3,2,0,0,1,0,0,0,1,1,0,1,0,0,0,0,0,1,0,0,1,1,2,1,0,0,0,0,1,0,0,0,0,0,0,0,0,0,0,0,1
Datasets/wang/Images/train/class6/618.jpg,65174,141,86,38,20,20,13,7,6,2,5,5,9,2,0,2,0,0,0,0,0,0,1,0,0,0,0,0,0,0,0,0,0,0,0,0,0,0,0,1,1,0,0,0,0,0,0,0,0,0,0,0,0,0,0,1,0,0,0,0,0,0,0,2
Datasets/wang/Images/train/class6/650.jpg,65153,86,39,57,12,19,29,30,20,8,20,11,8,8,5,4,2,2,1,2,3,3,4,0,1,1,0,1,0,1,0,1,1,0,0,0,0,0,1,0,0,0,0,0,0,0,0,0,0,0,0,0,0,1,0,0,1,0,0,0,0,0,0,1
Datasets/wang/Images/train/class6/615.jpg,65497,12,6,7,4,2,1,0,0,1,0,0,0,0,1,0,1,0,0,0,0,0,0,0,0,0,0,1,0,0,0,0,0,0,0,0,0,0,0,0,1,1,0,0,0,0,0,0,0,0,0,0,0,0,0,0,0,0,0,0,0,0,0,1
Datasets/wang/Images/train/class6/647.jpg,65458,54,4,2,11,0,1,0,0,0,1,0,0,0,0,0,0,0,0,0,0,0,0,0,0,0,0,0,0,2,0,0,0,0,0,0,1,0,0,1,0,0,0,0,0,0,0,0,0,0,0,0,0,0,0,0,0,0,0,0,0,0,0,1
Datasets/wang/Images/train/class6/645.jpg,65339,103,30,15,8,7,6,4,4,5,0,1,2,0,1,3,1,0,0,1,0,0,1,0,0,0,0,0,0,0,1,0,0,0,0,0,1,0,0,0,0,0,1,0,0,0,0,0,0,0,0,0,0,0,0,0,0,0,0,1,0,0,0,1
Datasets/wang/Images/train/class6/676.jpg,63597,673,297,173,121,102,80,64,48,32,24,22,13,14,11,16,20,20,16,12,12,4,7,1,3,6,9,7,7,6,7,13,3,3,3,7,4,9,6,12,4,7,7,7,3,5,3,3,2,0,0,2,0,1,0,2,1,0,1,0,3,0,0,1
Datasets/wang/Images/train/class6/675.jpg,65278,167,14,10,11,12,13,8,3,2,3,6,1,0,2,0,0,0,0,1,0,0,0,0,0,0,0,0,0,1,0,0,0,0,0,0,0,0,0,0,0,0,0,0,1,0,0,0,0,2,0,0,0,0,0,0,0,0,0,0,0,0,0,1
Datasets/wang/Images/train/class6/619.jpg,64058,517,272,178,128,109,84,56,40,25,10,8,6,5,4,3,3,6,4,3,3,3,1,1,0,0,2,0,2,0,0,0,0,0,0,0,0,0,1,0,0,0,0,0,0,0,0,0,0,0,1,1,0,0,1,0,0,0,0,0,0,0,0,1
Datasets/wang/Images/train/class6/630.jpg,65236,220,38,14,6,4,4,4,2,2,0,0,0,0,0,0,0,0,0,1,0,0,0,0,0,0,0,0,0,0,1,1,0,0,0,0,0,0,0,0,0,0,0,0,0,0,0,0,0,0,0,0,0,0,1,0,0,0,0,1,0,0,0,1
Datasets/wang/Images/train/class6/672.jpg,64809,356,159,86,55,25,21,10,7,1,1,0,0,0,0,0,1,0,0,0,0,0,0,0,0,0,0,1,0,0,1,0,0,0,0,0,0,0,0,1,0,0,0,0,0,0,0,0,0,0,0,1,0,0,0,0,0,0,0,0,0,0,0,1
Datasets/wang/Images/train/class6/626.jpg,65328,117,37,29,8,2,1,0,2,3,1,1,1,0,0,1,0,1,0,1,0,0,1,0,0,0,0,0,0,0,1,0,0,0,0,0,0,0,0,0,0,0,0,0,0,0,0,0,0,0,0,0,0,0,0,0,0,0,0,0,0,0,0,1
Datasets/wang/Images/train/class6/677.jpg,65215,88,46,22,15,10,7,3,8,22,11,10,3,12,10,7,5,1,2,4,1,1,1,0,0,0,2,0,0,0,0,0,0,1,3,2,1,0,4,0,1,0,0,1,0,2,1,1,0,1,0,2,2,0,0,2,0,0,2,1,0,1,1,1
Datasets/wang/Images/train/class6/614.jpg,65368,79,20,15,14,13,7,1,1,1,0,1,2,4,3,2,0,0,1,0,0,0,0,0,1,0,0,0,0,0,1,0,0,0,0,0,0,0,0,0,0,0,0,0,0,0,0,0,0,0,0,0,0,1,0,0,0,0,0,0,0,0,0,1
Datasets/wang/Images/train/class6/654.jpg,62539,1058,505,270,195,136,128,87,75,78,53,64,40,45,28,24,25,27,35,26,24,15,17,9,5,6,1,2,1,6,0,2,1,2,2,1,1,0,0,0,1,0,0,0,0,0,0,0,0,0,0,0,0,0,0,0,1,0,0,0,0,0,0,1
Datasets/wang/Images/train/class6/628.jpg,65060,261,86,53,22,11,10,6,6,5,2,3,1,1,0,1,1,0,0,0,0,0,0,1,0,0,0,0,0,1,0,0,0,0,0,0,0,0,0,0,0,0,1,0,0,0,0,0,0,0,0,0,0,1,0,0,1,0,0,1,0,0,0,1
Datasets/wang/Images/train/class6/653.jpg,65512,15,3,0,3,1,0,0,0,0,1,0,0,0,0,0,0,0,0,0,0,0,0,0,0,0,0,0,0,0,0,0,0,0,0,0,0,0,0,0,0,0,0,0,0,0,0,0,0,0,0,0,0,0,0,0,0,0,0,0,0,0,0,1
Datasets/wang/Images/train/class6/637.jpg,65475,52,5,1,0,0,0,1,0,0,0,0,0,0,1,0,0,0,0,0,0,0,0,0,0,0,0,0,0,0,0,0,0,0,0,0,0,0,0,0,0,0,0,0,0,0,0,0,0,0,0,0,0,0,0,0,0,0,0,0,0,0,0,1
Datasets/wang/Images/train/class6/666.jpg,65128,248,77,17,14,4,10,10,6,2,1,1,0,0,1,2,1,1,0,0,1,0,0,1,1,2,0,1,2,0,1,0,0,0,0,0,0,1,0,0,0,0,0,0,0,0,0,0,0,0,0,0,0,1,0,1,0,0,0,0,0,0,0,1
Datasets/wang/Images/train/class6/625.jpg,65523,7,1,0,0,1,1,0,0,0,0,0,0,0,0,1,0,0,0,0,0,1,0,0,0,0,0,0,0,0,0,0,0,0,0,0,0,0,0,0,0,0,0,0,0,0,0,0,0,0,0,0,0,0,0,0,0,0,0,0,0,0,0,1
Datasets/wang/Images/train/class6/646.jpg,64650,379,156,80,76,46,36,20,10,8,4,3,5,2,5,0,5,4,1,5,6,0,4,3,4,3,3,0,0,0,0,3,1,2,2,3,0,1,1,0,0,0,1,0,1,0,0,0,1,0,0,0,1,0,0,0,0,0,0,0,0,0,0,1
Datasets/wang/Images/train/class6/627.jpg,65439,65,9,8,3,5,0,0,2,0,0,0,0,0,0,0,0,1,0,0,0,1,0,0,1,0,0,0,0,0,0,0,0,0,1,0,0,0,0,0,0,0,0,0,0,0,0,0,0,0,0,0,0,0,0,0,0,0,0,0,0,0,0,1
Datasets/wang/Images/train/class6/661.jpg,65507,9,5,6,1,3,0,0,1,0,1,0,1,0,0,0,1,0,0,0,0,0,0,0,0,0,0,0,0,0,0,0,0,0,0,0,0,0,0,0,0,0,0,0,0,0,0,0,0,0,0,0,0,0,0,0,0,0,0,0,0,0,0,1
Datasets/wang/Images/train/class6/623.jpg,65053,202,76,25,45,46,18,19,14,9,6,4,0,4,2,1,1,2,3,0,1,0,0,1,0,0,0,0,1,0,0,0,0,0,0,1,0,1,0,0,0,0,0,0,0,0,0,0,0,0,0,0,0,0,0,0,0,0,0,0,0,0,0,1
Datasets/wang/Images/train/class6/641.jpg,65360,112,40,6,1,4,0,1,2,2,2,0,2,0,0,1,2,0,0,0,0,0,0,0,0,0,0,0,0,0,0,0,0,0,0,0,0,0,0,0,0,0,0,0,0,0,0,0,0,0,0,0,0,0,0,0,0,0,0,0,0,0,0,1
Datasets/wang/Images/train/class6/651.jpg,65313,89,59,28,16,9,4,3,1,4,2,1,0,0,1,0,0,0,0,1,0,1,0,0,0,0,0,0,0,0,0,1,0,0,1,0,0,0,0,0,0,0,0,0,0,0,0,0,0,0,0,0,0,0,1,0,0,0,0,0,0,0,0,1
Datasets/wang/Images/train/class6/678.jpg,65353,58,32,23,24,14,4,5,2,1,1,1,1,0,0,0,1,1,0,1,0,1,1,2,0,0,0,0,1,4,0,1,0,0,0,0,0,0,0,0,0,0,1,0,0,0,1,0,0,0,0,0,0,0,0,0,0,0,1,0,0,0,0,1
Datasets/wang/Images/train/class6/602.jpg,64728,306,133,77,63,42,33,21,11,3,19,14,11,5,6,5,6,7,5,6,5,5,2,2,1,0,2,2,3,1,0,0,0,1,0,0,0,0,1,0,1,0,0,1,0,0,1,0,2,0,0,0,1,0,2,0,0,1,0,0,0,0,0,1
Datasets/wang/Images/train/class6/606.jpg,65097,196,84,55,32,19,5,13,6,7,4,1,3,1,0,0,1,1,0,2,1,0,0,1,0,0,0,0,2,0,1,0,0,0,0,0,0,0,0,0,0,0,0,0,0,2,0,0,0,0,0,0,0,0,0,0,0,1,0,0,0,0,0,1
Datasets/wang/Images/train/class6/662.jpg,65368,56,37,22,22,6,5,3,2,3,4,1,1,1,0,0,0,1,0,0,1,0,0,0,0,0,0,0,0,0,0,0,0,0,0,0,0,0,1,0,0,0,0,0,0,0,0,0,0,0,0,0,0,0,0,0,0,0,0,0,0,0,0,2
Datasets/wang/Images/train/class6/663.jpg,65368,76,38,20,13,6,1,0,0,0,0,0,4,1,0,3,0,0,0,0,1,1,0,0,0,0,0,0,0,0,0,0,0,0,1,0,0,0,0,0,0,0,0,0,0,0,0,0,0,0,0,0,0,0,0,0,0,0,0,1,0,0,1,1
Datasets/wang/Images/train/class6/613.jpg,65519,6,2,3,0,2,0,1,0,0,0,0,0,0,1,0,0,0,0,0,0,0,1,0,0,0,0,0,0,0,0,0,0,0,0,0,0,0,0,0,0,0,0,0,0,0,0,0,0,0,0,0,0,0,0,0,0,0,0,0,0,0,0,1
Datasets/wang/Images/train/class6/671.jpg,65448,45,16,4,3,1,2,1,3,1,0,5,1,0,0,0,0,0,1,0,0,0,0,0,0,0,1,0,0,0,0,0,0,0,0,0,1,0,0,0,0,0,0,0,0,0,1,0,0,0,0,1,0,0,0,0,0,0,0,0,0,0,0,1
Datasets/wang/Images/train/class6/659.jpg,65486,18,10,3,2,2,4,4,1,0,0,0,0,0,0,0,1,0,0,0,0,0,0,0,0,0,0,0,0,0,0,0,0,1,0,0,1,0,0,0,0,0,0,0,0,0,0,0,0,0,0,0,0,0,0,1,1,0,0,0,0,0,0,1
Datasets/wang/Images/train/class6/616.jpg,65082,142,75,33,30,25,7,11,8,9,11,12,10,7,9,9,9,7,4,2,0,2,1,1,0,1,1,0,1,1,2,0,1,2,3,2,1,1,2,1,4,0,0,0,1,1,0,0,1,1,1,0,0,0,1,0,0,0,0,0,0,0,0,1
Datasets/wang/Images/train/class6/600.jpg,65015,267,128,38,11,8,8,10,12,4,2,9,1,4,3,2,3,0,0,1,0,0,2,0,0,1,0,2,0,0,0,0,0,0,0,0,0,1,0,0,0,0,2,0,0,0,0,0,0,1,0,0,0,0,0,0,0,0,0,0,0,0,0,1
Datasets/wang/Images/train/class6/667.jpg,64273,478,227,132,116,62,60,53,39,18,11,11,6,8,3,8,2,2,5,2,0,0,4,1,1,1,1,2,1,0,0,2,0,0,0,1,0,0,0,0,0,1,0,2,0,0,0,0,0,0,0,0,0,0,0,0,1,0,0,0,0,0,0,2
Datasets/wang/Images/train/class6/673.jpg,64837,449,148,60,16,6,2,3,1,1,3,0,2,1,2,0,0,0,0,1,0,0,0,0,0,0,0,0,1,0,0,0,0,0,0,0,0,0,0,0,0,0,0,0,0,1,0,0,0,0,0,1,0,0,0,0,0,0,0,0,0,0,0,1
Datasets/wang/Images/train/class6/655.jpg,65395,41,43,13,15,8,8,0,1,6,0,0,0,0,0,0,2,0,0,0,0,0,0,1,0,0,0,0,0,0,0,0,0,0,0,0,0,0,0,1,0,0,1,0,0,0,0,0,0,0,0,0,0,0,0,0,0,0,0,0,0,0,0,1
Datasets/wang/Images/train/class6/652.jpg,64853,349,73,37,34,25,34,17,12,6,9,15,7,15,7,3,3,6,4,4,4,1,2,2,0,1,2,2,0,1,0,0,1,0,1,0,0,2,1,1,0,0,0,0,0,0,0,0,1,0,0,0,0,0,0,0,0,0,0,0,0,0,0,1
Datasets/wang/Images/train/class6/669.jpg,64336,408,175,100,88,38,41,31,20,17,24,25,27,18,18,10,5,16,13,10,15,12,9,12,9,4,11,9,5,5,3,2,3,1,1,2,3,3,1,2,0,0,0,0,0,0,1,1,0,0,0,0,0,1,0,0,0,0,0,0,0,0,0,1
Datasets/wang/Images/train/class6/639.jpg,65207,119,63,61,29,11,8,7,4,8,4,1,0,1,1,1,1,1,1,0,1,0,0,1,0,0,0,0,1,0,1,1,0,0,0,0,0,0,0,0,0,0,0,0,1,0,0,0,0,0,0,0,0,0,0,0,0,0,0,0,0,0,1,1
Datasets/wang/Images/train/class7/718.jpg,49829,5076,0,2032,1254,0,920,722,0,612,0,498,390,0,399,338,0,321,0,306,306,0,268,257,0,261,0,223,237,0,192,209,0,158,0,131,135,0,100,78,0,82,0,53,32,0,35,23,0,14,0,21,10,0,2,5,0,4,0,0,2,0,0,1
Datasets/wang/Images/train/class7/734.jpg,53973,5644,2017,1045,379,504,370,258,193,90,125,107,66,47,64,59,48,35,20,37,33,28,14,23,25,27,25,10,18,15,23,20,6,14,14,19,7,12,14,12,16,4,6,3,12,5,5,4,7,2,1,7,5,5,4,1,4,3,0,0,1,0,0,1
Datasets/wang/Images/train/class7/708.jpg,43797,7334,0,3434,2156,0,1555,1184,0,968,827,0,725,576,0,524,400,0,353,309,0,239,231,0,193,154,0,126,108,0,79,59,0,50,0,37,37,0,20,15,0,14,4,0,9,2,0,6,2,0,3,3,0,0,1,0,0,0,0,1,0,0,0,1
Datasets/wang/Images/train/class7/740.jpg,64299,983,124,33,17,17,7,13,5,10,5,5,5,3,3,0,1,0,1,0,1,1,0,0,0,0,0,0,0,0,0,0,0,0,0,0,0,0,1,0,0,0,0,0,0,0,0,0,0,0,0,0,1,0,0,0,0,0,0,0,0,0,0,1
Datasets/wang/Images/train/class7/737.jpg,59255,2510,1267,824,533,379,238,134,102,52,34,22,30,26,16,18,16,7,10,5,6,6,6,3,4,2,2,0,0,3,3,4,1,0,1,1,1,3,2,2,0,1,1,1,0,0,1,0,0,0,0,1,2,0,0,0,0,0,0,0,0,0,0,1
Datasets/wang/Images/train/class7/767.jpg,49568,5333,0,2254,1271,0,861,0,624,553,0,479,0,404,374,0,359,0,340,302,0,299,301,0,249,0,237,194,0,201,0,193,184,0,145,0,155,114,0,126,0,97,68,0,63,49,0,36,0,30,28,0,14,0,10,5,0,3,0,6,2,0,1,4
Datasets/wang/Images/train/class7/754.jpg,53890,3296,2046,2224,624,459,635,216,180,272,114,95,180,74,70,120,59,56,105,47,39,74,38,39,78,38,17,55,38,20,59,28,19,36,20,17,37,9,14,13,7,8,8,1,5,12,10,3,9,3,3,3,0,3,1,1,3,2,1,1,0,0,1,1
Datasets/wang/Images/train/class7/757.jpg,57997,2491,656,906,326,546,189,334,129,194,88,160,72,134,69,111,93,42,85,34,58,34,70,25,56,23,49,12,43,23,39,38,25,38,19,26,19,30,15,23,12,25,11,23,12,22,8,20,17,6,12,3,16,5,8,2,4,2,2,0,2,0,2,1
Datasets/wang/Images/train/class7/771.jpg,65451,55,14,6,1,3,1,0,2,1,0,0,0,0,0,1,0,0,0,0,0,0,0,0,0,0,0,0,0,0,0,0,0,0,0,0,0,0,0,0,0,0,0,0,0,0,0,0,0,0,0,0,0,0,0,0,0,0,0,0,0,0,0,1
Datasets/wang/Images/train/class7/722.jpg,60843,1653,510,438,233,270,146,201,156,86,105,55,82,42,76,56,25,38,35,41,17,33,27,34,27,25,25,7,11,9,16,16,10,15,6,14,4,12,11,7,6,9,4,11,7,4,7,9,8,9,6,9,4,7,1,5,3,1,2,2,2,0,1,2
Datasets/wang/Images/train/class7/773.jpg,56829,1881,1023,734,509,448,355,548,223,223,204,198,163,158,274,124,127,104,108,99,88,138,61,62,62,58,52,59,91,42,38,31,41,34,36,57,33,29,25,13,25,18,33,11,14,9,11,2,4,9,4,4,1,0,2,3,0,1,1,0,0,0,1,1
Datasets/wang/Images/train/class7/721.jpg,61980,1263,448,374,282,178,209,154,116,100,71,68,52,33,44,28,13,7,8,5,2,6,7,4,5,10,5,5,5,1,6,9,2,4,3,0,2,1,5,3,1,1,4,2,2,2,0,2,0,0,0,0,2,0,1,0,0,0,0,0,0,0,0,1
Datasets/wang/Images/train/class7/730.jpg,57991,2370,1190,779,830,412,367,314,385,165,126,77,92,35,25,28,25,28,12,15,17,27,12,13,9,16,16,13,7,12,7,12,2,9,8,7,7,10,7,7,3,2,6,2,0,5,6,4,2,5,0,2,3,4,0,0,2,2,1,1,1,0,0,1
Datasets/wang/Images/train/class7/764.jpg,53120,5836,2336,631,868,508,212,344,295,222,88,168,143,50,99,66,23,63,46,40,19,36,55,16,23,24,14,34,26,23,12,15,19,6,18,8,8,6,4,4,0,2,3,1,0,0,1,0,0,0,0,0,0,0,0,0,0,0,0,0,0,0,0,1
Datasets/wang/Images/train/class7/746.jpg,57857,1787,1727,499,386,600,227,335,120,109,187,89,70,112,52,105,45,49,81,45,34,69,39,64,24,31,49,23,17,53,23,47,28,25,63,25,17,39,15,39,26,21,48,29,17,43,14,31,11,7,26,7,7,9,5,9,3,2,8,0,2,4,0,1
Datasets/wang/Images/train/class7/760.jpg,59810,3551,742,434,177,132,75,96,46,48,34,34,26,29,20,21,13,15,14,11,15,13,9,12,3,13,4,11,5,8,5,7,5,7,6,4,0,5,6,6,3,6,3,6,3,5,2,1,5,2,3,3,1,3,2,2,3,5,0,1,1,2,1,1
Datasets/wang/Images/train/class7/717.jpg,62185,1482,728,319,243,163,131,73,57,52,26,15,8,3,3,2,8,5,2,2,1,0,2,0,0,0,0,3,0,1,4,1,0,0,1,1,3,0,0,0,1,1,1,0,2,1,0,0,0,1,0,1,0,1,0,0,0,0,0,0,0,1,0,2
Datasets/wang/Images/train/class7/702.jpg,47080,5597,0,2745,1623,0,1312,1106,0,892,0,752,619,0,496,480,0,400,0,333,308,0,255,229,0,174,0,165,157,0,151,118,0,95,0,75,86,0,59,52,0,51,0,26,22,0,24,15,0,12,0,5,3,0,7,4,0,5,0,1,1,0,0,1
Datasets/wang/Images/train/class7/700.jpg,58100,2715,1383,1090,404,280,233,235,107,81,125,70,62,46,77,34,37,50,27,27,21,35,17,18,28,13,18,12,26,9,10,21,14,9,8,8,6,3,4,13,9,2,9,4,3,2,6,2,1,5,1,3,2,4,2,2,2,0,0,0,0,0,0,1
Datasets/wang/Images/train/class7/705.jpg,41390,8102,0,4547,2906,0,1893,1295,0,994,723,0,608,503,0,408,361,0,297,270,0,222,187,0,132,127,0,100,102,0,80,52,0,54,0,38,40,0,29,18,0,14,12,0,5,8,0,9,3,0,3,3,0,0,0,0,0,0,0,0,0,0,0,1
Datasets/wang/Images/train/class7/761.jpg,51688,3967,2506,1654,1143,872,1102,426,248,240,193,158,260,103,83,65,54,59,51,75,44,25,35,32,20,40,22,17,23,16,15,40,16,11,15,10,9,20,21,9,9,10,7,16,33,7,7,6,4,7,7,12,2,1,3,3,2,3,3,0,3,2,1,1
Datasets/wang/Images/train/class7/732.jpg,48325,5997,2917,1654,1056,778,583,484,418,337,282,248,230,218,159,174,149,128,126,97,105,89,70,83,58,68,54,49,48,46,45,36,0,44,24,36,26,29,24,23,33,26,19,22,16,15,20,8,10,13,6,5,5,3,1,1,6,5,2,0,0,2,0,1
Datasets/wang/Images/train/class7/749.jpg,55652,4183,1722,971,349,504,385,268,103,166,143,120,44,83,67,52,31,50,45,43,21,32,36,35,18,33,33,28,13,24,14,28,9,18,15,22,10,15,20,11,10,10,12,12,9,7,10,7,3,9,4,6,5,3,4,3,1,0,3,0,0,0,0,2
Datasets/wang/Images/train/class7/706.jpg,56828,2341,1366,1099,851,1008,503,391,322,201,157,162,61,37,33,25,14,22,11,11,4,7,5,15,4,3,6,4,3,3,0,2,0,2,5,1,1,3,2,3,3,0,1,1,2,1,4,1,1,0,1,1,1,1,0,0,0,0,0,0,0,0,0,2
Datasets/wang/Images/train/class7/714.jpg,64338,559,192,132,81,49,38,34,24,11,8,6,4,2,6,4,5,9,3,0,1,4,1,2,1,2,3,4,3,0,0,1,1,1,0,0,0,0,0,0,1,0,0,2,1,0,0,0,0,0,1,0,0,0,0,0,0,0,0,0,0,1,0,1
Datasets/wang/Images/train/class7/778.jpg,63295,1374,331,126,76,43,40,27,19,17,15,12,18,14,6,5,8,3,3,14,4,3,8,6,2,5,2,1,1,1,2,2,3,2,4,4,3,2,2,3,1,2,4,1,0,0,0,2,3,1,1,1,1,3,2,1,2,1,1,1,0,1,0,1
Datasets/wang/Images/train/class7/774.jpg,55340,2455,1395,1047,763,566,475,347,309,234,197,201,175,155,115,101,101,93,96,85,57,73,68,70,71,58,64,56,50,60,51,42,53,45,45,46,42,35,32,23,27,34,23,25,29,12,16,17,7,11,6,7,6,3,4,4,3,2,3,0,2,3,0,1
Datasets/wang/Images/train/class7/710.jpg,63214,1125,471,262,138,68,33,23,23,17,15,11,2,10,11,6,9,12,5,6,9,3,0,5,4,1,1,2,2,3,4,3,1,2,3,3,2,3,2,1,3,1,1,1,1,0,1,1,2,1,1,2,0,1,0,1,1,0,0,0,1,1,0,1
Datasets/wang/Images/train/class7/745.jpg,60105,2410,1010,570,350,212,151,104,84,51,48,52,34,31,28,18,14,20,14,16,8,12,6,11,9,7,8,7,6,11,8,6,8,4,5,6,5,7,1,10,5,4,6,4,3,4,6,2,2,1,1,3,5,3,7,4,2,2,0,2,1,0,0,2
Datasets/wang/Images/train/class7/726.jpg,62286,1765,568,280,145,104,64,57,28,32,27,20,23,12,14,16,13,13,13,13,9,11,7,6,2,2,1,1,0,0,0,0,0,0,1,0,0,0,0,0,1,0,0,0,0,0,0,0,0,0,0,0,1,0,0,0,0,0,0,0,0,0,0,1
Datasets/wang/Images/train/class7/777.jpg,61170,2562,971,331,127,86,47,31,24,23,14,20,8,12,6,14,7,5,1,4,4,9,7,3,2,4,4,1,0,1,0,2,2,1,2,3,0,1,1,3,0,3,3,1,3,1,1,3,1,0,0,0,0,1,1,1,0,0,1,1,0,1,0,1
Datasets/wang/Images/train/class7/744.jpg,58268,2643,1655,620,419,402,207,267,133,118,147,80,101,36,37,34,23,32,14,15,14,13,10,13,13,14,14,7,11,5,15,9,6,13,4,2,6,4,12,5,3,5,5,11,3,4,14,4,7,4,5,4,1,7,1,2,5,2,4,0,0,1,1,2
Datasets/wang/Images/train/class7/729.jpg,57345,4612,1043,746,381,173,175,153,94,133,112,70,84,41,48,31,19,27,29,22,23,18,12,14,9,9,17,8,8,4,7,7,4,1,6,4,4,6,2,4,2,3,1,4,2,2,0,0,3,0,1,0,0,3,0,1,2,3,1,1,1,0,0,1
Datasets/wang/Images/train/class7/712.jpg,57630,3420,1479,1333,720,556,192,122,30,28,7,5,0,3,1,0,2,2,1,1,0,0,0,0,1,2,0,0,0,0,0,0,0,0,0,0,0,0,0,0,0,0,0,0,0,0,0,0,0,0,0,0,0,0,0,0,0,0,0,0,0,0,0,1
Datasets/wang/Images/train/class7/748.jpg,57716,1434,875,628,466,712,280,246,216,203,317,151,146,130,106,259,123,92,90,91,71,163,59,56,60,59,92,37,43,40,46,84,27,33,29,43,25,61,20,26,17,15,22,18,13,12,11,25,10,5,4,9,3,3,5,3,0,2,0,1,0,2,0,1
Datasets/wang/Images/train/class7/758.jpg,60694,3023,887,341,169,72,59,35,33,17,24,17,13,7,14,10,10,9,6,7,4,3,5,4,4,7,3,1,1,6,3,1,1,1,3,1,6,4,1,2,2,2,3,0,3,2,1,0,1,2,0,0,1,1,2,2,2,1,0,2,0,0,0,1
Datasets/wang/Images/train/class7/724.jpg,58359,2650,1074,656,427,316,251,161,156,129,91,113,75,73,68,55,59,56,47,38,46,51,38,33,37,28,30,31,40,23,31,24,32,35,24,22,20,17,17,14,13,11,9,6,7,7,7,6,4,3,2,0,2,3,2,1,0,0,0,3,1,0,0,2
Datasets/wang/Images/train/class7/768.jpg,53053,6378,2476,1165,598,348,251,157,135,105,85,73,55,42,40,50,43,28,34,33,27,26,16,17,30,17,14,10,18,10,13,12,9,17,8,12,16,6,12,14,10,9,5,8,7,8,3,4,6,0,4,4,5,3,1,2,0,0,1,1,0,0,1,1
Datasets/wang/Images/train/class7/755.jpg,51781,4056,4364,1235,1406,431,562,182,268,82,176,69,116,47,74,30,37,54,23,56,24,32,21,36,18,33,19,24,9,30,6,23,9,13,17,9,16,11,22,7,16,6,12,9,8,6,9,8,2,5,0,9,1,8,1,3,1,2,0,0,0,1,0,1
Datasets/wang/Images/train/class7/775.jpg,57072,3348,1474,824,809,371,297,223,175,208,103,86,69,72,49,38,33,36,35,22,18,24,23,12,9,15,16,13,5,10,6,2,4,5,3,3,2,3,2,2,2,2,0,0,1,0,4,1,1,1,0,0,0,0,0,0,1,0,0,0,1,0,0,1
Datasets/wang/Images/train/class7/731.jpg,60117,2560,1051,703,331,267,183,88,50,31,23,8,11,6,6,12,3,1,5,1,10,4,2,7,4,5,1,2,1,3,2,0,2,1,0,3,1,3,4,0,1,1,2,1,1,1,0,2,2,1,3,1,1,0,0,1,0,2,1,0,1,1,0,1
Datasets/wang/Images/train/class7/711.jpg,54260,5369,2015,1030,338,523,305,250,90,169,112,99,46,78,80,77,68,30,51,40,43,23,31,45,25,12,25,32,29,12,26,19,26,16,8,17,21,15,13,14,11,10,5,6,4,5,3,5,1,0,1,0,1,0,0,0,0,0,0,0,0,1,0,1
Datasets/wang/Images/train/class7/716.jpg,54136,5360,2263,1132,636,417,257,187,141,105,78,68,61,49,47,38,39,35,29,32,29,24,25,15,20,24,21,20,19,16,13,17,7,10,7,15,6,6,12,10,7,9,10,8,8,9,5,8,4,6,5,7,2,5,0,3,1,4,3,3,2,0,0,1
Datasets/wang/Images/train/class7/759.jpg,58467,2928,1203,479,581,419,244,281,229,138,61,67,44,21,28,28,18,27,19,26,12,17,9,9,20,16,11,12,10,13,6,8,8,9,3,7,7,5,6,0,4,3,1,1,4,4,2,4,6,1,1,2,2,1,0,1,1,0,0,0,1,0,0,1
Datasets/wang/Images/train/class7/703.jpg,52755,2972,2005,1478,1120,797,683,936,349,278,243,212,192,144,252,116,104,102,84,76,64,107,42,42,27,37,36,35,53,15,18,15,16,10,8,16,7,6,8,6,7,4,11,6,6,2,1,6,2,4,3,6,3,2,0,2,3,1,0,0,0,0,0,1
Datasets/wang/Images/train/class7/739.jpg,57549,3372,1512,853,534,324,231,215,109,95,61,59,39,29,41,48,27,24,32,23,18,21,16,18,16,16,6,21,10,13,13,16,14,11,12,8,6,8,5,15,6,8,2,2,5,8,8,11,8,2,3,5,4,5,5,4,2,1,2,0,1,1,1,2
Datasets/wang/Images/train/class7/707.jpg,62384,2060,413,184,61,48,33,34,30,33,33,15,10,8,8,17,9,6,12,8,3,10,4,5,11,4,6,4,3,3,6,4,3,7,0,5,2,7,1,3,1,2,3,2,4,1,2,3,2,2,0,1,2,2,1,3,0,1,2,2,0,1,0,2
Datasets/wang/Images/train/class7/733.jpg,64552,384,185,114,82,66,68,44,20,5,5,2,3,0,1,0,1,1,0,0,0,0,0,0,0,0,0,0,0,0,0,0,0,1,0,0,0,0,0,0,1,0,0,0,0,0,0,0,0,0,0,0,0,0,0,0,0,0,0,0,0,0,0,1
Datasets/wang/Images/train/class7/743.jpg,59441,3930,1013,338,188,114,80,63,35,23,25,23,23,20,20,12,9,8,10,10,9,8,10,6,2,6,6,7,5,2,3,4,4,4,7,7,5,4,3,1,3,2,2,3,0,2,6,2,4,6,0,2,1,1,2,3,1,3,1,1,0,1,1,1
Datasets/wang/Images/train/class7/736.jpg,57961,2234,1270,766,656,481,399,359,282,225,159,110,98,64,54,29,31,29,26,15,21,13,15,11,18,16,7,15,7,5,11,9,9,8,9,13,9,8,13,7,11,6,5,7,2,3,2,1,5,5,3,1,0,1,1,1,0,2,1,2,2,1,1,1
Datasets/wang/Images/train/class7/715.jpg,64612,549,170,46,37,19,19,16,7,4,4,1,2,2,1,2,2,1,2,3,4,2,7,3,3,2,2,0,0,0,0,0,1,0,0,0,0,2,1,1,0,0,0,0,1,0,1,0,1,1,0,0,0,0,0,0,0,0,1,1,1,0,0,2
Datasets/wang/Images/train/class7/701.jpg,48371,5937,2667,1600,0,998,722,561,454,0,394,398,309,319,0,250,251,235,233,0,214,189,170,148,0,138,151,98,99,0,94,87,70,50,0,46,42,26,27,0,36,23,15,21,0,24,14,11,7,0,4,7,5,5,0,3,2,5,1,0,0,0,2,3
Datasets/wang/Images/train/class7/741.jpg,55367,2332,2540,759,575,757,300,451,185,155,288,112,219,96,80,168,70,134,64,62,115,56,56,90,62,84,41,35,66,31,52,21,23,26,4,17,7,13,10,2,5,1,0,2,0,0,0,0,0,0,0,1,0,1,0,0,0,0,0,0,0,0,0,1
Datasets/wang/Images/train/class7/747.jpg,58639,4663,1164,370,176,74,72,51,33,25,23,18,19,20,14,8,13,12,5,10,7,4,8,6,8,4,3,3,4,4,4,5,1,6,4,3,0,1,3,3,2,3,2,2,5,4,1,0,1,2,4,3,1,5,2,3,2,0,0,1,1,0,1,1
Datasets/wang/Images/train/class7/723.jpg,61144,1976,652,320,231,143,155,124,96,107,83,62,58,50,49,38,42,18,31,21,12,12,10,4,4,5,6,3,4,5,5,6,6,4,0,4,1,3,2,3,4,3,6,0,2,3,2,1,2,1,2,0,1,1,4,1,1,0,0,0,0,1,1,1
Datasets/wang/Images/train/class7/719.jpg,58929,2414,1041,615,423,331,233,211,162,134,95,97,69,63,51,55,42,41,31,33,31,32,24,29,23,17,17,32,13,12,11,16,14,14,9,21,15,14,9,10,6,6,10,6,7,10,7,10,4,8,7,4,1,2,6,2,1,0,1,0,2,2,0,1
Datasets/wang/Images/train/class7/728.jpg,47182,6132,2814,1841,1331,991,739,581,495,408,334,328,0,278,238,193,153,154,151,154,111,102,75,80,54,0,58,61,43,49,49,32,27,39,28,36,22,30,0,20,16,13,20,7,7,17,9,4,5,6,4,0,3,2,2,2,1,1,2,1,0,0,0,1
Datasets/wang/Images/train/class7/742.jpg,56512,2175,1209,780,549,405,367,536,193,211,194,151,148,134,246,106,107,88,106,93,63,138,62,64,57,52,64,57,103,52,38,50,40,22,37,48,23,22,24,18,16,20,35,14,11,13,13,10,12,14,2,3,6,4,4,3,5,1,2,1,0,0,0,3
Datasets/wang/Images/train/class7/704.jpg,63117,1395,400,165,89,57,39,34,27,20,18,11,17,12,12,10,13,7,6,7,4,6,4,5,2,3,3,4,6,1,2,2,2,2,1,5,2,5,2,3,2,1,2,0,0,0,1,1,0,0,1,2,2,0,0,0,1,0,0,2,0,0,0,1
Datasets/wang/Images/train/class7/766.jpg,55637,4197,1763,961,596,414,164,255,192,170,119,108,35,87,73,56,56,36,54,24,42,32,33,24,23,13,27,30,32,28,25,30,14,16,22,28,21,16,7,11,14,11,8,7,2,3,3,3,7,1,1,1,1,1,0,1,0,0,0,0,0,0,0,1
Datasets/wang/Images/train/class7/720.jpg,45783,7182,3201,1985,0,1352,955,679,0,560,474,387,0,320,307,256,223,0,195,198,157,0,123,117,123,0,111,80,89,0,77,72,66,52,0,46,50,45,0,41,34,28,0,21,23,21,0,23,10,15,13,0,5,12,7,0,6,4,3,0,2,0,2,1
Datasets/wang/Images/train/class7/772.jpg,50763,5045,2110,0,1151,779,0,585,480,0,350,344,0,293,260,251,0,236,206,0,199,195,0,203,194,0,197,179,0,170,162,147,0,152,121,0,117,108,0,120,85,0,79,59,0,42,36,29,0,20,25,0,14,8,0,7,5,0,1,4,0,2,2,1
Datasets/wang/Images/train/class7/750.jpg,60704,2776,807,266,206,137,62,51,48,47,34,27,24,21,26,18,14,19,9,9,15,19,4,7,6,12,6,11,10,6,6,2,8,5,7,7,6,5,10,7,6,8,3,5,4,2,4,5,2,3,5,4,0,6,6,3,0,3,1,0,0,0,1,1
Datasets/wang/Images/train/class7/713.jpg,50413,4678,2260,1426,1004,694,515,462,342,313,295,271,264,204,205,192,0,163,180,148,145,128,143,123,118,91,86,85,79,75,65,59,0,41,45,48,31,27,16,17,13,12,8,9,6,0,8,6,0,2,5,1,1,2,2,3,2,1,0,0,0,0,0,4
Datasets/wang/Images/train/class7/762.jpg,55627,2003,2363,732,603,925,412,306,454,204,160,277,113,178,91,76,114,67,49,93,46,31,63,25,28,49,21,50,20,17,26,24,20,31,17,16,27,9,26,6,6,21,15,8,16,8,6,10,6,5,12,2,4,1,5,6,1,0,2,0,2,0,0,1
Datasets/wang/Images/train/class7/752.jpg,60560,2356,864,559,225,154,116,96,51,43,33,44,27,22,21,27,15,28,18,12,10,16,14,7,14,9,19,14,5,6,10,10,11,7,8,6,2,21,6,5,3,6,1,8,4,6,3,5,6,3,5,2,1,1,3,0,3,0,2,1,0,1,0,1
Datasets/wang/Images/train/class7/765.jpg,64240,724,176,106,61,28,27,24,15,19,13,22,8,5,6,3,5,4,5,4,5,2,2,1,1,1,3,2,1,2,3,2,1,2,1,0,2,1,0,0,0,0,0,2,0,1,0,0,0,0,0,2,0,0,0,2,0,1,0,0,0,0,0,1
Datasets/wang/Images/train/class7/709.jpg,60526,1998,788,435,211,239,159,123,64,85,77,84,22,60,63,49,38,29,40,33,41,15,32,30,28,18,24,30,9,12,10,20,5,12,4,8,6,7,2,5,12,13,2,6,5,6,3,5,4,1,8,2,2,4,6,1,2,4,2,0,0,3,1,3
Datasets/wang/Images/train/class7/725.jpg,56897,3631,1605,1191,452,297,351,159,143,136,67,67,83,39,41,31,29,27,33,24,18,22,14,13,25,11,8,11,4,9,12,7,5,5,8,9,7,9,5,4,3,2,7,2,0,2,1,0,2,3,0,2,0,1,0,0,0,1,0,0,0,0,0,1
Datasets/wang/Images/train/class7/763.jpg,58073,3024,1728,844,811,400,218,208,106,55,25,13,7,2,5,2,3,0,0,2,0,2,2,0,0,1,2,0,0,1,0,0,0,0,0,0,0,0,0,0,0,0,1,0,0,0,0,0,0,0,0,0,0,0,0,0,0,0,0,0,0,0,0,1
Datasets/wang/Images/train/class7/756.jpg,61235,2461,737,344,145,76,66,76,37,30,34,24,16,16,16,17,13,10,10,18,6,12,6,7,9,6,6,8,9,6,8,3,3,3,8,4,6,2,5,3,5,1,3,4,4,3,0,1,2,3,0,1,2,1,1,1,0,1,1,0,0,0,0,1
Datasets/wang/Images/train/class7/779.jpg,63971,788,430,182,79,38,14,7,6,5,1,3,0,0,0,0,1,2,3,0,1,0,1,0,1,0,0,1,0,0,0,0,0,0,0,0,0,0,0,0,0,1,0,0,0,0,0,0,0,0,0,0,0,0,0,0,0,0,0,0,0,0,0,1
Datasets/wang/Images/train/class7/735.jpg,57443,3720,1420,750,358,393,284,226,128,153,158,123,50,61,40,46,14,27,21,18,14,20,13,9,4,4,3,2,3,2,3,4,1,2,2,3,1,2,2,0,0,2,1,2,0,1,0,0,0,0,0,0,0,1,0,0,0,0,0,0,0,1,0,1
Datasets/wang/Images/train/class7/776.jpg,51974,3735,2427,2816,915,645,835,282,254,183,271,95,88,132,58,50,81,39,45,40,76,24,23,51,34,18,38,12,17,14,34,21,14,26,6,14,8,19,7,10,16,11,9,15,5,9,4,7,5,2,5,1,2,1,2,2,0,3,2,1,2,0,0,1
Datasets/wang/Images/train/class7/770.jpg,55641,1978,1229,1618,587,515,383,723,327,268,231,376,147,133,103,200,84,76,68,101,59,49,49,78,27,24,27,67,19,21,16,52,16,20,24,25,11,20,10,25,10,16,7,23,11,2,5,12,4,4,2,6,1,2,0,1,0,0,0,1,0,0,0,2
Datasets/wang/Images/train/class7/751.jpg,48233,6111,2929,1762,1102,765,543,503,407,346,280,246,199,186,151,117,130,108,90,92,72,92,72,69,67,61,51,63,46,58,53,39,44,45,43,33,38,26,27,24,34,24,17,23,17,11,13,12,10,8,10,7,5,5,3,4,4,0,1,1,3,0,0,1
Datasets/wang/Images/train/class7/753.jpg,62854,1817,357,107,56,47,40,20,23,16,16,14,17,10,7,7,1,9,8,9,10,10,5,8,7,0,2,1,4,1,2,0,3,2,7,0,4,2,3,3,2,0,2,4,2,4,3,1,3,0,0,0,0,0,0,1,0,0,1,2,0,0,1,1
Datasets/wang/Images/train/class7/769.jpg,50982,4646,2114,1221,821,628,522,421,390,340,0,296,267,232,228,175,186,187,160,145,136,0,132,119,113,128,94,92,121,84,74,78,0,52,48,55,51,29,32,21,17,24,0,17,8,7,4,7,6,6,3,0,4,0,4,1,4,1,1,1,0,0,0,1
Datasets/wang/Images/train/class7/727.jpg,52958,4019,1603,1054,669,543,435,339,301,275,251,220,202,174,161,177,154,118,121,104,132,87,110,94,93,90,79,96,90,85,60,69,66,63,45,46,36,43,32,36,31,21,20,17,18,18,16,12,11,8,8,3,6,5,3,2,0,1,1,0,2,2,0,1
Datasets/wang/Images/train/class7/738.jpg,57475,1850,1922,600,768,240,375,148,267,108,172,84,127,61,103,55,92,50,71,29,60,33,56,29,51,20,50,24,54,14,49,28,24,48,21,43,21,31,28,35,17,30,19,25,15,24,7,17,6,16,10,6,3,8,6,5,1,2,0,0,0,1,0,2
Datasets/wang/Images/train/class2/269.jpg,64076,1014,255,75,32,21,16,4,7,7,2,1,5,2,2,1,0,0,2,0,1,1,1,1,0,0,1,1,2,1,0,2,0,0,0,0,0,0,0,0,0,0,0,0,1,0,0,0,0,0,0,0,0,0,0,0,0,0,0,0,0,0,0,2
Datasets/wang/Images/train/class2/239.jpg,65050,248,41,28,58,30,2,1,2,4,0,1,0,0,1,1,0,2,1,2,4,2,1,1,0,1,1,1,2,3,1,0,4,5,6,1,3,1,5,2,2,2,2,2,5,0,1,0,1,1,0,1,0,0,0,0,0,1,0,0,0,0,0,2
Datasets/wang/Images/train/class2/204.jpg,64222,1009,107,55,50,20,11,3,5,5,1,0,0,1,1,2,0,1,1,0,0,1,1,0,1,0,2,0,2,2,1,3,2,1,0,3,5,3,1,2,3,1,2,0,0,1,0,0,0,1,2,0,0,0,0,1,0,0,0,0,0,0,0,1
Datasets/wang/Images/train/class2/275.jpg,64833,445,138,55,24,12,1,1,2,0,2,0,0,1,0,0,1,0,0,1,0,0,0,1,0,0,0,1,0,0,0,0,0,0,1,1,2,0,3,3,1,1,0,0,0,1,0,2,0,0,0,0,0,1,0,0,1,0,0,0,0,0,0,1
Datasets/wang/Images/train/class2/266.jpg,63887,1428,189,12,8,2,1,1,0,0,0,2,2,1,0,0,0,0,0,0,0,0,0,0,0,1,0,0,0,0,0,0,0,1,0,0,0,0,0,0,0,0,0,0,0,0,0,0,0,0,0,0,0,0,0,0,0,0,0,0,0,0,0,1
Datasets/wang/Images/train/class2/227.jpg,65480,24,17,13,1,0,0,0,0,0,0,0,0,0,0,0,0,0,0,0,0,0,0,0,0,0,0,0,0,0,0,0,0,0,0,0,0,0,0,0,0,0,0,0,0,0,0,0,0,0,0,0,0,0,0,0,0,0,0,0,0,0,0,1
Datasets/wang/Images/train/class2/248.jpg,65304,85,38,19,21,8,1,3,0,2,1,1,2,0,1,1,1,0,2,2,3,1,2,0,1,2,0,0,0,1,1,1,1,0,0,3,2,2,1,2,1,0,1,2,1,1,1,2,0,1,1,1,0,2,2,1,0,0,2,1,0,0,0,1
Datasets/wang/Images/train/class2/218.jpg,65085,254,102,37,21,15,11,4,3,1,0,1,0,1,0,0,0,0,0,0,0,0,0,0,0,0,0,0,0,0,0,0,0,0,0,0,0,0,0,0,0,0,0,0,0,0,0,0,0,0,0,0,0,0,0,0,0,0,0,0,0,0,0,1
Datasets/wang/Images/train/class2/277.jpg,64097,1130,180,61,22,14,11,6,3,4,2,1,1,0,0,1,0,0,1,0,0,0,1,0,0,0,0,0,0,0,0,0,0,0,0,0,0,0,0,0,0,0,0,0,0,0,0,0,0,0,0,0,0,0,0,0,0,0,0,0,0,0,0,1
Datasets/wang/Images/train/class2/212.jpg,65448,45,15,9,2,6,3,3,1,1,0,0,0,0,1,0,0,0,0,0,0,0,0,0,0,0,1,0,0,0,0,0,0,0,0,0,0,0,0,0,0,0,0,0,0,0,0,0,0,0,0,0,0,0,0,0,0,0,0,0,0,0,0,1
Datasets/wang/Images/train/class2/245.jpg,64373,730,195,61,49,24,17,16,12,7,3,5,11,2,3,2,1,3,0,1,3,1,3,1,1,0,2,0,0,0,0,0,0,3,1,0,0,0,2,0,1,0,0,1,0,0,0,0,0,0,0,0,0,0,0,0,0,0,0,1,0,0,0,1
Datasets/wang/Images/train/class2/222.jpg,62337,2299,589,144,65,39,10,3,1,0,1,1,1,0,0,0,0,1,2,1,0,1,0,3,0,1,0,1,0,0,0,1,0,1,0,3,0,1,4,0,2,4,2,0,1,1,0,1,2,1,3,1,2,1,1,1,0,1,0,0,0,1,0,1
Datasets/wang/Images/train/class2/220.jpg,65243,139,39,8,9,17,9,11,8,2,6,4,5,3,4,1,3,3,1,0,2,1,2,2,1,0,0,2,0,1,1,0,1,1,0,0,0,0,0,0,1,0,1,1,1,0,1,0,0,0,0,0,0,0,1,0,0,0,0,0,0,0,0,1
Datasets/wang/Images/train/class2/219.jpg,63341,1498,301,106,48,33,20,40,18,24,14,5,12,1,6,2,0,2,1,1,0,2,1,1,2,0,0,1,2,0,0,1,1,1,2,1,4,3,1,1,2,4,7,3,1,0,2,1,3,0,2,3,0,0,2,1,0,1,1,0,2,1,2,1
Datasets/wang/Images/train/class2/217.jpg,65010,312,93,31,20,9,6,8,1,5,3,2,1,3,5,2,1,3,0,2,2,0,5,2,1,5,0,0,0,0,2,0,0,0,0,0,0,0,0,0,0,0,1,0,0,0,0,0,0,0,0,0,0,0,0,0,0,0,0,0,0,0,0,1
Datasets/wang/Images/train/class2/247.jpg,56036,4276,1958,1074,711,519,349,231,124,111,52,17,21,6,3,9,7,0,8,3,1,2,0,3,2,0,2,1,1,0,1,0,0,0,1,0,2,0,0,0,1,1,0,0,0,0,0,0,0,0,0,0,1,0,0,0,0,0,0,0,0,1,0,1
Datasets/wang/Images/train/class2/236.jpg,63729,1167,424,130,33,7,9,4,6,7,3,2,2,4,1,1,2,1,0,0,0,0,0,0,0,0,1,0,1,0,0,0,0,0,0,0,0,0,0,0,0,0,0,0,0,0,0,0,0,0,1,0,0,0,0,0,0,0,0,0,0,0,0,1
Datasets/wang/Images/train/class2/201.jpg,65123,204,75,20,17,9,8,6,6,6,11,6,7,5,3,9,7,4,2,3,2,0,0,0,0,0,1,0,0,0,0,0,0,0,0,0,0,0,0,1,0,0,0,0,0,0,0,0,0,0,0,0,0,0,0,0,0,0,0,0,0,0,0,1
Datasets/wang/Images/train/class2/249.jpg,61309,2546,829,388,229,115,51,30,6,5,6,5,3,1,0,1,2,1,2,3,0,0,0,0,0,1,0,0,0,1,0,1,0,0,0,0,0,0,0,0,0,0,0,0,0,0,0,0,0,0,0,0,0,0,0,0,0,0,0,0,0,0,0,1
Datasets/wang/Images/train/class2/259.jpg,63774,1341,297,79,20,5,5,2,0,1,3,1,0,0,1,1,2,1,0,0,0,0,0,0,0,0,0,0,0,1,0,0,0,0,0,0,0,0,0,0,0,0,0,0,0,0,0,0,0,0,1,0,0,0,0,0,0,0,0,0,0,0,0,1
Datasets/wang/Images/train/class2/237.jpg,39947,10474,4709,2541,1600,1181,908,738,591,466,390,288,219,199,161,132,140,121,100,72,81,0,57,64,39,53,31,40,28,28,20,18,9,13,11,8,7,9,4,7,6,6,0,3,1,4,1,3,2,0,0,1,1,2,0,0,0,0,1,0,0,0,0,1
Datasets/wang/Images/train/class2/209.jpg,65418,102,4,3,3,1,0,1,0,0,0,0,0,0,0,0,0,0,0,0,0,0,0,0,0,0,1,0,0,1,0,0,0,0,0,0,0,0,0,0,0,0,0,0,0,0,0,0,0,0,0,0,0,0,0,0,0,0,0,0,0,0,1,1
Datasets/wang/Images/train/class2/223.jpg,65005,292,108,49,14,8,14,6,6,0,1,3,1,0,2,1,3,3,2,2,0,3,1,1,2,1,0,0,2,0,0,1,0,0,0,0,0,0,0,0,0,0,1,0,0,0,2,0,0,0,0,0,0,0,0,0,0,0,0,0,0,0,0,2
Datasets/wang/Images/train/class2/255.jpg,52614,3096,3093,997,785,1181,520,396,749,332,255,399,184,274,116,97,147,53,55,60,30,23,28,6,12,8,2,5,3,1,3,1,1,2,1,0,0,0,2,1,0,0,1,0,2,0,0,0,0,0,0,0,0,0,0,0,0,0,0,0,0,0,0,1
Datasets/wang/Images/train/class2/243.jpg,65181,218,30,42,14,5,3,2,3,1,1,0,2,0,1,0,0,2,0,0,0,0,0,1,3,1,1,1,0,0,0,0,1,0,0,1,2,1,2,1,2,3,0,1,1,0,6,1,0,0,0,0,0,0,0,1,0,0,0,0,0,0,0,1
Datasets/wang/Images/train/class2/254.jpg,65458,51,8,4,4,1,1,2,0,0,0,1,0,0,0,0,0,0,0,0,0,0,0,0,0,0,0,0,0,1,0,0,1,0,0,0,0,0,1,0,1,0,0,0,0,0,0,0,0,0,0,0,0,0,0,0,0,1,0,0,0,0,0,1
Datasets/wang/Images/train/class2/233.jpg,65494,23,15,0,0,0,1,1,0,0,0,0,1,0,0,0,0,0,0,0,0,0,0,0,0,0,0,0,0,0,0,0,0,0,0,0,0,0,0,0,0,0,0,0,0,0,0,0,0,0,0,0,0,0,0,0,0,0,0,0,0,0,0,1
Datasets/wang/Images/train/class2/238.jpg,65082,345,67,14,4,4,7,3,2,0,5,1,0,0,0,0,0,0,1,0,0,0,0,0,0,0,0,0,0,0,0,0,0,0,0,0,0,0,0,0,0,0,0,0,0,0,0,0,0,0,0,0,0,0,0,0,0,0,0,0,0,0,0,1
Datasets/wang/Images/train/class2/224.jpg,65135,143,79,42,12,7,5,5,4,6,2,3,2,2,2,4,4,14,8,5,8,7,6,3,3,0,1,1,1,0,2,1,4,4,1,1,0,1,1,0,2,0,0,0,0,0,1,0,0,0,1,0,0,1,0,1,0,0,0,0,0,0,0,1
Datasets/wang/Images/train/class2/273.jpg,65522,3,5,2,2,0,0,0,0,0,0,0,0,0,1,0,0,0,0,0,0,0,0,0,0,0,0,0,0,0,0,0,0,0,0,0,0,0,0,0,0,0,0,0,0,0,0,0,0,0,0,0,0,0,0,0,0,0,0,0,0,0,0,1
Datasets/wang/Images/train/class2/208.jpg,65518,10,0,5,0,0,0,0,0,1,1,0,0,0,0,0,0,0,0,0,0,0,0,0,0,0,0,0,0,0,0,0,0,0,0,0,0,0,0,0,0,0,0,0,0,0,0,0,0,0,0,0,0,0,0,0,0,0,0,0,0,0,0,1
Datasets/wang/Images/train/class2/216.jpg,65139,306,38,15,13,1,4,5,1,2,0,0,0,0,3,1,0,0,0,1,0,0,0,0,0,1,0,0,0,0,0,0,0,0,1,0,0,0,1,0,0,1,0,0,0,0,0,0,0,0,0,1,0,0,0,1,0,0,0,0,0,0,0,1
Datasets/wang/Images/train/class2/215.jpg,65424,19,18,31,13,10,7,8,1,2,2,0,0,0,0,0,0,0,0,0,0,0,0,0,0,0,0,0,0,0,0,0,0,0,0,0,0,0,0,0,0,0,0,0,0,0,0,0,0,0,0,0,0,0,0,0,0,0,0,0,0,0,0,1
Datasets/wang/Images/train/class2/251.jpg,64532,671,125,52,32,25,18,6,10,17,7,9,2,4,0,1,0,1,0,1,0,0,1,0,1,1,1,1,1,1,0,0,1,0,1,0,0,1,0,0,0,0,0,1,1,0,1,1,1,1,3,0,0,0,0,0,0,1,0,0,1,0,0,2
Datasets/wang/Images/train/class2/229.jpg,63368,1250,346,200,78,58,40,36,20,19,20,11,7,11,4,5,4,3,1,2,2,4,5,3,1,0,3,1,2,0,3,0,1,1,1,0,0,0,2,0,0,3,1,1,1,3,1,1,0,1,0,0,3,2,1,1,1,0,0,0,0,1,2,1
Datasets/wang/Images/train/class2/258.jpg,65330,102,19,14,10,8,8,4,3,3,8,5,2,0,0,0,0,0,1,0,1,0,0,0,0,0,2,0,0,2,0,1,0,0,2,0,1,0,0,1,0,0,0,2,0,0,0,0,0,2,0,0,0,1,0,1,0,0,2,0,0,0,0,1
Datasets/wang/Images/train/class2/262.jpg,65172,213,51,26,11,12,9,5,6,3,2,4,3,1,1,2,3,1,0,2,0,1,1,0,0,1,2,0,0,0,0,0,0,0,0,0,0,1,0,0,1,0,0,0,1,0,0,0,0,0,0,0,0,0,0,0,0,0,0,0,0,0,0,1
Datasets/wang/Images/train/class2/270.jpg,64623,493,134,85,39,35,33,21,11,8,3,2,1,1,4,2,1,3,2,2,2,1,0,2,0,1,0,1,0,1,2,2,1,0,0,0,0,0,0,0,3,0,0,2,2,0,2,1,0,1,3,1,0,0,0,0,0,1,0,0,0,0,2,2
Datasets/wang/Images/train/class2/231.jpg,52871,6580,1972,1030,350,558,387,330,263,92,174,148,117,99,41,67,67,58,44,19,27,24,27,21,10,22,29,18,10,9,13,12,6,6,2,4,8,2,5,3,1,2,1,0,1,1,0,0,1,0,1,2,0,0,0,0,0,0,0,0,0,0,0,1
Datasets/wang/Images/train/class2/276.jpg,65505,16,3,3,4,1,1,0,1,0,0,0,0,1,0,0,0,0,0,0,0,0,0,0,0,0,0,0,0,0,0,0,0,0,0,0,0,0,0,0,0,0,0,0,0,0,0,0,0,0,0,0,0,0,0,0,0,0,0,0,0,0,0,1
Datasets/wang/Images/train/class2/202.jpg,65320,43,69,30,10,3,1,1,2,0,2,1,0,0,2,0,0,1,1,0,2,0,0,1,1,2,5,1,1,2,4,1,2,4,4,2,1,2,3,2,2,2,1,0,1,0,2,0,0,0,0,0,0,0,0,0,0,1,0,0,0,0,0,1
Datasets/wang/Images/train/class2/246.jpg,63346,1602,356,97,60,26,2,0,1,1,1,1,2,3,3,2,6,3,2,3,2,0,2,2,1,0,0,0,1,1,1,3,0,0,0,0,0,0,0,0,1,0,0,0,0,0,0,0,0,1,2,1,0,0,0,0,0,0,0,0,0,0,0,1
Datasets/wang/Images/train/class2/257.jpg,63956,984,403,105,40,18,7,3,2,4,4,1,2,1,0,0,0,0,0,0,0,0,1,0,0,1,0,0,0,0,0,0,0,0,0,0,0,1,1,0,0,0,0,0,0,0,0,0,0,0,0,0,0,1,0,0,0,0,0,0,0,0,0,1
Datasets/wang/Images/train/class2/252.jpg,65353,96,28,10,6,8,3,1,1,0,2,1,1,0,0,0,1,1,0,1,0,1,1,0,0,0,0,0,0,1,2,1,0,2,1,1,1,2,0,0,0,0,0,1,2,0,1,2,0,1,0,0,1,0,0,0,0,0,0,0,1,0,0,1
Datasets/wang/Images/train/class2/278.jpg,64805,391,125,65,33,28,7,8,3,4,0,1,0,2,1,1,2,1,2,1,1,1,2,0,0,0,1,3,1,0,2,0,0,1,0,1,1,2,3,3,4,0,1,4,3,3,3,0,1,4,1,1,2,2,0,1,0,2,1,0,0,0,0,1
Datasets/wang/Images/train/class2/221.jpg,46987,9714,4115,1884,1064,712,425,282,137,60,34,26,21,9,9,9,5,4,5,3,3,4,1,2,5,1,0,1,0,0,1,3,1,1,1,0,0,1,3,0,0,0,0,0,0,0,1,1,0,0,0,0,0,0,0,0,0,0,0,0,0,0,0,1
Datasets/wang/Images/train/class2/203.jpg,64881,407,91,40,32,21,11,6,4,2,7,1,1,1,0,1,1,2,2,1,0,0,0,1,0,0,0,0,0,0,3,0,1,1,0,3,0,2,3,2,2,0,1,0,0,0,1,0,0,0,0,0,0,1,2,0,0,0,0,0,0,0,0,1
Datasets/wang/Images/train/class2/272.jpg,65419,53,22,9,3,4,1,2,0,1,0,0,1,5,4,0,0,0,4,0,2,1,0,0,2,0,0,0,0,0,1,1,0,0,0,0,0,0,0,0,0,0,0,0,0,0,0,0,0,0,0,0,0,0,0,0,0,0,0,0,0,0,0,1
Datasets/wang/Images/train/class2/253.jpg,64403,659,211,93,38,41,14,7,0,3,3,1,1,1,2,1,0,2,1,2,2,1,0,0,3,1,1,2,0,2,3,5,4,2,5,2,1,1,2,0,3,2,0,0,3,0,0,1,1,1,0,0,1,0,1,0,0,0,0,0,2,0,0,1
Datasets/wang/Images/train/class2/244.jpg,65358,91,27,28,9,1,3,1,1,0,1,0,0,1,0,2,1,1,0,0,0,0,1,0,0,1,0,0,0,0,0,0,0,0,0,0,0,1,0,1,1,0,0,0,0,0,2,0,0,1,0,0,0,0,0,0,0,0,0,1,1,0,0,1
Datasets/wang/Images/train/class2/210.jpg,65020,433,44,6,6,8,0,0,0,1,0,1,1,0,2,0,2,1,0,1,0,0,0,0,1,0,0,0,0,1,1,0,0,0,0,1,0,0,1,0,1,1,0,0,0,0,0,1,0,0,0,0,0,0,0,0,0,0,0,0,1,0,0,1
Datasets/wang/Images/train/class2/274.jpg,65506,11,7,4,4,0,1,0,0,1,0,0,0,0,0,0,0,0,0,0,0,1,0,0,0,0,0,0,0,0,0,0,0,0,0,0,0,0,0,0,0,0,0,0,0,0,0,0,0,0,0,0,0,0,0,0,0,0,0,0,0,0,0,1
Datasets/wang/Images/train/class2/250.jpg,65516,10,2,2,2,1,0,0,1,0,0,0,0,0,0,0,0,0,0,1,0,0,0,0,0,0,0,0,0,0,0,0,0,0,0,0,0,0,0,0,0,0,0,0,0,0,0,0,0,0,0,0,0,0,0,0,0,0,0,0,0,0,0,1
Datasets/wang/Images/train/class2/271.jpg,65338,56,42,25,17,13,6,1,4,0,2,2,1,0,2,1,7,6,2,0,0,1,0,1,0,0,0,0,0,0,0,0,0,0,0,0,1,0,0,0,1,0,1,0,1,0,0,1,1,0,0,0,0,2,0,0,0,0,0,0,0,0,0,1
Datasets/wang/Images/train/class2/235.jpg,64938,406,102,25,4,1,0,0,1,0,0,1,1,2,1,0,0,1,0,0,0,0,0,0,3,1,2,0,1,1,0,1,3,4,2,1,1,1,0,0,0,2,1,2,2,1,2,2,0,1,1,2,7,0,0,1,0,1,0,0,2,2,1,2
Datasets/wang/Images/train/class2/279.jpg,64474,597,187,84,57,21,13,9,11,6,2,1,1,1,2,2,3,1,1,1,3,1,5,3,1,4,3,3,1,4,4,7,3,3,3,3,0,0,0,1,2,1,0,0,2,0,0,0,0,0,3,0,0,0,0,0,0,0,0,1,0,0,0,1
Datasets/wang/Images/train/class2/234.jpg,65487,42,6,0,0,0,0,0,0,0,0,0,0,0,0,0,0,0,0,0,0,0,0,0,0,0,0,0,0,0,0,0,0,0,0,0,0,0,0,0,0,0,0,0,0,0,0,0,0,0,0,0,0,0,0,0,0,0,0,0,0,0,0,1
Datasets/wang/Images/train/class2/226.jpg,65027,307,88,42,16,20,4,4,0,0,1,3,2,0,1,0,0,0,0,1,0,1,0,0,0,0,2,0,0,0,0,2,1,3,3,0,0,2,2,1,0,0,0,0,0,0,0,0,0,1,0,0,1,0,0,0,0,0,0,0,0,0,0,1
Datasets/wang/Images/train/class2/205.jpg,65281,136,28,12,3,0,0,1,0,1,2,2,0,3,2,5,7,8,3,9,4,4,0,1,4,1,2,0,2,1,1,0,0,1,2,0,2,0,0,1,0,1,1,2,0,1,0,0,0,0,0,0,1,0,0,0,0,0,0,0,0,0,0,1
Datasets/wang/Images/train/class2/200.jpg,64952,327,110,46,26,13,4,5,2,5,0,0,0,3,3,0,3,0,1,0,1,0,0,0,2,0,1,1,0,2,0,0,1,2,0,2,0,0,0,2,2,1,1,2,5,0,0,2,2,2,2,0,0,0,1,0,0,0,0,1,0,0,0,1
Datasets/wang/Images/train/class2/261.jpg,65337,114,30,11,11,5,4,5,4,3,0,1,1,2,1,1,0,1,0,0,1,2,0,0,1,0,0,0,0,0,0,0,0,0,0,0,0,0,0,0,0,0,0,0,0,0,0,0,0,0,0,0,0,0,0,0,0,0,0,0,0,0,0,1
Datasets/wang/Images/train/class2/264.jpg,65151,125,53,71,25,0,1,2,0,1,3,0,2,0,1,1,10,8,10,10,7,4,11,3,2,5,3,1,0,4,0,3,3,0,0,0,0,3,1,1,0,0,1,1,0,1,1,0,1,0,0,1,0,0,0,0,0,1,0,1,1,1,0,1
Datasets/wang/Images/train/class2/228.jpg,65446,31,23,14,8,6,0,3,0,3,0,0,0,0,0,0,0,0,1,0,0,0,0,0,0,0,0,0,0,0,0,0,0,0,0,0,0,0,0,0,0,0,0,0,0,0,0,0,0,0,0,0,0,0,0,0,0,0,0,0,0,0,0,1
Datasets/wang/Images/train/class2/242.jpg,65200,124,70,43,19,7,1,1,0,0,1,0,1,0,1,2,1,1,1,0,1,0,1,0,0,0,0,1,1,0,0,0,2,0,0,3,0,1,3,4,5,4,9,3,5,2,1,3,1,3,4,2,1,1,1,0,0,0,0,0,0,0,0,1
Datasets/wang/Images/train/class2/225.jpg,64702,556,133,53,27,18,6,5,5,2,4,2,4,3,1,0,0,4,0,0,2,0,0,0,0,2,0,1,0,0,0,0,0,0,0,0,0,0,0,0,1,0,0,1,0,0,0,0,0,1,0,0,0,1,0,0,1,0,0,0,0,0,0,1
Datasets/wang/Images/train/class2/260.jpg,57699,3892,1441,1126,611,292,225,99,54,32,11,7,13,5,2,3,2,0,2,4,2,2,1,0,0,1,0,0,0,1,2,1,0,0,0,0,1,0,0,2,1,0,0,0,0,0,0,0,0,0,0,0,0,0,0,0,0,1,0,0,0,0,0,1
Datasets/wang/Images/train/class2/214.jpg,65270,80,44,36,24,7,2,2,0,0,2,0,2,1,2,1,1,1,4,0,3,5,3,1,3,7,2,3,5,4,1,4,1,1,0,4,1,1,1,0,1,0,2,0,1,0,0,0,0,0,0,0,1,0,0,0,0,1,0,0,0,0,0,1
Datasets/wang/Images/train/class2/211.jpg,65416,67,23,3,7,4,2,1,2,1,0,0,2,0,0,0,1,0,1,1,0,1,1,0,0,0,0,0,1,0,0,0,0,0,0,0,1,0,0,0,0,0,0,0,0,0,0,0,0,0,0,0,0,0,0,0,0,0,0,0,0,0,0,1
Datasets/wang/Images/train/class2/265.jpg,64888,471,80,37,17,3,4,5,6,1,2,1,2,0,4,0,1,1,2,0,0,0,0,0,0,1,0,1,0,0,1,3,0,0,0,0,0,1,0,1,0,0,0,1,0,0,0,0,0,0,0,1,0,0,0,0,0,0,0,0,0,0,0,1
Datasets/wang/Images/train/class2/256.jpg,65511,8,4,0,1,0,2,0,2,0,0,0,0,0,1,0,0,0,0,0,1,0,0,0,0,0,0,0,0,0,0,1,0,0,0,1,1,1,0,0,0,0,0,0,0,1,0,0,0,0,0,0,0,0,0,0,0,0,0,0,0,0,0,1
Datasets/wang/Images/train/class2/240.jpg,59033,3186,1358,715,367,286,187,100,51,43,36,26,12,21,12,18,18,10,9,8,7,5,1,5,2,5,0,1,0,0,0,3,0,2,1,0,0,1,1,0,0,1,1,1,0,0,0,0,0,0,0,1,0,0,0,1,0,0,0,0,0,0,0,1
Datasets/wang/Images/train/class2/268.jpg,64629,478,194,86,41,27,26,12,8,9,7,7,0,2,0,2,0,2,2,0,0,0,0,0,0,0,0,0,0,0,0,1,0,0,0,0,0,1,0,0,0,0,0,0,0,0,0,1,0,0,0,0,0,0,0,0,0,0,0,0,0,0,0,1
Datasets/wang/Images/train/class2/267.jpg,42451,8626,0,4233,2329,0,1524,1025,0,789,620,0,586,0,443,414,0,337,308,0,252,228,0,192,187,0,177,0,142,119,0,95,92,0,82,49,0,53,0,50,29,0,25,18,0,14,14,0,3,8,0,8,0,4,3,0,2,2,0,1,1,0,0,1
Datasets/wang/Images/train/class2/207.jpg,65424,76,8,7,6,2,0,2,3,0,1,1,0,0,0,0,1,0,0,0,0,0,0,0,0,0,0,0,2,0,0,0,1,0,0,0,0,0,0,0,0,0,0,0,0,0,0,0,0,0,0,0,1,0,0,0,0,0,0,0,0,0,0,1
Datasets/wang/Images/train/class2/230.jpg,63605,1283,265,133,92,37,17,19,8,4,4,5,4,2,3,1,2,1,2,3,3,3,2,0,1,2,6,1,2,5,2,4,2,2,0,2,0,1,0,0,0,0,0,2,0,0,0,2,0,1,0,0,0,0,1,0,0,0,0,0,0,0,0,2
Datasets/wang/Images/train/class2/213.jpg,65333,27,66,32,9,7,1,1,0,1,1,2,2,0,3,2,1,1,7,3,1,1,1,1,1,4,2,2,0,3,2,0,1,2,1,0,1,0,1,2,0,0,1,1,3,1,1,0,0,0,0,1,0,0,0,1,1,0,0,0,0,0,0,1
Datasets/wang/Images/train/class2/263.jpg,64978,196,85,48,36,27,15,14,7,13,13,5,4,7,3,4,1,2,2,3,0,2,3,5,0,4,8,6,4,3,9,3,3,1,0,0,0,6,0,1,0,0,1,3,1,3,1,1,1,1,0,0,1,0,0,0,0,0,0,1,0,0,0,1
Datasets/wang/Images/train/class2/206.jpg,65494,21,14,0,0,1,3,0,0,0,0,0,0,2,0,0,0,0,0,0,0,0,0,0,0,0,0,0,0,0,0,0,0,0,0,0,0,0,0,0,0,0,0,0,0,0,0,0,0,0,0,0,0,0,0,0,0,0,0,0,0,0,0,1
Datasets/wang/Images/train/class2/232.jpg,64137,1034,156,54,27,29,25,11,8,4,5,2,2,3,4,3,0,1,0,1,3,0,1,1,1,0,0,0,1,1,0,0,0,0,1,2,2,0,1,1,2,1,2,2,0,0,1,1,1,0,0,0,0,0,0,1,0,0,0,2,0,0,0,2
Datasets/wang/Images/train/class2/241.jpg,64657,575,122,53,16,9,4,6,4,1,1,0,0,0,0,0,2,1,0,0,0,2,2,3,1,3,5,2,5,9,4,4,1,6,4,2,1,2,5,1,5,1,1,3,1,2,1,1,1,1,0,0,1,0,1,0,1,1,1,0,0,0,0,1
