image_path,lbp_0,lbp_1,lbp_2,lbp_3,lbp_4,lbp_5,lbp_6,lbp_7,lbp_8,lbp_9,lbp_10,lbp_11,lbp_12,lbp_13,lbp_14,lbp_15,lbp_16,lbp_17,lbp_18,lbp_19,lbp_20,lbp_21,lbp_22,lbp_23,lbp_24,lbp_25,lbp_26,lbp_27,lbp_28,lbp_29,lbp_30,lbp_31,lbp_32,lbp_33,lbp_34,lbp_35,lbp_36,lbp_37,lbp_38,lbp_39,lbp_40,lbp_41,lbp_42,lbp_43,lbp_44,lbp_45,lbp_46,lbp_47,lbp_48,lbp_49,lbp_50,lbp_51,lbp_52,lbp_53,lbp_54,lbp_55,lbp_56,lbp_57,lbp_58,lbp_59,lbp_60,lbp_61,lbp_62,lbp_63,lbp_64,lbp_65,lbp_66,lbp_67,lbp_68,lbp_69,lbp_70,lbp_71,lbp_72,lbp_73,lbp_74,lbp_75,lbp_76,lbp_77,lbp_78,lbp_79,lbp_80,lbp_81,lbp_82,lbp_83,lbp_84,lbp_85,lbp_86,lbp_87,lbp_88,lbp_89,lbp_90,lbp_91,lbp_92,lbp_93,lbp_94,lbp_95,lbp_96,lbp_97,lbp_98,lbp_99,lbp_100,lbp_101,lbp_102,lbp_103,lbp_104,lbp_105,lbp_106,lbp_107,lbp_108,lbp_109,lbp_110,lbp_111,lbp_112,lbp_113,lbp_114,lbp_115,lbp_116,lbp_117,lbp_118,lbp_119,lbp_120,lbp_121,lbp_122,lbp_123,lbp_124,lbp_125,lbp_126,lbp_127,lbp_128,lbp_129,lbp_130,lbp_131,lbp_132,lbp_133,lbp_134,lbp_135,lbp_136,lbp_137,lbp_138,lbp_139,lbp_140,lbp_141,lbp_142,lbp_143,lbp_144,lbp_145,lbp_146,lbp_147,lbp_148,lbp_149,lbp_150,lbp_151,lbp_152,lbp_153,lbp_154,lbp_155,lbp_156,lbp_157,lbp_158,lbp_159,lbp_160,lbp_161,lbp_162,lbp_163,lbp_164,lbp_165,lbp_166,lbp_167,lbp_168,lbp_169,lbp_170,lbp_171,lbp_172,lbp_173,lbp_174,lbp_175,lbp_176,lbp_177,lbp_178,lbp_179,lbp_180,lbp_181,lbp_182,lbp_183,lbp_184,lbp_185,lbp_186,lbp_187,lbp_188,lbp_189,lbp_190,lbp_191,lbp_192,lbp_193,lbp_194,lbp_195,lbp_196,lbp_197,lbp_198,lbp_199,lbp_200,lbp_201,lbp_202,lbp_203,lbp_204,lbp_205,lbp_206,lbp_207,lbp_208,lbp_209,lbp_210,lbp_211,lbp_212,lbp_213,lbp_214,lbp_215,lbp_216,lbp_217,lbp_218,lbp_219,lbp_220,lbp_221,lbp_222,lbp_223,lbp_224,lbp_225,lbp_226,lbp_227,lbp_228,lbp_229,lbp_230,lbp_231,lbp_232,lbp_233,lbp_234,lbp_235,lbp_236,lbp_237,lbp_238,lbp_239,lbp_240,lbp_241,lbp_242,lbp_243,lbp_244,lbp_245,lbp_246,lbp_247,lbp_248,lbp_249,lbp_250,lbp_251,lbp_252,lbp_253,lbp_254,lbp_255
Datasets/wang/Images/train/class0/26.jpg,7361,969,936,969,1258,148,1032,1889,778,115,115,99,840,145,2350,3019,802,88,103,46,133,15,123,68,764,63,116,73,1572,52,2579,770,726,127,105,93,219,21,86,129,120,33,24,19,100,29,108,156,794,48,81,56,199,26,125,75,1663,61,126,95,2809,70,1001,510,1142,154,179,228,161,28,96,85,175,29,28,41,66,10,58,64,167,16,28,15,28,12,19,25,201,17,42,28,75,19,72,89,792,125,89,88,84,9,55,79,113,36,13,19,67,14,82,123,1489,61,119,65,86,18,76,95,3089,59,209,192,715,89,436,524,802,866,178,2258,208,238,105,3625,108,76,22,142,104,113,106,1250,102,50,19,56,31,23,25,94,111,68,20,119,134,72,145,570,117,113,23,123,28,46,24,266,13,13,8,20,12,24,16,126,92,72,14,97,32,38,29,200,115,116,33,258,225,180,141,1015,807,1599,100,3179,67,71,76,879,101,125,19,219,66,73,88,491,135,60,20,58,23,17,28,82,101,81,36,195,69,92,113,462,2192,3002,89,1057,68,65,93,468,103,140,20,124,84,107,182,696,2385,714,182,470,73,88,104,497,1026,492,153,986,431,445,663,3097
Datasets/wang/Images/train/class0/46.jpg,17032,707,1221,1036,705,123,1050,2145,983,102,134,75,906,110,2922,2518,724,95,121,45,126,22,131,57,803,60,106,53,1539,47,2449,496,953,117,107,74,103,19,72,75,137,29,26,23,92,36,95,106,827,57,69,44,137,16,86,59,2181,40,86,76,2077,65,690,321,723,129,98,103,65,15,39,53,107,19,25,27,41,16,42,56,107,28,29,22,20,11,14,17,120,24,38,22,57,27,67,88,884,143,77,86,33,16,41,60,71,26,18,27,58,27,71,125,1772,74,73,71,65,23,61,79,2252,71,104,91,414,93,300,361,1092,913,114,3176,99,106,92,2978,92,63,21,98,69,77,98,855,113,54,28,47,25,15,20,66,78,41,12,68,84,64,119,364,166,108,19,94,25,31,11,94,34,22,15,23,16,25,24,86,101,46,16,55,33,28,34,105,86,50,31,151,102,97,101,490,930,1773,80,2547,42,58,60,511,63,78,22,99,32,59,60,343,159,72,31,56,23,19,22,86,72,67,25,96,64,78,119,374,2928,2106,97,846,48,65,53,291,105,148,22,131,67,121,168,576,2924,618,134,341,78,103,125,395,791,315,117,496,288,406,588,2503
Datasets/wang/Images/train/class0/6.jpg,6351,1287,788,967,1205,149,927,1388,694,161,120,113,908,167,1564,1902,1385,195,169,82,181,17,193,86,907,74,88,71,1601,89,2671,962,856,175,129,111,142,28,104,134,129,24,20,20,93,28,132,156,1041,96,113,65,230,24,163,86,2113,85,132,101,2723,95,1185,554,1248,180,164,192,162,12,79,79,156,27,21,37,66,10,77,91,161,19,17,20,14,4,12,20,171,12,33,32,98,16,97,71,1049,234,126,142,69,17,82,105,104,34,22,30,88,22,124,135,1447,83,148,97,76,15,99,96,2226,75,165,147,831,98,558,403,760,943,104,1914,156,198,110,2399,107,114,21,143,103,132,144,1109,163,102,28,75,16,14,40,93,105,72,22,104,147,106,206,552,119,124,18,130,26,29,28,189,17,25,10,41,18,23,29,148,117,74,24,109,36,29,22,140,117,96,30,292,205,190,176,961,935,1602,119,2076,88,86,89,902,131,171,14,204,82,102,119,621,200,110,31,93,14,20,30,66,147,102,22,151,98,106,174,530,1792,2803,132,1198,79,100,120,591,147,207,34,198,128,178,266,1046,2043,1026,199,626,99,97,153,537,1101,640,143,1062,658,545,1073,3984
Datasets/wang/Images/train/class0/61.jpg,6266,1232,947,820,1532,256,867,1067,925,189,147,137,851,222,844,1271,1164,164,197,107,272,38,209,121,837,93,141,94,1098,120,1306,680,1030,212,178,138,253,49,138,156,198,41,41,35,159,41,133,229,873,89,133,94,318,35,183,130,1242,100,162,134,2049,147,949,710,1486,273,230,279,256,37,118,134,239,66,67,57,113,45,75,115,268,44,56,35,41,20,43,34,267,32,58,41,138,34,143,150,925,243,143,202,134,38,82,156,188,60,41,63,109,42,118,164,1093,152,205,167,146,49,127,171,1641,150,262,228,1019,184,674,759,955,813,203,1237,223,293,145,1726,194,153,47,176,150,206,149,924,205,98,41,94,50,31,60,131,155,119,42,137,180,136,216,660,197,144,45,170,45,69,45,265,38,44,17,40,38,71,37,234,142,91,35,137,54,50,49,252,173,123,49,342,258,224,249,1401,993,1080,177,1736,103,146,113,1011,162,169,45,277,91,138,111,664,210,117,39,179,26,30,28,174,209,146,49,216,127,187,182,773,936,1311,155,977,104,152,106,679,141,247,49,264,115,220,174,1039,1419,847,239,811,159,163,194,865,948,765,280,1362,756,839,1040,5565
Datasets/wang/Images/train/class0/59.jpg,5268,1221,781,952,947,116,831,1469,691,146,113,85,808,150,1397,2263,1158,134,212,84,189,12,259,74,809,54,111,57,1568,88,3055,822,826,204,112,83,190,20,98,99,144,40,20,21,119,35,90,152,931,82,103,70,256,14,117,71,1700,56,125,102,2503,86,1128,475,1228,155,176,213,127,16,55,90,131,22,28,25,76,24,49,71,102,23,22,13,19,8,17,17,171,24,20,31,86,16,88,73,944,273,87,138,86,14,65,81,93,43,15,26,75,33,91,143,1448,75,116,78,78,25,59,84,2163,85,164,145,834,101,502,405,748,1040,131,1671,119,170,98,2295,106,88,16,104,99,125,112,1101,153,61,39,71,19,11,45,77,93,53,25,76,115,80,239,483,124,118,20,129,16,21,15,159,19,17,8,21,12,18,25,130,83,70,12,88,36,20,21,151,127,93,30,242,223,177,162,869,990,2782,92,3197,81,92,89,887,98,145,21,217,78,80,96,550,177,92,39,83,10,19,37,79,100,92,22,163,85,105,213,477,2083,4878,137,1797,65,72,89,630,128,294,20,166,118,202,257,1007,2189,1089,178,616,78,91,140,436,976,635,125,996,589,541,924,3494
Datasets/wang/Images/train/class0/37.jpg,5015,996,639,837,972,131,775,1693,727,132,99,72,858,172,1568,2574,1094,101,130,62,119,16,170,81,962,48,88,53,1666,47,3075,889,795,160,100,98,120,16,104,129,136,21,26,24,97,18,98,163,1128,56,78,51,190,12,113,69,1907,69,97,91,2786,70,1285,513,1120,119,123,167,102,20,56,54,140,17,14,27,53,15,48,66,125,8,25,11,19,6,16,11,190,12,26,21,63,22,65,57,1134,194,80,121,51,10,56,68,104,26,19,23,65,34,73,110,2303,83,147,85,78,14,90,72,3601,81,164,141,949,76,583,428,691,942,94,1823,146,200,96,3401,104,97,17,96,109,150,98,1329,153,59,29,59,19,9,27,65,98,58,14,85,108,65,162,503,118,100,21,114,26,27,16,195,23,20,15,13,24,14,26,147,86,75,18,76,29,21,20,139,105,76,22,159,160,135,133,686,993,1703,77,2878,63,60,63,909,100,124,14,135,54,74,79,528,177,70,25,80,19,15,33,68,144,90,15,101,64,75,153,347,2226,3256,105,1297,64,64,72,565,120,183,20,132,102,126,222,900,3390,1062,184,660,62,84,131,404,1607,634,145,832,631,423,951,2937
Datasets/wang/Images/train/class0/40.jpg,6449,856,681,853,1020,90,906,1766,750,78,93,59,909,117,2699,3497,865,83,87,40,63,15,81,37,980,37,80,48,1988,40,3822,843,745,95,60,73,75,8,43,71,96,18,6,12,62,15,96,94,985,55,83,32,74,7,60,31,2680,43,132,101,3705,48,1265,436,1072,66,81,86,87,8,30,35,105,15,13,14,45,13,47,38,84,3,16,11,7,3,7,5,101,12,9,21,35,11,31,29,1066,104,67,77,49,10,39,38,81,17,7,13,58,13,75,72,2074,35,68,58,41,4,38,28,3738,44,111,87,798,46,369,251,758,862,103,2618,90,120,55,3649,67,69,13,111,60,70,81,1166,110,49,12,45,9,5,15,43,64,40,5,73,72,50,83,486,113,78,11,117,10,10,9,106,12,3,2,9,8,9,17,74,74,58,7,60,12,12,8,72,101,75,12,293,81,65,75,705,1033,2100,66,3309,39,45,48,764,67,78,9,73,47,35,67,370,132,43,15,34,6,9,17,55,73,34,9,67,48,31,67,194,3102,4422,85,1247,49,36,78,361,104,89,11,77,81,73,204,592,3826,937,106,440,41,51,72,259,1281,440,88,702,437,204,587,1657
Datasets/wang/Images/train/class0/77.jpg,4568,715,593,763,1458,102,730,1728,566,92,74,73,818,114,1289,2525,654,83,93,38,129,10,104,50,710,43,84,70,1546,59,2020,747,614,89,77,86,178,16,95,108,97,24,17,17,88,26,77,102,826,55,88,63,261,19,114,82,2323,74,129,102,4116,83,1240,620,1517,125,196,213,226,24,72,77,175,21,20,27,90,11,44,54,148,8,17,14,14,5,10,25,179,16,22,39,85,12,61,67,942,117,101,134,91,22,70,75,79,20,18,28,67,19,61,84,2458,60,94,86,85,13,80,56,4552,79,201,124,1156,71,456,349,565,717,92,2152,177,187,89,3857,86,89,17,130,100,126,85,1384,94,52,36,72,20,19,23,73,91,53,15,100,126,63,93,572,116,88,20,118,28,24,18,175,16,15,11,22,10,18,6,145,82,63,24,110,24,24,14,172,117,97,34,382,201,162,144,1253,886,1787,68,3659,91,96,66,1151,96,116,10,187,60,72,53,501,122,57,20,66,14,15,13,74,117,77,24,178,68,82,76,413,1717,2442,83,1349,47,68,66,504,82,109,27,127,64,86,118,566,3737,875,94,648,53,81,83,377,1611,595,124,1323,524,434,579,3016
Datasets/wang/Images/train/class0/22.jpg,5653,601,433,559,1272,132,679,1385,633,109,76,67,921,138,1004,2033,880,80,72,41,92,13,74,58,1007,62,87,60,1803,71,2023,663,999,84,59,70,118,14,75,121,92,13,7,17,97,19,111,141,1139,53,67,47,175,9,94,76,2704,76,131,104,3867,63,1494,669,1319,87,118,131,166,10,66,58,177,12,22,19,64,15,55,45,162,6,11,10,7,3,5,4,215,8,20,19,97,7,51,49,1249,106,78,86,75,9,48,63,115,11,11,19,56,7,76,89,2734,62,114,71,83,11,83,52,5684,80,251,144,1362,65,667,459,695,644,51,1667,155,200,75,3627,70,70,10,111,84,109,55,1122,116,47,10,53,16,7,8,52,86,44,8,106,101,62,87,535,84,68,12,93,24,21,13,179,12,6,7,13,15,13,16,126,95,50,11,88,19,29,12,142,122,92,22,294,189,135,79,1145,997,1321,70,2833,47,62,58,822,72,90,7,153,53,59,47,383,140,50,16,61,5,10,9,48,124,73,18,120,54,41,69,254,3256,2578,84,999,49,48,59,418,120,98,13,86,65,83,129,518,3759,939,138,627,73,58,96,326,1857,657,142,1128,691,383,783,2649
Datasets/wang/Images/train/class0/74.jpg,8397,843,970,1165,728,62,1176,2071,914,75,103,65,1192,89,3679,3576,834,51,75,21,56,14,92,48,1114,38,70,41,2289,32,4013,732,865,87,76,77,68,7,69,59,80,6,8,7,62,9,84,78,1038,42,71,30,104,7,66,42,2572,39,77,51,2724,34,1342,360,866,76,80,89,47,7,24,32,48,5,9,11,34,10,36,36,68,9,9,4,3,0,6,2,79,6,8,7,26,3,27,35,1201,114,83,69,48,9,34,42,56,13,4,12,51,10,48,64,2195,45,69,40,41,3,44,28,2830,22,63,53,680,30,340,159,993,1279,93,3014,74,67,60,2773,73,80,6,79,78,74,94,1137,89,47,9,31,6,10,8,31,63,44,7,45,60,55,71,329,85,72,14,102,12,19,5,57,11,11,4,13,10,12,12,52,81,53,6,52,18,10,9,49,92,55,16,114,74,54,90,410,1282,2457,72,3121,36,37,55,724,74,71,11,61,30,34,58,357,95,38,17,45,7,4,10,36,92,39,8,53,32,35,57,152,3377,3239,106,1503,49,48,57,431,108,82,9,75,49,60,142,523,3660,846,81,455,51,34,70,227,1340,412,75,509,388,225,511,1465
Datasets/wang/Images/train/class0/13.jpg,6275,1209,927,874,1710,172,807,982,744,132,143,129,738,164,929,1197,1033,134,177,93,234,22,253,98,727,85,112,70,1220,91,1632,614,907,214,138,126,267,35,120,126,160,48,37,28,109,39,99,157,818,96,121,60,319,29,143,92,1715,96,145,137,2509,127,916,563,1829,258,261,336,359,35,122,111,231,36,31,70,104,28,72,82,170,28,29,24,41,4,20,26,220,30,56,54,109,32,105,102,909,263,139,171,101,27,85,96,155,44,25,46,109,43,88,148,1172,84,147,92,106,25,88,91,2454,108,222,239,1041,123,540,543,875,849,155,1579,223,306,112,2315,115,118,31,161,113,138,107,772,169,73,38,104,42,31,53,100,102,75,28,121,184,105,220,568,163,143,35,176,39,35,37,247,34,24,16,48,27,47,35,183,127,78,35,142,58,55,44,253,156,143,43,536,284,261,241,1503,916,1494,144,2538,121,120,100,1096,140,176,35,294,81,111,97,616,197,115,48,146,39,26,51,130,119,110,39,295,99,135,196,687,1317,2014,147,1135,78,124,115,627,137,236,26,264,109,186,194,1041,1525,871,181,676,98,139,170,618,882,643,150,1645,605,754,926,4892
Datasets/wang/Images/train/class0/29.jpg,8593,703,876,944,956,122,1011,1855,952,80,82,61,976,103,2643,3010,717,68,75,39,88,8,89,46,1027,48,88,46,1867,36,2565,623,943,78,88,79,130,17,66,88,129,5,12,15,98,19,85,94,1006,45,99,43,157,12,74,76,2933,51,112,92,3838,75,1073,421,1137,107,116,118,143,19,59,64,118,23,23,15,42,12,31,45,119,9,10,14,16,4,12,10,177,10,28,24,88,19,49,52,1142,97,76,94,67,11,48,57,69,14,13,11,79,12,64,64,2216,59,94,69,77,15,64,73,2895,58,172,119,911,86,441,368,962,1094,116,2219,134,162,81,2640,97,78,18,103,83,103,91,1079,81,50,15,50,19,15,14,59,87,42,14,81,77,57,75,381,80,84,8,104,22,29,23,147,20,15,6,24,19,21,20,124,90,57,11,100,20,15,13,114,138,90,21,184,159,137,89,787,1110,1976,93,3034,56,70,65,842,97,60,13,133,43,47,56,409,106,46,12,56,17,11,14,61,108,68,25,92,49,47,51,275,2466,2703,92,1274,52,59,49,474,93,91,18,88,50,69,118,512,3441,788,108,540,50,52,70,352,1339,536,113,873,510,325,538,2297
Datasets/wang/Images/train/class0/58.jpg,5766,1161,814,939,1458,150,892,1545,843,151,159,101,938,185,1339,1792,1096,167,189,65,156,12,202,96,948,75,122,68,1531,81,1976,759,803,190,151,111,201,28,121,161,150,43,25,16,122,40,132,168,877,79,160,62,203,21,147,85,2068,94,150,127,2809,89,1232,643,1384,158,189,223,187,22,78,107,192,24,29,36,71,24,71,86,182,22,30,23,30,4,18,19,276,21,31,36,78,28,94,97,862,198,127,144,81,23,77,105,112,50,26,32,90,35,85,129,1585,101,159,103,104,19,91,82,3355,114,240,188,977,126,622,638,832,878,137,1684,212,286,114,2635,134,116,24,125,121,165,112,1204,141,64,34,76,20,17,36,116,144,67,18,98,168,89,205,634,135,107,36,130,36,48,15,229,33,19,4,37,29,32,19,165,105,71,21,107,31,46,23,206,135,102,27,262,208,208,164,1179,944,1508,128,2422,82,99,97,925,119,146,18,243,67,111,91,604,188,91,37,102,18,17,33,125,160,103,33,205,100,80,177,586,1324,2233,122,1211,72,96,78,598,113,209,29,136,86,153,179,984,2012,830,183,653,84,108,140,559,1152,618,177,1153,586,510,902,3770
Datasets/wang/Images/train/class0/66.jpg,13002,940,1076,1021,1122,136,1034,1663,1001,146,137,77,1034,154,2595,2486,1027,76,102,57,134,8,131,71,1058,63,118,73,1747,69,2594,730,863,120,97,102,144,22,100,125,139,32,22,12,103,23,128,142,966,55,85,53,142,18,127,94,2099,68,116,80,2530,76,1171,459,1054,129,131,145,98,17,53,71,121,20,28,28,53,12,63,55,134,11,23,29,17,5,17,18,109,9,17,23,61,22,64,77,923,127,101,118,58,17,83,88,93,25,17,20,70,19,91,113,1805,64,113,66,76,18,98,91,2426,78,138,134,830,84,528,373,801,876,112,1881,142,140,95,2438,107,95,30,109,113,127,106,1146,132,62,24,69,13,12,19,60,107,73,22,91,131,77,151,428,97,83,15,97,26,25,15,147,19,8,6,27,26,19,20,146,86,49,15,81,18,23,24,108,112,83,19,221,187,150,147,850,883,1400,98,2231,54,58,44,816,108,131,16,151,60,61,95,444,152,59,24,67,19,15,17,61,107,72,26,152,74,93,127,343,1940,1984,93,1005,60,55,69,445,100,143,21,122,94,125,249,697,2500,693,147,469,58,57,119,382,1083,464,120,799,516,418,782,2829
Datasets/wang/Images/train/class0/60.jpg,6747,1083,668,812,1244,144,872,1378,868,151,124,90,946,164,1403,1841,1236,129,152,63,152,22,186,86,1022,71,111,69,1532,93,2123,879,963,155,109,117,174,31,137,154,143,31,33,24,121,34,122,176,1149,82,137,84,244,15,152,104,1610,78,119,105,2293,92,1190,593,1265,181,187,214,172,16,70,93,197,28,28,47,89,13,61,65,165,28,28,19,26,3,17,17,240,12,30,32,110,20,85,78,1160,197,127,143,87,17,87,108,125,36,27,33,82,31,101,142,1713,134,158,98,107,22,89,93,2242,110,203,184,1012,108,673,529,779,977,139,1325,181,203,110,2112,107,107,27,135,112,144,108,1016,162,74,33,79,41,25,31,78,111,67,25,102,159,107,183,595,159,147,29,150,39,46,26,220,26,25,8,23,19,29,31,148,140,89,26,117,41,39,35,178,165,109,29,230,190,182,183,978,1006,1639,116,1896,89,104,88,854,123,173,23,230,79,95,92,591,205,121,31,96,22,23,36,128,158,103,29,162,104,93,188,531,1682,2414,161,1364,93,110,94,625,140,240,27,155,109,171,228,940,2387,1102,196,725,109,121,155,621,1436,845,167,1089,735,666,1001,3936
Datasets/wang/Images/train/class0/48.jpg,5770,863,831,963,1104,119,910,1982,770,95,102,95,873,123,1866,2479,902,108,106,54,167,12,151,62,886,59,72,56,1773,59,2470,706,839,119,120,94,152,24,77,90,149,22,18,16,102,25,96,139,999,40,105,62,193,18,115,63,2371,76,144,98,2863,82,1180,496,1292,136,144,182,326,19,93,93,140,20,22,30,84,14,61,62,144,15,11,17,37,5,26,15,189,17,31,20,102,16,60,61,1010,145,102,104,99,15,54,80,118,16,16,26,96,26,68,109,2041,66,89,60,77,11,62,82,3246,94,172,135,1230,118,477,447,769,933,135,2406,158,169,113,3047,98,97,21,156,83,118,80,1246,128,72,23,72,25,23,17,70,76,47,15,118,106,64,117,460,115,87,26,119,22,40,20,187,33,14,6,46,17,21,22,134,96,51,14,94,40,24,40,132,141,122,45,527,170,146,125,995,1013,1891,118,2918,78,98,86,1255,106,102,15,221,60,61,72,455,151,69,28,91,17,23,21,121,123,87,31,156,61,73,111,462,2109,2386,112,1220,78,63,71,527,110,117,22,131,73,100,147,644,2613,792,144,520,74,88,94,455,1237,512,129,1025,500,425,680,3373
Datasets/wang/Images/train/class0/16.jpg,7824,1118,741,1042,1170,152,956,1627,753,120,106,94,929,134,1380,1878,1152,108,117,83,116,15,119,79,1083,75,89,60,1360,59,1582,706,953,124,91,96,121,19,101,125,126,22,19,10,98,29,117,128,1299,81,110,81,182,10,128,78,2406,73,161,109,1847,71,1050,571,1393,146,133,153,126,13,83,80,135,15,15,20,65,16,66,73,171,10,19,17,18,3,8,9,191,14,22,16,78,11,61,43,1339,113,107,158,104,18,83,95,97,17,8,26,85,19,78,107,2261,95,140,104,88,18,92,69,2946,82,185,131,893,93,577,402,927,1272,102,2630,129,170,116,2847,114,107,14,128,134,121,110,1222,130,91,13,72,12,18,21,74,112,84,20,103,127,92,142,613,134,106,11,153,19,25,17,170,16,9,4,21,12,28,21,135,118,90,25,123,35,15,14,144,148,102,22,331,150,144,134,904,1222,1680,115,2234,78,94,73,910,130,130,16,142,92,68,97,593,189,94,19,86,17,16,12,73,159,93,32,118,80,73,109,353,2217,1812,118,1347,77,75,95,673,126,129,21,163,89,117,198,881,2400,953,144,730,82,82,109,393,1539,655,164,1003,642,371,941,3122
Datasets/wang/Images/train/class0/24.jpg,16820,875,1004,881,746,81,907,1686,1172,99,100,58,1080,119,2839,2952,842,84,88,39,101,5,99,47,1007,41,58,56,1790,37,3308,741,570,90,57,64,74,9,68,76,79,14,13,5,68,20,90,120,753,46,75,35,89,10,81,43,1957,35,84,56,2674,50,1166,345,748,82,82,98,90,4,32,57,71,10,9,10,46,5,32,41,61,13,13,7,6,2,5,6,89,7,11,10,44,8,45,47,817,125,75,72,42,4,33,38,71,13,10,9,54,8,81,89,1794,43,75,46,34,7,55,35,1983,32,84,67,740,37,396,212,632,854,72,2057,85,107,71,2638,53,73,8,92,57,76,53,1149,121,45,17,38,12,8,13,40,61,41,13,47,75,50,80,358,86,41,7,90,8,7,8,111,4,9,0,7,12,13,10,72,71,41,5,57,12,14,10,70,68,66,9,150,81,61,83,512,851,1600,71,2116,40,55,47,702,47,65,13,85,46,42,62,343,140,47,11,36,5,6,16,38,77,51,15,61,49,34,65,199,2479,3483,83,1215,51,46,76,472,71,122,14,78,64,64,165,595,4823,1062,108,469,59,46,92,239,1247,443,91,592,403,244,634,1822
Datasets/wang/Images/train/class0/0.jpg,4839,1270,685,984,1087,113,860,1771,537,103,76,60,779,137,1279,2110,1069,122,121,61,140,11,131,68,838,65,69,56,1713,41,2375,695,649,129,99,103,139,10,103,98,117,14,8,13,90,22,97,102,908,75,106,61,209,9,129,55,2103,72,121,79,3592,62,1525,562,1084,148,152,209,154,19,85,84,158,17,22,23,97,9,50,53,121,14,12,8,18,2,9,12,175,9,14,17,74,21,59,41,905,197,113,144,75,15,72,66,81,19,12,15,70,17,61,100,1710,81,111,52,81,6,64,53,3108,67,149,107,1099,61,634,298,671,1101,86,2506,128,184,90,3524,92,113,13,100,110,144,107,1441,148,73,16,72,12,11,14,61,77,58,10,89,134,93,180,595,87,92,15,113,20,16,15,135,5,10,3,20,21,20,9,124,76,63,8,108,22,14,19,106,115,75,18,241,145,117,133,886,983,2296,88,3716,85,82,68,1262,85,136,17,201,47,87,61,657,172,96,21,79,13,10,13,61,128,64,18,112,78,57,94,367,1745,3250,134,1843,57,75,98,794,111,174,18,152,91,126,170,909,2603,932,133,644,63,50,111,371,1456,669,127,956,652,371,854,2792
Datasets/wang/Images/train/class0/15.jpg,5762,846,665,899,1200,97,841,2073,697,106,80,65,843,126,1947,3237,841,102,101,42,94,10,87,39,824,49,66,47,1452,48,1880,645,799,95,76,81,125,18,69,109,106,19,17,15,64,18,81,126,1021,54,88,35,133,10,93,65,2372,53,110,92,2755,56,1017,428,1468,106,113,110,210,5,52,56,126,19,15,14,64,7,33,57,122,9,19,8,9,5,9,14,159,12,21,12,54,7,40,48,1167,87,94,100,62,9,51,50,94,14,15,10,60,19,66,94,2369,58,109,63,74,16,63,68,4192,70,158,140,1010,65,451,309,898,1000,89,2353,124,179,85,3580,91,73,13,115,94,117,84,1354,102,41,14,45,15,8,17,53,81,36,8,76,79,54,81,440,98,89,16,123,20,35,7,184,20,10,3,9,13,15,16,123,90,69,11,86,16,15,21,124,106,98,18,370,146,120,90,983,1081,1845,77,3110,61,67,64,971,92,81,18,147,56,57,61,378,152,65,18,56,10,13,13,47,103,48,22,110,53,38,82,254,3131,2965,103,1310,54,61,88,535,108,118,20,92,59,74,214,577,3771,921,148,566,75,64,105,385,1591,572,117,1221,537,331,616,2485
Datasets/wang/Images/train/class0/39.jpg,8672,993,889,990,1223,100,903,1833,941,141,107,71,952,132,1823,2653,1143,117,98,42,104,10,96,46,1022,44,81,58,1823,50,2659,723,942,122,95,80,137,15,91,78,113,24,14,12,76,36,96,148,1002,61,86,64,137,10,122,64,2872,59,140,105,3100,51,1149,476,1113,105,128,142,95,12,54,60,136,29,24,14,55,8,43,43,98,20,18,9,14,5,17,10,147,12,15,18,45,10,53,52,1011,128,83,83,55,12,39,63,75,30,17,12,82,29,80,117,1841,57,89,62,55,16,49,52,3218,58,136,109,800,52,429,286,830,939,106,2587,113,127,92,3322,100,76,10,129,88,100,81,1207,141,69,20,45,17,14,22,38,96,56,14,104,98,53,104,490,105,86,19,114,18,17,9,139,18,17,3,29,13,19,13,104,112,73,14,78,22,28,17,100,100,103,18,289,114,121,101,883,955,1671,70,2893,56,58,48,740,84,90,8,142,53,52,58,415,161,63,25,42,10,8,20,56,99,59,10,113,74,58,104,264,2298,2473,84,1060,69,44,81,396,98,122,21,93,83,101,262,859,3490,874,158,487,56,55,135,281,1288,519,86,839,467,307,853,2301
Datasets/wang/Images/train/class0/1.jpg,6227,612,768,1004,647,70,889,2051,713,61,88,51,900,74,3131,3401,729,46,75,21,68,5,87,31,950,31,63,43,1956,29,3509,668,743,57,57,58,69,8,49,59,80,16,5,4,72,12,82,78,1009,20,60,30,92,2,76,37,3230,23,76,62,3262,31,1160,349,658,56,78,81,40,3,21,25,75,8,13,14,31,8,23,31,71,7,12,7,3,1,2,12,83,4,14,10,28,2,35,37,1058,80,67,61,36,3,34,48,49,13,11,10,42,9,79,53,2576,32,59,36,34,5,43,35,4225,34,66,59,616,36,344,208,766,1020,70,4865,58,80,66,4319,54,53,9,71,48,85,52,1088,73,34,14,28,5,4,18,34,59,27,3,44,68,26,84,318,78,58,12,75,18,18,5,82,5,6,1,9,9,10,7,63,49,34,3,53,12,13,11,63,64,37,7,128,84,61,60,446,1033,1936,48,3780,28,35,39,657,73,61,5,75,36,43,58,320,81,31,10,36,10,3,8,30,65,29,7,61,37,35,55,153,3752,3969,65,1213,27,36,43,306,94,100,5,63,56,61,119,394,5279,826,88,364,28,25,47,175,1237,348,68,467,353,208,437,1253
Datasets/wang/Images/train/class0/20.jpg,6142,1146,654,915,960,79,1025,1768,669,117,74,76,951,144,2287,3576,1096,133,110,65,85,9,145,32,947,61,74,50,2110,72,4080,1067,762,107,65,85,84,11,75,93,80,10,6,17,66,19,89,155,1065,55,64,58,121,7,96,49,2432,36,83,76,3307,41,1466,529,1004,89,90,124,81,3,52,39,93,6,24,7,49,7,51,45,83,8,6,7,5,2,1,5,86,8,2,5,43,7,44,47,1007,148,78,93,42,5,73,62,49,17,6,8,60,17,94,115,1768,44,90,62,47,6,53,37,2740,33,83,83,822,32,486,216,615,949,61,2265,83,110,60,3022,68,93,10,87,69,102,82,1318,108,50,11,36,10,5,11,40,73,63,4,99,111,60,171,555,77,53,11,83,9,15,7,110,4,12,5,15,12,8,11,97,72,55,9,68,16,10,5,79,91,75,11,185,143,91,105,696,941,1991,81,3561,49,51,62,869,77,115,5,134,34,55,89,460,162,69,10,42,6,6,10,35,89,57,11,85,45,49,115,238,2440,3606,95,1328,37,43,86,511,86,144,8,85,86,106,250,975,3707,1092,164,491,57,35,131,275,1249,558,82,768,487,260,886,2129
Datasets/wang/Images/train/class0/2.jpg,7296,1166,933,905,1565,179,951,1199,863,160,190,136,889,167,1344,1729,1041,176,204,82,210,33,230,86,751,88,131,92,1305,92,1485,824,899,171,159,116,206,26,94,122,154,47,31,26,162,38,141,174,806,80,118,65,261,19,131,89,2204,97,173,134,2641,106,884,584,1780,188,216,237,231,31,79,103,183,28,37,41,93,20,78,126,156,24,28,24,30,12,22,42,180,22,34,39,101,27,105,136,957,214,110,167,103,26,90,108,126,39,23,31,93,43,106,151,1225,108,122,95,113,26,98,108,2519,107,190,174,937,128,493,529,857,803,145,1951,156,204,141,2289,121,119,33,168,97,144,127,920,159,101,33,87,39,27,51,105,118,80,15,126,129,119,177,621,182,111,32,159,33,22,26,194,32,42,12,29,26,41,43,188,121,78,19,109,40,33,40,172,155,148,39,588,191,196,221,1405,970,1327,122,2718,80,105,96,983,100,153,33,217,68,103,113,575,200,105,31,107,27,25,34,120,149,110,21,174,100,114,175,608,1219,1708,150,1074,80,102,105,554,129,194,35,180,84,167,254,943,1788,834,146,594,98,115,144,562,956,668,183,1484,583,610,902,4259
Datasets/wang/Images/train/class0/12.jpg,5348,1049,694,908,824,108,918,2002,691,145,90,97,852,183,1624,2879,1209,82,133,56,100,12,170,71,913,48,99,56,1529,47,2204,740,800,104,104,112,83,13,93,130,99,28,17,10,75,22,96,182,1103,60,104,60,129,8,127,72,2203,73,92,62,2820,55,1113,472,1003,106,92,124,88,7,52,50,94,15,14,15,50,4,45,59,119,12,17,6,8,3,10,6,157,12,19,18,48,13,48,50,1027,167,84,115,43,18,55,66,99,32,18,12,59,25,80,153,2772,56,145,79,58,9,72,70,4696,85,162,96,891,57,566,347,720,956,88,2129,103,155,90,3608,98,90,9,114,100,118,110,1475,124,43,26,44,14,6,23,55,112,67,11,82,116,66,189,551,87,71,8,117,23,14,15,173,16,18,2,8,19,20,12,110,86,65,17,72,19,15,17,98,97,69,28,143,133,89,117,663,980,1847,71,3260,50,63,55,904,98,117,10,121,68,67,89,528,174,66,19,59,13,7,30,68,134,67,19,82,72,63,134,312,2304,3024,107,1355,54,62,100,550,120,165,13,110,91,113,190,813,3795,816,198,471,64,43,131,352,1763,517,117,771,578,387,854,2440
Datasets/wang/Images/train/class0/14.jpg,8320,1430,870,933,1658,279,1000,1030,962,222,203,173,974,224,1122,1128,1423,236,230,151,251,40,207,148,923,143,192,150,1021,114,1152,842,856,205,138,154,233,59,179,224,149,44,32,36,160,59,148,230,795,145,156,127,233,36,193,154,1070,109,152,164,1283,118,908,853,1529,232,225,210,236,41,151,117,235,43,51,52,125,32,140,136,257,51,48,30,41,18,47,28,249,36,56,48,125,38,159,152,841,226,168,174,138,27,127,150,151,64,37,55,106,42,163,209,1007,127,224,169,125,39,145,157,1309,127,252,222,775,121,715,821,893,854,161,1323,209,239,150,1487,184,161,52,154,179,206,166,992,212,146,53,116,45,37,46,119,172,143,35,151,198,148,233,796,152,124,25,154,56,67,41,207,46,52,14,41,51,65,44,298,163,134,34,134,45,47,53,243,142,144,40,325,224,214,246,1474,853,896,121,1237,140,104,115,782,164,166,37,171,121,136,160,715,251,130,60,119,29,43,40,116,221,150,61,191,133,148,211,707,1017,1076,158,814,128,122,163,697,162,213,55,259,140,221,231,1248,1103,713,249,715,137,140,232,660,877,725,263,1336,680,700,1198,5805
Datasets/wang/Images/train/class0/4.jpg,8123,1427,908,840,2031,209,893,977,875,195,175,130,845,195,1406,1554,1322,280,198,111,209,35,219,123,781,94,116,94,965,126,1459,1005,1066,179,147,130,193,41,120,141,210,63,51,29,141,32,139,175,883,102,124,90,253,22,140,117,1335,104,198,167,1769,100,865,670,1793,216,205,245,345,45,133,139,239,48,36,62,133,28,106,120,196,35,42,35,37,14,34,30,279,32,55,44,132,39,114,130,928,210,130,146,122,37,84,105,146,57,38,46,107,36,132,197,866,106,134,102,128,34,115,119,1541,140,235,234,923,141,581,720,982,821,160,1473,278,250,143,1879,129,119,38,154,122,146,156,919,174,92,42,107,33,24,54,118,127,92,40,160,142,98,227,669,211,114,50,160,44,51,27,223,43,42,10,48,38,49,49,229,139,118,36,151,62,46,50,239,178,141,64,641,224,221,209,1731,812,802,140,1412,119,136,114,849,136,144,34,244,74,141,132,614,222,116,42,124,31,26,44,135,154,101,44,213,116,146,208,689,1289,1191,146,748,96,115,127,593,124,205,50,196,118,185,399,1211,1284,754,185,586,110,148,166,704,767,624,208,1457,589,728,1200,5308
Datasets/wang/Images/train/class0/76.jpg,5038,878,790,902,1026,135,895,1848,701,120,137,97,834,129,1762,2442,776,99,153,55,166,25,151,79,793,60,106,59,1833,71,2360,691,886,126,134,90,134,29,87,110,157,38,37,21,102,26,107,119,933,53,99,60,241,20,113,79,2338,65,113,92,3384,82,1133,498,1166,187,160,201,141,29,69,91,150,30,25,43,66,18,51,66,148,13,31,16,27,8,25,24,181,17,30,32,81,24,70,85,999,175,98,128,63,24,59,73,117,29,26,32,76,29,71,98,1903,60,101,86,87,30,86,96,3435,98,177,152,985,136,495,465,730,919,165,2199,133,170,112,2876,115,90,24,132,76,90,94,1192,118,54,27,63,33,22,22,82,96,60,23,96,131,84,146,469,147,103,24,127,34,25,22,170,25,32,11,42,23,29,20,137,95,73,19,96,42,28,43,150,149,110,40,266,230,179,162,823,947,2218,119,3473,71,89,76,966,99,152,26,222,58,83,77,505,132,82,32,105,23,26,30,112,110,93,22,154,87,121,124,530,1910,3070,107,1418,64,79,92,580,98,169,32,193,90,130,149,708,2482,804,121,580,62,107,115,484,1153,578,131,944,547,567,654,3216
Datasets/wang/Images/train/class0/35.jpg,9150,902,871,903,1591,157,1005,1485,1017,130,137,94,1089,154,1866,1839,896,74,119,49,137,7,128,62,1030,54,115,62,1702,70,1668,648,1209,115,116,120,201,21,112,142,128,34,29,25,102,36,89,115,1106,55,113,60,234,17,151,87,2915,95,135,110,3296,84,1062,510,1672,146,214,231,211,17,77,80,208,25,37,33,64,22,51,66,155,21,18,9,19,7,9,20,250,20,44,38,79,10,77,90,1072,124,102,130,71,27,63,72,123,39,14,33,81,24,82,114,1685,75,128,84,83,20,86,90,3172,97,234,225,844,105,404,500,909,873,138,1794,198,245,106,2277,127,112,28,155,122,148,99,938,147,56,24,66,37,17,33,83,128,67,19,144,129,98,129,556,115,98,17,161,32,42,23,195,25,34,9,33,16,32,29,167,111,70,26,129,37,47,25,198,134,113,36,333,204,181,144,1239,936,1279,109,2646,70,85,77,709,105,119,22,209,57,90,51,440,167,67,36,76,16,27,19,86,148,85,31,175,70,87,112,433,1671,1753,100,932,46,65,84,439,114,142,21,126,84,103,150,687,1994,566,149,520,95,87,133,453,1052,542,165,1141,479,446,752,3383
Datasets/wang/Images/train/class0/28.jpg,14200,1782,1159,895,1158,197,941,926,1127,237,176,137,914,248,1579,1051,1677,290,236,120,209,39,270,135,775,121,132,101,769,119,1249,661,1001,282,169,152,174,46,149,169,147,56,38,29,98,65,127,206,833,141,157,107,179,40,200,136,677,74,120,103,707,90,689,499,1259,233,173,186,161,28,99,92,183,45,31,36,77,27,100,115,236,40,39,39,29,14,30,19,153,30,33,44,87,38,113,108,860,294,180,160,93,33,107,136,136,55,36,51,95,64,138,216,920,151,180,141,109,38,148,131,814,129,160,173,446,120,506,571,1073,969,153,1389,176,192,117,954,165,137,39,113,153,172,173,742,271,147,57,79,72,33,60,110,160,108,34,97,190,119,211,595,197,152,23,126,56,46,37,181,41,36,11,40,40,53,63,219,171,115,43,112,53,41,50,179,121,103,44,212,171,168,217,917,937,1044,116,1028,100,105,108,573,164,199,31,166,138,125,157,569,307,152,72,124,36,35,52,125,183,139,55,174,122,164,235,644,1125,1486,191,966,116,151,168,652,178,321,49,277,161,266,339,1547,1238,773,274,666,138,170,270,724,803,686,229,1088,647,701,1496,5277
Datasets/wang/Images/train/class0/72.jpg,8317,1103,995,927,1807,150,919,1197,895,183,246,120,790,150,1365,1502,978,288,188,134,168,81,175,95,786,102,124,143,1214,87,1452,680,651,163,127,100,208,46,97,110,132,28,36,28,113,38,129,116,643,95,89,73,190,32,94,80,2051,82,141,145,2610,88,858,477,1617,187,216,192,303,54,106,79,216,39,119,58,113,44,129,120,156,70,32,40,25,51,19,31,205,40,74,111,92,43,82,163,687,176,119,108,84,23,59,71,92,29,42,30,69,37,118,169,940,69,92,83,67,41,72,108,2731,85,185,227,981,89,454,506,870,917,177,2696,208,207,117,2980,117,75,34,155,117,94,110,876,153,117,39,111,41,45,35,106,85,53,36,142,118,97,179,534,191,114,52,171,85,67,34,241,29,24,19,38,28,30,65,167,89,108,26,131,39,91,37,205,121,123,36,553,167,158,150,1478,758,1451,121,3351,133,91,111,1284,96,124,51,214,46,71,135,536,154,100,46,114,24,41,45,131,76,81,34,195,56,85,158,573,946,1423,138,1114,94,110,141,499,89,155,65,182,93,155,347,970,1296,624,163,533,100,157,161,522,737,471,151,1384,388,451,819,4856
Datasets/wang/Images/train/class0/30.jpg,6737,1588,823,799,1432,238,815,1014,762,231,144,133,895,207,1085,1367,1542,306,248,110,265,36,263,144,839,119,115,122,1029,137,1440,943,911,252,168,143,198,41,158,193,141,44,30,26,125,37,147,211,881,136,146,102,224,21,174,124,1165,124,124,128,1458,125,959,757,1526,271,180,215,308,47,122,113,208,56,31,35,129,26,109,113,261,39,36,29,37,10,22,26,237,36,56,49,127,26,115,123,907,286,147,170,133,34,103,144,131,64,34,36,104,31,161,215,1020,149,192,132,144,36,150,130,1411,106,221,223,964,105,744,642,863,859,150,1049,198,226,130,1520,157,123,28,126,162,205,165,933,226,116,32,131,39,29,44,130,173,88,30,130,161,106,245,779,140,156,31,137,38,40,29,201,35,37,12,45,33,35,45,242,139,125,39,163,38,40,35,214,155,137,49,379,213,197,225,1380,935,1019,151,1276,125,133,89,892,170,171,24,216,112,150,157,724,277,156,44,104,30,24,37,115,200,152,40,186,129,121,215,643,1175,1595,177,1006,124,148,149,784,170,292,54,257,144,260,314,1406,1317,1050,252,860,138,132,229,714,1013,861,245,1431,822,711,1347,5709
Datasets/wang/Images/train/class0/69.jpg,9951,1216,1102,1005,1068,137,1051,1490,1046,185,177,116,1153,181,2389,1793,1247,162,169,87,156,30,209,91,1027,82,113,86,1625,86,2596,839,1064,152,144,123,144,35,139,147,131,29,26,27,93,31,176,162,961,66,126,73,178,19,155,88,1457,86,105,89,1770,65,1027,529,1116,149,158,200,77,13,52,77,162,34,26,27,74,19,59,103,168,16,17,20,19,4,15,24,180,20,32,26,72,16,102,120,1141,207,147,156,77,22,83,79,106,25,17,33,68,33,126,144,1758,79,137,87,83,18,89,76,1758,86,154,132,551,81,489,454,935,990,136,1383,192,212,126,1561,131,118,20,126,115,148,130,1036,186,73,29,88,31,21,33,102,111,55,24,90,146,89,166,559,173,153,24,129,49,38,25,175,31,27,13,35,17,36,39,157,131,88,17,93,29,36,30,145,120,96,31,174,136,124,167,796,1063,1560,89,1754,77,77,78,631,132,169,22,160,84,97,106,603,207,93,50,111,12,21,31,102,136,99,38,154,87,98,170,510,2461,2655,151,1023,79,81,133,517,167,191,42,160,130,155,272,984,2269,910,164,576,89,122,165,505,1074,556,155,865,509,486,905,3585
Datasets/wang/Images/train/class0/19.jpg,7512,1347,906,852,1588,239,990,1069,790,220,128,127,917,215,1299,1272,1390,248,181,117,235,38,200,103,808,126,128,107,1013,118,1316,939,826,188,126,155,193,37,119,195,131,37,28,31,127,37,133,211,904,110,160,127,222,20,182,135,902,94,150,145,1343,98,849,703,1751,223,206,229,272,36,102,149,205,30,44,46,119,30,115,118,238,36,25,41,29,16,40,26,185,21,49,28,102,29,137,123,1124,259,162,225,125,34,92,129,135,50,28,42,103,38,131,189,1233,161,191,153,133,21,134,150,1185,105,250,247,701,105,635,692,851,950,164,1023,192,232,124,1183,154,141,27,172,153,196,120,845,227,131,33,102,33,33,39,122,162,106,33,133,203,146,208,764,178,160,38,181,47,50,47,237,34,31,11,52,38,42,43,247,133,142,35,155,36,42,55,200,171,138,51,408,245,241,215,1461,1097,1246,149,1530,143,148,107,793,168,211,32,260,137,145,140,764,235,139,46,134,38,32,35,114,192,146,37,221,127,139,177,694,1175,1308,166,1063,115,128,142,743,168,232,47,261,160,220,285,1232,1430,985,253,860,148,142,211,798,983,856,273,1565,725,721,1209,5664
Datasets/wang/Images/train/class0/34.jpg,5223,1005,621,874,1298,179,884,1587,739,172,83,83,880,213,1230,2071,1066,133,140,62,153,15,135,64,871,72,72,74,1587,83,1762,826,724,121,99,110,175,26,100,176,113,20,12,13,88,36,101,214,879,67,98,81,182,14,142,99,1937,89,118,87,3120,68,1433,678,1380,147,164,201,215,20,89,101,196,19,22,30,83,8,64,64,152,22,20,13,20,5,11,15,263,14,28,17,105,13,74,62,990,164,127,169,78,9,66,99,94,18,13,13,100,29,80,120,1724,85,159,96,114,13,100,103,3302,82,243,167,1244,79,740,468,719,839,103,1889,163,251,106,3056,114,99,15,131,126,145,94,1457,172,64,24,70,28,10,25,79,106,65,12,94,152,93,131,682,99,105,18,117,20,30,11,229,17,6,2,18,18,21,23,151,89,58,17,111,16,24,13,160,137,109,21,330,224,132,142,1222,939,1649,70,3207,83,96,84,1295,119,153,23,190,63,101,73,760,216,78,17,83,19,15,16,77,178,96,24,136,84,76,90,440,1301,1850,90,1566,61,65,75,714,124,155,17,146,82,106,130,872,2604,858,178,789,85,47,134,511,1471,760,169,1295,734,445,888,3350
Datasets/wang/Images/train/class0/70.jpg,5702,1444,674,1113,1263,188,1128,1598,679,178,102,105,1066,212,1565,1987,1481,170,178,114,199,23,240,111,1124,112,121,117,1736,124,2213,1179,732,176,131,173,131,28,203,233,85,22,26,20,103,24,163,214,1126,113,156,126,191,22,237,147,985,57,110,111,1344,82,1519,864,1228,181,146,194,100,23,82,109,145,23,23,32,96,10,90,117,197,17,36,18,14,4,13,16,193,16,26,26,112,13,102,75,1087,205,182,238,80,18,112,151,112,25,28,25,92,17,120,156,1556,120,233,165,121,20,148,133,1408,93,167,147,803,79,864,514,635,1058,86,1045,140,163,96,1365,149,164,16,119,165,238,166,1409,164,98,19,82,18,21,28,69,197,121,19,93,220,145,204,897,93,100,29,105,17,29,24,199,13,21,6,21,18,31,29,207,117,110,18,89,27,23,31,147,121,109,38,157,166,108,204,984,1056,1678,101,1436,102,107,77,743,174,228,22,187,144,163,144,908,195,134,25,80,12,19,19,66,215,148,26,123,152,125,194,551,1334,1868,158,1513,102,100,132,833,155,242,18,243,122,143,218,1354,1705,1123,227,822,97,78,178,555,1510,894,220,1091,902,600,1283,4458
Datasets/wang/Images/train/class0/36.jpg,6336,778,703,900,876,85,916,1930,972,97,91,61,1030,105,2665,3273,808,64,84,39,82,12,101,30,1110,33,92,42,2309,39,4099,788,785,72,74,57,87,6,78,86,127,12,16,6,54,13,86,93,1014,33,72,57,114,8,84,48,3088,31,110,55,3889,57,1394,440,837,83,98,108,72,15,26,31,110,10,17,20,39,6,27,36,93,8,11,4,6,3,7,6,128,9,28,17,41,7,35,47,974,98,83,79,42,7,42,56,80,15,9,14,44,9,47,60,1973,41,88,43,38,9,40,30,3609,38,114,85,831,60,425,251,785,905,75,2225,111,120,69,3260,79,59,9,92,64,89,68,1297,71,48,14,34,10,5,11,31,63,40,9,62,91,60,103,399,102,77,13,87,18,28,7,127,13,9,4,6,4,12,9,75,64,35,11,63,18,21,9,78,92,55,9,136,136,99,77,603,965,2301,74,3154,49,35,46,681,70,92,6,106,37,38,61,390,106,45,19,37,7,13,6,41,88,50,13,88,38,38,91,213,3144,4534,88,1451,39,42,53,398,80,107,9,89,75,64,166,508,3769,876,103,398,43,49,56,243,1264,429,56,547,402,261,546,1671
Datasets/wang/Images/train/class0/75.jpg,4847,1159,604,802,868,135,873,1506,647,146,97,105,948,193,1831,2792,1370,172,150,74,123,15,170,73,1042,87,85,79,1911,86,3132,1109,619,163,87,95,97,19,88,138,83,25,16,17,80,25,139,221,1118,94,115,70,111,11,119,74,2111,78,103,89,2906,70,1450,627,936,134,88,99,90,11,56,48,121,13,16,26,65,11,63,74,124,20,19,8,12,3,12,10,146,8,11,26,72,5,66,64,1105,198,77,105,67,14,67,86,78,30,19,13,75,28,110,169,2430,100,141,87,72,10,83,61,3599,65,143,98,1113,73,713,390,564,820,68,1372,121,125,77,2423,87,93,16,101,102,122,148,1205,130,66,21,47,18,8,19,76,108,67,12,70,133,81,157,567,88,87,10,81,15,21,12,143,19,16,3,19,13,15,24,139,106,62,10,61,18,8,14,95,96,76,15,164,154,89,154,748,914,1715,67,1806,63,56,61,697,120,117,9,100,82,62,92,511,176,74,15,59,11,11,19,53,147,80,17,67,93,67,153,349,2393,3765,125,1294,70,59,111,486,139,191,22,90,110,152,276,981,3865,1231,191,637,74,61,147,346,1745,713,110,742,753,430,1160,2932
Datasets/wang/Images/train/class0/42.jpg,7949,980,843,1002,973,124,940,1926,838,110,115,84,969,132,1943,2759,931,75,114,53,95,10,124,60,1090,69,89,53,2108,54,2959,749,892,139,87,106,84,24,99,132,84,21,17,16,71,22,110,163,1087,50,100,56,112,20,109,88,2685,43,100,87,2910,57,1333,465,891,103,117,129,83,11,60,52,127,23,16,29,56,10,50,60,138,22,18,18,14,8,16,18,123,12,20,30,48,16,54,55,1014,130,93,90,49,15,52,80,67,27,13,15,62,17,83,99,2202,65,133,70,45,21,69,67,3037,42,102,99,683,60,456,354,803,1042,114,2400,109,150,82,2920,114,98,18,120,103,112,119,1251,102,50,23,52,18,17,17,63,100,56,18,78,117,76,117,429,99,89,24,113,19,34,12,138,22,16,11,18,19,31,24,145,80,69,16,80,18,26,18,95,116,90,21,217,127,99,117,619,1009,2150,70,2788,57,77,54,707,96,128,15,103,69,70,81,426,134,53,20,58,9,16,16,76,124,87,31,95,69,75,102,338,2284,2791,100,1226,56,60,93,449,106,116,27,122,93,118,187,781,3519,762,122,532,59,56,132,365,1269,459,122,705,446,316,742,2573
Datasets/wang/Images/train/class0/62.jpg,8340,1006,696,898,650,100,869,1853,757,117,116,75,907,185,2493,3167,1161,117,117,42,91,18,158,36,944,53,80,47,1778,59,3253,772,733,150,70,66,72,11,75,101,84,19,7,7,74,20,127,149,986,32,68,36,99,6,85,54,1775,45,77,52,2081,35,1160,355,807,86,70,104,61,9,38,38,79,11,13,17,35,10,49,46,96,10,11,6,7,2,8,8,101,10,20,11,34,14,59,55,1176,159,96,89,50,12,38,57,81,11,7,12,53,15,86,124,2618,60,104,55,44,6,71,45,2413,48,96,69,686,43,455,271,770,1010,96,1982,96,117,64,2597,85,57,8,72,70,99,86,1203,126,42,17,43,9,8,25,43,85,43,8,51,68,50,163,353,78,81,10,93,15,19,12,114,17,14,5,11,15,17,17,93,92,50,19,60,17,13,14,89,83,54,17,133,104,66,80,468,1052,2172,61,2707,52,46,51,759,74,78,7,78,43,44,82,389,183,55,16,61,12,7,20,44,133,52,14,67,46,47,96,224,3473,4277,97,1552,50,56,78,463,126,157,18,76,88,139,232,733,5480,1170,158,472,64,51,112,304,1662,482,116,610,481,317,838,2067
Datasets/wang/Images/train/class0/63.jpg,8982,1631,839,908,1303,150,1032,1381,717,151,100,113,901,200,1935,2763,1513,501,153,84,159,42,136,82,779,88,90,114,1143,80,1809,1219,675,155,86,104,141,27,87,136,83,29,23,21,84,22,128,186,818,103,92,59,131,7,123,76,1383,78,116,99,1773,70,862,554,1298,173,129,142,220,19,78,56,107,17,22,25,76,11,65,92,152,34,31,12,19,2,12,18,145,19,26,16,94,17,77,75,986,172,119,145,88,15,77,88,92,23,21,29,81,21,131,157,1249,105,114,80,92,20,111,79,1639,77,144,110,839,82,560,417,845,957,97,1434,128,133,88,1560,97,99,18,110,105,98,127,1020,200,111,23,70,26,12,31,80,103,73,15,103,117,91,140,558,143,103,30,109,23,23,21,179,32,20,9,38,16,22,38,160,107,90,20,114,23,22,21,146,111,110,27,385,176,128,154,992,992,1300,112,1757,92,81,113,780,107,146,21,155,71,96,116,568,178,123,26,66,10,15,19,79,115,88,24,155,90,91,129,422,2303,2443,186,980,74,86,139,624,148,198,29,200,134,156,631,1523,3036,1695,213,699,97,106,187,512,1027,658,168,1160,612,505,1373,4057
Datasets/wang/Images/train/class0/21.jpg,5531,765,499,1005,838,51,913,2064,542,60,63,54,880,76,1953,2827,692,67,60,41,65,4,87,45,890,30,64,49,2080,42,3747,762,648,68,61,74,53,5,62,85,62,7,5,3,65,10,72,93,983,40,78,47,105,6,91,37,3150,31,96,88,3879,26,1401,403,929,74,85,77,65,5,40,28,90,6,16,14,47,7,31,45,58,10,8,5,6,2,5,2,87,5,8,7,30,2,42,32,1020,85,72,76,46,6,43,37,65,5,4,7,35,7,43,51,1858,44,71,42,36,7,45,19,3960,28,90,63,784,33,387,182,663,1124,59,3441,83,88,64,3954,47,78,3,99,53,74,70,1436,66,42,9,45,3,4,13,39,57,41,7,64,85,56,85,466,67,58,7,110,11,11,5,84,13,7,2,12,8,8,8,73,55,43,5,83,18,8,11,73,87,66,14,201,100,75,70,606,1152,3281,74,6056,49,46,48,1038,66,86,9,93,38,41,60,443,100,46,10,45,4,5,10,28,80,48,11,49,55,32,76,206,2232,4243,103,1981,37,31,64,518,77,99,8,90,65,53,109,508,2300,925,79,543,39,25,60,203,1269,475,64,672,411,181,480,1483
Datasets/wang/Images/train/class0/25.jpg,6527,952,676,711,1329,159,743,1112,676,126,119,104,788,155,1137,1423,1111,147,150,87,161,23,200,90,880,71,97,66,1232,92,1620,709,772,169,97,102,185,32,89,151,128,33,18,17,109,31,100,163,981,89,119,77,237,17,143,95,1727,82,138,117,2421,84,1075,623,1666,193,172,202,249,24,89,96,221,19,26,19,84,17,60,76,196,29,25,26,38,5,19,14,227,22,25,25,120,13,89,85,1027,220,117,163,118,24,69,97,126,38,21,22,88,18,82,119,1819,119,162,97,122,19,98,84,3032,98,248,185,1201,107,627,508,806,888,147,1575,205,282,108,2438,92,121,16,142,109,114,86,988,149,86,24,70,19,14,28,109,110,68,16,107,143,98,193,593,138,117,22,156,31,45,21,247,18,26,4,36,17,21,25,163,123,89,26,112,42,30,23,193,146,124,36,372,239,171,142,1241,1008,1612,120,2552,114,134,91,1118,130,157,20,196,67,85,77,557,210,100,41,106,25,13,23,99,151,107,18,174,100,87,144,497,1565,2390,113,1350,94,102,96,687,135,219,23,169,114,152,173,920,2472,1122,186,815,99,102,154,642,1483,858,176,1477,778,608,947,3994
Datasets/wang/Images/train/class0/27.jpg,8139,778,857,1091,695,77,1059,2290,838,81,101,77,986,91,2522,3651,680,64,79,60,79,9,99,42,1055,34,51,46,2060,38,2745,649,704,75,60,70,71,6,76,81,74,9,11,7,61,18,71,73,995,34,67,48,76,6,70,41,3473,38,89,55,3783,44,1092,387,643,74,57,93,54,10,38,28,63,7,13,12,50,4,43,45,71,10,15,8,5,4,5,10,92,9,15,10,34,9,39,27,819,87,52,70,41,9,42,41,60,7,6,13,42,10,50,71,2361,35,82,39,41,1,44,30,4445,24,88,64,662,46,372,230,803,1057,78,4242,77,88,66,3924,65,57,5,90,60,83,85,1221,73,37,13,45,12,11,13,40,66,47,7,54,71,38,86,374,82,61,6,64,14,13,6,75,8,12,3,9,7,7,12,89,52,49,8,54,17,4,12,57,71,48,6,117,57,64,68,493,848,2222,46,4805,37,38,51,603,61,64,10,64,43,38,68,339,89,40,12,42,7,2,12,32,72,36,12,62,36,36,63,196,2651,2692,73,1123,39,34,62,372,72,68,12,69,60,56,149,567,3449,639,77,402,49,25,54,203,1245,332,75,516,361,199,502,1613
Datasets/wang/Images/train/class0/17.jpg,9476,2096,1012,1116,1047,162,1132,1446,932,279,149,138,1071,273,2419,2820,1957,293,248,119,190,20,236,105,1039,118,132,95,1507,100,2842,1023,793,216,112,125,115,26,131,171,114,35,25,27,92,38,199,304,927,92,128,88,133,19,162,88,819,75,100,86,1128,92,1137,576,1005,167,130,151,99,16,83,78,118,30,18,18,70,21,94,117,165,24,24,20,22,6,23,10,170,20,25,23,74,18,102,80,930,235,134,165,75,5,109,127,86,37,18,37,90,31,181,271,1166,97,157,90,54,17,98,71,976,74,159,112,451,74,677,496,817,937,109,942,144,127,82,1178,126,147,21,119,148,180,146,1145,267,116,43,81,15,19,38,82,138,90,22,85,167,109,289,595,132,108,26,91,22,28,22,161,10,16,8,17,19,25,47,175,130,86,31,85,38,26,31,127,114,82,26,167,129,121,172,800,930,1207,121,1303,60,71,106,545,146,166,12,144,86,107,167,655,267,87,52,75,20,24,43,85,135,97,37,112,111,88,250,502,1877,2110,125,1027,90,101,178,643,181,256,37,179,154,228,489,1766,2283,883,256,567,81,83,269,489,885,550,186,746,608,483,1669,4056
Datasets/wang/Images/train/class0/51.jpg,6764,1042,1036,910,1564,229,927,1138,1030,206,193,154,812,216,749,971,1110,133,206,81,238,38,250,115,830,81,146,96,1094,106,1057,484,1075,217,207,172,249,48,158,219,248,51,52,50,165,65,123,186,886,91,154,102,255,39,183,151,1293,99,200,165,1382,163,821,566,1571,260,248,257,273,57,128,172,263,60,64,56,126,48,81,121,244,28,73,38,49,23,37,54,327,37,45,70,179,51,124,155,910,264,165,206,130,32,102,168,166,55,45,73,102,44,102,172,1064,126,181,157,160,49,163,201,1723,138,283,314,1021,250,629,887,1024,909,232,1400,274,317,189,1952,203,147,63,209,187,181,133,849,191,81,51,94,61,51,64,144,138,75,59,152,181,161,220,612,225,150,58,191,65,58,52,255,61,59,31,69,53,79,54,260,184,105,48,160,55,77,75,293,200,134,70,382,232,280,275,1292,902,1306,186,1584,131,194,125,982,188,211,52,248,105,140,99,623,196,115,65,168,49,43,65,208,205,141,70,271,141,215,205,913,771,1199,166,957,80,144,104,609,132,261,63,284,108,222,155,913,995,613,218,681,125,198,190,881,779,646,253,1275,658,953,880,5941
Datasets/wang/Images/train/class0/32.jpg,8083,1155,771,998,967,114,921,1709,765,153,96,85,896,145,1563,2467,1066,124,139,62,108,12,130,81,947,61,73,61,1757,77,2587,777,846,113,91,97,138,14,94,122,106,28,10,11,74,18,103,179,1043,56,87,58,129,15,110,59,2106,52,95,89,2956,63,1154,492,1027,107,114,153,94,6,44,54,126,23,18,17,60,11,46,68,118,18,17,10,14,4,11,20,133,10,15,21,64,13,56,52,1007,164,83,125,62,10,62,80,86,27,12,11,60,17,87,135,2006,58,135,69,63,11,71,66,3386,60,150,104,828,50,481,310,872,1073,109,2426,120,156,100,3170,80,93,12,108,87,119,105,1218,161,80,23,55,13,7,24,67,81,62,15,87,99,78,170,456,105,89,21,102,21,17,9,151,14,15,0,23,14,25,21,122,92,58,11,96,17,18,15,119,105,74,12,241,160,130,119,800,1102,1949,82,2756,52,70,59,891,93,111,9,158,46,91,87,516,175,81,29,61,10,12,19,59,115,79,18,114,72,58,121,334,2100,3002,112,1347,77,51,101,545,107,162,17,109,94,138,250,964,2755,944,167,539,62,52,141,391,1313,534,138,811,477,354,917,2708
Datasets/wang/Images/train/class0/80.jpg,5598,933,665,725,1366,168,698,1690,790,159,121,96,780,209,1394,2489,909,136,157,64,135,26,161,73,791,56,99,72,1498,62,2200,782,774,174,146,94,181,34,104,168,127,29,37,20,97,39,105,184,791,66,91,67,223,21,136,95,1762,63,120,93,2559,97,1192,548,1376,125,206,208,194,19,61,97,265,20,30,39,59,19,73,86,166,20,34,27,21,8,14,22,359,18,52,38,95,17,72,100,900,189,97,122,70,17,58,106,89,43,20,26,59,29,84,142,1909,96,134,111,88,25,105,117,3746,86,293,241,868,120,530,567,841,829,134,1579,280,345,111,3378,151,133,21,121,113,149,107,1242,180,64,32,72,23,21,33,90,93,61,31,81,136,80,169,524,132,95,24,133,40,48,19,276,26,27,7,25,21,28,26,194,103,64,24,86,38,31,35,238,121,92,28,281,183,196,153,1074,848,1575,116,2439,74,79,65,828,117,123,16,173,54,92,74,509,227,78,44,66,24,17,27,108,156,101,39,182,94,83,137,446,1626,2599,129,1201,62,93,72,599,110,168,28,165,94,143,157,823,2778,900,200,648,90,100,174,604,1439,651,168,1202,545,481,800,3710
Datasets/wang/Images/train/class0/55.jpg,6154,1069,647,794,1100,111,754,1607,719,125,86,71,805,139,1572,2641,1176,151,159,59,103,13,172,66,817,48,82,52,1602,45,2838,800,806,142,89,89,113,22,88,82,111,31,8,14,78,36,78,168,980,51,84,61,150,9,90,50,2883,64,121,100,3683,47,1099,433,1240,86,117,115,135,9,52,49,137,19,20,18,45,10,49,52,93,9,12,7,12,7,15,8,124,9,16,18,42,14,43,59,1170,140,84,92,60,8,44,52,120,28,13,13,69,33,74,121,1916,51,90,50,64,10,61,49,3476,59,137,121,954,59,435,291,826,914,111,2840,108,137,80,3311,80,69,17,105,75,88,82,1163,123,46,20,45,9,6,26,43,94,48,12,107,98,53,152,420,100,81,10,132,24,16,17,114,19,10,4,18,12,12,14,96,105,61,17,125,24,18,16,122,133,98,23,355,155,113,113,837,1014,2059,72,4189,54,62,56,923,70,98,14,104,50,47,79,392,149,41,21,48,8,7,23,58,115,60,15,109,62,37,140,233,2112,2944,73,1371,43,48,80,384,89,154,14,104,74,136,278,793,3367,992,149,504,57,48,102,298,1347,550,92,973,456,356,881,2426
Datasets/wang/Images/train/class0/50.jpg,5726,1073,848,1029,1204,159,970,1674,747,130,141,92,873,152,1509,2124,954,99,128,55,156,16,149,89,912,55,119,75,1620,81,1865,731,890,132,101,145,165,20,101,142,129,23,18,8,111,23,95,166,947,75,107,82,214,10,159,89,1877,82,144,90,3259,62,1162,539,1268,144,173,212,127,21,67,91,164,19,34,26,58,17,71,86,146,15,23,21,16,2,11,17,179,20,19,36,72,17,63,102,1011,169,120,182,76,12,59,96,104,32,13,12,66,25,93,146,1541,64,159,113,86,11,89,86,2502,81,167,150,839,86,545,412,865,1177,126,2638,180,218,124,3004,112,121,19,138,122,144,106,1284,147,52,20,81,21,17,27,89,117,65,18,115,155,98,149,610,124,126,23,128,25,37,22,215,17,13,7,21,14,22,24,168,107,82,21,91,32,24,19,147,133,74,17,227,205,175,134,971,1160,2175,122,3375,92,91,78,1008,101,159,26,234,66,91,85,620,168,89,32,101,12,20,25,87,152,120,23,160,73,73,131,464,1802,2324,129,1488,71,89,92,686,92,166,17,166,104,117,143,838,2129,874,187,681,83,77,128,551,1125,610,149,1023,561,477,775,3251
Datasets/wang/Images/train/class0/3.jpg,7985,923,760,1061,1870,106,1040,1539,745,69,76,77,1039,88,1363,1523,873,80,95,49,109,3,95,54,1088,48,74,72,1529,48,1429,592,679,58,74,82,151,6,87,100,93,13,6,11,107,10,80,110,996,57,84,62,152,5,106,79,4715,88,161,153,4815,60,1110,626,1701,106,158,178,317,9,62,67,141,5,18,30,92,5,52,52,107,8,10,7,10,4,6,5,146,5,13,15,71,11,41,29,883,95,88,98,97,8,61,70,88,13,11,14,91,15,80,55,1407,47,91,46,70,3,51,30,4369,63,183,127,1606,57,564,277,676,984,92,3961,144,138,81,3600,49,84,7,127,82,108,74,1155,68,39,14,71,8,7,12,58,76,61,9,166,99,60,133,569,73,58,10,138,11,15,14,162,9,9,1,14,11,11,15,105,54,65,8,124,13,29,15,122,173,154,23,743,196,152,137,1563,804,1331,98,3891,87,63,92,1292,78,102,5,183,54,51,75,531,75,37,14,64,6,9,12,46,88,69,10,121,67,49,83,284,945,1214,67,1057,48,33,57,449,63,96,12,111,78,70,155,664,946,411,66,466,39,30,42,231,956,504,111,1584,448,269,688,2631
Datasets/wang/Images/train/class0/54.jpg,7883,1170,774,763,907,153,727,1132,927,162,93,90,868,209,1398,1761,1277,134,159,71,139,20,214,81,1008,83,98,73,1405,71,2264,705,1165,181,106,109,185,25,89,122,141,45,26,24,113,35,113,193,1201,87,123,45,242,18,138,91,1934,61,102,93,2153,86,1133,469,1123,173,154,188,128,16,54,58,165,37,20,40,59,13,52,59,189,20,27,11,10,10,23,17,190,17,29,21,61,21,72,72,1126,258,110,147,68,20,71,89,120,46,23,28,81,33,88,151,1968,90,150,83,80,14,105,101,3092,86,155,137,863,87,640,507,868,888,122,1860,146,181,85,2139,131,104,23,97,102,134,95,916,201,71,30,65,34,19,28,69,102,70,14,84,159,76,170,463,151,89,32,117,24,40,29,184,36,19,8,29,21,27,25,144,117,73,25,86,45,34,23,136,139,90,21,164,191,156,160,725,1002,1506,105,2752,66,78,70,847,126,143,20,196,59,96,94,530,221,95,52,82,17,27,29,86,148,84,25,169,80,126,165,417,1965,2599,129,1247,77,88,88,537,123,243,27,154,110,175,226,918,3017,995,229,637,100,113,177,578,1482,654,170,934,720,604,1048,3432
Datasets/wang/Images/train/class0/64.jpg,5692,1021,750,769,1303,183,748,1245,780,173,144,119,827,199,1295,1847,1068,173,174,79,175,29,204,81,810,72,123,82,1413,122,2041,872,851,172,119,109,181,35,118,131,163,25,37,19,119,33,132,177,968,92,115,65,226,16,141,79,1665,73,119,99,2575,93,1142,570,1428,180,169,189,239,34,88,81,181,32,36,26,67,20,70,102,186,34,34,35,18,7,21,25,190,31,34,29,115,27,86,126,1009,182,105,138,105,20,66,81,133,37,28,31,88,34,115,165,1659,101,134,84,96,29,89,101,2434,85,213,151,1005,123,552,556,816,876,135,1614,134,195,103,2290,114,100,34,155,100,119,100,997,174,84,29,66,28,26,39,89,95,74,34,84,115,74,179,605,152,120,31,129,26,35,17,203,28,32,14,35,23,42,29,165,126,80,34,113,43,37,28,171,141,119,36,346,237,191,172,996,1055,1724,149,2826,93,97,79,956,107,157,27,208,64,97,96,568,205,106,28,97,12,24,37,120,137,83,33,160,93,109,152,541,1791,2822,147,1345,83,102,95,634,143,210,35,178,107,134,219,889,2703,1208,200,785,100,129,165,608,1309,706,181,1236,618,640,890,3987
Datasets/wang/Images/train/class0/81.jpg,9610,1021,980,976,1161,173,1063,1795,984,144,139,94,1008,148,1825,2373,907,102,140,71,152,17,155,80,976,62,106,87,1704,67,2316,727,917,140,107,114,162,14,106,131,138,26,17,19,95,24,120,148,919,72,116,77,185,15,133,107,1985,63,141,96,2712,79,1124,532,1110,164,149,195,133,18,68,68,130,36,29,20,77,11,71,81,140,26,31,18,25,3,22,18,171,20,24,19,85,17,71,93,970,158,109,172,77,18,70,78,95,22,21,23,55,28,87,119,1652,68,130,94,91,17,88,101,2537,95,163,127,782,88,494,404,907,1039,129,1807,139,186,125,2652,126,117,26,125,133,137,129,1174,128,76,37,62,31,16,29,83,108,62,24,105,139,77,129,610,91,88,26,131,32,29,19,176,27,22,14,37,20,23,24,163,103,85,24,106,23,23,35,144,110,101,27,213,156,128,145,898,1031,1788,106,2715,84,90,76,808,110,141,32,167,76,94,89,544,133,83,25,87,20,20,32,97,136,88,34,132,87,86,149,421,1591,2081,101,1273,66,80,84,515,108,138,19,143,92,125,168,721,2241,695,132,586,75,79,121,447,1159,544,158,975,524,453,718,3352
Datasets/wang/Images/train/class0/68.jpg,7400,854,982,1069,1323,138,1156,1894,874,136,128,106,989,100,2058,2194,806,70,107,60,136,16,123,65,943,57,112,75,1639,66,2253,650,786,95,124,98,192,13,94,137,133,16,24,19,97,19,96,125,848,53,104,65,267,15,105,88,2248,59,119,103,3050,82,1049,501,1342,132,216,235,131,16,72,71,148,22,31,37,64,14,62,64,146,14,18,23,17,2,11,16,172,13,27,32,78,21,61,73,923,134,81,134,76,11,54,54,103,29,18,27,64,24,58,100,1480,57,97,87,77,18,78,64,2802,80,194,158,747,103,452,420,778,931,128,3722,175,183,90,4442,103,94,21,130,92,127,80,1179,124,55,23,57,23,22,29,82,92,61,23,110,97,78,131,507,101,97,23,135,33,33,27,191,21,17,5,33,23,22,14,134,97,66,14,119,26,31,34,161,120,99,23,261,216,205,141,1022,954,1683,117,3892,80,81,71,931,91,132,14,214,55,78,69,488,150,61,21,79,17,15,33,74,100,81,18,202,71,73,110,430,1483,1933,96,1142,61,72,78,489,64,152,23,148,72,93,125,637,1861,697,108,523,81,76,107,394,1021,500,144,963,429,439,586,3025
Datasets/wang/Images/train/class0/7.jpg,10788,1024,665,895,636,93,827,1869,677,121,55,55,774,122,2109,3358,1008,114,113,50,90,5,128,55,832,48,70,51,1770,36,3006,815,723,100,70,71,87,13,74,80,98,15,13,9,61,19,101,94,962,43,68,53,94,9,84,45,2102,54,89,62,2884,36,1173,376,745,87,79,84,65,7,41,44,76,15,14,19,37,8,42,44,95,10,12,6,9,4,7,7,94,8,11,9,45,15,43,28,995,143,86,82,51,9,44,56,72,21,12,20,44,17,88,78,2351,46,85,62,39,10,48,40,3052,59,100,79,848,45,444,229,709,936,85,2033,83,118,53,2729,75,65,17,70,67,79,92,1291,100,46,15,53,21,8,19,50,74,47,11,59,82,47,118,383,82,84,9,79,15,21,10,94,11,12,3,13,8,18,14,84,92,49,7,67,19,12,17,71,81,74,17,105,108,77,93,470,943,2092,71,2740,41,48,47,797,82,85,12,104,34,65,79,430,168,63,13,43,13,6,15,59,92,36,12,70,55,45,82,225,2891,3999,105,1394,60,51,82,479,121,134,13,90,77,94,187,789,4647,1069,138,461,60,48,93,262,1524,491,102,532,530,312,766,2023
Datasets/wang/Images/train/class0/78.jpg,8729,1399,979,1038,1241,172,1035,1521,989,178,137,105,1036,214,1962,2335,1218,174,188,86,159,24,238,91,974,88,110,73,1637,82,2461,880,870,197,145,130,157,26,138,170,106,26,23,14,93,35,110,174,889,78,147,78,177,21,139,114,1525,67,141,95,2246,89,1188,556,1313,170,149,195,130,15,62,71,169,30,34,24,81,20,78,84,179,23,27,16,20,8,12,17,208,19,31,36,71,18,95,89,978,228,137,169,73,25,58,97,123,26,22,38,75,32,106,147,1266,98,132,109,85,16,101,84,2034,85,179,172,664,86,535,432,886,960,132,1690,173,206,102,2200,144,132,20,137,121,158,119,1175,157,77,39,79,30,19,38,81,110,63,28,92,140,97,187,591,137,105,26,127,37,42,28,190,29,21,10,35,24,34,32,160,105,90,13,113,37,44,37,153,114,98,35,195,186,170,157,1009,941,1528,115,2251,65,81,77,771,123,157,17,181,73,96,130,559,190,88,41,90,20,25,36,89,175,103,24,167,95,77,178,474,1536,2312,116,1164,75,87,110,550,113,200,42,154,106,182,265,1094,1771,744,169,586,85,104,140,490,994,529,164,1077,518,508,1041,3766
Datasets/wang/Images/train/class0/10.jpg,5031,894,518,753,756,85,701,1829,593,108,71,65,710,160,1509,3103,982,73,96,52,82,3,120,45,820,49,48,36,1564,49,2608,710,770,123,90,80,115,13,80,97,71,11,10,6,72,18,90,139,1088,55,85,41,183,10,98,47,1793,59,73,47,3011,44,1267,459,1075,106,97,114,73,4,42,41,105,9,5,12,47,10,39,52,112,9,8,5,5,1,12,5,138,5,18,13,48,9,36,44,1240,173,112,121,52,13,46,50,69,19,13,21,46,10,62,99,2632,69,114,64,67,6,54,54,3517,53,128,92,858,41,527,277,757,924,77,1763,108,137,62,3487,83,70,11,49,76,103,70,1331,104,44,15,38,10,3,15,39,93,47,10,63,107,49,131,402,120,77,13,74,28,18,6,144,10,9,6,12,8,6,9,73,77,62,11,68,14,16,16,92,127,50,9,135,160,87,113,595,1127,2553,60,3207,52,68,47,863,93,101,9,121,44,67,62,453,162,52,16,50,4,8,8,30,118,67,6,85,70,52,97,262,3324,4797,98,1746,45,51,43,512,96,175,8,102,77,112,165,683,5070,1315,156,668,60,64,96,322,1916,710,111,783,670,377,770,2003
Datasets/wang/Images/train/class0/52.jpg,6645,1178,777,753,1640,239,781,912,802,202,147,129,809,176,951,1117,1202,181,188,95,222,31,239,107,833,117,146,102,1112,123,1328,792,836,204,152,126,246,38,158,156,146,38,32,33,138,43,127,195,865,110,118,93,227,29,171,139,1396,102,157,152,1871,117,992,720,1801,226,218,252,373,33,148,144,239,34,45,44,122,25,87,128,235,40,42,41,33,12,32,29,257,41,45,50,130,34,115,132,928,207,156,197,161,22,99,120,170,44,31,48,89,25,111,149,1147,129,173,130,139,41,117,117,2057,129,218,210,1148,127,694,673,818,844,173,1487,237,251,149,1920,135,137,32,169,139,162,131,871,181,108,37,94,33,30,31,139,127,98,34,146,156,117,188,699,157,141,39,174,44,42,29,239,23,36,14,46,36,33,32,222,144,106,29,170,43,35,45,227,162,127,49,501,252,208,224,1516,917,1141,147,1972,177,154,132,1125,134,162,27,234,91,131,126,684,198,120,42,145,36,25,47,134,163,119,52,211,116,119,180,703,1068,1836,149,1014,93,123,122,715,148,224,56,246,131,184,215,1024,1287,843,205,785,117,158,201,703,1022,839,227,1728,757,737,1023,5270
Datasets/wang/Images/train/class0/33.jpg,5281,926,774,1086,1042,129,1052,2203,694,108,94,87,976,153,2985,3834,985,126,102,54,112,15,122,58,1112,65,67,52,1863,45,3335,901,735,104,119,86,154,14,85,98,113,19,23,18,70,22,89,138,940,57,95,46,181,16,84,59,2132,70,103,85,2653,64,1432,446,1080,103,114,142,186,27,65,68,145,17,15,16,78,13,64,55,118,19,27,15,21,8,19,16,140,15,30,22,61,17,60,61,960,136,73,113,60,13,48,74,93,28,12,27,67,21,86,84,1977,60,99,58,75,19,62,52,2962,73,149,116,986,78,520,338,767,1013,105,2085,140,148,71,2616,107,91,22,94,92,92,102,1552,120,57,21,61,25,16,29,76,76,51,22,96,90,64,104,393,102,92,21,108,24,31,10,154,25,22,7,22,18,20,23,122,64,60,11,81,36,22,31,125,116,87,24,217,158,138,126,724,996,1845,96,2723,64,74,73,957,109,98,17,137,50,63,79,488,127,73,20,80,15,17,18,81,107,58,22,102,63,59,85,318,2328,2801,100,1388,54,68,83,514,108,117,21,124,85,83,174,702,3214,927,123,536,67,82,101,403,1486,487,122,874,559,371,692,2757
Datasets/wang/Images/train/class0/79.jpg,18898,1536,1283,1019,546,52,1105,1133,1390,77,97,51,1208,86,4821,2656,1420,146,93,37,50,8,130,22,1153,43,55,28,1244,24,2894,563,1686,87,70,48,48,11,59,30,141,11,8,9,63,10,116,65,1149,36,35,23,53,7,44,22,1964,37,50,39,1309,24,849,198,573,59,51,41,91,7,26,34,61,3,3,7,31,5,31,24,59,6,6,2,11,2,5,4,47,4,9,7,30,5,18,20,1575,111,57,55,32,9,34,30,79,16,4,3,51,19,122,65,1394,33,35,25,28,11,20,23,1216,24,51,40,490,39,338,138,1834,1233,106,1627,50,54,65,928,56,39,9,51,54,42,156,769,74,27,12,32,10,5,12,17,45,35,8,33,30,24,108,204,111,78,13,53,8,5,8,41,11,8,2,16,14,7,16,56,71,40,6,35,13,6,11,35,66,35,11,115,61,52,62,318,1692,1484,67,1100,30,23,56,342,59,55,9,46,31,33,120,395,90,35,15,22,5,3,15,29,49,26,5,36,36,17,100,151,6609,3251,171,977,36,46,110,336,120,98,22,59,119,88,716,1093,2841,588,66,256,33,42,68,140,800,257,54,321,349,180,942,1313
Datasets/wang/Images/train/class0/11.jpg,7051,1281,954,943,1440,149,936,1216,699,133,103,105,770,174,1274,1813,1056,140,183,84,224,21,266,101,693,63,97,93,1130,87,1710,721,883,174,170,129,246,24,131,142,153,22,20,22,111,31,87,174,852,86,122,83,312,17,170,120,1420,88,120,127,2446,88,974,628,1569,256,260,334,252,22,117,129,156,40,28,37,87,23,68,88,141,23,24,15,30,3,18,17,187,17,32,26,98,21,76,90,984,224,137,206,93,28,67,91,104,42,21,35,96,40,91,147,1183,94,132,100,108,24,88,98,1834,103,166,169,888,97,520,435,773,968,166,1904,203,184,142,2293,117,121,28,161,113,168,126,1043,146,71,37,104,47,20,49,118,103,101,25,125,194,124,228,693,127,131,25,173,25,35,22,216,36,27,3,41,24,36,34,152,116,85,34,135,36,25,47,165,141,129,40,343,315,230,231,1259,888,1512,122,3123,119,144,96,1200,123,209,25,327,82,138,109,700,200,104,41,113,25,27,37,126,135,131,35,263,110,140,198,699,1209,2124,108,1357,79,93,88,703,96,237,22,247,109,159,222,1085,1547,748,159,673,85,106,163,574,1017,686,171,1367,687,714,959,4389
Datasets/wang/Images/train/class0/53.jpg,7839,1437,847,897,1378,153,945,1061,698,174,124,104,855,177,1417,1720,1430,199,185,97,240,27,271,106,800,86,111,77,1153,92,1847,869,818,201,161,140,170,19,138,144,116,41,24,16,138,31,122,171,892,116,134,83,210,26,173,90,1254,89,122,119,1878,85,1129,643,1371,197,181,226,212,24,106,100,177,28,33,38,103,26,92,98,170,17,26,32,21,6,21,23,195,24,30,31,92,24,90,103,951,236,152,195,109,26,89,90,115,44,28,20,95,31,132,161,1166,108,148,105,78,20,108,114,1997,105,202,152,879,106,622,508,785,839,127,1459,167,193,124,1972,127,118,16,147,126,147,114,1012,180,95,35,77,38,21,47,111,132,109,31,125,180,103,231,688,128,106,27,132,21,36,30,184,29,20,6,30,28,37,37,191,120,104,26,115,41,33,35,195,136,111,32,307,232,146,215,1156,894,1327,115,2073,81,115,98,933,136,179,30,212,101,114,133,663,212,115,38,94,27,25,27,109,167,132,29,183,123,110,197,642,1821,2524,139,1259,96,98,119,662,172,277,38,221,127,200,319,1266,1872,995,192,646,120,107,164,543,1073,728,179,1233,678,660,1247,4379
Datasets/wang/Images/train/class0/56.jpg,5543,1337,810,912,1044,165,924,1498,654,167,110,93,879,200,1775,2296,1282,178,171,72,203,16,228,113,810,68,107,81,1564,92,3113,985,773,183,107,124,153,21,123,150,107,31,18,19,99,16,134,173,866,75,101,65,219,13,169,87,1530,74,124,87,2158,92,1227,549,1073,185,167,199,153,17,78,92,128,15,29,21,77,17,109,83,152,14,13,23,18,4,17,18,171,12,32,19,82,11,95,83,962,250,135,178,80,15,79,107,108,22,16,23,75,16,101,138,1567,100,145,90,81,19,98,97,1871,79,160,149,834,87,623,456,765,970,125,1693,156,183,108,2143,90,104,22,116,101,141,134,1190,158,90,18,75,22,13,32,78,96,86,12,109,159,92,234,649,97,116,26,116,27,33,18,167,23,20,5,28,19,25,29,166,94,88,21,97,38,21,26,153,115,109,25,217,233,161,190,961,980,1853,116,2183,90,97,76,882,111,150,24,195,96,98,114,730,205,96,30,77,17,14,30,97,133,95,26,180,108,98,148,530,2078,3465,155,1368,88,88,108,717,136,232,25,191,116,181,238,1067,2485,1189,200,647,96,96,140,582,1203,707,155,987,711,557,985,3803
Datasets/wang/Images/train/class0/38.jpg,9345,796,847,970,744,107,956,1970,895,116,102,60,844,158,2797,3629,840,63,102,41,100,13,117,43,901,53,69,52,2017,55,2968,622,828,101,94,79,95,19,84,117,104,20,22,17,73,23,80,142,926,51,90,51,102,13,89,74,2509,39,100,74,3669,40,982,322,735,93,92,69,63,11,46,47,86,25,21,34,47,4,45,41,132,9,32,15,16,4,10,5,93,16,24,18,38,16,52,78,871,113,83,85,42,17,39,51,70,28,14,22,50,18,74,135,1824,54,119,70,57,12,63,79,2436,64,110,86,531,53,344,286,951,1108,111,3333,95,107,69,3062,95,93,13,101,81,109,75,857,127,56,18,47,15,15,20,41,91,45,18,60,96,67,117,339,94,71,12,92,14,16,13,105,15,18,2,18,14,31,19,122,70,45,10,92,23,18,23,101,90,66,13,131,106,75,94,534,1052,2553,67,4471,44,48,38,535,91,112,17,85,53,56,62,330,124,60,25,49,6,13,20,52,115,60,26,60,55,55,106,264,2536,3586,101,1188,49,44,77,367,103,100,28,86,70,111,176,593,2696,658,140,399,57,68,140,329,1017,399,117,579,386,279,652,2276
Datasets/wang/Images/train/class0/43.jpg,13788,863,888,843,1040,139,819,1455,898,141,102,72,780,150,1669,2420,760,107,110,39,97,7,104,69,797,45,81,57,1233,52,1968,573,1282,117,111,60,134,22,75,101,141,22,27,24,76,25,97,154,1042,48,73,50,144,9,99,66,2025,52,93,76,1890,46,778,392,1275,98,133,119,119,21,57,60,191,19,20,17,71,13,37,69,139,18,23,16,10,2,9,18,234,15,38,20,64,18,63,66,1255,118,73,105,64,15,38,57,99,23,15,15,43,25,64,97,2280,84,114,89,66,18,73,87,3064,74,215,165,585,81,376,463,1312,1055,124,2099,173,252,95,2499,102,63,15,121,77,118,102,1036,147,46,25,37,28,8,27,52,69,38,19,86,78,56,126,415,144,88,14,136,35,53,16,240,18,14,11,20,23,26,25,122,93,59,21,88,29,28,19,171,126,79,23,182,159,126,79,798,1116,1522,83,1933,49,53,52,663,91,88,13,125,40,70,52,406,171,52,23,48,17,10,20,95,116,71,35,96,40,52,97,339,3311,2394,88,919,50,65,64,423,105,119,20,90,59,82,169,642,3827,718,153,473,84,93,108,483,1336,500,139,875,405,424,580,2498
Datasets/wang/Images/train/class0/18.jpg,15745,696,1034,884,852,131,807,1540,1258,137,122,70,870,148,1796,2495,915,96,83,54,107,19,79,44,1047,40,90,47,1220,66,1785,577,1031,105,97,82,124,75,67,112,159,44,13,12,113,134,87,178,972,48,82,45,150,16,86,55,2628,59,108,92,2251,80,835,365,1005,99,103,122,75,12,46,54,140,19,22,25,41,13,36,34,185,12,44,19,14,9,15,13,242,14,62,23,54,12,39,61,902,117,68,93,53,17,46,75,88,27,19,20,51,38,72,147,1808,79,162,78,58,33,71,171,3416,69,197,134,693,114,400,568,1313,981,117,2903,159,183,57,3156,201,90,23,102,75,114,82,879,157,50,36,45,24,13,19,45,100,42,16,74,76,52,102,289,140,105,16,113,43,105,11,159,30,21,5,21,25,58,23,114,87,54,26,56,22,39,24,137,96,77,24,182,113,99,86,629,971,1209,91,2348,50,40,44,599,95,86,18,99,40,60,41,296,224,58,95,61,27,10,31,68,155,54,45,98,59,62,83,235,2013,1772,83,912,37,48,69,380,93,124,24,95,73,97,189,502,2444,642,217,416,55,82,174,583,1164,385,171,685,376,355,651,2643
Datasets/wang/Images/train/class0/44.jpg,14161,1067,1131,1162,1145,64,1100,1524,1092,81,90,61,1133,83,3123,2397,1048,59,61,44,58,0,87,25,1180,32,71,45,1448,24,2543,637,1185,63,89,85,86,4,69,61,109,16,11,7,60,7,106,62,1274,35,71,38,108,5,96,30,4149,31,109,87,2803,32,1103,310,1184,70,95,94,103,9,27,36,111,7,18,8,39,5,34,22,75,10,6,3,3,2,2,4,92,4,17,14,30,3,23,21,1200,89,66,80,44,2,38,41,66,8,2,9,45,5,64,50,1849,37,67,43,45,2,30,22,3757,20,69,76,721,13,328,125,1169,1189,79,3165,95,110,51,3269,78,80,9,111,93,92,102,1176,91,40,9,33,8,10,6,26,83,40,5,65,53,37,67,327,96,75,7,92,14,12,3,93,6,1,3,13,10,6,6,69,64,40,4,88,12,13,3,71,139,90,17,322,84,83,58,672,1169,1516,55,2258,34,26,47,625,87,66,7,83,34,33,84,394,81,22,8,28,3,2,14,11,81,41,6,72,25,9,44,120,2572,1994,103,1116,31,20,86,381,100,66,10,46,85,38,247,655,1968,567,71,324,13,20,41,140,1251,357,69,715,386,118,683,1375
Datasets/wang/Images/train/class0/65.jpg,19648,1430,1584,1193,963,110,1367,1350,1261,144,130,110,1189,134,3768,2947,1339,143,135,48,84,19,151,43,1015,61,67,64,1086,46,2033,657,1144,118,86,77,92,14,80,81,103,25,11,12,56,23,161,139,872,49,86,46,119,9,105,53,1905,44,92,68,1616,41,860,327,949,97,97,104,106,9,42,42,98,13,22,18,59,7,58,49,80,13,15,12,7,1,8,10,105,6,14,14,31,10,49,51,1052,129,77,98,51,13,53,50,70,24,14,15,56,17,116,126,1087,52,77,56,36,5,58,42,1604,34,81,86,468,42,389,227,1203,982,122,1727,115,111,83,1749,79,80,11,85,98,78,165,911,109,48,28,42,17,11,26,45,78,55,15,81,77,53,139,366,92,63,14,104,21,25,14,84,8,12,6,17,5,17,10,79,71,54,8,81,20,21,15,70,96,80,9,229,107,105,94,624,1061,1198,83,1380,33,45,69,435,82,81,8,102,49,57,117,416,133,49,23,42,4,12,19,47,106,46,17,103,45,42,125,272,3469,1867,147,844,46,48,119,389,117,120,28,95,110,110,517,1048,1956,600,112,307,46,47,111,253,830,363,95,615,380,264,1024,2272
Datasets/wang/Images/train/class0/45.jpg,13019,763,1211,1085,780,110,1085,2386,1065,118,109,74,1017,127,3020,3219,759,74,95,40,110,14,138,68,1005,45,75,39,1937,53,2772,593,971,149,97,73,102,22,75,81,163,18,16,14,96,19,95,105,816,55,84,43,113,15,100,83,2509,48,111,62,3275,75,974,361,774,100,101,113,68,11,37,53,106,24,27,24,55,9,30,56,110,13,34,18,12,6,15,19,116,13,26,22,55,25,49,80,874,156,67,90,45,23,42,59,65,28,11,24,46,23,58,86,1556,64,89,68,49,30,62,78,2518,63,110,88,622,81,368,348,1165,939,114,2991,93,119,65,3225,118,76,21,95,86,99,101,1063,108,52,18,42,23,15,22,46,71,27,17,62,84,47,126,362,124,94,33,112,15,30,12,100,18,25,2,19,27,34,23,106,73,42,11,54,21,33,18,69,91,66,29,163,107,86,121,578,944,2017,80,3138,44,40,42,557,81,99,20,116,47,62,64,321,121,63,42,61,15,19,18,58,106,55,27,101,68,66,116,307,1956,2694,84,1083,38,63,57,351,94,116,27,92,50,120,129,520,1986,475,133,362,60,89,93,370,838,344,96,582,314,367,515,2270
Datasets/wang/Images/train/class0/41.jpg,7271,1063,730,935,1164,101,906,1718,758,113,102,81,882,133,1813,2536,1122,141,117,55,92,10,122,65,982,66,88,67,1784,57,2921,805,899,109,85,88,114,18,66,97,130,23,15,9,82,26,100,123,1159,71,92,57,129,12,104,64,2509,73,111,98,2880,77,1199,453,1130,108,101,121,142,12,48,60,110,18,23,17,71,16,53,60,122,12,20,10,14,7,14,4,142,19,17,16,60,10,58,56,1159,143,83,96,72,12,47,57,126,26,14,13,94,25,86,118,2246,75,112,58,78,10,58,55,2983,60,144,121,977,69,485,336,814,954,117,2293,133,145,104,2943,92,90,17,126,76,98,98,1132,128,56,22,56,18,13,26,53,77,59,12,100,102,55,150,485,113,69,13,96,19,16,9,132,16,11,8,30,10,20,20,107,99,74,12,85,14,19,8,95,108,89,30,305,125,103,123,924,997,1765,80,2689,62,66,94,862,76,80,14,134,58,54,87,436,150,51,20,55,13,12,23,70,102,59,15,103,58,49,107,306,2403,3121,117,1265,58,58,92,478,138,148,16,121,88,106,232,733,3658,873,139,491,66,67,103,275,1504,524,115,835,587,351,818,2574
Datasets/wang/Images/train/class0/57.jpg,18377,850,884,959,814,112,821,1502,660,108,89,80,702,122,1252,1682,874,81,133,43,126,14,161,53,784,48,85,41,1395,66,1815,585,824,133,81,77,137,16,84,92,91,21,16,13,81,20,89,108,841,49,85,56,169,9,105,67,1481,43,96,64,2017,60,1052,422,968,128,120,157,112,11,50,61,120,26,18,24,61,7,46,52,97,13,15,13,13,1,12,13,165,9,20,18,54,16,55,67,907,161,81,111,55,7,45,60,88,26,11,20,67,20,71,96,2122,62,108,63,72,13,59,65,2766,65,169,123,724,67,468,361,774,883,134,2224,137,189,95,2931,90,85,13,94,71,110,94,1103,107,43,27,57,11,9,24,58,69,49,18,65,99,63,129,420,95,73,16,88,22,23,22,165,22,17,6,15,20,29,17,103,78,57,13,78,28,18,12,125,92,77,23,164,133,128,108,688,868,1618,74,2605,46,57,65,743,81,120,8,154,53,57,57,487,149,47,22,60,15,18,20,64,100,62,14,106,79,75,114,379,2102,2590,80,1152,56,57,77,476,87,168,9,87,68,113,168,612,3606,814,114,518,63,64,93,370,1336,497,128,772,462,364,705,2481
Datasets/wang/Images/train/class0/23.jpg,7162,1463,764,918,909,154,782,1399,796,215,128,107,801,234,1631,3123,1476,220,190,97,138,24,199,88,965,114,101,72,1394,99,2293,913,814,176,102,94,152,26,116,135,119,26,24,11,102,25,116,240,977,81,116,61,152,12,133,65,1848,71,108,74,2685,78,1094,592,915,129,125,128,100,14,75,57,113,23,18,21,52,15,82,77,164,18,26,19,12,4,14,16,147,17,25,19,69,16,96,66,973,211,107,113,50,13,61,105,91,31,19,28,76,37,120,197,1952,99,155,91,75,10,82,84,2415,65,132,111,966,91,657,459,840,981,110,1713,121,125,79,2390,128,110,14,111,106,140,143,1186,233,97,34,68,17,16,31,90,106,57,17,66,105,74,200,478,111,126,15,90,19,28,10,157,20,17,4,21,12,26,31,166,118,86,12,79,34,13,25,101,101,57,22,119,158,114,154,695,972,1591,108,2085,55,70,86,764,114,132,12,112,60,81,121,557,229,99,39,59,17,13,35,65,140,83,24,119,89,72,188,401,1864,2769,126,1235,66,99,108,662,142,192,28,131,102,167,320,1226,3162,1037,236,658,77,97,197,483,1501,643,169,722,671,446,1311,3320
Datasets/wang/Images/train/class0/5.jpg,7163,1252,873,773,1378,208,876,1106,866,197,156,112,814,212,1061,1408,1281,191,204,101,225,42,213,121,828,120,151,108,1184,114,1260,769,917,194,169,127,213,22,117,194,153,37,41,25,135,38,131,220,855,95,126,97,229,25,173,144,1253,87,152,124,1760,124,969,653,1408,225,180,268,242,31,102,134,188,53,38,48,96,24,95,105,248,34,36,28,29,8,31,25,246,26,44,41,103,25,107,111,951,247,138,184,102,22,92,144,113,47,23,37,105,51,121,203,1329,119,178,139,131,18,132,152,2109,97,241,196,946,137,649,665,911,855,155,1298,211,264,142,1938,173,134,26,163,150,167,131,994,216,97,44,83,37,26,56,117,127,90,20,124,163,146,199,693,167,139,36,162,47,34,25,226,42,35,13,45,21,42,38,230,151,98,32,127,40,29,46,193,176,102,49,294,223,231,209,1205,946,1294,138,2050,95,121,103,914,125,163,32,251,89,126,140,690,271,119,42,97,24,27,43,144,167,125,39,218,124,169,184,710,1282,1791,144,1110,107,124,127,680,136,229,44,245,129,214,235,1076,1929,983,232,752,111,139,207,733,1109,803,245,1303,624,715,1128,4942
Datasets/wang/Images/train/class0/47.jpg,5979,1161,708,836,1519,189,824,1194,681,151,127,108,809,168,1168,1672,1121,155,178,84,162,32,197,86,825,83,98,81,1245,81,1836,902,772,187,115,103,168,29,113,148,131,28,26,22,135,35,107,143,866,80,102,80,260,17,164,114,1688,79,145,150,2659,107,1102,703,1551,199,241,250,266,32,107,99,181,29,27,27,98,15,76,86,212,24,28,21,21,5,21,15,228,30,32,34,113,20,97,87,974,210,125,163,104,16,84,87,128,45,27,32,100,29,94,147,1366,107,149,120,140,21,105,90,2530,116,227,170,1076,131,691,526,766,882,136,1577,185,227,122,2266,124,119,17,138,122,134,119,1089,177,81,31,87,33,29,26,95,105,82,18,133,142,105,202,658,120,118,27,149,33,41,19,242,32,26,5,33,28,26,20,158,120,91,11,118,38,34,20,168,155,126,27,395,228,179,186,1274,967,1530,116,2629,112,129,108,1117,125,176,21,228,84,112,97,701,185,93,32,113,22,19,19,108,141,111,24,192,112,98,156,562,1346,2271,135,1371,90,86,85,670,111,236,21,177,112,156,201,1074,1929,1019,227,722,96,111,142,563,1235,767,193,1451,723,615,1026,4314
Datasets/wang/Images/train/class0/49.jpg,6345,1342,633,700,1953,136,876,1216,662,186,148,112,1070,202,1938,2848,1497,257,150,76,138,27,186,68,815,89,102,79,1362,92,1760,943,771,165,106,76,185,21,75,96,151,28,31,20,119,34,142,216,939,84,94,45,203,12,102,66,2064,107,149,150,3399,111,955,577,1563,144,171,177,291,27,92,78,167,19,35,26,72,20,107,104,153,29,32,10,21,8,20,18,181,20,24,29,99,14,72,97,923,159,94,108,91,24,68,67,101,35,17,32,103,20,124,208,1275,79,108,63,93,17,71,60,2418,98,155,160,1156,138,544,491,688,724,140,1809,163,163,95,2454,98,85,18,136,64,101,124,799,196,67,32,82,24,16,36,78,90,72,13,142,129,71,166,549,131,94,24,124,27,23,22,167,15,26,6,47,19,22,34,152,93,81,21,125,32,28,22,160,139,128,42,612,220,179,178,1918,822,1100,119,2693,86,92,91,1016,84,98,19,147,63,82,115,449,196,71,27,98,16,16,27,111,97,78,21,219,78,73,143,410,1603,1394,129,830,74,63,117,500,148,188,41,148,121,147,443,1163,2970,803,199,516,87,117,208,446,889,558,151,1322,568,475,1294,3903
Datasets/wang/Images/train/class0/73.jpg,13788,2148,1039,752,783,136,1041,877,1145,256,121,100,1164,275,4253,2798,2365,479,264,117,122,32,258,94,905,124,117,76,1158,103,3426,1321,1068,260,116,88,101,17,91,64,82,45,13,19,72,23,199,231,791,110,90,55,93,18,103,49,869,36,69,51,827,50,994,450,760,132,82,76,99,7,48,34,78,25,20,18,48,20,72,95,109,27,25,7,11,5,20,14,74,18,30,25,44,14,95,53,996,228,94,97,64,14,63,64,79,43,17,22,79,46,206,241,871,109,83,67,56,16,69,60,981,51,79,72,312,60,534,343,1021,757,95,804,81,72,67,821,86,101,23,61,88,92,175,772,226,107,28,40,29,13,44,46,90,53,15,53,108,62,228,384,158,97,13,60,26,12,11,61,21,15,3,13,12,18,43,97,114,69,16,48,27,18,14,79,74,56,15,151,82,67,132,563,951,925,68,773,55,53,49,337,88,91,13,81,64,71,183,466,247,86,27,58,19,10,27,50,123,61,32,65,78,60,221,325,3792,2609,187,760,85,87,157,452,189,234,39,112,166,232,900,2032,2633,1084,234,367,88,92,199,376,747,414,155,581,486,377,2182,3314
Datasets/wang/Images/train/class0/67.jpg,6052,795,682,830,934,123,884,1826,791,110,113,75,935,139,3155,2910,903,87,110,43,99,15,128,51,932,54,83,55,1972,50,3475,704,776,113,90,78,126,18,70,108,126,22,15,11,79,26,117,141,1054,59,59,55,159,16,92,56,2667,58,120,97,3622,59,1211,441,1048,102,127,149,130,17,53,64,111,25,15,23,54,7,40,42,128,15,12,11,9,2,14,12,160,11,29,18,41,13,48,53,1021,145,68,81,59,14,47,63,95,20,14,13,60,23,70,86,2384,75,94,67,81,15,50,71,3873,84,156,121,940,65,431,410,750,810,107,2369,125,140,90,3258,104,86,16,113,86,111,86,1099,102,27,24,57,19,12,21,50,55,39,17,79,91,64,110,441,104,78,25,99,18,25,19,167,18,15,5,25,14,18,15,132,89,61,8,80,13,17,10,123,125,83,23,228,139,127,116,809,878,1827,81,3383,48,62,67,765,92,96,11,141,33,51,60,430,166,60,19,57,14,13,18,86,106,59,19,125,68,53,101,326,2333,2607,96,1091,51,60,67,432,96,121,14,85,83,118,182,611,3276,791,153,436,55,61,93,423,1405,483,119,779,477,383,674,2437
Datasets/wang/Images/train/class0/71.jpg,6578,1496,777,967,2113,169,1454,1641,841,175,142,134,1604,175,3699,3317,1530,280,160,109,175,28,177,102,1058,115,134,118,1912,102,3068,1444,587,125,82,90,127,25,92,125,80,23,30,20,78,21,148,198,748,98,89,95,142,7,130,80,1838,76,142,136,2663,60,1335,761,1310,153,136,130,230,18,88,69,151,22,24,23,96,15,95,120,147,25,30,10,18,6,14,15,116,8,29,33,82,15,111,78,809,143,84,108,73,16,75,86,83,25,20,23,80,24,130,152,1050,87,101,92,54,20,78,71,1653,63,146,127,738,61,617,376,556,707,68,1446,115,134,102,2465,98,91,19,139,115,111,137,1337,146,101,23,78,18,15,24,69,93,77,20,126,123,84,156,839,95,102,16,115,23,19,17,134,8,16,2,26,14,26,27,161,91,111,21,115,30,16,20,113,89,118,22,573,137,116,178,1575,739,850,70,1264,82,72,92,651,88,97,22,124,74,84,122,577,155,101,24,61,9,18,19,56,119,84,25,117,84,64,146,393,1520,1529,119,771,90,74,144,492,133,162,31,113,142,140,512,1302,1883,921,166,560,63,62,152,366,928,589,132,1116,536,328,1347,3637
Datasets/wang/Images/train/class0/31.jpg,6590,1104,955,776,1388,293,838,1235,965,263,220,139,814,352,824,1571,1172,174,224,91,251,39,222,152,788,91,133,98,931,136,1023,721,987,226,181,153,255,52,142,253,219,55,45,36,142,84,142,305,817,102,140,99,256,35,171,154,943,94,153,137,1361,144,798,700,1417,257,227,286,285,38,118,160,214,59,55,50,111,30,92,143,293,47,53,37,39,15,38,50,265,32,42,45,156,47,116,178,830,256,159,194,119,39,85,154,169,78,31,70,113,56,111,216,1247,146,220,152,163,45,174,234,1425,143,309,246,791,193,638,953,1037,841,225,1202,232,274,170,1516,253,181,43,177,166,236,192,1022,261,95,52,88,49,35,55,156,161,105,34,124,185,131,222,668,219,133,49,173,50,60,43,272,56,45,29,85,45,71,51,291,158,89,39,117,46,52,69,266,167,141,62,357,246,230,219,1261,810,929,168,1781,106,131,115,1029,170,181,50,247,93,127,108,640,368,158,64,146,29,44,55,216,254,132,58,256,138,181,241,896,937,1130,140,766,83,153,92,670,146,224,52,258,120,226,177,1060,1714,801,341,692,131,181,252,985,1042,663,304,1186,684,864,1060,5886
Datasets/wang/Images/train/class3/336.jpg,8726,2068,838,803,1758,190,966,958,840,241,148,125,934,242,2149,2141,1981,571,259,135,184,44,213,132,774,135,104,114,801,90,2090,971,785,269,115,113,162,43,119,135,110,46,40,28,96,58,164,230,753,121,125,76,148,24,128,95,1131,115,123,150,1079,95,680,510,1674,159,167,182,511,26,126,98,181,30,43,43,126,25,142,98,167,42,32,29,34,11,25,21,174,20,51,43,88,21,96,117,805,199,112,125,111,24,76,108,103,56,29,45,114,64,169,254,782,101,117,83,74,26,81,93,1436,97,205,208,688,99,518,526,764,763,133,1091,224,193,113,1427,114,109,34,112,107,132,166,849,269,136,47,109,34,9,62,88,128,81,28,144,117,89,235,529,145,109,25,97,54,38,31,196,23,30,12,44,25,34,54,218,101,116,34,154,36,43,40,206,113,136,33,620,155,166,195,1501,771,806,94,985,101,85,100,678,117,130,34,148,107,119,209,578,221,131,56,94,26,31,65,109,116,83,44,174,102,87,256,535,1834,1923,168,670,125,88,175,524,155,233,61,194,161,284,802,1768,1883,871,229,539,104,115,256,574,685,498,203,1471,517,516,1742,5527
Datasets/wang/Images/train/class3/344.jpg,15225,1866,1039,812,1314,132,916,837,1383,240,146,104,1131,230,2806,1732,2028,330,243,70,166,31,229,83,938,121,111,90,954,77,1981,654,1003,246,110,123,152,37,137,124,144,59,25,24,107,50,173,240,885,103,142,46,148,19,139,75,1358,85,105,77,1039,61,764,383,1263,169,149,145,261,31,75,49,156,30,34,41,85,26,98,70,155,32,32,24,22,8,30,17,138,20,33,34,53,21,98,97,909,252,127,145,85,20,75,103,95,41,30,41,68,57,187,240,810,82,146,89,57,20,77,84,1026,69,139,129,504,91,443,475,934,818,125,1253,138,116,98,978,132,112,22,126,114,137,158,661,241,93,64,85,45,21,52,68,112,84,25,127,127,78,222,429,152,124,22,114,53,35,40,117,24,27,12,42,34,39,38,143,98,96,21,103,40,40,53,157,98,127,38,435,131,157,154,959,893,835,101,1093,86,52,86,496,130,128,22,138,87,120,150,405,216,75,55,78,19,26,64,100,142,85,53,144,80,79,228,503,2096,2009,148,734,81,103,160,435,168,221,49,176,160,245,776,1606,1901,771,224,421,95,108,249,458,716,436,154,991,463,458,1612,4103
Datasets/wang/Images/train/class3/334.jpg,16081,2289,978,684,1297,130,786,749,1014,188,102,97,919,211,2607,2009,2367,793,172,84,116,20,185,68,752,94,70,74,818,90,2626,787,911,195,88,66,166,28,68,96,99,23,21,13,62,33,135,178,736,101,84,56,150,15,72,54,1187,67,76,88,988,47,656,376,1388,112,145,140,271,17,62,51,145,11,21,21,64,18,84,66,149,33,13,11,14,2,10,13,120,20,30,42,40,13,47,75,774,205,74,113,81,19,57,68,72,35,22,30,72,39,160,220,809,78,82,60,48,13,58,50,1228,62,126,115,425,56,391,293,1053,752,99,1231,114,138,56,1148,69,82,9,84,67,100,135,574,237,108,36,57,21,8,22,42,79,59,16,83,94,59,148,315,113,89,23,85,25,33,20,134,14,24,6,28,17,18,30,136,105,78,16,63,19,38,16,149,111,107,17,507,133,126,118,1101,884,766,66,1114,79,44,83,429,88,93,13,131,61,58,147,364,225,69,28,54,16,17,39,47,110,49,20,134,66,48,163,279,2727,2427,142,633,126,65,190,391,152,175,46,120,173,188,1269,1992,2720,902,192,434,91,77,233,399,707,445,154,1132,388,398,2117,4070
Datasets/wang/Images/train/class3/362.jpg,10328,2731,853,798,1479,107,798,894,711,250,102,73,714,247,2181,2837,2526,540,315,108,136,30,284,77,660,94,77,89,743,55,2926,759,754,293,92,104,135,19,78,100,103,64,14,12,94,35,152,217,669,86,94,57,139,19,94,48,1077,91,72,111,1033,54,610,393,1421,113,152,116,290,23,90,45,129,23,24,17,68,20,91,63,112,15,33,17,18,6,14,12,98,6,21,26,46,13,69,57,817,295,90,111,63,10,83,58,82,43,14,23,68,58,179,245,950,47,86,56,56,8,58,39,1119,45,109,113,425,45,370,302,817,740,92,1303,143,111,73,1332,85,106,15,78,104,97,163,689,241,101,43,90,30,13,44,57,97,55,17,121,91,52,266,403,97,77,15,91,23,24,18,100,11,25,3,26,18,33,37,141,86,90,20,111,31,29,23,116,87,113,33,546,115,134,151,1168,825,897,61,1095,83,63,82,494,94,94,21,123,63,80,188,488,225,71,43,64,14,9,66,60,104,58,30,132,57,49,302,309,3931,3287,145,734,87,91,178,434,170,288,46,132,184,291,1108,2379,3693,699,215,372,72,63,283,344,654,352,118,1101,429,355,2232,4206
Datasets/wang/Images/train/class3/327.jpg,14994,2502,790,761,1218,132,755,751,712,205,93,79,698,177,2237,2350,2363,471,333,104,111,21,287,70,636,92,94,76,764,68,2715,823,798,327,65,76,100,15,73,89,102,55,19,23,73,52,142,182,723,124,100,75,109,10,92,66,1304,78,86,113,1001,48,651,400,1241,134,113,111,336,18,68,62,124,22,25,17,76,14,102,49,114,23,22,15,25,6,17,15,128,13,23,29,50,13,77,69,800,325,74,99,63,9,55,59,93,35,11,23,87,56,156,223,681,81,76,58,48,14,63,58,1274,60,104,128,564,69,422,336,877,829,136,1484,149,130,101,1372,63,75,14,102,89,100,156,668,231,100,67,86,24,11,49,66,76,44,17,88,82,55,295,408,105,101,14,97,29,40,23,123,16,12,4,23,14,34,44,146,78,76,15,105,23,26,21,121,94,87,22,539,93,121,134,1042,812,886,82,1132,100,55,105,598,86,94,18,99,67,71,188,437,192,82,50,57,18,15,62,60,97,56,29,108,76,45,300,361,2345,3399,169,656,98,84,191,473,175,246,58,165,194,354,1069,2204,2207,842,199,419,65,76,236,360,637,413,145,1052,456,340,2040,3749
Datasets/wang/Images/train/class3/306.jpg,19585,2180,894,745,1236,176,762,765,846,246,149,130,747,246,1896,1847,2095,609,238,111,134,38,209,77,675,122,73,121,630,92,1813,982,862,220,70,81,102,24,96,88,92,43,30,20,73,47,161,229,666,106,83,53,93,15,86,64,1371,67,78,107,828,50,519,421,1138,137,119,97,286,19,85,54,89,23,28,31,86,27,127,90,118,44,19,12,21,8,16,19,83,15,19,27,42,22,87,86,687,215,84,73,80,19,61,60,79,46,21,19,93,50,174,251,719,75,90,54,46,10,57,62,955,44,93,118,442,60,386,387,958,771,109,1383,107,105,71,922,88,80,23,89,77,89,157,628,233,138,50,77,34,20,47,54,84,79,25,109,90,45,209,436,130,100,19,88,28,25,27,95,13,29,2,33,23,32,58,155,109,132,22,100,14,31,24,111,86,111,23,626,101,106,145,1012,816,701,61,929,97,65,84,520,80,85,13,82,66,62,164,454,202,103,39,54,18,20,45,66,94,66,18,116,51,45,199,393,2275,2245,179,595,101,82,212,402,164,197,47,132,164,222,1192,1972,2340,1041,240,462,75,106,268,410,611,374,147,997,367,372,1943,4291
Datasets/wang/Images/train/class3/347.jpg,17318,2361,1190,686,913,113,813,607,1419,266,179,109,970,232,3431,2408,2495,546,267,129,181,44,258,94,927,118,97,100,850,99,2194,919,1015,254,142,87,128,25,110,93,145,46,31,21,77,46,181,171,684,123,71,59,158,20,118,69,1013,64,84,65,744,60,737,287,878,213,104,120,211,25,66,59,115,44,39,41,70,27,109,69,105,50,24,24,21,21,24,24,66,30,21,45,46,26,79,122,775,287,104,139,58,29,74,70,74,59,32,55,91,64,192,241,633,110,94,64,39,26,67,83,576,64,76,89,362,63,389,358,699,588,107,757,95,82,73,564,90,96,30,77,67,84,183,571,271,114,47,56,42,21,50,53,80,64,31,74,104,74,236,326,183,113,49,67,42,20,24,71,25,28,25,22,20,30,75,132,98,111,24,59,67,43,31,101,68,68,18,244,135,149,181,702,647,592,67,689,56,39,74,311,100,94,34,139,69,75,175,412,218,124,33,60,22,47,60,76,83,108,32,152,73,110,272,503,2372,2251,159,569,85,95,194,385,188,297,62,185,206,328,1162,2133,2642,951,202,353,104,131,239,412,621,395,141,720,465,576,2185,4227
Datasets/wang/Images/train/class3/332.jpg,16804,1997,890,774,1547,113,926,885,982,191,103,71,931,179,2438,2207,1865,364,198,84,113,27,201,72,745,79,88,86,823,70,2124,740,1005,212,91,73,137,21,78,102,106,35,11,12,82,33,150,178,899,74,73,41,101,10,111,42,1802,76,100,121,1395,38,669,420,1439,111,135,135,363,21,69,69,109,13,23,22,77,16,76,62,108,20,14,15,13,5,12,8,120,7,21,27,55,10,55,53,951,165,94,107,68,12,77,59,83,33,9,31,88,29,129,161,909,53,85,61,61,8,75,49,1399,45,102,149,533,57,397,298,989,788,98,2129,152,128,76,1513,88,78,17,122,82,106,135,717,208,78,28,87,21,15,25,51,74,59,11,115,73,66,236,367,99,75,9,115,23,21,13,111,9,9,6,31,19,20,35,121,73,81,16,121,17,25,18,137,95,112,29,637,101,111,131,1244,864,927,72,1499,91,75,117,649,92,75,12,103,44,63,163,373,167,58,22,68,9,12,47,59,120,46,24,107,64,44,213,321,2331,2064,140,661,63,44,137,392,137,180,29,129,166,216,895,1743,1981,618,146,379,66,47,174,283,726,368,138,1135,364,276,1688,3641
Datasets/wang/Images/train/class3/359.jpg,9428,2257,822,836,1465,131,931,989,832,245,124,82,856,224,2285,2216,2341,432,311,94,146,38,268,88,853,107,90,95,988,95,2910,780,884,273,119,100,141,26,117,109,135,60,23,23,83,39,160,222,871,104,111,58,113,22,154,76,1427,76,106,119,1044,80,785,382,1443,160,136,122,335,29,93,71,133,24,37,23,80,27,80,60,144,40,25,14,30,4,20,11,102,20,23,23,73,17,67,70,941,246,117,125,93,32,87,98,99,62,21,30,122,54,173,220,1161,85,114,70,68,20,60,58,1405,53,125,137,627,93,476,430,855,859,103,1399,138,103,93,1346,103,93,23,104,102,100,171,740,230,108,43,79,36,10,34,65,107,60,31,126,122,72,261,436,135,92,22,101,31,36,22,110,15,25,4,45,22,34,54,121,101,98,26,128,32,38,37,133,119,130,37,612,152,148,156,1172,889,980,74,1211,98,71,115,677,111,136,28,113,79,79,156,421,224,82,34,70,29,20,42,85,127,77,29,130,98,82,284,399,2339,2565,161,813,92,78,141,410,168,244,37,158,148,249,1032,1949,2409,764,214,394,69,81,250,410,894,448,159,1142,495,480,2124,4482
Datasets/wang/Images/train/class3/366.jpg,9964,2373,945,840,1634,190,827,844,887,345,151,135,940,261,1638,2044,2324,425,284,132,207,38,244,103,839,125,146,95,899,106,1484,738,850,245,140,171,188,44,156,181,147,68,33,41,110,55,165,291,781,153,165,113,137,43,187,124,1208,112,118,142,1214,91,734,504,1528,180,181,150,375,35,95,94,192,52,59,40,118,30,111,124,213,42,54,32,28,8,38,37,157,39,44,61,78,38,100,147,802,240,127,183,108,29,117,129,112,56,45,68,92,94,195,308,757,96,175,119,68,39,140,144,851,101,184,186,678,134,512,657,888,765,160,979,169,142,110,806,158,162,41,112,151,182,142,672,296,105,85,101,42,34,68,97,175,109,43,135,175,107,261,503,139,115,39,118,57,53,53,149,46,41,26,66,34,60,71,208,120,114,46,118,49,58,68,175,122,147,43,549,163,201,242,1290,787,718,121,966,82,69,106,603,161,190,37,171,127,129,178,529,234,116,67,95,31,37,81,101,181,113,59,218,125,126,304,630,1326,1304,172,636,119,94,214,532,201,202,69,187,197,288,832,1947,1669,570,261,445,96,101,280,629,651,421,228,1246,544,607,2050,5719
Datasets/wang/Images/train/class3/357.jpg,18172,2303,1063,778,1259,86,911,726,863,226,110,68,887,211,3334,2055,2224,380,245,72,109,24,232,69,680,107,90,80,752,73,2481,736,774,243,53,58,141,11,65,68,74,31,7,8,70,28,126,205,698,91,67,40,128,9,84,34,1312,63,78,93,1115,36,640,327,1467,106,118,111,275,14,84,53,109,10,26,18,57,16,67,45,83,26,12,8,15,6,9,11,84,13,20,17,33,6,60,51,773,262,66,92,63,12,39,50,67,30,8,17,84,41,127,216,671,75,62,46,53,7,46,28,1162,37,97,105,450,43,389,252,924,766,97,1270,111,93,66,919,75,74,11,76,70,83,164,619,207,93,35,52,23,10,31,46,63,54,9,89,80,44,197,279,100,76,7,94,18,14,13,89,18,8,4,20,10,18,29,100,77,73,19,91,21,19,26,102,87,94,21,637,116,147,110,1084,1003,853,64,1206,79,35,74,432,69,81,7,114,70,47,158,385,174,67,33,57,10,9,32,50,95,38,13,117,49,36,214,301,3494,2925,121,673,78,59,149,409,135,225,33,114,153,258,910,2005,2432,727,190,376,53,53,189,250,601,359,108,1141,404,261,2082,3334
Datasets/wang/Images/train/class3/353.jpg,11869,2343,891,693,1262,183,799,637,973,258,181,110,796,219,1925,1620,2410,618,271,126,190,54,287,89,766,141,107,95,805,105,1958,759,980,301,166,118,151,35,117,115,141,60,29,34,94,57,183,160,760,129,116,80,148,33,151,86,1146,95,117,129,1008,87,700,448,1193,186,145,140,336,39,104,71,167,48,36,28,90,30,120,89,184,45,37,26,37,19,28,30,135,22,32,53,88,25,103,107,769,293,130,140,73,26,84,107,97,63,34,46,102,54,226,264,763,118,146,86,82,28,108,100,917,98,142,136,553,131,517,511,877,704,171,997,159,123,86,856,123,97,25,90,106,134,180,585,278,131,74,93,57,34,54,79,126,65,28,123,126,98,253,461,175,126,38,103,38,41,38,117,28,34,17,36,35,50,66,196,105,99,35,123,45,34,57,159,99,90,39,411,152,164,219,1024,798,847,105,869,91,71,86,479,104,150,42,151,92,102,188,521,262,121,66,81,32,32,66,112,119,82,52,160,107,115,271,576,2219,2336,186,688,122,92,174,524,204,257,73,204,198,283,973,2111,2157,979,224,481,110,160,250,534,692,458,176,1046,546,576,2067,5341
Datasets/wang/Images/train/class3/307.jpg,8379,2263,833,745,1569,224,868,860,794,317,175,150,787,332,1404,2198,2194,556,233,141,232,37,232,115,749,160,109,154,759,133,1513,943,816,243,123,130,205,46,125,153,134,51,36,41,149,55,180,300,707,106,121,102,158,22,152,121,926,141,129,148,1036,103,680,576,1524,167,165,146,395,45,118,118,189,42,44,58,119,24,144,155,211,53,48,26,41,14,34,39,169,29,50,48,105,40,115,162,765,229,140,144,118,38,104,152,122,56,38,69,129,70,194,329,759,119,148,118,96,17,124,140,957,97,175,180,654,116,518,682,853,743,149,936,182,173,116,1027,142,121,38,134,108,168,177,707,323,149,57,92,43,38,61,98,138,122,49,148,142,120,242,604,157,123,45,128,54,47,33,171,37,37,22,49,37,59,68,254,141,116,34,151,44,53,56,212,128,123,58,510,184,199,238,1374,789,758,114,1015,104,92,108,617,96,145,35,160,89,116,177,603,305,146,49,94,32,23,71,113,129,107,61,188,117,133,255,675,1398,1651,178,657,117,110,207,516,154,264,66,227,173,251,814,1980,2146,922,316,585,126,154,340,689,663,589,240,1318,554,704,1910,5944
Datasets/wang/Images/train/class3/349.jpg,8466,2427,647,675,1915,148,742,854,623,326,101,107,823,279,1396,1896,2387,622,263,127,177,40,196,86,745,155,81,147,838,97,1786,867,623,250,98,108,158,34,126,113,104,55,27,18,89,46,141,240,767,156,98,100,126,19,127,70,1416,127,109,161,1348,69,788,625,1854,168,172,141,420,30,128,83,176,29,38,26,119,25,113,77,162,38,25,18,26,5,15,20,141,21,35,35,69,17,85,85,800,237,115,105,112,15,93,93,73,54,17,40,117,52,196,308,824,82,109,90,71,15,88,65,1890,83,156,158,868,78,518,433,664,730,85,1383,171,138,113,1988,84,134,14,110,124,130,150,802,284,130,41,124,24,16,50,71,104,88,27,137,129,76,202,510,122,107,13,102,34,15,19,144,28,30,11,41,17,31,47,181,86,138,37,168,35,36,35,155,104,153,38,703,125,146,170,1678,770,789,101,1153,142,81,126,821,107,99,13,117,94,70,181,512,287,81,36,55,29,14,52,67,121,83,43,139,81,62,236,385,1510,2065,133,732,151,82,183,502,155,216,49,169,186,242,955,2153,2058,958,303,522,86,95,288,436,789,574,172,1613,550,438,2136,5272
Datasets/wang/Images/train/class3/326.jpg,11931,2474,1020,812,1637,118,915,777,1055,293,132,86,929,248,2164,1853,2443,512,299,100,122,25,283,68,743,98,96,80,808,75,2332,618,836,321,109,82,133,29,79,86,122,58,14,23,77,58,153,200,690,107,90,58,125,18,115,62,1655,97,115,136,1313,61,679,395,1591,140,135,113,416,18,105,50,148,18,34,25,108,15,85,64,147,23,33,16,28,10,29,20,130,12,20,33,47,13,79,87,717,303,94,104,65,21,52,79,77,59,20,31,86,59,160,257,650,94,86,70,49,15,54,57,1432,62,123,141,612,81,373,379,929,825,119,2091,137,117,103,1583,88,73,18,150,82,92,132,666,280,94,46,105,33,18,60,65,92,69,27,139,86,56,251,381,142,90,29,112,22,33,30,131,14,36,5,37,15,35,59,134,70,72,19,145,14,35,18,134,113,132,38,799,132,116,151,1241,753,822,72,1604,102,56,85,697,87,85,28,114,69,60,183,393,266,75,46,72,18,13,60,81,108,53,24,141,68,55,283,395,1603,2322,134,676,87,46,153,388,158,259,46,166,151,267,859,2161,2075,727,245,364,65,84,260,382,615,393,154,1235,413,388,2102,4426
Datasets/wang/Images/train/class3/318.jpg,9439,2376,746,743,1830,175,694,721,618,230,113,95,664,217,1678,1649,2328,575,281,100,147,46,212,77,657,111,96,119,713,99,2146,786,666,281,90,106,129,26,80,103,103,52,16,24,88,42,165,211,689,140,100,79,133,12,113,61,1381,123,108,139,1150,82,650,488,1759,148,174,133,651,29,133,86,138,33,24,26,105,23,121,80,150,38,24,20,25,3,19,11,121,17,23,28,67,15,90,100,809,247,104,107,104,14,115,83,79,34,22,29,115,50,178,250,746,103,103,76,65,19,81,56,1304,79,113,148,794,104,499,383,705,747,148,1757,140,143,107,1774,75,101,27,108,93,120,154,674,274,142,44,161,40,27,52,82,84,87,22,155,104,74,214,484,133,101,20,124,17,19,25,136,31,16,12,37,22,24,56,167,104,111,25,154,23,28,32,166,108,138,39,890,124,155,185,1523,805,765,105,1289,134,73,135,1044,90,127,19,134,88,77,194,524,247,99,51,67,20,12,50,94,104,82,33,132,84,60,289,434,2245,2451,163,710,127,74,197,554,174,231,43,192,219,283,959,2074,2275,961,200,484,107,96,235,420,652,470,149,1432,495,467,2107,5119
Datasets/wang/Images/train/class3/338.jpg,13276,2573,1015,700,1548,138,923,711,1255,318,154,107,1004,250,2644,2004,2583,571,334,124,137,50,278,83,812,122,102,110,818,83,2235,748,784,290,101,109,183,36,94,106,113,70,27,24,78,62,182,220,650,104,101,73,135,23,126,67,1187,79,112,108,1000,57,643,414,1430,128,174,116,372,23,92,69,187,35,51,36,95,18,101,70,136,42,42,25,24,6,17,12,159,24,37,49,51,19,74,87,666,253,91,119,83,24,73,72,80,42,17,30,102,76,174,276,746,91,104,94,56,15,92,56,1103,51,130,161,551,77,450,411,752,611,104,1026,168,127,93,1051,100,92,23,118,102,113,159,652,249,107,65,76,37,20,65,68,96,63,35,128,95,60,320,419,123,94,26,93,52,36,18,119,17,16,6,33,23,37,54,130,85,114,17,97,39,60,29,147,98,115,35,739,129,174,160,1300,651,571,89,971,94,54,94,535,93,91,31,120,66,61,177,394,180,84,65,61,24,11,61,80,108,63,29,166,65,64,353,383,1637,2058,150,559,97,69,163,393,161,285,40,147,168,322,1105,2291,2237,815,237,343,62,87,278,407,665,429,131,1173,445,412,2276,4753
Datasets/wang/Images/train/class3/377.jpg,10376,2307,816,742,1559,142,807,809,796,235,123,104,841,198,2147,2089,2315,596,276,103,133,42,238,82,722,109,82,109,875,70,2251,821,883,270,69,106,164,26,115,86,113,52,17,26,97,34,166,189,824,145,92,54,139,19,115,53,1431,95,106,145,1274,67,768,455,1626,176,151,156,469,21,111,60,159,26,44,32,120,24,123,71,155,37,30,17,31,7,18,29,138,18,31,34,68,22,75,101,861,257,105,104,83,24,63,70,75,31,23,27,107,44,171,240,882,87,96,78,60,13,66,61,1415,75,142,153,649,58,462,362,836,780,125,1498,164,145,85,1218,91,86,16,105,102,93,149,775,217,130,50,100,27,13,30,56,91,73,26,135,83,63,233,442,125,93,21,106,44,38,24,136,31,17,9,37,21,32,38,126,83,97,16,116,47,42,34,151,114,135,43,705,118,152,161,1308,837,893,77,1255,122,77,84,606,100,102,25,125,70,64,188,462,208,88,31,71,22,9,50,75,120,68,38,132,61,63,253,408,2258,2996,176,740,141,105,157,442,197,252,69,152,170,230,945,1953,2223,933,179,445,98,101,198,412,771,476,141,1384,456,374,1919,4660
Datasets/wang/Images/train/class3/379.jpg,9765,2788,797,799,1635,126,773,744,659,292,107,72,709,260,1740,2195,2737,600,298,119,185,41,303,87,649,107,90,126,672,67,2432,830,755,284,100,99,156,15,97,96,94,53,25,22,87,43,135,235,659,128,72,55,117,29,105,56,1257,100,91,130,1185,53,600,420,1650,148,159,115,519,25,100,59,115,23,35,30,111,17,108,76,103,30,29,13,27,4,16,19,90,13,15,40,67,12,78,51,811,281,85,129,105,22,69,56,80,41,20,39,132,49,163,266,643,64,76,70,45,15,64,54,1263,66,110,128,699,49,434,319,821,789,118,1493,148,112,79,1465,85,90,21,105,80,103,157,648,249,125,51,113,27,21,42,64,82,76,19,133,114,58,275,461,118,67,20,112,30,34,23,104,19,24,7,28,19,20,49,146,70,135,21,137,25,30,25,118,86,142,25,868,135,149,163,1425,787,807,105,1424,112,65,132,760,86,107,20,148,76,69,199,498,222,78,33,61,20,23,65,79,88,59,18,138,66,59,300,403,2249,3108,127,669,121,60,157,461,140,257,40,160,157,278,1212,2610,2116,925,197,361,73,84,276,379,570,399,141,1506,419,373,2436,4761
Datasets/wang/Images/train/class3/372.jpg,12402,2697,924,787,1158,152,921,853,908,254,138,100,892,205,2512,2414,2622,570,285,100,160,29,254,102,775,102,106,99,714,99,2563,760,907,283,95,93,138,37,97,134,125,61,28,29,95,35,158,209,718,123,100,67,104,17,143,64,1021,90,99,125,816,59,669,381,1101,156,132,142,264,25,97,56,132,28,25,42,92,15,93,92,142,26,39,18,23,4,22,15,127,8,31,35,54,23,74,73,894,260,109,146,89,19,75,69,69,54,23,39,82,52,192,245,850,93,115,79,59,19,83,55,1030,56,125,129,482,79,437,416,869,774,134,1112,162,129,80,1128,88,105,20,94,109,119,173,738,246,138,38,87,26,12,47,74,95,63,19,105,101,61,277,430,111,102,17,104,31,36,25,135,20,29,5,30,33,32,50,161,92,117,22,104,28,37,27,133,80,112,32,312,123,134,158,908,857,846,99,873,107,68,86,496,117,122,27,110,85,88,167,466,237,84,21,70,20,14,51,87,139,71,37,149,90,59,286,372,2565,2649,169,732,77,82,196,514,158,256,45,144,174,281,1235,2425,2400,843,225,407,72,86,262,409,689,389,170,857,435,409,2326,4446
Datasets/wang/Images/train/class3/311.jpg,11237,2453,1107,824,1337,131,1134,936,946,258,122,81,974,254,4037,3116,2325,368,224,75,125,34,203,79,669,89,86,72,745,70,2628,688,795,187,70,69,124,18,96,86,117,50,11,21,93,35,182,267,696,85,79,52,97,16,97,56,1138,70,94,103,1099,48,681,353,1333,133,106,110,370,22,61,56,119,26,32,19,68,12,80,53,120,20,22,19,20,4,11,15,105,8,24,24,52,21,65,63,827,173,101,105,73,21,56,61,76,30,15,35,70,53,179,271,715,53,93,52,49,9,70,47,1115,41,112,127,534,57,384,376,1052,888,118,1532,132,101,72,1222,96,80,17,101,87,128,182,756,241,98,40,71,28,11,40,39,99,54,19,124,94,53,187,358,102,63,14,99,28,18,19,112,11,12,3,29,22,22,38,119,83,96,17,109,20,20,26,128,81,106,41,552,110,117,131,1011,1119,1146,86,1220,52,53,117,536,89,90,22,121,57,62,182,385,218,61,41,40,12,20,55,57,99,58,28,127,61,54,221,349,3231,2955,167,723,85,50,159,428,157,168,41,102,153,200,1089,2110,2888,615,255,329,49,59,283,318,632,334,130,1030,362,320,2048,3656
Datasets/wang/Images/train/class3/317.jpg,10838,2278,926,843,1420,176,833,805,899,231,123,108,773,224,1602,1848,2119,483,279,109,178,36,285,102,812,108,108,113,848,95,1854,747,968,267,119,126,148,42,115,138,143,63,34,30,116,51,150,264,875,135,112,78,117,14,155,84,2026,106,130,135,1233,68,609,436,1407,155,154,143,305,25,89,62,171,41,45,26,108,31,100,82,175,54,30,20,26,7,24,15,133,22,44,37,69,25,89,120,892,274,112,155,83,22,82,89,104,51,32,57,110,53,174,270,834,125,144,88,62,21,85,96,1459,85,124,155,664,108,432,550,966,827,136,1664,141,135,113,1284,138,107,22,139,112,138,163,693,231,144,50,91,37,17,52,84,129,91,33,120,122,94,261,463,146,133,29,137,40,31,30,140,32,38,13,48,34,35,63,173,111,112,46,133,44,48,45,153,134,122,52,511,120,187,211,1089,860,913,97,1369,113,86,100,581,112,122,33,129,80,97,141,488,236,110,63,97,30,31,74,100,126,83,45,166,110,82,310,555,1630,1779,141,675,106,106,192,432,152,282,52,184,175,261,837,1857,1951,764,226,500,106,127,297,539,648,464,164,1176,476,539,1896,5002
Datasets/wang/Images/train/class3/302.jpg,11256,1958,876,726,1645,133,845,850,1249,242,147,102,1180,234,2545,1777,1978,357,324,110,176,34,233,87,780,104,92,92,947,84,2087,626,870,270,111,97,146,24,98,126,140,51,28,21,95,54,150,267,751,103,108,78,128,20,127,86,1591,130,136,146,1168,80,724,441,1401,160,157,139,467,32,81,91,160,41,19,31,117,32,93,71,138,30,44,21,36,13,29,22,149,9,27,37,89,25,81,105,807,246,89,110,94,25,67,70,88,62,28,40,101,66,155,281,789,76,117,89,81,30,81,100,1444,88,156,156,758,123,429,547,820,732,143,1633,186,154,112,1799,116,128,35,126,99,121,150,724,249,105,66,103,34,25,52,89,115,65,35,124,122,73,230,420,105,106,21,128,44,29,20,145,32,33,15,59,36,55,58,175,83,83,29,142,33,31,31,189,134,127,50,621,151,155,177,1279,772,770,87,1244,102,69,93,732,116,91,29,150,86,91,174,446,216,87,59,72,34,30,65,103,115,60,44,151,86,90,260,521,1900,2032,147,626,100,88,161,434,160,226,49,172,153,294,763,1641,1916,655,229,435,62,100,263,515,698,443,192,1188,444,539,1741,4675
Datasets/wang/Images/train/class3/376.jpg,13298,2046,1210,762,1604,138,1031,975,1072,255,165,85,1013,224,3301,2098,2070,402,235,126,140,27,198,65,768,104,95,87,825,80,2211,691,837,212,90,83,151,24,112,85,126,49,19,24,83,46,167,214,746,111,87,55,135,20,122,82,1336,96,123,118,1053,82,680,448,1383,148,141,147,361,21,74,62,135,20,33,33,91,15,114,72,144,32,28,12,30,10,24,17,144,20,39,45,55,17,79,78,778,182,95,117,80,21,51,86,116,48,25,33,103,58,156,244,805,81,101,69,62,20,74,67,1247,69,137,148,533,89,453,410,803,744,116,1557,144,147,66,1303,100,110,19,121,79,116,175,757,238,114,34,113,37,11,45,76,114,67,18,143,92,64,188,405,99,96,27,126,31,33,18,138,20,32,5,41,22,41,43,165,80,60,28,134,27,39,25,141,131,109,43,663,152,142,139,1196,729,740,83,1186,94,60,114,543,83,107,30,121,72,79,171,412,210,90,34,66,33,12,45,76,114,77,22,131,75,87,257,399,2020,2249,135,683,90,82,148,440,158,205,50,137,179,242,748,1790,2614,686,202,439,79,86,260,443,666,388,151,1143,397,406,1799,4200
Datasets/wang/Images/train/class3/330.jpg,15997,2117,1067,857,1455,135,1007,909,1229,179,113,81,1101,187,3468,2212,2010,422,223,92,133,26,199,62,817,100,101,84,865,56,2340,743,836,206,81,78,117,22,80,91,118,39,17,19,87,40,175,157,713,106,77,58,98,14,97,65,1719,102,96,148,947,51,771,414,1379,125,122,108,383,29,126,65,116,23,34,24,104,20,102,78,122,18,18,10,25,6,26,12,115,12,26,26,49,12,65,53,763,192,95,86,73,12,76,58,71,37,17,20,141,47,186,190,715,77,90,55,46,16,52,40,1073,82,123,151,612,68,386,316,780,719,106,1662,136,104,62,1224,90,90,19,134,88,106,189,779,179,95,37,98,18,15,38,65,80,66,30,135,98,55,195,399,102,91,17,128,17,22,21,113,13,17,7,32,17,23,46,146,73,92,20,143,18,19,20,122,120,130,24,659,105,133,146,1132,815,699,87,980,108,52,134,641,85,72,17,117,71,54,156,457,156,67,22,65,14,16,29,76,90,43,27,138,64,42,231,334,2401,2334,158,619,95,68,141,422,155,181,42,141,154,234,957,1814,1804,691,175,358,53,65,187,318,567,398,156,1036,391,327,1673,3870
Datasets/wang/Images/train/class3/321.jpg,11050,1680,1038,708,1717,194,921,760,1243,219,185,111,1077,168,2758,1740,1691,414,261,95,196,60,256,94,858,95,125,113,1018,79,2315,870,963,237,183,103,242,53,121,108,150,76,43,32,124,61,159,203,720,113,103,70,166,40,134,87,1172,85,173,150,1032,75,831,544,1713,168,243,195,560,44,100,67,196,46,52,53,107,44,86,89,159,52,66,35,64,35,28,41,162,34,39,49,87,39,88,125,767,218,124,131,106,43,84,69,112,41,37,42,109,71,171,191,704,80,105,102,108,55,101,118,1281,68,179,184,691,126,590,652,981,692,156,1083,232,205,109,1323,192,103,34,110,112,113,168,789,220,106,61,81,50,38,54,73,132,72,37,135,147,103,207,428,129,81,41,103,52,39,34,215,46,47,19,63,44,53,58,188,85,92,25,132,50,53,40,199,131,144,69,675,201,243,211,1343,774,782,108,1300,90,78,106,589,107,121,40,226,83,73,171,492,147,87,59,71,33,33,67,128,146,89,45,242,91,138,256,520,1609,1616,147,685,86,79,143,364,165,196,68,204,161,238,717,1386,1295,673,138,430,81,140,203,559,642,428,185,1414,412,612,1457,5164
Datasets/wang/Images/train/class3/345.jpg,11725,2695,926,772,1278,124,928,833,817,270,112,98,872,240,2652,2604,2639,555,363,128,150,26,331,80,749,120,98,85,848,77,2753,850,918,313,80,94,126,32,75,82,126,53,9,20,81,48,170,237,805,117,90,77,104,19,114,57,1141,84,87,119,899,53,701,393,1245,136,113,95,320,19,75,40,106,27,23,21,95,15,103,70,127,18,24,16,15,4,21,6,75,17,21,28,48,13,75,93,883,284,89,124,64,25,62,74,70,65,15,34,75,60,177,280,834,81,97,65,47,17,76,61,931,47,85,94,449,88,427,353,1006,823,94,1214,116,95,65,920,99,115,15,100,79,116,185,784,241,92,70,88,20,14,41,62,87,65,22,112,107,40,308,420,124,86,19,92,32,19,17,90,22,27,11,34,19,30,42,150,76,82,19,110,18,32,44,95,93,92,30,454,112,108,151,998,1059,992,73,981,68,59,99,524,89,84,14,89,81,91,190,446,220,92,59,55,17,12,47,74,112,57,34,123,65,55,363,386,2950,2932,164,821,102,68,176,446,189,311,33,151,167,345,1028,2330,2340,806,221,385,76,86,256,372,680,373,134,900,446,382,2326,4020
Datasets/wang/Images/train/class3/355.jpg,9498,2066,957,710,1382,239,750,770,978,275,165,125,750,270,1614,1952,1930,452,319,121,231,50,250,112,735,108,141,126,702,115,1481,689,993,298,135,163,176,57,120,199,184,64,35,53,131,76,165,345,782,143,129,85,182,38,131,125,1117,104,121,133,1001,83,554,438,1385,255,182,158,332,47,96,109,209,66,51,50,108,46,109,118,255,57,51,41,55,14,47,37,196,36,54,51,102,54,101,112,832,286,117,128,110,40,72,129,150,69,30,59,118,73,168,340,759,127,205,122,98,43,105,230,994,108,240,237,582,131,452,702,1019,735,188,1104,207,206,157,1065,164,133,55,156,126,141,178,580,288,148,70,104,56,56,66,121,124,80,47,133,155,125,314,451,216,179,55,118,46,46,39,264,31,46,17,62,37,51,61,282,127,118,43,150,43,48,60,230,134,118,58,507,182,209,220,1267,758,749,139,1056,122,123,143,644,133,199,51,189,94,125,172,487,279,137,83,112,41,40,75,154,149,123,57,204,130,176,365,741,1544,1324,170,612,109,108,191,516,198,319,81,207,198,326,854,1826,1683,702,323,486,116,151,357,821,597,451,238,1195,469,755,1672,5900
Datasets/wang/Images/train/class3/337.jpg,15665,2294,1105,726,1447,141,924,664,1488,304,159,96,1197,257,3053,2092,2264,521,264,111,164,35,220,73,941,127,100,106,818,87,1796,728,940,237,113,116,154,43,107,100,139,56,17,34,97,48,164,229,744,89,122,50,152,17,134,70,1484,79,122,107,1161,76,717,364,1290,139,148,111,289,29,91,62,163,34,29,32,90,22,90,53,133,36,30,18,30,4,24,9,143,24,27,30,66,18,69,76,780,191,95,139,78,15,72,67,80,51,27,31,111,76,179,282,756,81,84,70,72,19,81,66,1042,64,137,151,542,106,430,408,832,593,109,1157,133,143,92,972,114,98,16,101,93,128,155,608,273,94,54,82,44,19,58,65,100,62,23,105,119,64,207,361,123,65,26,98,31,31,35,128,26,20,13,40,22,43,51,121,109,92,27,122,39,44,31,161,115,114,40,652,134,156,129,1095,693,636,82,904,97,64,96,430,107,128,20,116,76,72,170,366,230,73,48,60,35,13,58,78,129,78,32,129,71,85,243,366,1654,1705,155,558,88,89,167,381,176,205,55,139,175,246,968,1946,1904,671,217,379,76,88,270,431,600,358,156,1111,381,436,2056,4554
Datasets/wang/Images/train/class3/368.jpg,18188,2297,1156,782,1173,147,978,705,1452,253,175,109,1074,188,2515,1974,2372,503,275,113,136,41,251,91,860,130,92,86,842,73,2419,700,1022,230,83,85,111,28,104,100,108,51,23,17,76,48,159,182,758,111,83,60,84,17,96,69,1650,67,105,113,867,60,715,360,1131,125,113,74,207,19,80,46,134,21,25,29,67,26,113,87,116,41,26,22,14,6,19,18,89,12,30,38,36,21,83,87,836,224,85,112,78,18,62,55,79,45,25,35,90,55,181,224,672,71,78,64,41,9,70,60,880,59,80,106,396,57,363,327,1003,697,118,1389,120,82,71,924,87,72,21,95,90,119,147,603,218,115,49,71,14,14,41,42,80,52,28,90,79,61,211,361,129,89,28,88,28,24,22,89,18,17,6,32,25,30,55,168,70,97,18,102,24,38,25,96,90,92,30,625,94,99,132,925,806,662,74,900,77,37,91,407,79,87,21,67,54,75,182,405,193,75,45,45,16,15,61,71,125,64,20,104,84,44,269,350,2199,2318,154,569,104,56,185,362,175,230,58,135,186,248,1001,1981,2003,672,169,366,76,107,209,364,617,332,146,859,412,327,2059,3891
Datasets/wang/Images/train/class3/365.jpg,9114,2719,936,589,1116,243,589,595,933,369,178,120,657,323,1396,2137,2731,786,382,145,190,67,359,166,685,135,118,103,586,133,1790,937,931,390,158,136,190,62,122,154,175,89,45,42,116,102,190,294,691,180,136,73,169,37,142,102,849,100,119,105,791,106,542,480,1150,236,181,138,224,47,94,80,201,40,58,49,84,46,112,125,223,74,57,41,38,25,43,51,191,33,46,62,93,42,107,148,690,353,126,138,84,32,84,133,121,88,38,45,82,94,179,352,716,165,137,105,102,46,119,138,1032,124,189,199,479,144,529,721,878,623,146,584,215,187,112,899,169,153,43,112,118,132,205,603,386,146,81,102,52,36,86,107,137,78,42,101,128,104,320,512,195,117,47,119,46,43,46,180,50,41,17,43,41,61,94,236,136,97,51,126,43,56,56,182,113,96,60,269,158,161,205,973,624,561,107,700,96,88,91,432,122,145,30,138,88,135,173,467,369,138,79,97,43,43,97,129,147,117,72,159,116,150,375,627,1422,1965,158,517,111,111,191,501,195,349,78,221,210,372,1049,2497,2093,894,307,503,115,179,356,750,626,515,262,990,556,703,2631,6223
Datasets/wang/Images/train/class3/304.jpg,14051,1644,883,878,1281,118,1026,1125,889,185,91,90,942,203,3319,2780,1677,266,141,73,94,24,153,47,855,84,66,88,1000,56,2276,665,873,147,75,75,125,20,86,84,88,31,7,19,74,27,148,190,883,62,82,52,86,7,97,56,1665,69,94,113,1187,41,735,345,1288,85,91,104,331,12,81,34,96,10,26,28,67,19,65,71,113,19,17,13,16,3,16,7,84,11,17,28,32,11,56,49,1138,154,80,78,66,2,53,31,73,31,13,18,81,32,139,167,1325,49,70,47,43,10,48,40,1215,37,93,97,540,55,409,256,960,930,91,1491,88,89,68,980,78,84,11,85,93,77,138,742,193,70,33,71,25,8,27,53,73,56,19,97,68,53,118,308,143,72,19,83,14,14,15,65,12,13,6,19,12,24,35,107,79,86,17,79,16,24,12,82,91,99,37,582,63,91,120,943,1219,1339,69,1210,64,41,88,460,86,65,15,89,53,44,130,364,192,62,34,42,7,20,35,49,73,53,27,90,58,39,142,263,5316,3163,159,817,70,49,150,389,142,151,31,101,140,163,794,1346,3681,879,198,368,49,62,214,275,840,365,122,999,380,254,1288,3097
Datasets/wang/Images/train/class3/312.jpg,9964,2504,874,813,1380,150,793,823,995,241,130,102,978,233,2402,2184,2392,507,292,101,152,36,284,85,904,111,116,99,1020,98,2732,733,967,273,125,103,161,26,109,127,139,54,30,29,95,51,151,238,874,142,119,78,126,18,140,95,1211,76,114,113,1063,71,767,437,1452,172,138,139,297,27,87,63,161,37,37,41,89,19,104,77,147,32,40,20,20,4,20,24,135,21,33,39,61,21,69,88,912,255,108,126,94,25,84,89,110,60,38,41,91,57,171,250,922,92,119,63,64,24,97,97,1129,66,131,160,504,89,460,473,842,825,123,1203,164,136,72,1126,147,84,30,122,137,131,185,685,246,116,58,79,27,27,57,79,115,62,29,110,130,78,283,430,131,100,32,103,34,29,25,132,28,39,13,34,32,37,55,171,108,110,26,132,33,30,49,144,104,116,46,525,129,175,169,1063,803,868,101,1147,80,73,90,525,130,131,21,125,84,80,164,491,233,88,49,67,34,20,61,115,143,68,35,159,93,90,314,500,2147,2585,170,730,93,85,178,460,168,264,57,173,164,300,1018,2102,2041,725,217,438,60,109,233,445,733,421,179,1081,410,512,2001,4790
Datasets/wang/Images/train/class3/335.jpg,16572,2398,1086,853,1287,125,818,772,1098,254,127,106,850,217,2090,1817,2456,490,242,116,108,33,250,79,798,92,103,106,699,86,2096,779,973,253,106,95,137,31,115,94,121,39,18,23,87,37,162,202,746,112,99,72,118,20,123,54,1449,70,92,128,1034,62,654,381,1261,152,128,147,201,15,68,43,168,21,30,26,54,16,82,83,118,38,32,19,16,6,18,12,153,12,31,36,50,14,62,50,819,224,102,139,72,25,62,69,89,45,26,23,98,55,162,234,753,72,101,65,60,12,90,68,1111,67,147,149,434,67,427,356,957,795,140,1821,164,165,96,1335,93,95,15,111,82,129,152,671,224,105,59,83,25,11,46,68,78,55,12,96,86,56,243,440,119,80,18,94,29,37,23,148,15,19,9,29,20,31,40,138,91,104,24,110,33,39,35,145,108,107,43,590,118,121,132,1008,779,748,88,1123,70,57,92,530,103,84,18,106,62,82,176,432,221,85,56,56,19,15,65,61,126,82,21,124,72,63,292,354,1794,1953,126,694,92,70,164,432,157,226,37,145,155,279,1201,2122,1775,687,204,392,67,76,222,374,666,377,131,977,406,433,2136,3936
Datasets/wang/Images/train/class3/352.jpg,13152,1952,946,697,1321,180,850,698,1020,223,186,116,887,190,2460,1567,1967,454,288,130,213,65,250,121,752,116,110,133,717,88,1932,774,934,269,139,114,192,33,131,130,169,62,39,32,82,46,143,209,737,159,122,93,147,43,121,93,1109,121,108,119,771,73,553,400,1372,196,168,145,361,38,95,69,216,55,63,60,109,40,112,93,168,41,42,32,51,16,30,29,172,35,43,61,60,42,105,139,827,231,134,158,91,33,82,109,106,49,31,62,96,56,155,246,767,96,120,81,101,19,101,112,1175,89,170,216,542,115,415,567,844,712,130,960,233,194,120,1185,134,122,43,112,111,129,163,596,220,124,61,111,44,40,48,103,127,63,28,107,122,106,267,440,159,132,49,100,65,56,38,180,56,38,18,59,34,56,73,193,111,128,44,142,58,69,60,195,117,116,56,471,133,199,194,1053,706,768,93,734,121,95,108,496,137,135,37,132,88,102,159,435,197,117,56,82,19,30,52,119,136,77,52,194,88,145,308,607,1937,1971,192,624,122,103,190,489,200,260,75,217,192,287,846,1802,1682,919,187,528,103,162,242,621,617,503,204,1162,499,619,1723,5416
Datasets/wang/Images/train/class3/308.jpg,9779,2035,848,689,1602,150,762,844,915,303,153,102,792,267,1868,2334,2127,401,249,99,143,40,228,76,815,100,105,103,965,84,2587,813,919,227,157,87,170,45,96,100,133,59,32,25,97,49,171,229,819,111,83,74,159,24,114,68,1788,124,137,140,2009,74,897,481,1510,151,155,132,361,39,103,97,180,36,41,44,102,28,74,75,172,36,35,31,33,13,19,19,144,30,49,45,83,33,87,85,775,207,104,120,94,29,85,73,102,48,18,39,112,59,183,277,874,88,115,64,77,36,79,111,1577,80,157,190,769,105,494,490,832,731,118,1337,154,160,107,1543,125,101,26,100,87,107,150,726,303,103,43,87,36,18,40,58,97,63,33,136,121,78,235,439,144,100,27,103,38,33,20,150,36,33,16,45,25,45,54,181,92,105,16,132,39,35,32,169,110,122,40,702,167,172,169,1314,749,716,93,1174,93,59,108,601,116,125,33,128,90,99,175,429,221,92,55,58,22,27,55,89,134,62,36,137,80,102,265,455,1855,1995,142,695,108,59,153,386,152,223,40,137,167,232,787,1760,2540,795,239,449,91,110,264,478,775,423,160,1215,490,490,1863,4568
Datasets/wang/Images/train/class3/339.jpg,10904,2693,918,853,1559,129,981,926,884,246,102,95,957,194,2430,2484,2532,394,271,117,135,29,275,85,837,99,84,82,796,72,2535,683,814,328,98,103,159,25,114,113,96,51,22,13,80,49,190,205,778,105,108,60,122,12,140,70,1357,72,102,110,1046,43,683,409,1484,150,172,151,341,19,86,61,169,37,37,27,84,17,114,60,136,17,24,17,10,3,11,15,145,10,22,32,46,10,67,42,823,283,103,144,80,19,82,80,90,38,12,23,95,50,201,201,838,61,111,64,47,11,73,57,1328,62,144,180,518,48,465,338,907,864,113,1398,192,162,79,1260,100,120,13,108,97,147,170,838,276,105,59,113,25,12,42,56,105,68,16,121,130,65,291,427,103,90,18,111,34,39,19,118,8,19,5,20,24,28,34,153,85,100,18,129,31,37,11,135,124,107,33,574,118,152,143,1258,910,883,85,1319,91,48,91,571,95,120,23,145,79,71,181,519,232,60,47,57,18,21,58,70,107,45,24,148,69,53,321,370,1886,2639,176,823,93,69,185,468,153,252,37,156,177,310,933,2280,2200,627,201,414,55,76,260,356,710,361,142,1222,440,302,2122,4272
Datasets/wang/Images/train/class3/309.jpg,13358,2125,1361,1069,1678,116,1488,1251,1142,171,137,103,1323,172,5164,2876,1886,311,193,84,114,18,208,53,869,71,87,97,1050,54,2951,717,769,213,87,110,122,16,98,89,82,32,17,14,73,19,141,153,750,73,92,56,86,16,112,60,1412,73,104,110,849,45,789,382,1430,125,126,120,310,24,86,56,111,13,20,23,83,11,79,53,116,22,22,13,16,6,17,12,104,10,16,30,36,10,50,47,782,183,82,93,82,14,57,49,69,23,13,17,84,34,137,177,733,50,88,51,46,12,59,41,1134,34,109,107,454,55,332,256,915,799,85,1553,135,115,100,1414,90,102,18,116,97,115,152,908,172,89,31,94,30,6,35,45,81,46,10,131,69,47,200,427,112,86,20,95,25,26,16,96,13,14,9,28,15,31,21,115,60,82,13,117,26,27,22,126,98,115,32,780,92,106,134,1306,837,951,100,1056,81,49,92,540,71,88,15,109,67,54,157,399,157,51,41,52,13,6,38,53,104,58,21,133,51,33,219,271,1919,2701,127,672,75,58,139,375,137,193,33,129,152,210,871,1797,1733,665,152,345,40,61,163,281,587,323,112,1194,313,249,1702,3473
Datasets/wang/Images/train/class3/324.jpg,14003,2258,877,819,1442,123,886,885,831,211,125,115,891,200,2406,2129,2095,463,283,115,132,26,262,96,792,98,114,112,935,73,2623,795,780,273,83,89,125,26,109,105,115,58,11,18,62,39,143,201,718,122,113,82,110,19,108,71,1687,81,119,135,1297,61,723,415,1474,131,137,121,336,20,91,67,130,24,24,28,84,14,114,69,116,30,23,23,27,5,12,14,126,13,31,30,56,13,91,69,773,258,75,111,73,18,53,77,78,42,13,27,97,44,134,207,832,86,89,71,60,12,82,57,1513,71,116,127,622,62,394,396,825,787,111,1460,145,130,94,1557,106,96,15,127,108,113,158,745,203,111,51,96,34,14,48,70,99,66,16,131,106,66,262,457,111,110,15,115,28,36,21,118,20,18,0,31,19,23,46,161,65,92,21,138,25,28,28,166,93,103,38,594,92,126,161,1171,765,753,82,1006,101,55,85,566,92,101,16,113,73,67,192,451,208,68,34,57,18,16,51,77,129,52,42,93,67,54,298,389,2170,2403,136,693,101,75,139,443,129,260,52,132,153,269,975,1872,1763,733,161,427,55,70,182,388,665,387,155,1159,403,374,1927,4260
Datasets/wang/Images/train/class3/346.jpg,13688,2445,840,886,1541,139,956,1045,727,250,97,92,827,223,2410,2504,2368,536,279,122,124,29,221,78,707,106,80,97,761,85,2403,922,627,238,88,91,105,23,91,118,79,43,19,13,59,30,161,215,705,117,98,74,101,12,118,65,1289,85,109,124,1112,58,707,435,1276,122,119,124,385,24,99,47,152,16,18,28,80,16,108,72,122,24,24,16,22,3,24,9,110,21,17,25,48,5,76,81,725,225,94,130,79,14,66,70,74,28,18,22,99,47,174,251,716,61,96,63,44,9,60,48,1109,65,116,105,555,55,479,334,743,790,104,1587,127,137,67,1145,74,105,13,119,106,122,166,895,209,98,46,95,15,14,43,56,101,62,14,135,116,75,258,498,110,86,21,93,26,23,13,128,18,12,5,35,12,25,34,134,72,102,17,131,17,24,20,124,94,106,36,644,96,141,130,1192,737,773,99,1286,92,44,113,672,102,127,23,126,88,70,188,594,212,87,46,63,14,11,41,59,99,57,31,134,76,44,220,339,2136,2500,176,751,121,66,189,513,167,209,46,159,176,259,1081,2115,2252,846,229,390,60,61,230,347,698,385,120,1178,432,333,2119,4020
Datasets/wang/Images/train/class3/329.jpg,12218,1977,953,704,1580,187,730,771,915,222,161,120,786,214,1445,1769,1899,398,286,100,201,43,274,99,749,118,123,95,678,96,1633,645,1045,293,132,124,185,52,133,139,126,52,35,46,117,51,150,183,739,109,149,73,187,38,134,109,1108,114,127,152,979,83,615,457,1586,200,204,181,315,30,105,80,227,53,38,50,120,37,95,82,198,48,58,22,34,15,30,45,148,32,50,53,91,36,78,106,816,296,150,174,79,38,114,109,101,71,35,65,112,65,154,284,666,98,117,96,104,40,103,126,1089,98,155,209,527,121,479,581,1008,778,162,1213,202,207,107,1297,142,133,49,138,134,162,156,615,229,128,60,96,54,26,54,93,136,105,30,134,141,106,253,448,173,149,51,136,51,49,39,174,29,42,12,64,32,52,71,190,132,98,48,135,61,60,70,218,128,156,59,442,197,205,209,1338,795,786,122,1015,97,87,105,632,145,158,38,180,93,109,136,493,231,115,52,125,36,37,62,132,155,111,59,216,118,149,314,664,1825,1681,175,696,104,112,172,501,170,246,66,216,165,292,774,1711,2058,735,228,491,102,130,247,665,581,474,205,1267,425,647,1660,5230
Datasets/wang/Images/train/class3/333.jpg,13765,2153,970,714,1408,153,798,692,1198,285,155,90,892,245,1858,1714,2153,455,320,119,157,40,249,93,844,111,99,72,745,94,1921,745,953,301,128,122,182,43,123,125,133,68,35,23,100,73,140,221,766,104,119,78,158,23,149,91,1827,104,141,123,1321,95,696,452,1427,171,185,140,351,26,85,59,131,39,40,31,97,25,94,74,159,47,30,41,42,9,25,31,136,20,42,34,53,30,87,107,775,259,117,126,85,34,68,74,94,64,28,32,115,67,144,265,710,107,115,90,80,20,70,103,1447,86,151,157,626,113,474,509,920,738,143,1437,142,135,104,1215,125,129,32,111,118,146,154,643,274,117,68,108,34,21,58,96,127,85,20,92,112,83,210,441,141,94,29,114,42,42,31,130,26,28,17,44,26,45,56,170,103,88,33,123,37,45,34,155,120,128,31,474,157,173,185,1016,721,697,84,1353,84,55,89,630,97,121,28,181,72,89,165,454,209,84,46,71,29,16,76,118,145,93,48,190,102,74,280,469,1529,1753,129,660,96,76,131,442,152,237,50,181,138,292,845,2019,1804,604,204,378,69,104,245,507,685,407,181,1060,474,469,2036,4529
Datasets/wang/Images/train/class3/328.jpg,11923,2313,1094,800,1780,178,866,887,898,298,144,93,785,284,2056,1964,2287,460,245,122,174,27,254,86,786,103,97,99,768,92,1857,821,779,258,90,102,175,38,110,116,142,76,25,22,96,64,141,272,709,119,112,75,149,22,117,73,1541,119,130,152,1272,86,644,469,1635,158,174,140,421,29,89,72,186,35,31,36,106,28,113,66,163,28,34,25,24,10,17,25,202,28,27,33,78,16,73,70,666,207,89,122,105,22,70,78,107,62,28,26,112,87,150,287,712,77,110,69,71,19,85,71,1607,80,192,198,783,115,487,483,782,672,124,1374,190,179,105,1329,122,98,23,139,108,114,143,640,313,110,57,121,33,25,65,73,114,65,29,141,88,93,211,428,116,88,19,122,29,39,21,171,25,29,9,40,29,42,50,170,88,92,26,117,35,31,55,202,138,143,43,671,146,178,170,1466,707,617,87,1167,96,65,110,644,81,102,18,173,68,83,160,450,274,93,66,83,29,10,56,83,94,88,48,154,77,68,273,449,1490,1572,137,545,67,62,167,407,158,230,51,158,167,254,960,2041,1944,642,237,393,65,83,338,452,590,394,171,1294,480,470,2131,5112
Datasets/wang/Images/train/class3/367.jpg,10832,2445,1078,731,1444,167,1069,866,1099,292,205,119,1111,236,4321,2629,2353,611,343,145,159,47,286,102,664,117,129,112,698,104,2370,934,778,270,117,98,157,24,113,117,149,74,30,23,91,72,187,230,623,126,105,77,114,30,121,84,1157,87,120,111,975,90,715,452,1216,136,165,109,344,22,82,62,167,38,50,39,85,23,134,85,181,51,34,28,46,15,36,38,136,26,42,45,61,23,88,103,596,240,96,119,91,20,80,99,84,58,30,42,99,51,170,282,649,101,126,84,69,36,78,107,953,84,128,158,501,102,483,527,819,622,152,929,142,138,99,986,126,104,30,100,113,119,198,779,261,118,60,86,45,19,44,68,108,63,33,114,125,69,231,489,139,104,28,120,45,26,33,129,24,38,8,48,30,49,59,186,85,94,23,132,33,53,36,159,104,102,55,472,130,151,163,1073,647,584,89,924,97,64,97,466,109,115,30,126,80,84,215,477,243,105,47,55,37,25,60,99,122,82,56,143,89,90,297,494,1651,2036,160,602,119,106,201,425,155,230,60,179,190,271,973,2188,2033,763,243,359,91,117,248,517,614,418,194,1044,464,488,2049,4884
Datasets/wang/Images/train/class3/354.jpg,13624,2075,1183,869,1471,110,1140,930,1402,235,146,92,1278,224,3749,2272,2171,480,264,116,127,32,226,90,841,96,91,118,860,57,2296,754,812,261,96,90,116,14,82,105,103,48,14,28,60,43,146,214,641,118,82,58,116,16,112,66,1385,91,106,129,903,60,721,355,1462,134,122,99,318,29,91,63,130,27,33,28,94,15,94,66,119,32,36,16,17,9,17,16,118,19,25,27,41,13,77,92,745,223,78,124,73,19,75,59,68,49,18,27,94,53,155,234,707,81,112,55,57,14,79,44,1279,52,89,106,499,72,375,366,853,785,116,1574,127,115,76,1337,87,103,19,103,107,106,187,822,242,115,51,102,22,9,48,51,112,64,23,116,95,74,223,409,115,102,14,113,25,30,25,102,17,19,5,35,18,21,39,144,85,95,22,114,26,25,38,130,107,121,32,498,115,108,139,1108,840,788,92,1076,76,51,104,567,94,98,14,106,83,67,180,460,207,81,43,75,18,21,57,72,121,66,20,119,64,54,240,347,1699,2316,150,703,91,89,184,440,149,233,46,138,167,240,865,1892,1951,717,225,446,82,77,253,374,614,440,158,1068,373,378,1882,4257
Datasets/wang/Images/train/class3/343.jpg,10512,1524,1850,942,1848,213,1899,1373,1096,253,178,134,1057,227,4254,2908,1613,402,270,105,201,53,205,76,744,127,128,91,876,80,1743,857,693,212,141,140,189,50,103,161,140,57,21,34,117,44,141,219,617,116,123,84,151,25,142,97,1034,105,131,140,1089,74,732,514,1416,160,173,163,429,42,105,91,192,54,45,44,101,31,112,85,210,36,58,28,40,7,25,30,169,30,44,48,79,27,89,105,651,176,127,116,109,25,67,124,96,61,30,34,95,49,122,251,734,105,168,83,100,22,123,130,933,99,161,176,604,104,481,602,755,668,131,1164,169,177,93,1137,157,148,32,134,117,178,155,985,219,100,48,88,39,27,52,89,142,77,31,150,150,109,212,506,123,91,31,117,33,45,14,155,20,22,10,51,21,46,50,201,114,95,26,110,37,49,28,181,131,131,60,646,134,209,197,1412,638,614,105,1072,93,90,99,634,107,134,25,174,78,92,149,477,226,94,53,83,36,29,53,106,160,103,46,176,109,96,232,478,1201,1227,111,581,90,87,155,434,104,188,43,173,117,214,616,1447,1575,661,223,474,108,93,229,561,678,485,203,1312,446,535,1496,5170
Datasets/wang/Images/train/class3/342.jpg,11692,2817,901,760,1456,155,799,762,836,289,122,88,744,232,1768,1902,2760,518,377,117,134,34,318,87,618,107,79,87,672,61,2337,604,860,387,108,108,146,26,97,108,128,61,18,22,88,49,138,210,672,118,105,64,141,19,127,57,1206,105,111,127,1125,70,622,410,1488,158,151,127,481,28,87,49,153,20,29,30,119,26,102,79,123,36,27,18,22,20,20,18,112,17,21,36,52,19,76,67,806,343,117,121,83,19,55,93,73,63,18,34,106,71,191,258,684,74,82,83,53,16,68,55,1095,64,116,128,577,82,462,364,928,750,95,1461,162,117,70,1225,105,102,26,111,111,112,176,688,277,117,68,108,38,13,59,67,79,76,32,104,96,67,317,420,125,105,21,111,34,27,28,103,26,24,9,27,24,27,45,148,75,84,23,108,21,32,24,143,103,87,26,682,117,129,178,1306,816,775,89,1283,124,64,99,610,100,95,22,115,79,84,193,512,234,90,55,72,23,26,63,72,133,93,27,133,79,57,379,374,1910,2603,171,750,115,88,198,462,188,286,41,163,157,355,1077,2485,2107,639,207,415,57,59,269,371,619,425,153,1276,453,390,2460,4779
Datasets/wang/Images/train/class3/310.jpg,11744,2243,1012,734,1544,155,903,776,1028,271,138,86,990,251,3183,2134,2328,570,274,106,142,55,231,84,732,105,92,115,779,82,2518,811,750,241,89,80,129,26,95,78,133,53,27,11,81,55,164,207,675,135,79,58,96,17,94,51,1495,117,125,122,1134,62,746,425,1376,127,132,103,485,30,108,61,127,31,30,16,114,20,117,80,147,42,25,15,36,15,16,17,120,23,25,30,74,13,66,90,693,221,97,91,103,32,70,64,78,42,20,27,106,54,172,247,681,91,90,48,62,23,72,64,1360,85,127,130,735,99,461,411,772,655,107,1330,119,102,78,1213,77,99,20,126,92,100,175,756,268,99,49,126,29,21,56,78,111,57,28,121,91,43,218,385,119,91,21,110,21,16,21,115,27,24,11,43,23,32,56,180,95,81,19,113,20,32,35,128,102,127,49,681,139,134,150,1183,778,583,82,1088,103,66,100,703,79,75,22,122,65,67,173,486,274,85,49,62,18,13,34,76,108,58,32,140,56,52,246,376,2336,2405,188,693,120,69,153,425,144,183,47,150,167,256,982,2019,2397,907,236,437,88,88,263,429,722,404,178,1159,436,425,1946,4473
Datasets/wang/Images/train/class3/300.jpg,11440,2541,854,843,1461,137,872,940,831,241,117,73,867,235,2093,2203,2427,374,335,106,132,16,278,85,786,114,89,81,876,67,3129,796,813,326,87,104,152,25,107,111,116,51,11,26,87,42,163,254,745,100,122,69,129,14,134,69,1363,90,99,132,923,58,750,431,1326,119,155,133,400,37,92,61,149,24,32,25,98,25,100,72,138,20,27,20,24,4,11,11,137,11,32,35,68,16,73,70,760,297,114,127,92,19,84,83,90,41,22,36,85,62,191,221,827,70,103,67,59,16,84,52,1378,64,142,149,579,80,500,442,895,826,115,1371,144,147,92,1453,109,128,14,113,117,142,178,827,251,99,59,91,24,25,47,72,131,70,29,115,118,70,288,453,92,94,20,121,35,25,30,128,14,22,6,30,18,29,42,172,77,90,20,110,29,36,36,141,85,131,32,580,135,135,161,1286,789,830,91,1078,114,71,94,657,104,104,22,136,69,92,198,523,218,64,49,68,21,15,71,88,122,60,27,152,94,56,303,401,1864,2857,189,718,92,72,222,529,191,269,36,140,181,335,872,2117,2001,649,234,371,81,79,256,392,700,376,143,1142,424,375,2098,4044
Datasets/wang/Images/train/class3/322.jpg,10520,2486,883,854,1438,189,857,823,826,265,158,121,797,210,1766,1762,2402,503,333,140,169,48,270,94,804,116,133,124,888,88,1962,725,937,323,95,129,152,46,108,145,148,62,21,44,108,54,186,217,845,145,108,77,142,31,144,96,1248,102,103,159,949,78,700,426,1448,201,146,147,295,25,105,72,149,39,40,42,116,32,133,100,140,30,43,26,24,9,31,25,134,29,33,44,80,23,81,106,839,305,126,120,100,26,112,86,123,78,33,48,119,96,187,249,763,92,136,96,70,28,97,97,1063,105,149,167,550,122,489,546,1003,874,145,1401,178,154,125,1327,105,135,23,120,115,136,186,660,268,124,72,113,33,26,54,78,112,87,38,126,118,104,286,479,146,151,42,118,39,45,34,164,32,30,10,40,40,47,53,193,99,110,33,136,36,38,46,200,133,131,43,519,143,155,208,1148,888,853,112,971,105,104,104,556,103,132,40,154,106,92,198,513,228,98,49,91,33,23,74,118,144,80,51,179,94,117,357,536,1754,1998,177,650,121,106,209,526,166,313,55,208,209,359,1041,2093,1502,640,239,468,96,123,261,588,596,493,189,1118,509,588,2022,5094
Datasets/wang/Images/train/class3/363.jpg,20851,2278,1068,820,1037,142,848,746,804,204,123,62,736,191,2549,1741,2351,524,225,86,107,24,217,69,651,102,82,97,646,58,2087,662,690,241,85,73,100,25,70,94,93,42,15,18,49,36,118,182,666,85,83,51,112,10,108,53,1082,70,71,83,774,55,605,341,1101,122,114,110,257,23,73,54,127,15,26,36,68,13,97,55,125,38,19,16,12,4,13,14,102,10,15,26,49,14,64,62,853,211,74,118,75,18,52,63,92,44,13,20,86,52,143,190,741,78,93,60,42,16,71,41,996,57,80,108,480,54,394,276,845,720,107,1632,141,127,79,1096,66,86,17,88,84,110,136,670,203,107,42,87,24,14,33,48,90,53,13,92,104,56,211,321,124,78,8,68,22,28,19,125,20,12,2,27,17,39,33,114,93,92,15,94,28,28,18,110,77,97,33,526,68,87,116,866,836,689,81,1020,97,71,98,557,81,96,16,76,65,60,163,373,203,93,33,66,11,9,41,58,106,65,26,91,66,49,222,313,2227,2589,146,639,116,76,148,417,150,240,37,147,147,273,974,2134,2175,775,184,430,83,84,223,333,676,425,119,980,422,325,2177,3807
Datasets/wang/Images/train/class3/323.jpg,10154,2986,860,729,1097,115,935,904,872,208,127,81,955,188,3956,2667,2924,734,267,124,113,17,224,72,820,96,85,93,893,80,4887,1028,724,224,76,59,75,13,102,71,96,48,11,16,89,41,202,202,672,92,85,38,85,13,97,49,974,82,81,116,797,39,703,356,1027,100,79,69,280,19,81,44,95,21,30,17,94,10,143,53,81,22,18,14,16,7,12,9,75,7,14,25,43,11,80,62,822,231,93,83,62,17,52,54,70,35,10,18,97,46,226,232,784,77,67,41,40,14,51,46,970,45,89,81,533,62,462,317,686,693,98,973,90,86,65,912,75,75,13,86,84,100,210,645,186,93,35,94,15,16,34,47,65,52,20,92,69,59,266,380,115,60,13,67,20,17,17,86,19,13,6,21,10,20,54,119,79,96,10,86,23,27,31,92,78,87,25,478,95,113,116,849,830,800,64,740,76,46,104,514,89,82,17,79,60,56,235,465,176,76,31,39,15,12,49,55,72,41,13,85,53,46,261,349,3364,3707,163,654,129,79,186,451,194,208,43,148,171,245,1726,2496,2496,1079,184,367,42,57,207,291,573,368,111,857,450,306,2592,3994
Datasets/wang/Images/train/class3/370.jpg,9544,3144,693,823,1348,126,761,799,717,301,91,89,737,290,2271,3045,2945,613,328,117,130,28,276,120,796,113,89,116,788,89,2661,1068,747,265,66,85,92,16,92,87,77,36,20,22,81,40,184,251,771,102,78,72,110,16,94,54,1334,97,96,122,1140,58,735,409,1287,131,110,110,363,18,92,58,111,18,26,13,107,11,93,72,122,30,20,19,24,7,19,10,86,11,16,12,45,8,71,61,823,283,81,87,71,27,72,60,78,31,15,17,86,51,202,266,725,94,100,53,38,12,49,38,976,66,90,117,593,44,522,360,746,801,116,1427,114,94,76,1103,69,90,16,74,75,110,186,755,270,133,47,115,18,8,34,58,63,48,23,141,66,50,281,423,119,89,13,94,19,32,16,94,12,28,7,16,17,26,30,152,97,106,11,121,19,18,18,134,100,124,29,599,86,108,129,1112,805,876,83,1138,91,46,103,629,74,85,18,97,62,62,232,523,273,83,36,50,21,12,50,65,105,54,21,106,56,50,285,324,2146,2993,166,715,116,77,180,454,156,279,52,132,194,279,1202,3030,2627,956,238,412,75,74,277,331,630,393,137,1012,479,324,2899,4460
Datasets/wang/Images/train/class3/351.jpg,12475,2044,1017,755,1644,160,808,774,1093,311,148,104,923,232,1775,1963,1953,383,261,106,174,32,213,86,806,103,110,101,818,102,1701,559,1064,263,129,123,257,38,116,132,176,73,36,32,128,79,180,215,878,104,136,90,183,26,153,106,1298,105,145,151,1276,110,665,431,1650,151,213,189,303,33,108,82,218,55,45,59,101,24,119,100,169,32,48,29,43,15,36,32,199,31,42,55,84,18,105,110,840,221,133,141,126,18,91,115,109,85,34,48,94,85,165,272,732,72,118,99,96,30,108,83,1202,97,201,250,519,114,511,540,952,725,161,1105,245,182,99,1177,140,155,31,142,123,138,165,640,305,96,76,94,33,34,63,91,150,100,41,123,143,89,211,422,160,91,33,140,50,41,27,195,34,35,16,50,39,49,56,201,130,85,40,142,53,62,46,225,173,138,48,521,173,223,228,1289,799,751,109,1246,97,93,101,536,122,135,37,181,101,95,154,426,269,83,64,85,38,36,74,96,172,108,56,218,107,106,270,582,1641,1575,134,649,126,82,157,426,153,196,54,201,143,269,679,1580,1899,626,205,419,98,110,301,547,608,441,199,1327,450,482,1575,4806
Datasets/wang/Images/train/class3/350.jpg,9421,2098,888,831,1399,162,889,907,940,235,129,108,917,245,1842,2150,1971,372,246,119,171,27,248,108,850,132,129,104,1012,87,1777,718,1015,232,130,141,162,41,134,161,137,68,37,34,104,61,155,247,983,99,129,97,157,25,126,107,1488,87,136,122,1278,102,704,479,1477,175,181,151,264,38,115,80,162,50,36,33,84,33,110,101,176,39,46,25,33,6,32,23,166,21,40,49,60,19,81,100,1041,216,141,159,112,35,90,120,121,46,29,45,108,66,165,260,1015,100,147,87,84,26,121,116,1170,86,157,163,578,107,461,554,924,939,144,1204,156,169,126,1058,152,146,38,113,130,173,144,732,257,131,70,84,45,27,73,88,128,92,35,110,156,113,245,465,142,119,45,136,47,52,31,142,43,29,20,39,30,50,47,215,120,104,36,139,31,37,49,197,124,140,56,515,137,158,201,1133,1009,975,93,1007,112,84,111,608,142,149,34,134,83,122,177,493,242,100,64,78,26,30,70,125,134,105,43,166,86,86,256,584,2390,1860,170,787,113,91,186,546,183,232,38,181,185,286,795,1695,2224,769,215,493,101,109,279,552,802,513,192,1148,522,516,1648,4906
Datasets/wang/Images/train/class3/340.jpg,10183,2181,863,721,1744,166,845,761,886,254,122,105,866,227,1930,1956,2324,538,257,109,155,32,253,75,774,126,107,126,820,91,2240,696,834,296,94,116,135,26,101,116,110,55,18,18,94,57,162,208,741,158,93,75,112,23,112,62,1383,91,142,141,1147,83,696,510,1689,135,142,121,619,26,113,41,148,35,33,32,121,14,167,76,169,31,33,17,25,5,20,12,111,20,30,25,74,20,72,84,784,271,106,122,94,22,80,82,89,50,24,22,107,52,203,267,828,97,113,83,62,17,93,67,1271,75,118,152,645,71,517,403,778,776,108,1433,155,148,95,1240,112,118,21,134,105,112,165,671,304,122,59,122,24,23,62,51,101,82,26,143,95,66,239,484,113,99,20,128,38,37,23,142,21,18,5,40,26,29,59,174,128,116,22,125,32,43,37,175,107,153,47,819,115,133,166,1381,814,746,92,995,110,81,118,674,92,103,22,118,90,86,171,449,251,89,50,60,19,22,55,97,127,61,29,154,79,70,267,402,2127,2258,176,736,157,82,192,502,178,245,58,175,202,287,844,1920,2559,882,219,491,105,103,290,408,732,501,177,1396,521,460,1963,4955
Datasets/wang/Images/train/class3/358.jpg,12141,2085,1011,933,1385,139,982,920,920,229,167,129,900,223,1954,1961,1985,338,233,111,176,34,213,99,900,100,125,105,851,112,1907,719,1133,228,154,137,166,38,160,152,167,50,38,41,90,46,171,235,937,91,132,96,142,21,152,102,1402,93,140,126,1027,71,629,423,1344,189,173,177,216,23,96,71,183,47,58,39,78,33,113,101,179,22,39,25,30,9,31,35,138,28,41,40,76,22,75,143,964,212,126,168,81,30,89,102,106,60,34,50,101,60,169,235,962,85,148,91,71,27,114,138,1031,74,133,172,432,119,453,549,1121,893,170,1357,184,138,107,1118,130,142,51,111,142,174,163,703,256,90,65,93,38,43,48,83,148,78,33,130,147,115,210,427,167,111,42,117,40,52,33,163,39,47,18,49,43,54,66,172,117,91,42,143,42,53,59,160,126,127,48,490,121,199,220,1045,895,918,114,1047,102,72,89,482,117,133,35,127,82,116,171,501,206,85,58,80,27,29,85,117,155,120,53,177,115,126,256,564,2061,1830,146,637,98,73,165,434,151,186,67,191,174,260,730,1779,1880,608,201,447,78,124,242,554,708,419,178,999,464,542,1709,4898
Datasets/wang/Images/train/class3/325.jpg,11389,2356,941,721,1974,148,822,786,910,303,143,104,767,288,1693,1883,2318,589,236,112,171,28,208,72,701,114,102,101,720,82,1900,752,834,247,118,82,183,32,104,107,125,61,37,31,99,52,151,235,662,130,84,53,158,29,123,61,1421,130,145,164,1423,79,683,497,1691,154,163,136,520,43,110,81,162,28,50,28,99,25,98,92,176,47,34,28,44,17,31,34,150,20,30,60,75,34,76,102,727,200,117,112,90,25,72,67,76,36,21,40,86,66,164,287,662,84,92,68,70,19,75,75,1356,73,166,155,658,88,457,482,933,658,135,1376,153,159,81,1501,126,104,44,123,81,121,130,694,305,130,46,117,28,18,38,110,92,65,25,145,102,84,182,481,123,79,19,110,33,33,27,171,32,23,12,33,26,41,53,178,105,85,24,113,48,41,33,154,116,141,53,794,158,160,152,1653,683,595,70,1280,90,61,90,625,107,96,23,168,58,78,143,428,266,78,59,83,21,20,74,92,129,72,47,158,66,72,246,474,1812,1900,145,570,96,83,159,439,164,196,70,154,149,229,1025,2124,2008,698,255,412,67,116,295,474,606,405,171,1429,412,425,2168,5032
Datasets/wang/Images/train/class3/314.jpg,9399,2541,780,830,1582,112,868,874,727,207,84,87,786,207,2363,2315,2447,446,218,125,116,16,202,76,799,122,88,78,890,82,2691,819,803,226,78,88,117,22,104,97,107,28,13,14,73,30,170,203,809,106,100,65,110,17,106,76,1214,80,108,135,1050,59,756,426,1572,117,147,97,439,19,93,65,131,17,31,26,73,17,96,67,119,29,19,10,22,2,12,7,127,17,36,28,47,9,75,63,991,259,101,116,85,11,79,51,82,34,17,25,102,41,185,209,962,73,97,70,60,9,52,42,1396,43,110,123,648,44,451,291,887,869,97,1501,170,124,69,1636,104,92,16,97,116,113,189,735,211,120,23,90,15,11,33,62,82,48,14,112,95,67,192,387,107,87,23,94,31,30,26,134,11,13,6,27,22,21,37,134,86,95,16,150,27,31,30,161,93,101,35,636,98,127,148,1294,1022,1084,90,1187,98,72,98,729,106,95,21,127,90,76,191,478,216,84,32,63,19,13,48,75,116,62,31,130,76,37,202,327,2956,3009,176,874,116,66,231,534,202,197,45,142,201,241,1036,2109,2614,827,205,424,79,52,230,350,801,436,161,1303,492,322,2102,4237
Datasets/wang/Images/train/class3/315.jpg,10353,2475,900,819,1397,138,854,781,732,252,116,106,742,223,2191,2336,2320,442,287,133,219,37,233,95,661,110,97,114,883,105,2327,847,876,284,105,125,150,26,118,132,137,44,22,28,115,41,186,235,742,125,143,90,130,22,152,89,1085,86,124,117,967,56,694,442,1366,191,160,146,265,25,94,68,148,38,33,45,87,33,136,88,157,35,34,17,27,6,25,20,130,20,23,42,66,13,102,91,874,226,130,178,98,25,81,104,125,60,33,49,109,56,199,264,718,101,121,80,76,13,100,100,977,73,123,175,513,79,466,410,918,801,121,1328,161,127,92,1111,101,134,23,106,138,126,169,668,227,121,47,92,35,19,47,82,99,78,20,120,162,104,292,491,124,108,27,122,37,35,29,127,24,22,11,40,35,50,55,173,109,103,36,125,43,44,46,159,101,115,42,493,148,145,228,1089,936,930,102,1196,87,85,102,573,123,150,35,180,100,104,214,522,207,94,42,73,23,25,60,90,144,118,44,190,104,98,284,521,2767,2579,189,694,113,96,187,488,166,271,47,205,189,292,971,2030,2128,765,195,429,76,109,263,443,578,468,170,1150,502,534,2033,4660
Datasets/wang/Images/train/class3/313.jpg,11375,2199,874,766,1426,120,950,979,1390,253,127,91,1392,198,3973,2371,2344,497,313,93,130,23,279,78,905,105,107,91,1292,87,3236,799,798,283,88,98,92,26,88,101,116,58,20,23,67,38,163,193,760,114,88,57,105,17,109,59,1403,69,125,131,1295,49,923,465,1215,129,113,107,292,26,73,44,123,20,32,20,76,19,96,58,120,30,20,9,24,6,14,12,94,10,25,21,50,14,63,62,804,277,83,116,68,16,51,80,68,25,22,19,84,40,162,207,867,68,97,56,43,12,66,39,1176,60,90,137,498,63,449,323,725,751,103,1398,121,126,102,1522,71,92,14,109,77,97,150,764,227,97,49,79,23,20,37,67,82,60,15,102,103,73,250,396,118,72,8,81,19,21,22,117,20,18,6,27,17,23,40,104,80,82,25,95,21,18,26,134,76,90,28,592,89,120,123,1026,783,882,68,994,81,53,79,509,82,97,14,110,57,72,196,451,183,81,34,59,20,16,54,74,101,50,23,119,78,51,257,355,2052,3032,145,683,91,89,148,462,161,264,36,127,175,299,872,2029,1994,814,173,368,72,66,222,334,662,402,142,954,465,354,1963,3988
Datasets/wang/Images/train/class3/341.jpg,10731,2566,753,793,1202,123,793,962,747,201,101,79,859,224,2355,2495,2483,427,292,98,122,21,244,79,835,107,64,82,971,55,2626,830,822,278,78,82,118,16,86,110,121,35,9,16,71,31,175,180,881,103,109,69,76,17,109,62,1235,90,99,109,979,37,793,388,1401,122,122,112,317,18,102,35,113,24,27,18,78,10,110,69,125,42,22,14,15,4,14,7,117,16,23,28,47,12,68,54,1002,254,106,124,75,17,69,58,73,42,12,20,103,42,208,244,1144,79,102,67,46,13,56,55,1419,52,118,122,569,61,465,339,839,864,94,1421,118,106,81,1398,96,126,15,105,94,109,182,808,232,98,33,90,19,13,41,41,102,67,13,101,90,67,260,391,112,98,19,103,25,26,20,125,17,19,5,28,27,18,47,131,87,99,24,120,16,27,16,117,109,99,28,493,107,111,135,896,970,1088,73,1281,81,51,109,584,104,119,17,105,73,55,179,495,202,68,30,57,15,16,46,68,130,48,30,126,72,43,258,308,3054,2978,165,962,93,67,201,473,199,257,46,147,198,252,1070,2133,2855,843,217,409,72,69,235,362,930,450,173,1035,478,347,2085,3708
Datasets/wang/Images/train/class3/331.jpg,13061,1882,999,827,1445,203,897,803,1230,243,154,105,1000,246,2483,1934,1857,308,216,79,182,20,199,87,814,103,93,92,760,86,1602,556,1047,233,144,127,205,44,133,162,164,44,37,35,112,54,163,236,805,110,125,87,182,23,127,106,1126,80,127,124,779,79,586,379,1554,150,220,179,293,36,92,97,223,49,52,50,91,27,98,109,196,37,53,30,41,13,23,34,203,26,65,47,83,30,70,102,907,226,152,156,109,36,80,106,109,43,45,51,103,59,174,213,862,85,154,104,115,39,92,134,1007,85,205,212,467,131,458,540,1047,798,154,1056,216,215,116,972,144,130,39,137,111,166,126,693,280,102,56,79,45,32,49,83,126,87,31,135,120,81,181,398,157,106,32,135,61,81,37,229,35,41,15,62,33,45,48,211,122,92,34,121,46,49,48,239,140,144,53,437,189,209,174,1109,826,695,133,913,95,119,91,519,121,140,37,175,78,108,128,481,219,93,54,99,31,40,66,130,173,117,51,208,102,100,229,533,2020,1688,172,620,101,95,164,452,178,204,49,183,139,235,837,1644,2018,612,234,486,112,133,242,728,757,461,219,1209,509,569,1606,4926
Datasets/wang/Images/train/class3/360.jpg,8739,2108,969,755,1231,228,725,735,904,303,210,172,738,226,1220,1291,2164,454,339,145,291,66,263,159,697,163,168,129,789,139,1330,767,1012,274,199,172,236,60,178,180,192,71,54,70,164,94,203,286,847,166,198,140,198,60,210,137,694,110,129,122,653,125,656,554,1323,285,184,172,217,45,97,78,194,77,61,58,94,43,138,157,231,54,62,47,36,17,48,57,150,54,59,80,106,58,162,224,851,287,173,221,106,30,146,177,140,76,64,111,149,95,218,348,787,155,213,161,113,56,157,178,615,105,172,239,382,193,565,890,936,827,205,725,167,160,146,587,186,186,68,118,185,188,173,605,312,156,81,108,77,49,104,111,180,134,70,118,211,169,291,528,228,181,61,126,80,70,64,159,59,47,25,70,54,91,108,249,171,158,71,121,63,62,86,211,137,127,69,247,173,215,288,990,862,852,155,674,131,93,140,484,181,236,60,162,130,163,211,581,270,148,88,122,43,67,88,164,184,183,96,219,188,230,341,899,1480,1394,200,770,130,167,201,618,190,320,100,307,218,368,677,1805,1556,805,268,557,129,194,331,851,733,561,277,1052,631,987,1798,5984
Datasets/wang/Images/train/class3/364.jpg,21402,2093,1165,775,994,124,881,808,1215,238,170,95,910,196,2649,2029,2179,397,205,87,136,35,204,75,745,88,89,68,733,81,1900,750,1065,209,75,85,110,23,73,96,118,32,22,19,79,31,158,164,760,84,71,46,109,22,109,55,1815,69,70,81,978,50,596,315,1074,106,116,101,158,18,38,45,105,36,16,34,61,24,66,63,96,27,23,9,12,4,19,16,102,21,22,20,40,14,66,90,805,176,92,109,65,14,60,50,65,38,18,31,73,53,140,209,726,84,78,67,49,17,48,56,1212,51,90,99,339,92,357,330,1076,708,119,1523,109,103,70,777,83,71,26,67,81,89,133,636,210,80,30,50,24,27,31,54,61,50,17,76,78,54,178,291,121,78,14,75,40,36,24,96,14,15,5,29,17,23,50,122,85,60,20,82,30,31,26,104,87,81,20,544,103,117,126,794,790,738,73,933,53,38,74,326,90,86,24,105,55,59,177,334,215,68,26,40,19,17,38,61,99,57,24,131,59,63,192,348,2709,2010,138,580,81,53,153,323,143,174,46,116,157,175,1017,1870,2811,698,208,331,70,61,238,314,610,307,130,752,362,352,1774,3362
Datasets/wang/Images/train/class3/378.jpg,17001,2345,1360,920,1483,123,1123,803,1445,274,127,93,1188,243,3177,2352,2322,479,260,89,119,24,210,78,923,111,82,118,872,70,1958,790,908,214,94,79,124,27,105,77,110,56,22,17,63,30,172,199,699,89,98,45,111,13,103,50,1701,83,110,116,1221,50,836,437,1204,117,141,116,392,21,67,44,103,10,34,31,89,8,99,81,113,31,28,18,21,3,16,17,107,17,23,32,36,7,64,81,680,202,92,115,69,21,60,56,74,38,10,19,70,46,169,239,557,66,72,60,43,11,66,44,928,44,83,109,562,59,407,333,914,697,126,1581,114,79,74,1088,105,93,21,117,96,104,142,787,236,88,39,76,30,21,35,43,90,74,17,123,84,47,197,417,91,67,11,85,28,29,16,71,12,14,9,19,18,21,28,141,65,89,14,81,25,30,17,105,90,112,28,660,99,115,133,1053,634,556,83,1043,58,49,76,502,80,86,21,98,53,64,139,361,220,71,44,41,16,6,51,62,118,60,27,92,44,42,238,343,1707,1901,131,585,100,55,173,326,140,190,28,119,147,237,1064,2122,2031,615,199,320,64,61,266,328,626,341,115,886,338,328,2051,3729
Datasets/wang/Images/train/class3/303.jpg,13526,2740,824,744,1270,154,790,813,823,293,94,109,857,284,2218,3100,2670,543,258,121,134,29,238,88,832,121,90,107,801,99,2185,901,828,211,87,116,98,21,104,119,117,45,10,13,93,45,178,273,830,121,119,48,94,8,121,51,1346,76,90,99,924,51,727,448,1214,121,98,94,287,18,64,48,112,24,29,14,71,11,123,77,147,23,17,20,12,6,14,11,114,14,18,33,45,7,91,62,865,236,95,119,86,15,83,80,89,44,10,19,97,56,192,312,978,88,132,60,39,11,61,28,1229,47,100,108,509,71,460,327,844,815,86,1048,134,104,84,954,79,100,15,79,121,124,186,648,298,142,45,86,25,19,29,42,75,70,20,94,105,81,225,396,100,61,18,87,28,15,14,88,22,23,9,19,14,19,44,142,93,103,14,123,20,27,27,95,88,94,24,516,103,110,158,950,872,864,79,862,76,43,96,430,118,85,19,102,74,65,185,461,265,74,44,50,21,12,54,67,145,62,25,91,67,32,243,312,2253,2241,183,724,91,72,204,438,166,233,38,127,181,217,1251,2466,3031,793,248,429,74,54,314,357,832,397,147,964,466,329,2436,3804
Datasets/wang/Images/train/class3/356.jpg,16052,2130,919,754,1474,161,834,767,935,285,170,109,815,234,1847,2293,2069,489,232,115,170,37,240,91,766,117,103,108,767,78,1804,702,935,244,113,128,171,48,135,125,117,51,22,41,75,37,157,235,783,110,130,77,149,35,159,79,1138,71,123,121,670,61,649,437,1351,155,168,152,271,29,76,82,181,43,46,41,100,23,134,111,167,37,34,28,18,13,36,33,175,29,39,49,75,20,79,102,783,192,119,145,78,26,89,86,76,44,26,41,76,57,176,275,830,80,120,94,60,25,98,110,998,73,171,166,396,95,463,490,922,728,130,1005,190,161,90,1180,128,117,33,111,136,145,153,666,249,131,59,83,43,30,55,69,117,75,28,116,117,108,223,458,167,95,31,121,37,62,26,166,34,24,13,47,34,51,62,181,90,112,27,138,38,47,39,162,82,113,49,486,142,159,178,1169,808,700,78,659,92,67,108,404,110,131,24,150,65,99,178,439,234,101,55,71,23,31,47,90,164,100,57,158,106,85,259,498,1925,1547,159,684,109,106,156,501,152,206,53,192,162,214,878,1801,1960,697,232,481,97,116,253,559,715,469,177,1158,437,493,1834,4728
Datasets/wang/Images/train/class3/301.jpg,12095,2468,1476,1178,1266,150,1482,1316,1325,273,183,116,1345,254,3787,3159,2303,372,254,121,157,22,216,79,997,89,105,105,1093,81,2392,807,724,226,107,125,109,19,128,98,98,41,16,22,71,35,193,209,748,105,129,75,80,11,149,79,1053,68,92,89,894,54,896,473,1025,109,128,99,128,21,79,46,109,32,22,31,77,22,107,92,118,17,34,17,9,4,16,9,90,15,30,25,38,8,66,65,809,194,127,127,52,16,92,76,69,40,14,29,98,46,206,235,818,97,118,62,41,17,77,36,802,52,77,94,389,48,490,336,849,846,99,1189,113,110,96,941,110,122,18,126,124,131,198,995,242,123,36,68,22,20,18,51,107,83,22,125,104,66,200,422,111,103,16,90,34,27,30,100,16,19,13,21,26,21,44,140,87,87,24,89,23,26,28,106,83,76,15,298,98,96,147,910,809,937,78,898,67,45,74,412,131,107,19,91,87,69,227,555,224,95,51,67,20,12,35,66,150,73,22,117,70,40,229,364,2148,2164,206,735,101,92,204,530,158,171,52,151,188,200,998,2013,2451,806,200,438,82,91,232,409,781,432,142,782,450,365,1733,3748
Datasets/wang/Images/train/class3/371.jpg,16304,2162,1429,838,1451,98,1268,973,1475,188,145,76,1326,170,4511,2176,2040,331,235,92,121,22,174,62,882,67,68,68,889,37,2600,532,943,232,97,81,137,33,101,105,129,47,15,21,79,41,183,147,766,76,95,52,126,11,138,59,1404,67,120,122,1106,53,734,318,1324,130,155,113,270,14,76,37,158,21,41,29,79,16,76,58,104,20,27,11,21,7,17,12,171,20,28,30,51,17,61,60,767,214,93,122,64,17,51,67,74,35,18,40,75,47,145,201,594,53,80,72,48,10,62,53,1448,57,141,157,454,70,334,321,880,718,112,1287,190,136,64,1468,103,80,12,94,114,123,163,786,167,61,56,78,34,16,46,74,100,43,11,107,88,54,194,341,99,81,14,75,29,28,31,129,23,24,8,30,18,31,37,138,67,66,22,100,41,43,28,173,92,89,27,507,134,122,126,1069,789,736,65,1055,67,43,65,459,100,94,16,117,72,66,160,365,185,56,48,49,12,18,56,86,112,51,27,139,74,32,260,332,1983,2333,169,626,79,58,139,331,151,186,30,126,122,256,950,1680,1608,487,132,264,60,46,189,312,560,298,136,988,327,339,1578,3692
Datasets/wang/Images/train/class3/316.jpg,12588,2158,820,760,1257,118,848,772,989,177,105,70,966,158,3365,1808,2052,341,253,86,115,21,226,67,801,76,71,73,867,68,2495,589,1056,242,93,83,127,19,88,78,100,32,15,15,77,28,169,158,815,97,73,41,96,9,84,49,1424,77,92,106,1119,45,731,348,1346,116,111,119,348,20,78,50,114,11,18,25,70,13,80,45,100,20,18,10,17,8,12,6,116,17,16,19,42,8,68,62,1067,276,93,96,67,11,64,57,67,40,16,22,95,39,163,186,950,68,88,55,45,12,57,43,1521,61,110,104,637,41,388,320,1035,827,114,1440,127,104,90,1279,82,67,15,95,92,104,140,645,207,84,32,77,22,12,32,52,69,43,19,99,87,49,214,365,113,95,10,96,24,20,17,121,12,12,3,19,15,15,37,135,71,102,19,100,26,30,18,98,92,97,32,521,111,105,132,1027,1105,1101,83,1336,71,65,98,667,76,105,13,98,69,74,146,411,202,66,35,47,14,10,41,78,102,45,14,101,68,40,250,330,4188,3287,172,853,101,75,155,471,219,232,32,112,160,256,1080,1799,2953,755,174,403,65,66,213,312,747,373,145,1070,401,297,1775,3374
Datasets/wang/Images/train/class3/305.jpg,9569,2534,801,753,1442,168,783,808,871,279,116,82,738,288,2211,2871,2471,448,294,95,137,34,264,78,640,94,89,94,766,70,2551,754,834,304,126,126,140,36,78,166,88,56,26,19,65,91,178,270,662,99,82,58,115,30,105,71,1084,106,112,103,904,60,628,337,1453,122,144,100,341,23,76,51,191,31,44,28,80,19,108,76,189,45,33,23,31,11,19,19,172,14,36,36,47,14,65,88,757,259,120,134,66,27,89,97,68,61,25,45,86,76,179,315,877,95,139,89,56,23,84,146,1013,64,128,154,402,71,437,467,1277,852,136,1120,193,279,88,1080,183,110,21,104,100,171,192,708,276,85,64,87,27,14,57,77,108,57,17,106,97,59,246,404,176,149,37,118,48,54,26,171,27,14,15,41,25,43,61,182,69,97,20,132,24,39,36,157,99,121,28,621,120,128,156,1069,960,867,98,987,101,81,80,538,130,119,19,99,72,67,193,483,454,82,88,65,19,18,71,84,166,62,38,125,86,60,278,397,2192,2413,221,802,110,122,161,601,166,241,34,158,179,274,1058,2177,2554,866,355,653,80,161,299,756,724,428,194,1333,399,379,2146,4577
Datasets/wang/Images/train/class3/319.jpg,8170,2692,669,788,1391,142,892,925,712,246,116,107,1038,220,2487,2615,2710,593,234,104,164,25,196,81,935,130,106,137,1382,80,3499,1058,687,222,84,109,127,16,112,119,96,42,23,25,101,39,193,261,790,133,106,74,106,18,110,65,1079,90,113,119,1336,66,998,540,1083,142,115,107,261,15,97,75,132,25,32,13,85,17,115,89,136,32,31,10,24,6,14,11,103,16,34,36,62,17,73,73,825,238,105,115,74,11,76,67,92,32,14,28,140,43,231,273,878,83,94,62,56,17,64,48,742,65,128,116,685,76,590,382,679,847,91,972,115,109,90,877,95,104,15,88,112,107,158,816,249,114,33,88,16,14,43,69,88,74,27,121,117,67,197,460,119,97,17,72,29,31,19,90,13,15,5,34,16,29,45,174,94,115,23,114,23,23,29,111,113,132,43,463,115,120,163,1058,900,976,85,871,84,45,142,579,126,95,14,87,91,92,204,524,266,90,38,58,14,12,33,74,113,58,26,121,91,51,199,356,2604,2624,177,804,125,72,219,539,216,203,43,150,221,205,1129,2347,3483,1137,282,442,74,68,293,351,667,434,152,947,547,385,2365,4438
Datasets/wang/Images/train/class3/348.jpg,9827,2302,878,666,1551,162,763,742,797,244,115,100,774,229,1677,1981,2323,473,327,129,185,36,283,84,727,115,99,106,777,97,2617,764,825,325,115,97,154,44,97,125,130,63,30,35,135,60,157,260,677,112,104,64,153,28,115,67,1261,94,128,120,1111,72,615,456,1516,181,145,183,481,31,119,69,146,45,24,27,95,24,104,107,171,39,37,18,37,8,26,23,144,18,39,35,89,13,92,113,713,309,110,102,101,35,78,92,112,60,24,58,108,53,172,265,678,109,110,74,98,17,105,109,1277,84,152,158,651,91,523,461,752,681,109,1361,142,145,120,1408,112,102,22,134,99,113,161,656,257,121,70,116,44,21,57,84,102,68,28,143,123,88,275,472,122,117,40,115,37,36,33,163,36,36,6,40,33,44,54,184,116,106,32,152,42,38,47,174,135,131,49,707,147,157,217,1405,713,738,110,1117,116,84,126,747,103,140,28,140,83,90,179,471,244,91,49,101,30,27,73,119,123,76,36,163,86,106,285,545,1679,2954,159,695,102,112,153,487,161,318,61,187,190,288,801,1910,2062,880,250,459,111,104,282,585,632,469,169,1264,487,611,1889,5374
Datasets/wang/Images/train/class3/369.jpg,8423,2333,928,631,1352,218,641,585,900,299,184,153,631,280,1207,1459,2334,582,320,163,241,76,278,125,604,153,160,144,629,119,1848,780,900,330,191,130,256,62,151,162,180,75,33,41,147,88,182,267,630,141,100,92,209,50,167,121,621,112,124,96,915,126,613,532,1410,239,267,231,304,55,118,118,215,68,50,89,107,42,150,143,250,45,65,44,66,24,47,43,226,54,76,75,104,39,137,169,634,263,136,185,111,42,115,120,137,73,58,77,98,93,204,301,585,135,170,156,95,47,148,184,890,127,176,249,467,148,559,802,941,687,159,725,209,197,132,942,191,143,49,125,151,179,172,531,306,151,78,105,67,40,74,106,160,105,56,137,176,158,275,524,195,184,48,138,82,80,60,201,50,46,20,53,58,65,67,236,127,145,44,133,73,73,72,214,139,110,43,354,201,239,275,1233,754,696,157,903,122,116,101,546,152,179,55,229,96,126,177,534,288,134,76,123,36,42,51,147,177,121,66,247,128,190,335,802,1284,2095,214,572,152,132,181,561,184,274,74,255,190,294,891,2272,1722,723,302,538,129,212,328,803,521,513,245,1242,528,745,2101,6457
Datasets/wang/Images/train/class3/373.jpg,19818,2044,1060,716,1302,139,832,682,1162,260,134,92,888,206,2263,1819,2152,398,238,88,117,26,190,82,717,106,79,77,634,70,1483,559,1162,206,98,84,115,33,96,90,104,38,20,19,68,44,153,188,791,95,72,64,112,23,104,61,1713,71,99,119,1109,65,563,311,1428,135,124,98,303,22,60,48,106,21,33,22,72,17,83,60,113,23,36,17,17,7,24,14,89,14,28,20,41,16,51,66,973,186,99,106,66,16,67,63,64,45,25,27,93,42,153,242,775,75,87,54,40,8,73,52,1295,55,88,122,440,46,372,318,1189,788,110,1517,128,102,77,1031,104,82,21,79,98,98,142,543,235,79,55,64,33,15,40,56,103,59,23,79,76,66,158,267,113,80,25,99,30,33,17,89,19,19,6,33,25,27,46,125,78,84,23,95,24,46,27,130,93,108,33,715,102,133,103,1035,1025,804,54,1059,84,37,77,438,85,81,22,117,66,64,135,301,233,68,34,56,16,14,56,68,118,69,16,134,63,60,183,341,2772,1757,157,619,89,70,169,359,163,168,32,119,158,215,1028,1870,2070,578,192,364,60,74,233,333,667,307,140,1146,362,316,1856,3777
Datasets/wang/Images/train/class3/361.jpg,16570,1988,882,750,1336,164,800,749,976,273,126,99,839,254,1972,1955,2106,458,244,118,160,43,231,93,698,124,99,111,736,87,1927,761,1044,237,109,120,160,39,94,109,153,56,30,16,93,43,157,181,845,106,106,68,154,22,152,64,1410,98,101,125,966,61,697,470,1231,152,146,132,334,33,81,58,130,23,34,28,100,29,133,97,149,36,32,15,22,9,21,17,116,22,35,28,71,14,71,98,921,226,95,132,88,15,76,93,83,32,28,38,86,45,167,236,825,80,136,64,81,20,86,80,888,73,109,112,604,78,492,379,928,707,130,1335,129,98,83,897,106,106,20,101,96,117,146,750,238,129,56,124,19,16,42,65,103,67,23,116,118,78,200,452,127,95,22,129,37,30,22,107,28,23,8,34,19,39,49,176,97,95,29,122,29,25,37,134,116,126,33,571,119,130,178,1024,876,765,93,918,85,66,80,590,91,136,17,135,78,82,184,485,246,95,40,58,20,26,42,87,122,78,31,129,83,74,217,409,2303,1994,147,791,93,70,175,457,169,200,47,159,159,229,824,1710,2146,851,187,448,78,97,239,411,798,474,151,1030,489,447,1778,4254
Datasets/wang/Images/train/class3/375.jpg,13350,2044,986,874,1561,149,965,925,1082,274,147,100,898,242,2740,2350,2084,447,216,105,147,29,167,78,869,124,91,116,908,85,2362,813,866,212,114,101,194,25,97,110,117,37,24,18,95,38,149,233,752,97,103,82,148,16,120,72,1340,96,110,113,1399,53,736,426,1476,137,178,149,395,39,78,67,161,30,36,36,90,18,119,82,167,35,23,30,33,7,19,16,102,15,39,43,65,8,72,76,765,181,88,140,100,20,94,67,73,30,29,35,92,47,180,256,754,54,108,75,73,19,77,71,1019,75,143,167,519,70,389,399,956,824,130,1368,158,128,68,940,105,107,24,99,94,146,144,756,254,110,59,83,32,32,36,69,100,71,20,119,104,77,177,458,118,80,21,102,28,37,22,136,23,29,7,31,25,33,51,188,101,102,27,119,38,43,28,150,110,141,35,518,143,155,140,1193,822,830,101,1418,91,64,94,529,111,118,10,142,67,77,145,448,201,86,42,72,20,35,57,69,144,80,35,159,74,60,219,420,2139,1663,145,700,120,80,165,502,139,179,44,156,164,185,881,1864,2187,741,219,442,96,86,284,429,643,436,158,1155,403,396,1790,4304
Datasets/wang/Images/train/class3/374.jpg,13138,2857,681,590,1583,138,607,619,717,253,109,79,662,225,2079,2162,2956,774,224,148,129,42,223,89,674,133,87,93,610,83,2178,826,670,236,76,85,138,30,69,77,97,43,16,15,82,30,160,214,615,149,88,65,110,17,97,61,973,79,68,105,670,59,578,376,2111,114,113,78,366,21,95,45,181,28,33,20,73,21,142,75,127,32,28,13,19,11,26,17,137,20,24,38,50,19,75,78,710,229,87,94,75,15,66,54,72,30,23,30,99,34,179,244,664,117,87,63,49,12,60,65,1324,63,146,153,429,69,447,349,769,631,87,976,157,166,55,991,75,95,14,86,89,94,166,556,242,143,47,66,24,17,37,49,73,60,20,79,82,69,187,365,109,99,23,84,35,25,15,144,24,15,6,34,20,22,66,152,68,99,27,121,29,35,24,158,84,101,26,886,109,99,154,1557,716,690,80,859,99,47,78,390,94,73,24,113,68,55,187,423,224,105,40,51,22,15,38,54,105,55,25,116,64,49,233,336,2701,2333,180,638,161,80,228,473,182,204,64,145,239,233,1406,2587,2674,1012,241,392,83,98,271,383,641,398,183,1782,455,382,2679,4671
Datasets/wang/Images/train/class3/320.jpg,12211,2386,911,769,1396,141,808,720,883,247,147,102,843,209,2100,1575,2311,443,335,107,189,19,337,82,754,86,101,123,839,79,2946,863,966,372,111,119,154,33,123,121,133,53,29,20,74,46,171,183,772,95,110,46,129,24,149,70,1581,99,116,102,1239,60,735,448,1384,172,180,176,316,23,97,59,157,36,28,38,60,29,108,80,124,27,24,21,19,8,18,31,125,18,30,32,77,18,87,73,755,343,96,144,81,17,70,49,79,63,19,35,93,70,141,208,701,83,82,71,56,12,68,68,1138,62,120,159,553,74,470,381,826,672,128,1575,164,114,79,1076,82,100,21,101,114,124,156,645,223,99,65,91,37,21,60,59,103,57,26,113,131,69,306,466,140,101,23,110,34,29,27,114,20,32,13,34,18,40,58,122,73,89,17,110,37,25,31,142,94,150,20,547,137,142,169,1168,728,746,85,1419,99,58,89,639,102,118,15,129,75,78,174,500,196,79,46,68,30,20,60,65,109,66,30,146,94,86,330,490,2028,3019,154,670,95,84,189,413,196,327,47,192,171,358,949,2017,2025,887,190,380,88,100,225,402,605,416,128,1131,461,442,1991,4329
Datasets/wang/Images/train/class9/978.jpg,9081,1429,933,791,1098,237,824,1210,982,237,155,119,869,284,1216,1890,1581,203,225,76,195,35,254,100,896,96,125,88,1149,103,1655,710,1036,225,158,130,210,54,135,195,148,44,34,29,103,41,132,284,980,100,143,112,223,18,157,139,960,78,124,108,1420,114,929,559,1261,197,170,207,140,29,83,95,199,39,53,56,73,23,99,102,265,30,56,27,31,9,21,33,263,24,55,41,93,25,114,120,1016,272,152,182,94,27,87,135,145,67,20,38,100,55,119,243,1399,138,234,137,113,25,145,160,1593,130,247,209,630,129,639,716,967,846,179,906,232,256,122,1384,201,143,38,140,132,204,153,928,267,106,54,76,34,25,50,97,158,76,28,105,181,110,209,567,191,119,25,119,48,47,22,227,38,29,15,32,30,57,45,212,142,100,39,95,40,41,45,228,137,103,40,199,241,232,163,1073,960,1187,116,1287,95,85,71,548,146,171,30,212,85,128,133,519,322,118,68,108,31,22,50,139,193,142,47,190,117,132,203,615,1425,1706,145,966,108,114,138,641,182,248,44,177,138,267,313,1253,2223,910,311,679,145,133,238,719,1177,742,234,1173,716,677,1318,4953
Datasets/wang/Images/train/class9/951.jpg,33284,901,788,717,926,113,670,863,831,140,120,79,641,117,1092,1218,783,85,139,55,159,20,172,48,642,52,86,70,1152,65,1162,368,786,138,138,106,204,29,90,101,115,31,22,23,79,28,87,109,673,47,124,59,214,27,130,72,1330,66,101,73,1870,70,841,344,1043,148,229,230,116,30,68,84,159,54,43,53,73,16,53,63,110,14,24,24,16,11,18,27,169,17,35,41,66,28,69,91,672,141,110,133,70,19,62,85,83,38,21,36,64,28,75,113,731,53,116,75,68,17,68,87,1345,81,141,144,485,95,351,400,817,697,146,1271,162,179,105,1370,118,104,22,108,91,121,97,738,127,56,29,76,30,23,27,73,75,59,22,89,147,85,130,399,127,77,32,125,48,47,28,167,25,23,11,30,19,24,20,117,73,62,23,90,51,45,32,159,109,67,36,204,180,183,139,793,651,951,108,1567,63,96,80,531,95,141,22,183,61,86,67,434,122,51,40,92,24,26,37,123,120,87,41,191,79,104,120,470,914,1072,97,796,66,90,76,456,72,149,17,178,56,130,153,662,958,416,119,419,58,92,129,456,629,381,130,923,348,480,639,3331
Datasets/wang/Images/train/class9/943.jpg,14516,1637,1265,841,794,173,1051,1128,1059,237,174,115,964,214,3102,2381,1587,240,277,103,204,40,299,101,751,95,130,76,1103,99,2318,724,978,289,194,129,151,38,138,163,129,75,39,33,80,69,153,204,749,101,110,60,233,23,180,96,864,69,85,53,1160,77,722,433,790,228,177,251,66,21,58,58,134,59,48,40,51,31,74,93,171,33,47,27,27,15,28,23,104,29,30,45,73,33,90,147,874,317,116,179,55,34,84,97,94,65,33,54,65,49,119,241,972,107,146,95,59,28,92,142,627,89,114,121,279,120,454,549,1160,823,127,1074,137,145,87,826,164,118,32,89,135,138,163,786,268,97,52,45,55,23,67,68,114,81,25,58,170,122,266,397,199,164,59,95,42,47,30,107,44,34,13,26,30,63,62,172,128,114,35,94,47,37,65,118,89,72,33,150,145,149,209,595,945,1099,92,1101,53,75,66,347,136,153,53,144,81,96,126,480,302,110,60,96,29,41,68,111,158,121,62,172,130,197,268,633,2130,2096,188,882,77,133,138,516,231,309,72,206,127,333,520,1402,2048,786,267,519,110,169,280,697,748,452,187,668,432,744,1338,4193
Datasets/wang/Images/train/class9/955.jpg,11279,1841,1095,669,937,167,827,859,1225,313,141,122,864,351,2538,2652,1597,271,257,74,158,24,271,89,759,88,108,66,829,105,2958,681,973,304,150,159,145,48,111,167,141,51,20,27,85,72,165,344,793,108,119,70,158,25,162,105,760,42,86,57,683,61,657,419,886,155,146,147,71,26,52,69,263,30,39,36,57,25,68,83,196,41,43,18,24,4,24,24,290,24,45,40,65,23,80,118,874,310,122,176,54,21,93,111,84,62,24,46,60,64,120,341,1153,121,177,109,49,22,124,141,1696,82,209,184,362,83,449,613,1056,796,163,703,225,286,86,1431,159,123,32,86,120,154,156,732,316,101,57,55,38,26,45,93,136,63,32,77,179,116,257,374,177,147,29,91,51,74,38,201,24,24,12,29,20,40,45,195,116,82,35,83,40,48,49,194,77,66,23,167,131,129,174,669,888,1116,105,719,56,70,70,318,125,177,16,143,49,119,136,416,366,103,67,75,36,25,65,129,159,106,44,133,105,118,257,541,2030,3022,195,868,89,90,127,541,163,291,51,173,142,290,495,1472,3205,893,364,547,107,146,364,774,958,520,203,719,505,604,1502,4343
Datasets/wang/Images/train/class9/940.jpg,8799,1878,942,815,922,161,798,1122,890,249,152,122,840,259,2000,2689,1893,297,267,88,180,22,290,89,756,83,98,87,1083,95,2684,953,955,286,142,104,143,34,117,159,112,60,24,26,84,40,146,261,811,98,107,71,142,24,174,94,984,74,84,85,1122,71,998,490,1064,197,147,160,108,25,69,69,188,26,34,30,46,26,73,94,180,29,34,14,17,7,26,29,189,24,42,36,61,26,95,94,905,332,142,163,73,32,91,117,99,43,30,31,64,43,153,272,1182,123,150,107,78,19,106,111,1427,93,137,162,555,83,591,501,895,944,138,979,159,186,88,1142,131,116,28,84,124,156,139,925,262,117,37,66,26,21,54,70,140,79,23,77,161,95,243,507,171,116,19,108,38,40,26,173,29,17,12,31,34,29,35,186,104,92,29,95,26,33,28,143,90,102,26,183,153,134,162,749,999,1291,98,1185,60,91,88,516,129,186,26,155,84,116,134,590,325,119,42,70,18,24,51,114,171,84,35,136,99,113,221,511,2299,3391,182,1073,95,98,137,591,158,277,36,184,140,235,522,1570,3113,1089,291,636,96,119,236,601,1034,620,170,843,602,569,1595,4121
Datasets/wang/Images/train/class9/970.jpg,24652,1012,1076,765,1013,149,757,879,878,180,182,104,807,146,1094,1142,966,100,275,65,193,23,313,98,797,76,124,57,1197,86,1680,556,903,224,177,124,179,42,123,122,145,51,45,34,128,49,122,165,737,75,142,58,209,29,178,107,1078,71,105,103,1422,84,941,487,932,209,171,194,106,10,70,99,149,56,43,63,76,21,64,87,160,14,41,28,22,12,23,33,167,23,47,33,91,40,107,144,746,317,119,208,74,29,61,109,93,78,27,46,79,52,72,191,969,94,129,107,73,29,114,118,1103,74,161,154,573,123,496,585,864,725,175,1159,156,166,86,987,135,122,38,99,148,152,110,734,166,70,56,56,35,29,92,104,128,70,25,81,197,111,276,480,138,87,25,108,45,41,31,165,38,28,16,27,34,31,42,155,71,67,26,98,47,38,48,153,102,94,33,170,182,180,169,807,776,1140,97,1221,64,75,63,517,130,203,27,222,83,121,96,468,159,84,45,91,27,38,51,133,163,112,36,171,107,175,219,679,1025,1699,110,853,71,98,96,466,110,258,25,205,86,225,185,861,1158,575,168,471,84,110,159,518,738,508,187,796,497,650,846,4030
Datasets/wang/Images/train/class9/971.jpg,7128,1729,826,754,808,193,754,1033,943,308,126,112,746,368,1651,3030,1931,254,280,103,191,25,320,119,778,72,96,53,1189,107,3140,886,1026,322,171,122,166,37,104,182,152,63,31,30,102,77,152,325,894,103,148,76,175,19,175,105,746,57,89,94,1192,69,938,449,1000,193,151,179,100,20,60,66,179,56,39,49,57,28,74,85,212,38,39,17,25,10,31,33,214,19,54,27,74,36,84,110,922,405,129,189,66,30,79,133,119,69,35,37,63,64,146,259,1367,100,193,105,88,39,132,161,1138,88,162,166,482,104,535,611,998,877,166,663,168,209,83,950,174,118,26,80,131,173,143,872,330,84,63,55,39,17,56,78,137,74,28,71,186,90,304,413,176,137,31,107,57,41,31,191,35,28,13,29,23,32,39,184,140,90,30,72,51,41,46,163,125,89,39,159,224,171,174,714,879,1251,111,1216,60,80,46,430,135,169,18,200,87,125,118,473,417,133,53,85,26,31,66,119,199,125,45,153,120,159,288,584,1888,3184,176,960,87,115,142,595,163,407,34,188,140,312,511,1627,3507,1058,368,559,127,155,347,723,1018,605,222,863,601,786,1626,4576
Datasets/wang/Images/train/class9/952.jpg,37941,905,681,533,719,127,562,757,751,211,102,59,627,227,1415,1586,1044,162,172,53,88,20,141,54,605,68,69,45,822,54,1359,549,775,140,118,83,117,21,90,116,99,46,16,14,72,41,96,212,681,50,87,49,112,15,118,77,1103,34,74,53,763,42,697,358,777,85,97,97,61,8,38,41,120,12,26,15,56,11,53,66,142,25,24,9,20,2,16,14,141,14,39,27,38,14,41,77,754,201,104,104,50,19,61,76,72,32,17,25,55,44,78,179,983,56,142,75,54,19,73,98,948,69,130,116,371,87,323,433,814,594,88,963,116,126,56,963,115,105,23,63,78,133,81,594,214,62,28,35,27,19,24,40,87,53,22,53,118,81,154,307,151,66,13,79,25,34,23,129,20,10,8,14,21,39,28,119,95,56,30,48,30,31,36,108,71,70,13,146,108,104,109,580,698,788,62,745,38,59,42,269,74,129,11,92,54,66,64,297,285,62,34,38,11,16,40,63,119,78,32,81,78,72,145,344,1414,1494,83,726,64,68,72,356,90,140,28,122,76,167,258,802,1907,661,202,397,88,90,206,420,781,402,133,626,441,397,873,2877
Datasets/wang/Images/train/class9/910.jpg,9122,1701,929,756,1115,138,721,851,1028,231,153,94,794,293,1202,1913,1511,187,333,82,181,13,362,80,919,63,105,64,1487,87,3569,644,1056,351,186,121,208,26,83,144,134,54,30,31,112,46,108,264,775,70,131,60,245,26,167,94,1636,57,109,90,1976,86,1058,431,1172,167,228,258,143,16,45,73,191,35,52,65,67,12,43,58,149,24,28,16,18,6,25,18,225,26,43,31,69,28,74,102,743,465,108,197,57,24,62,109,79,72,16,35,58,49,78,226,916,92,172,106,60,27,89,168,1529,63,243,222,449,98,477,600,1017,877,124,1214,224,217,87,1641,144,86,19,87,102,149,108,701,239,62,62,47,46,23,68,70,98,63,24,64,198,101,410,460,132,140,42,91,51,55,24,205,26,22,7,20,22,34,39,153,88,61,22,87,59,42,43,187,90,92,32,372,268,241,187,971,852,1361,104,1780,54,62,66,458,101,167,22,288,71,114,102,495,322,82,61,73,27,31,46,120,150,97,34,207,107,167,323,631,1567,3619,130,1035,62,88,96,504,134,459,30,178,96,363,346,1516,2042,724,264,470,73,109,252,555,726,504,133,961,467,677,1405,4242
Datasets/wang/Images/train/class9/928.jpg,30811,910,940,708,782,110,983,1007,935,148,106,80,953,142,3661,2275,967,103,184,47,106,17,161,61,651,47,70,59,901,60,1990,559,829,176,121,61,146,23,79,99,99,44,21,17,66,53,101,142,638,49,69,39,146,19,96,52,1034,44,77,66,1395,54,761,314,766,136,125,136,108,20,55,54,103,17,33,22,39,18,45,65,121,13,25,15,15,2,8,27,123,13,30,33,58,17,53,60,718,187,74,110,41,23,40,68,72,32,17,30,49,33,65,143,970,61,107,64,48,30,61,78,1190,48,109,99,421,81,304,334,875,653,105,863,118,130,57,988,123,71,20,81,80,103,94,758,156,37,43,40,28,16,45,41,87,44,19,61,106,60,163,345,104,80,19,82,27,30,12,115,25,30,11,18,15,35,32,89,60,58,18,60,40,25,47,129,84,74,33,173,152,129,128,602,688,958,77,1333,48,44,59,422,90,89,17,153,52,70,79,324,152,69,36,47,29,19,41,88,102,73,24,122,66,90,149,405,1733,1871,96,736,43,79,85,353,92,196,23,118,68,176,283,765,1829,576,144,382,73,81,148,426,714,372,111,704,378,438,730,2718
Datasets/wang/Images/train/class9/917.jpg,8773,1286,963,919,1624,157,927,1349,938,292,133,117,970,272,1547,2366,1310,184,268,64,137,24,326,84,879,81,113,77,1216,69,2322,833,835,213,144,119,165,23,117,157,126,43,16,29,96,48,121,251,705,62,122,54,185,19,175,103,3239,58,167,148,2433,80,983,551,1220,174,159,180,142,17,59,84,143,32,25,35,54,16,72,97,163,20,34,21,16,3,16,28,179,18,36,35,69,23,88,105,716,257,125,183,73,21,81,112,99,59,25,33,66,38,95,233,918,73,163,102,76,19,120,84,1462,63,157,139,614,99,547,498,769,781,124,2912,144,176,80,2668,128,127,19,167,102,171,108,1033,217,87,50,66,34,18,50,68,115,58,28,120,155,86,278,642,130,88,24,125,30,29,17,152,20,22,11,35,17,30,27,157,106,87,23,106,41,26,22,155,126,129,27,916,164,154,155,1343,719,1104,103,1620,60,84,70,697,110,170,17,160,60,119,94,560,274,95,48,76,16,22,39,101,155,91,22,143,96,115,232,525,1134,2058,105,909,78,99,81,570,104,230,29,191,85,207,223,1138,1928,734,232,593,88,118,190,523,845,524,140,1166,505,510,1083,3816
Datasets/wang/Images/train/class9/947.jpg,8388,1470,984,1055,895,105,1035,1619,890,144,94,84,1054,161,2910,3221,1362,150,128,51,91,11,160,55,941,61,78,68,1621,61,3191,820,885,143,106,119,142,25,79,119,93,24,11,12,72,29,109,150,927,55,98,53,112,10,131,68,1407,38,85,71,1862,50,1209,400,1056,145,134,144,100,11,52,52,126,17,25,22,37,17,47,52,95,25,33,15,10,5,9,12,117,12,27,22,50,11,71,68,1038,169,129,137,53,13,43,65,57,17,13,15,63,23,91,124,1549,64,119,66,48,16,66,53,1912,42,106,95,567,47,441,349,1093,1092,119,1907,116,168,80,2193,100,95,8,96,122,118,123,1222,153,66,35,52,23,17,30,64,92,54,12,76,108,68,140,431,126,93,19,96,32,21,22,134,13,13,5,18,11,16,25,105,94,59,10,70,28,26,18,111,75,62,15,189,112,109,116,709,1136,1825,91,2262,48,63,66,622,101,129,21,111,50,69,108,520,174,66,24,65,10,15,32,48,117,62,17,86,76,58,123,312,3455,3736,142,1354,57,66,115,535,147,144,28,98,94,126,546,1121,3184,854,171,493,64,66,146,376,1194,449,112,797,468,314,1005,2578
Datasets/wang/Images/train/class9/969.jpg,27061,1206,1285,1083,1458,126,862,1137,855,203,108,79,670,179,1352,1503,990,111,181,47,96,19,186,50,621,33,57,39,1001,38,1446,381,765,168,122,104,176,24,95,109,91,44,26,13,65,47,82,206,573,41,85,43,194,17,139,51,1912,30,91,74,3156,50,690,293,1328,116,162,171,224,21,40,66,130,22,45,33,36,17,39,69,93,16,25,19,19,3,20,16,116,10,30,43,52,14,59,82,568,162,83,128,42,12,51,81,67,33,12,24,58,52,72,160,615,30,85,62,56,5,72,77,1259,42,104,137,743,59,282,375,926,749,154,2410,130,120,63,1715,125,62,25,82,95,121,108,779,184,50,45,40,28,16,47,51,84,49,17,67,105,61,179,300,100,62,20,66,35,20,15,124,9,17,7,27,9,21,23,109,56,34,14,58,24,36,24,123,83,53,21,740,153,162,106,1267,616,974,77,2848,49,60,70,551,83,130,28,170,54,72,64,338,168,53,49,57,15,10,41,60,99,63,25,166,72,87,153,352,1014,1318,92,680,32,42,74,262,95,149,18,118,78,173,289,904,1036,263,181,258,33,55,189,298,507,241,82,1116,282,353,795,2959
Datasets/wang/Images/train/class9/907.jpg,9577,1455,1190,984,1352,236,950,1315,1097,270,191,171,930,256,1480,2642,1517,180,265,107,211,42,264,108,924,130,164,101,1096,120,1553,731,1047,256,211,181,194,70,174,202,174,69,51,59,130,79,189,266,905,96,173,118,181,42,230,147,890,86,120,111,1037,124,930,568,1257,225,198,166,143,36,99,108,219,66,65,57,95,39,91,125,218,53,61,26,40,14,41,51,185,48,70,57,99,49,132,170,891,259,178,199,76,41,96,123,143,72,47,75,108,79,139,280,1081,125,210,138,112,44,138,185,988,109,213,217,493,167,596,775,951,736,165,956,218,162,129,1321,232,177,44,131,184,211,172,932,287,117,81,89,67,38,81,104,164,108,49,102,218,158,262,562,173,141,46,116,51,75,46,173,57,58,29,41,46,76,69,234,139,99,50,117,67,76,92,205,131,80,49,245,194,229,240,994,794,894,122,842,97,109,70,473,155,190,47,213,119,148,137,586,230,128,80,116,29,48,66,148,204,152,69,208,166,193,269,707,1243,1169,148,725,101,113,158,508,138,276,66,219,136,287,296,1175,1978,627,258,510,110,157,285,737,944,537,234,983,558,822,1348,5308
Datasets/wang/Images/train/class9/979.jpg,10636,1506,978,845,860,197,814,1488,1070,237,143,107,820,296,1551,2265,1517,170,253,87,150,24,264,93,876,89,98,96,1101,88,2319,743,1067,299,163,138,158,38,139,200,155,64,36,27,116,55,145,247,952,89,126,67,180,13,169,129,1051,48,76,64,1202,76,910,453,1001,166,149,164,86,20,64,88,156,37,36,45,57,25,71,98,177,32,45,16,21,9,35,30,203,15,40,36,68,29,89,106,1065,317,127,208,72,22,81,120,114,49,31,46,85,58,103,227,1669,102,199,109,88,35,130,137,1496,93,171,146,514,93,554,582,1085,905,126,991,146,208,100,1583,165,140,25,102,123,215,151,1094,257,76,54,57,42,21,52,76,147,90,30,89,175,103,268,445,179,125,38,119,46,31,21,157,23,29,9,31,28,48,53,181,144,90,31,78,44,38,38,149,98,72,21,144,161,134,177,706,986,1204,105,1127,74,75,54,473,151,172,31,139,92,104,105,510,299,97,59,92,29,26,42,108,180,106,46,147,116,104,257,581,1800,2705,144,1024,74,129,118,616,131,296,44,188,125,263,292,1261,2727,943,286,611,100,153,248,677,1294,651,199,778,652,672,1236,4026
Datasets/wang/Images/train/class9/902.jpg,23619,1358,1011,767,565,121,1079,1051,1107,182,117,77,1148,204,4444,2763,1387,194,193,94,122,16,199,87,859,65,86,69,1474,68,3571,870,548,183,73,75,77,17,73,89,65,33,9,9,69,28,113,149,647,85,82,57,85,10,109,51,918,42,60,36,954,49,967,362,646,99,82,88,51,10,56,34,75,16,17,13,47,13,76,53,108,20,18,15,6,2,7,10,85,10,14,12,36,6,60,44,686,219,71,119,58,10,64,76,62,26,12,16,51,34,111,168,1045,75,112,57,39,10,50,50,772,50,75,69,374,51,459,282,565,739,59,817,73,78,60,713,58,73,8,55,93,100,124,794,165,73,17,38,20,11,14,58,79,63,14,47,106,56,204,383,100,102,16,68,18,20,11,101,8,9,2,13,7,17,21,104,77,61,18,70,28,13,19,76,52,50,12,88,91,60,105,439,769,1048,59,846,37,48,53,370,71,106,13,99,62,60,117,449,203,82,31,40,11,7,24,46,112,84,13,69,76,50,161,291,2500,2913,133,931,72,84,103,516,118,205,20,103,130,167,808,1184,2495,977,186,495,88,54,156,331,829,525,95,585,500,349,1212,2751
Datasets/wang/Images/train/class9/949.jpg,21318,1667,1013,759,878,202,842,1047,1227,345,148,126,934,357,2296,2809,1693,227,283,109,132,29,293,133,828,109,117,88,740,101,1703,798,803,252,143,133,125,43,106,193,112,56,24,26,79,56,159,328,680,104,134,84,114,23,172,102,807,47,83,71,480,70,748,448,753,168,127,116,70,27,66,67,136,28,38,35,60,28,68,123,197,31,41,26,17,8,28,18,119,34,39,29,53,21,111,103,694,263,143,144,59,27,94,118,75,63,23,49,53,49,145,293,897,99,166,103,57,27,116,115,589,75,152,124,306,99,465,578,821,666,122,677,145,164,75,681,176,142,24,89,140,195,165,887,259,103,50,56,42,18,53,92,132,84,17,63,160,100,228,531,139,113,19,86,30,30,17,126,33,28,10,14,25,43,36,197,101,84,40,68,29,28,43,107,77,52,21,127,109,105,160,619,674,656,89,464,67,65,76,296,133,111,34,105,74,106,164,514,311,95,44,75,38,17,53,93,188,97,40,124,106,112,254,529,1521,2206,141,603,75,95,113,496,161,239,37,159,115,245,491,1496,2713,786,276,444,90,114,287,571,829,424,191,621,431,528,1418,4234
Datasets/wang/Images/train/class9/961.jpg,18052,1487,1289,1036,1002,135,1165,1081,1279,172,127,93,1158,182,2628,2390,1421,198,181,77,122,26,180,67,1008,73,82,63,1400,61,2848,741,1203,164,152,118,111,17,126,128,131,42,27,17,82,28,144,163,906,53,105,58,137,15,168,65,1499,53,92,83,2100,65,1096,428,942,114,128,130,86,16,67,42,119,30,38,31,54,6,55,68,134,22,18,18,10,11,15,25,125,12,30,36,42,24,65,73,983,175,104,129,52,12,72,86,82,38,19,34,64,46,129,169,844,67,130,83,58,24,96,73,1064,62,109,97,434,85,466,342,1370,978,122,1467,125,120,82,1341,127,118,20,90,110,148,148,998,157,90,37,42,27,17,35,59,134,60,15,83,154,59,163,423,125,81,24,103,25,25,19,126,18,24,12,17,24,22,31,141,69,64,27,63,31,28,31,122,102,82,28,195,125,117,115,649,1024,943,96,1238,56,48,71,439,111,124,25,117,57,99,128,445,179,71,41,57,21,29,44,76,133,74,31,110,72,83,164,366,2329,1671,153,876,60,64,117,403,145,167,25,153,124,168,758,1180,1556,497,166,416,73,87,166,387,818,383,134,670,419,402,1132,2959
Datasets/wang/Images/train/class9/929.jpg,22576,1056,1052,864,978,116,879,1011,1337,110,112,43,1137,134,2659,1324,934,95,144,54,111,12,168,53,938,44,67,45,1275,39,1957,453,796,161,112,109,171,20,89,106,102,31,15,13,57,31,89,113,742,37,93,50,161,14,163,66,2024,43,93,87,1885,56,911,330,1176,114,145,171,128,15,51,47,130,25,26,21,51,16,42,49,103,17,15,14,9,3,7,14,143,16,19,25,45,9,41,50,755,192,76,121,62,16,47,72,72,24,8,21,77,35,68,103,992,50,117,64,57,15,60,53,1960,56,146,135,773,62,343,305,988,907,108,2353,145,153,75,1960,103,85,24,105,105,111,73,818,142,45,32,46,21,13,22,53,87,59,16,81,107,55,142,339,98,87,12,95,19,19,12,146,9,17,6,21,7,23,15,91,70,56,11,80,25,18,17,113,100,94,22,332,145,115,114,833,910,1221,81,2555,50,74,64,889,78,112,16,159,37,77,63,375,154,48,29,66,15,18,27,77,117,73,26,140,58,56,125,337,1615,1777,77,936,47,60,81,441,79,180,23,116,74,140,267,766,1523,524,148,448,54,57,133,359,819,393,128,962,403,351,775,2729
Datasets/wang/Images/train/class9/924.jpg,11725,1402,1004,781,1022,177,820,1028,991,248,143,78,664,215,1112,1535,1336,179,238,77,176,19,235,80,743,60,94,71,869,76,1743,430,1264,282,156,153,180,44,143,163,157,62,31,23,88,56,113,214,955,86,116,73,201,25,156,81,1045,78,100,81,1114,69,670,354,1269,189,177,216,124,24,82,66,206,35,44,38,64,21,63,70,212,24,37,17,31,8,32,22,218,26,43,44,62,34,71,87,1086,346,153,165,81,28,68,103,96,52,36,44,70,70,106,217,1388,116,189,130,78,40,133,127,1777,117,184,201,471,112,446,537,1263,953,158,1200,196,245,84,1663,179,137,27,115,129,173,129,787,282,78,43,60,42,24,59,95,121,72,36,91,149,83,229,406,175,126,36,118,44,46,26,229,34,32,14,28,37,59,33,141,137,68,32,89,46,46,37,177,96,103,42,187,155,174,154,825,1062,1484,98,1555,74,89,62,517,158,194,33,184,85,110,106,413,315,99,66,110,29,23,74,101,196,132,43,170,112,107,218,547,2154,3607,153,1115,70,125,100,530,156,280,41,165,122,277,304,1180,2594,866,251,569,115,131,262,684,1133,599,177,1032,549,614,1146,4380
Datasets/wang/Images/train/class9/939.jpg,6428,1378,835,709,1137,220,719,1227,918,288,145,113,830,332,1252,2852,1473,190,258,88,221,22,295,120,824,81,117,79,1187,123,2253,867,890,254,162,154,231,38,132,209,157,47,42,39,133,51,145,287,846,91,160,78,295,20,194,127,893,89,127,89,1806,121,1058,593,1228,204,201,245,139,23,88,80,225,34,36,52,72,28,84,113,231,26,37,19,19,8,25,32,254,22,50,48,92,24,115,116,875,317,140,186,84,30,90,131,123,52,25,57,77,48,105,238,1351,139,187,138,85,32,130,141,1757,106,233,197,634,117,686,690,941,781,157,821,222,252,108,1611,178,144,30,104,152,166,133,1050,270,101,57,74,37,26,60,87,140,91,28,95,202,113,241,560,166,134,44,97,41,55,33,243,46,28,13,27,38,46,45,240,128,96,36,79,48,38,46,176,127,95,35,213,245,197,232,1058,858,1064,120,1559,93,86,71,592,137,188,30,257,76,133,121,578,345,129,56,114,23,35,53,147,200,103,53,213,145,174,244,694,1405,2276,138,989,105,127,116,638,152,304,35,205,127,239,277,1225,2673,1019,281,638,108,153,266,752,1144,669,200,1175,604,742,1262,4806
Datasets/wang/Images/train/class9/963.jpg,14111,1864,1080,953,1005,138,962,1084,944,190,118,98,854,181,1474,1164,1727,146,277,90,157,18,321,84,855,79,86,64,1032,72,2007,500,1051,305,192,155,176,27,135,134,135,55,31,36,82,47,146,181,1014,93,155,111,164,19,168,101,1239,47,96,100,1081,83,755,379,1111,195,187,220,98,21,70,87,127,45,26,32,45,25,79,62,144,16,33,24,30,10,20,37,140,25,30,30,65,24,79,92,1054,325,146,188,73,20,98,116,108,55,31,52,74,48,149,200,1067,94,130,117,73,18,110,118,1102,74,111,162,375,104,453,449,1001,1005,146,1316,142,160,115,980,145,162,32,118,173,191,145,715,210,93,57,83,45,25,66,88,162,82,27,96,234,119,260,514,157,134,39,121,37,28,28,143,27,38,20,35,21,56,56,190,113,80,34,116,55,34,49,147,112,101,35,253,161,139,162,812,1067,1388,95,1329,79,78,88,518,161,254,30,170,91,169,158,535,221,108,57,80,19,24,45,117,196,95,59,170,156,152,249,603,1861,2807,162,1156,78,112,143,596,200,279,50,201,155,248,456,1453,1637,775,235,631,96,143,199,600,796,566,165,917,503,611,1322,4323
Datasets/wang/Images/train/class9/909.jpg,21768,1242,1274,882,1136,167,815,969,1291,236,150,84,794,169,1287,1345,1160,107,194,57,155,37,176,77,864,67,118,74,899,69,1188,382,1267,220,171,124,220,55,118,172,214,62,29,34,89,59,102,209,949,74,149,93,200,21,173,104,1528,54,93,82,1104,80,778,390,1120,170,180,183,101,32,56,82,254,51,61,65,64,38,52,59,186,23,54,35,34,13,25,24,222,30,62,72,69,36,89,113,829,165,144,190,64,40,84,122,94,65,21,51,80,62,97,210,1027,88,189,106,78,39,96,146,1402,79,234,222,481,121,450,590,1136,834,175,1496,245,209,92,1546,190,123,27,87,123,209,108,833,251,65,62,59,51,27,47,86,140,68,34,84,150,114,173,435,155,101,46,123,60,64,25,238,42,35,15,28,36,48,29,174,91,66,26,72,56,58,44,248,117,92,40,220,214,230,148,908,713,817,93,1299,52,50,74,448,128,156,24,220,71,101,88,477,203,82,70,72,31,44,52,129,186,93,53,183,118,122,181,565,1181,978,120,761,46,69,88,512,113,180,25,146,81,173,235,930,1331,393,243,428,62,102,208,601,910,456,164,875,465,571,960,3927
Datasets/wang/Images/train/class9/911.jpg,8198,1635,969,934,1499,215,944,1226,900,246,155,126,853,276,980,1927,1528,190,257,124,213,44,235,122,892,140,122,98,965,75,1435,692,895,243,187,185,202,46,170,238,140,55,27,36,140,56,144,253,859,112,165,130,232,25,230,157,862,106,125,122,1303,94,1006,726,1454,233,238,210,198,27,115,100,216,36,47,44,103,32,103,121,247,35,76,38,32,20,36,32,223,34,48,53,99,27,83,113,918,248,174,246,119,35,116,185,139,56,31,66,107,46,141,242,1133,117,232,163,83,29,140,149,1350,107,195,201,538,118,653,629,963,913,145,950,259,230,114,1435,213,211,38,126,210,259,150,1274,314,118,70,102,41,24,54,117,189,129,40,102,210,149,218,684,149,134,43,125,53,50,34,213,39,39,9,31,33,47,39,223,125,96,37,109,54,52,65,204,121,125,40,238,217,222,256,1169,902,1026,125,1309,110,108,107,650,193,222,42,192,140,144,110,712,275,100,57,113,35,24,57,132,236,190,55,194,145,137,230,683,925,1498,143,1074,98,124,112,761,134,230,48,208,140,218,235,1395,1723,678,261,692,117,118,251,737,1111,753,257,1152,708,644,1331,5290
Datasets/wang/Images/train/class9/901.jpg,9560,2365,930,896,849,147,937,1037,905,295,124,89,887,296,2441,2208,2458,257,446,91,182,19,411,90,926,121,94,82,1222,102,3910,776,861,456,133,132,141,31,133,154,115,51,27,29,99,56,221,241,865,104,153,84,135,13,190,71,1026,79,98,70,854,67,975,435,880,173,127,144,81,16,62,42,124,24,26,25,51,23,87,83,161,33,33,22,14,7,15,21,91,14,28,23,58,23,94,77,859,435,160,178,77,27,97,119,91,57,20,45,84,71,179,276,954,97,155,93,55,25,101,85,1180,71,111,108,524,73,608,465,805,799,104,853,122,107,77,771,112,131,14,83,121,150,206,800,311,102,70,79,27,14,57,49,138,89,35,81,165,114,432,458,123,109,32,86,25,27,21,129,23,23,8,25,20,51,48,151,104,76,29,97,36,21,56,117,78,89,27,148,138,119,163,688,805,1175,99,1011,68,80,61,476,135,162,21,159,89,124,213,586,319,113,53,75,21,13,67,83,151,103,30,132,140,104,412,496,1728,3502,190,973,76,95,142,576,204,446,49,155,157,430,756,1999,1893,764,264,491,97,86,253,477,847,477,145,787,622,528,2071,4395
Datasets/wang/Images/train/class9/923.jpg,8236,1464,1172,1044,1205,177,1120,1511,917,266,195,142,943,250,1799,2375,1422,203,259,85,188,29,255,105,849,93,140,84,1223,102,2081,823,934,238,185,162,189,32,144,198,143,48,25,24,81,56,145,314,877,86,131,66,211,25,190,129,941,61,106,95,1286,92,1005,583,1205,223,170,223,146,16,91,96,194,50,38,42,74,29,93,104,157,27,34,17,35,8,31,38,184,19,54,46,82,32,116,117,906,240,143,190,73,21,83,112,122,52,34,36,70,50,123,246,1204,84,176,121,78,25,108,133,1368,79,189,165,523,87,541,603,1031,1004,137,1399,186,188,141,1531,163,163,32,124,144,221,182,1284,225,89,65,69,43,29,56,97,136,89,23,103,187,129,219,601,129,100,34,121,39,46,29,217,28,28,5,26,31,33,50,164,129,79,23,96,51,47,44,183,135,94,39,241,202,149,193,936,946,1458,115,1832,102,84,90,587,167,185,36,199,81,126,133,612,255,105,60,73,25,16,46,126,167,106,52,171,127,118,222,683,1716,2212,125,1131,86,117,126,536,142,231,38,201,139,208,305,1227,2249,759,268,569,91,125,227,584,1013,578,183,933,554,618,1192,4294
Datasets/wang/Images/train/class9/966.jpg,6898,1210,939,760,1306,135,782,748,884,169,133,103,835,187,1467,1364,1314,165,220,58,262,18,312,67,803,65,108,79,2164,93,3128,777,1051,211,249,155,309,30,158,140,154,48,26,18,117,44,105,160,797,55,185,56,384,29,265,99,1348,54,119,97,3116,94,1683,540,1263,224,268,355,143,18,69,66,257,41,55,62,76,26,70,71,156,14,24,27,14,14,19,18,253,21,46,59,112,24,106,127,840,338,150,300,58,25,42,88,107,33,33,36,57,25,88,155,1007,85,137,100,79,26,85,102,2047,86,269,203,739,130,555,606,860,727,144,888,255,240,93,1479,168,110,28,94,119,165,128,707,164,55,34,53,38,21,39,82,125,76,18,76,311,149,275,545,148,105,31,112,47,58,25,252,22,21,6,30,19,27,30,135,113,67,29,84,55,54,42,227,106,69,26,243,350,271,229,1156,795,2033,109,2878,62,87,59,576,135,295,24,337,67,144,66,558,194,72,50,83,25,42,34,112,180,157,29,233,145,206,213,675,1163,2955,96,1539,60,105,62,500,96,312,30,222,75,201,410,1075,1245,718,144,544,85,124,148,592,847,607,125,1170,593,749,1237,3891
Datasets/wang/Images/train/class9/936.jpg,5896,1463,693,795,1129,125,695,1203,673,220,86,82,753,197,1488,3056,1453,167,191,68,129,14,228,54,828,88,71,68,1260,67,2525,717,800,204,110,109,194,32,103,134,104,32,16,16,87,29,116,249,872,73,101,78,224,10,132,71,993,69,94,86,1922,70,958,468,1251,170,235,246,134,20,67,74,205,32,46,43,65,21,58,87,153,13,23,15,12,7,15,7,229,15,40,36,82,13,75,60,926,238,124,146,78,17,74,99,98,41,18,31,64,39,94,202,1559,74,113,79,67,23,102,84,1796,81,231,218,578,77,540,466,772,919,93,1455,238,229,92,2122,101,129,14,95,85,113,103,947,193,88,32,77,24,15,34,84,118,59,20,95,144,80,248,486,131,127,20,110,44,49,22,236,15,15,4,24,16,30,26,173,114,71,14,95,39,50,42,222,123,86,31,200,212,202,141,991,1010,1805,113,2790,77,82,56,760,81,150,20,224,62,78,89,500,248,83,42,79,23,13,43,72,152,105,19,224,84,79,210,444,2443,3282,129,1303,83,94,97,529,115,281,25,156,101,213,308,1163,4792,1121,293,576,88,110,217,532,1221,602,140,1102,539,496,1227,3890
Datasets/wang/Images/train/class9/932.jpg,6949,1762,864,757,1153,143,761,1055,838,281,114,106,819,292,1505,2348,1834,212,258,113,179,27,309,88,916,101,108,75,1601,115,3144,845,922,248,146,152,179,31,152,183,146,50,34,19,127,75,163,300,891,97,155,86,232,21,206,90,1059,63,90,82,2096,88,1271,571,1194,189,193,187,112,10,78,79,148,35,35,36,53,16,78,94,163,17,38,18,19,12,28,18,172,27,41,38,74,23,112,86,962,318,139,205,67,12,91,126,110,70,20,43,76,56,143,280,1274,101,182,94,77,20,128,112,1364,77,159,156,589,100,668,539,812,789,103,1092,175,149,83,1432,127,122,21,110,143,194,132,925,254,85,61,53,29,18,63,69,144,70,31,104,230,106,311,529,130,120,20,95,22,33,30,167,29,24,11,18,27,33,38,143,101,71,27,82,44,28,31,136,113,92,17,190,228,192,195,926,827,1405,91,2395,64,84,91,602,141,216,21,213,95,109,120,614,266,117,54,79,25,21,50,92,194,129,42,189,122,130,263,573,1601,2444,151,1131,64,87,119,621,145,295,31,184,116,272,343,1428,2366,821,303,643,88,106,216,584,1106,647,177,984,649,616,1621,4178
Datasets/wang/Images/train/class9/977.jpg,7094,1649,943,838,1070,186,836,1013,901,250,147,100,848,268,1263,1914,1596,179,321,122,186,20,403,101,824,77,116,84,1441,94,2528,694,938,355,193,137,192,36,120,174,137,49,21,23,96,55,129,220,887,141,153,134,237,16,210,111,970,73,108,97,1542,105,1156,558,1172,209,163,232,110,22,68,80,206,34,54,35,63,28,86,75,168,26,37,32,27,9,23,16,177,13,56,44,60,24,123,90,959,366,136,192,72,29,94,124,115,66,31,30,78,47,110,212,1390,109,174,137,85,25,86,111,1395,85,201,167,553,116,639,565,932,883,137,883,192,229,110,1192,128,122,16,103,152,170,154,941,228,95,56,60,40,27,57,76,128,73,23,85,183,97,323,603,146,139,24,112,48,53,26,169,23,31,7,25,35,48,40,185,109,99,21,104,38,49,37,186,108,74,21,157,219,163,208,946,943,1562,83,1674,89,99,79,550,153,198,46,204,139,125,141,592,301,104,58,116,24,22,51,106,194,111,50,184,131,108,316,639,1650,3378,136,1275,76,143,126,666,175,354,39,216,157,329,299,1385,2447,1029,261,667,96,147,230,603,1186,658,188,943,661,672,1392,4564
Datasets/wang/Images/train/class9/919.jpg,6776,1812,877,768,1085,135,839,885,778,273,115,119,827,236,1521,2261,1847,282,338,133,225,30,367,99,885,138,126,76,1426,131,3322,872,909,350,136,156,198,33,126,136,125,62,29,32,120,73,161,255,819,119,145,88,207,25,168,98,1051,93,125,84,1480,134,1249,636,964,228,159,222,111,14,71,72,144,55,33,53,88,33,105,97,144,27,23,20,17,13,31,22,134,23,29,44,81,26,127,99,733,358,153,184,80,27,114,120,108,77,22,51,108,78,168,260,1011,111,138,85,67,19,108,84,1190,86,142,126,667,101,739,546,704,677,114,1258,133,102,89,1217,100,129,32,111,107,156,133,853,287,133,58,73,49,23,60,83,128,110,24,95,208,128,348,630,133,122,23,76,35,29,21,140,22,25,6,26,27,33,41,136,134,78,33,80,48,31,39,120,103,94,25,137,191,174,264,785,730,1319,92,1835,77,84,69,587,126,174,28,214,98,146,137,653,281,109,51,96,29,24,85,91,148,127,42,150,132,121,300,668,1432,3724,142,1186,73,104,155,575,169,316,50,215,134,317,427,1571,2776,921,249,603,114,114,264,533,955,634,153,811,645,678,1656,4730
Datasets/wang/Images/train/class9/921.jpg,12633,1702,1253,821,975,112,954,1144,1246,375,133,99,927,377,3009,3270,1628,148,369,76,136,14,444,73,895,72,108,59,1530,61,3864,684,1043,295,171,128,145,27,122,165,104,71,28,31,81,70,152,317,765,44,126,46,225,19,181,80,1600,55,95,65,1929,68,995,383,926,132,168,186,95,11,40,49,133,32,37,50,53,9,47,83,122,19,34,11,11,7,23,27,163,12,36,31,47,17,73,82,744,339,113,147,38,17,60,112,67,64,20,35,54,73,91,342,987,60,145,72,36,18,99,120,1302,63,146,109,446,84,400,457,987,783,127,1224,138,178,85,1167,172,141,25,74,119,147,142,925,266,53,55,38,29,21,82,57,101,61,20,67,188,84,346,399,96,71,21,96,31,39,20,133,26,10,8,19,25,39,28,119,63,57,14,59,39,15,38,117,78,69,24,262,163,147,168,735,756,1084,86,1164,55,38,54,390,90,153,32,145,64,108,84,427,348,59,52,57,26,11,74,77,172,92,46,136,124,144,346,499,1352,2509,115,762,39,73,95,418,108,261,27,144,83,307,412,1529,2158,545,254,395,46,73,260,481,749,354,122,737,385,435,1485,3749
Datasets/wang/Images/train/class9/925.jpg,13557,1595,936,758,869,144,881,1158,970,260,138,112,913,242,2384,3118,1629,196,199,92,131,22,225,87,834,84,90,78,1107,64,2617,827,1012,248,138,126,155,37,107,165,136,79,22,26,77,47,136,245,886,83,128,69,158,18,149,94,961,45,91,63,988,67,887,437,929,145,133,137,77,26,54,54,111,31,32,35,56,28,79,77,186,24,34,28,17,10,15,21,118,21,36,34,53,16,67,89,931,256,132,155,76,18,82,96,114,71,23,23,61,71,116,207,1250,96,154,88,64,18,101,101,1288,73,133,115,451,90,523,441,995,814,114,880,135,142,79,1385,127,129,15,87,114,152,126,969,260,99,61,60,54,15,46,71,116,81,16,80,148,77,197,427,146,98,30,81,41,39,22,126,11,25,9,13,17,34,34,148,114,76,38,79,69,29,47,130,87,88,23,135,177,135,113,716,983,1223,89,1005,70,62,65,405,107,150,20,140,78,80,124,502,304,96,60,41,20,20,81,85,190,97,41,139,114,98,180,433,2516,2580,157,1050,96,87,125,532,165,222,25,150,122,232,395,1292,3272,1027,254,533,112,102,263,514,988,527,154,804,544,606,1331,3760
Datasets/wang/Images/train/class9/941.jpg,8683,1747,1021,956,903,168,940,1272,722,247,114,102,741,222,1763,2677,1610,250,310,120,206,30,389,99,751,90,105,91,1166,74,2933,973,838,324,164,152,137,35,134,169,86,55,22,33,73,38,121,230,755,134,137,85,156,26,189,102,749,48,92,82,899,58,1082,556,1064,215,138,168,89,22,79,67,147,44,14,40,74,25,87,85,155,30,27,25,14,6,18,24,145,18,24,31,61,23,99,103,894,321,136,216,90,20,74,123,79,61,22,36,69,42,127,230,1132,127,158,128,51,23,113,105,1056,86,145,115,420,81,562,410,869,927,114,996,118,145,108,1285,114,136,23,88,165,163,143,1300,218,104,51,69,34,25,81,102,131,66,23,82,206,113,364,669,145,145,33,133,34,33,29,169,23,22,3,19,24,28,34,130,121,91,20,95,45,20,35,135,89,73,23,111,135,119,209,736,1039,1386,102,1159,84,89,95,604,144,208,20,159,108,143,124,725,295,112,50,87,15,26,58,96,165,117,38,115,143,127,283,636,1788,3085,141,1341,94,99,118,764,160,402,40,211,135,335,487,1611,3009,1213,292,776,88,114,233,556,1092,625,144,823,623,615,1458,4262
Datasets/wang/Images/train/class9/967.jpg,8510,1582,673,748,778,116,758,1191,642,214,89,83,717,215,2004,3232,1538,183,255,97,136,18,250,78,809,74,98,47,1221,71,3140,733,817,293,104,121,102,19,88,146,99,38,7,9,90,31,114,217,921,89,121,67,137,16,139,77,1120,70,72,68,1916,62,959,441,913,157,102,126,92,8,55,55,108,18,13,26,53,13,46,66,121,16,20,17,13,3,7,13,136,15,13,22,54,9,56,54,1048,353,108,132,52,20,64,102,99,41,20,22,62,39,113,182,1929,81,156,75,76,11,89,79,2036,68,143,127,615,65,556,369,717,881,96,1067,107,140,71,1523,108,106,12,71,80,109,123,995,190,74,31,41,16,14,29,43,102,66,12,60,131,86,305,433,105,100,22,79,30,34,12,148,18,14,2,17,13,17,26,139,127,82,10,52,28,24,23,115,105,74,12,144,150,138,113,606,999,1755,73,1923,50,54,49,533,115,147,15,120,71,96,122,562,251,89,25,74,23,11,37,69,135,93,21,94,81,73,257,366,2789,4564,141,1221,83,92,91,552,167,305,20,152,139,278,387,1412,4179,1075,278,600,82,88,195,412,1496,643,123,785,620,481,1442,3113
Datasets/wang/Images/train/class9/973.jpg,30039,1078,894,572,812,135,635,617,904,211,164,112,654,195,2169,1348,1069,220,195,76,157,33,207,76,636,65,113,60,689,84,1297,559,888,209,145,101,159,44,110,118,128,55,35,31,74,49,101,180,624,92,95,71,126,25,146,84,1306,52,99,81,709,60,649,418,894,162,149,136,113,30,54,73,184,60,41,46,68,29,74,110,165,44,49,25,36,11,29,26,152,34,58,52,64,31,79,110,659,248,125,131,60,24,69,93,80,57,31,48,59,54,102,186,687,101,122,94,78,40,86,115,827,77,152,159,315,109,389,527,876,574,118,1116,182,183,85,714,143,102,26,80,123,120,101,609,220,83,44,59,42,32,39,82,104,60,36,65,139,83,198,358,170,105,40,83,45,53,34,149,35,33,14,30,37,40,38,150,100,70,39,79,42,59,37,143,92,95,33,324,117,154,161,628,638,719,102,865,61,73,60,331,128,122,31,134,66,85,81,399,237,111,60,91,22,27,60,112,125,96,37,139,97,121,209,545,1616,1409,122,735,67,119,108,468,140,204,44,162,117,201,317,936,1508,686,225,510,106,159,196,600,688,493,181,786,428,615,920,3922
Datasets/wang/Images/train/class9/927.jpg,7621,1364,879,815,1020,166,736,1058,890,233,110,86,793,214,1558,2578,1394,158,232,57,173,23,234,58,765,99,104,65,1242,81,3164,673,954,256,163,147,192,35,138,177,105,44,28,28,95,39,123,230,880,98,149,72,200,24,194,125,1070,65,90,73,2098,76,1164,493,1253,202,198,200,111,16,74,84,164,33,32,41,57,21,73,78,178,27,49,24,8,4,19,26,153,28,48,37,63,19,66,75,962,290,171,222,93,27,89,123,98,47,21,47,85,47,95,222,1325,84,206,98,74,29,108,109,1755,79,187,148,655,81,548,531,994,833,131,1144,206,177,90,1671,141,152,23,90,126,196,103,1001,254,75,53,62,37,15,43,76,151,94,27,86,185,99,245,503,145,114,34,117,44,42,24,199,30,22,7,25,17,36,21,159,131,82,23,93,58,48,34,167,110,88,17,167,227,151,160,760,942,1511,107,2238,74,102,70,750,145,188,28,205,80,128,86,575,296,118,45,86,27,28,45,75,198,144,32,189,112,128,212,529,1627,3295,143,1343,69,100,102,670,138,303,29,180,119,230,264,1160,2395,929,255,666,100,135,242,610,1235,720,190,988,670,667,1205,3936
Datasets/wang/Images/train/class9/976.jpg,7016,1384,1027,810,1129,180,789,1125,1036,284,213,143,820,281,1400,2001,1409,200,292,109,229,42,321,138,805,117,144,91,1386,135,2829,881,932,244,175,162,232,59,159,208,159,68,28,44,128,78,163,327,735,95,157,84,255,38,192,143,807,104,119,97,1504,123,1096,586,1149,239,216,257,135,26,68,88,221,56,67,62,72,50,81,114,239,41,47,23,31,15,41,34,228,38,60,52,80,40,128,188,772,281,151,218,97,28,81,141,137,71,36,57,65,56,115,292,983,109,223,141,97,42,136,201,1313,114,231,230,526,146,569,742,965,799,153,819,222,260,141,1275,207,136,47,121,137,178,160,896,294,108,66,74,48,30,55,114,135,92,35,101,218,135,277,618,215,155,39,107,58,61,36,260,41,32,13,32,35,64,40,216,147,79,28,106,56,52,46,211,102,121,33,190,264,255,227,891,844,1237,140,1563,93,108,83,559,135,227,36,258,80,156,126,582,313,154,70,106,28,42,73,128,186,119,46,213,141,194,288,773,1365,2142,158,974,103,148,140,573,148,342,58,220,124,283,309,1279,1973,809,351,638,125,157,303,812,785,598,226,1016,569,823,1281,5313
Datasets/wang/Images/train/class9/956.jpg,7748,1142,892,757,1510,208,768,1085,1242,398,146,108,791,371,889,1268,1084,109,178,78,167,20,183,72,719,71,106,60,1105,108,1243,454,842,176,192,132,248,89,146,242,153,104,30,32,115,316,109,389,723,69,127,83,308,30,178,136,1760,76,120,115,2340,119,821,522,1487,194,280,352,218,24,90,95,204,31,41,54,85,24,72,99,212,20,72,37,34,11,50,39,308,25,61,54,97,46,75,133,698,192,136,216,77,28,93,157,117,40,31,42,67,112,87,442,1269,85,203,122,103,47,149,277,3171,82,327,223,762,166,530,975,1232,832,207,1358,255,274,105,2253,295,180,47,131,130,211,96,865,373,83,137,73,40,25,45,101,153,98,48,120,209,127,168,483,139,121,48,106,57,52,29,299,39,40,14,34,24,85,33,237,85,67,31,115,60,43,49,226,131,115,38,511,307,276,196,1277,754,1158,132,1878,80,102,71,728,118,173,40,258,70,132,93,527,370,82,333,120,16,39,146,189,234,147,98,227,121,162,188,649,911,1313,118,912,69,106,83,483,97,180,45,191,79,218,265,991,1372,508,371,526,81,103,387,987,1014,488,195,1335,487,691,960,4817
Datasets/wang/Images/train/class9/906.jpg,6197,1197,886,761,1281,193,774,1132,968,203,180,131,845,239,1076,1824,1249,175,207,78,226,33,241,91,941,92,139,76,1408,117,2081,680,908,229,203,156,265,58,131,181,182,54,41,52,135,73,139,210,922,97,141,74,257,30,183,144,1240,91,142,100,2437,129,1028,599,1165,186,241,235,146,36,83,105,246,58,59,77,81,33,88,138,174,35,58,24,28,9,34,30,247,30,69,69,114,47,120,145,875,245,128,183,83,31,87,125,133,49,55,76,83,57,128,232,1278,95,178,124,97,32,158,160,2095,103,242,239,848,168,611,834,789,781,156,1184,230,197,118,2232,164,125,42,126,156,147,110,839,203,89,63,83,37,36,63,107,139,72,24,117,189,159,252,532,154,114,38,104,62,55,38,214,46,40,9,47,49,74,47,208,135,92,34,105,68,62,65,240,150,115,52,228,268,257,224,1133,818,1361,130,2306,79,104,81,730,117,207,41,286,85,111,108,526,191,102,50,94,30,29,56,128,171,138,45,255,154,172,240,754,1176,2614,149,996,95,110,106,510,129,273,53,220,98,275,228,1016,1917,797,234,544,95,155,217,682,919,596,198,985,572,826,1057,5005
Datasets/wang/Images/train/class9/972.jpg,23645,1585,841,717,840,94,564,658,714,185,78,59,520,166,1628,2859,1345,163,210,58,102,14,209,58,597,48,60,55,581,46,2337,527,883,214,86,95,80,27,59,87,79,34,19,12,49,35,82,201,637,53,79,34,101,13,104,57,2809,32,83,73,917,35,626,245,1011,131,72,105,98,12,40,30,92,24,19,15,37,14,37,60,86,12,20,10,13,3,6,10,107,11,11,21,41,9,52,57,739,268,77,105,26,13,41,83,48,25,17,14,47,37,70,192,764,63,99,46,35,6,62,57,999,56,71,89,289,46,294,295,1158,1022,94,3278,89,108,54,986,87,85,8,74,72,102,90,602,221,61,38,42,20,7,33,47,86,52,16,66,101,51,241,264,119,88,17,103,24,23,8,88,18,13,6,15,9,21,35,94,66,69,15,67,25,24,22,107,85,77,17,2095,97,96,98,722,913,1178,68,1550,40,50,39,354,73,109,15,70,41,63,80,335,239,87,39,52,13,12,43,65,100,62,18,73,65,80,190,304,2257,2530,117,878,52,70,106,388,106,255,20,144,83,248,803,1288,2296,697,249,371,61,75,240,390,632,356,99,947,306,379,1124,2581
Datasets/wang/Images/train/class9/931.jpg,8790,1569,856,768,798,194,704,1272,796,235,140,106,672,251,1575,2449,1575,264,249,102,172,27,288,98,708,98,104,65,1001,104,2386,908,1032,298,140,137,130,38,114,155,134,71,35,29,87,77,140,218,928,107,127,88,158,20,166,83,964,75,95,65,1163,105,960,485,1032,207,155,143,86,23,50,65,148,34,35,32,61,16,75,90,201,41,24,26,19,13,29,21,159,19,37,29,76,19,101,101,1040,351,142,178,78,21,77,129,126,56,34,29,81,60,117,218,1615,162,203,110,81,27,116,128,1350,115,163,145,578,113,596,570,934,843,129,959,162,179,112,1368,162,135,29,75,137,151,154,1092,327,95,63,74,34,21,47,77,120,69,22,63,156,87,266,477,232,139,22,100,33,30,26,162,39,39,11,26,13,40,32,190,157,94,28,86,38,47,41,133,85,106,23,135,186,142,192,646,1012,1276,104,1174,77,80,65,609,161,148,21,134,86,106,129,605,371,126,52,95,26,36,47,93,179,111,41,149,118,128,237,504,2073,2760,181,1087,94,140,138,672,180,292,47,191,138,301,326,1344,3480,1279,320,761,149,182,260,684,1448,701,186,897,791,723,1360,4127
Datasets/wang/Images/train/class9/935.jpg,8052,1732,938,777,832,172,923,1060,865,303,153,149,795,296,1787,2540,1771,279,283,142,198,46,312,103,743,113,142,86,1114,145,2454,957,980,278,183,146,175,41,145,150,162,46,42,38,102,46,154,261,906,113,150,83,196,30,175,104,876,77,100,70,1052,105,866,476,1026,206,150,187,104,27,70,81,121,43,42,43,83,29,86,109,237,33,47,22,34,15,21,25,157,17,30,36,67,30,123,132,994,330,152,171,75,34,92,120,113,65,37,42,79,51,152,263,1447,142,184,127,110,30,143,136,1190,108,159,171,516,138,557,592,913,767,119,706,156,171,92,964,157,141,27,91,121,174,173,833,299,125,59,90,47,33,58,76,122,98,35,94,203,125,330,558,198,145,37,103,30,45,22,146,44,32,17,26,28,42,48,178,146,99,32,94,42,50,48,141,108,95,37,132,178,171,219,840,928,1310,117,1266,69,72,91,431,143,195,27,196,94,113,158,515,320,134,61,104,21,34,53,97,178,124,48,157,126,151,288,667,1816,2725,200,957,119,136,150,615,200,364,63,220,177,326,446,1468,2586,1106,312,653,131,192,292,690,1107,673,219,841,591,747,1498,5047
Datasets/wang/Images/train/class9/948.jpg,19717,1356,2162,1064,628,129,1755,1340,865,249,149,81,795,279,7951,3669,1037,116,138,56,80,12,160,54,595,64,67,39,660,64,1821,589,662,130,83,86,50,16,71,120,64,34,12,15,61,33,107,255,570,59,85,37,94,9,107,62,662,46,50,45,608,44,582,371,674,93,74,84,59,9,22,36,80,21,18,15,38,19,52,58,157,16,20,14,7,4,15,8,99,12,17,12,36,14,53,54,690,140,82,103,47,17,47,73,62,37,14,20,41,42,93,252,842,58,120,67,53,12,71,61,812,62,111,94,332,53,371,359,911,716,109,1054,98,116,72,881,95,83,14,63,74,127,161,981,240,67,36,39,14,14,30,60,95,55,6,49,85,57,114,343,89,64,14,66,18,27,16,127,16,15,5,14,12,19,18,107,94,53,15,55,25,24,21,95,74,67,14,89,78,66,93,424,826,759,75,642,44,47,54,343,77,90,16,88,52,65,140,401,292,58,51,46,10,13,49,63,109,73,22,81,63,48,126,321,5270,2154,145,717,59,65,122,397,130,132,22,101,113,124,1387,1097,2720,697,276,409,74,95,276,392,754,390,139,468,371,367,1013,2536
Datasets/wang/Images/train/class9/959.jpg,19478,1007,908,880,1055,104,866,1007,1015,118,107,94,949,136,1783,1318,1141,124,134,74,134,16,142,62,1115,81,80,53,1578,66,1801,672,1064,154,106,111,140,25,114,102,107,23,17,11,82,27,125,134,1089,64,117,54,196,11,137,66,2149,52,131,89,2428,67,1029,457,1133,126,148,151,75,15,45,58,121,21,25,15,55,9,59,59,114,16,25,13,14,8,13,14,150,15,20,29,81,9,63,56,1103,194,130,157,76,10,79,63,69,29,18,31,64,27,96,112,1519,72,126,66,77,22,77,66,1515,77,114,117,603,81,471,370,983,955,83,1799,97,113,76,1134,106,112,12,109,110,121,101,795,141,69,24,46,16,16,21,49,112,73,15,94,121,74,165,423,126,96,15,100,25,24,19,112,13,17,8,23,19,20,25,131,99,58,9,71,28,31,21,109,109,82,20,228,142,118,142,721,1012,1370,71,1968,55,53,69,468,112,156,16,124,64,69,89,424,167,75,27,69,16,14,26,58,147,67,18,107,81,63,156,320,2168,1965,118,1079,65,78,86,419,120,198,27,141,90,147,238,857,2037,882,142,502,75,82,127,383,1174,611,156,846,592,443,902,2859
Datasets/wang/Images/train/class9/904.jpg,15649,1913,726,985,907,143,871,1225,824,191,84,91,962,234,2159,2094,1897,296,196,103,119,16,211,83,1005,99,115,79,1182,97,2327,843,878,196,85,138,127,26,131,175,72,34,21,16,92,29,163,227,1024,99,146,87,101,12,143,75,1116,77,75,79,873,53,1000,556,1004,131,101,115,93,10,74,40,128,27,27,23,62,14,80,55,122,23,24,12,19,1,11,7,136,9,29,23,44,13,94,69,1083,205,144,176,71,14,104,123,89,29,21,26,81,35,170,217,1305,84,155,99,51,15,110,92,1122,41,132,104,495,40,649,403,868,984,84,983,114,124,65,1015,101,141,13,84,122,183,159,1041,227,98,25,62,21,17,21,43,133,90,22,67,154,82,185,506,95,81,15,77,17,27,25,101,16,20,5,16,27,25,18,177,100,82,18,70,21,30,24,129,79,81,17,185,125,108,202,746,1061,1219,75,790,66,50,95,479,143,139,17,101,107,91,155,611,227,93,33,54,20,11,28,53,149,78,24,98,123,56,189,368,3121,2195,156,993,91,73,167,548,155,195,26,128,194,179,531,1580,2284,823,262,505,59,57,215,374,1067,593,167,739,682,387,1614,3715
Datasets/wang/Images/train/class9/900.jpg,6116,1243,835,813,1174,233,801,1288,944,233,170,126,937,286,1149,2294,1416,192,193,99,198,24,247,133,934,110,140,101,1170,119,1907,977,831,197,144,163,237,52,143,215,158,48,23,40,145,63,112,275,913,111,141,106,220,27,214,156,1063,89,150,109,1562,142,1056,716,1184,216,187,217,122,23,93,95,207,44,55,36,100,24,97,119,239,39,49,28,19,9,34,31,256,29,70,49,115,27,138,153,906,226,123,225,95,23,110,155,157,47,40,35,96,43,159,249,1463,117,232,144,117,37,141,179,1866,127,278,185,922,143,719,798,816,826,124,863,219,233,142,1779,149,171,38,121,143,205,149,1112,237,95,49,93,56,30,40,113,157,91,25,103,192,130,235,673,152,152,22,88,39,39,39,258,41,36,12,33,42,54,35,222,166,99,39,123,59,41,28,214,149,109,34,197,257,200,221,1024,843,1145,128,1530,102,104,105,752,163,185,33,228,105,126,110,670,259,132,60,137,20,38,36,127,220,153,49,198,138,148,200,715,1129,1706,124,1015,94,99,121,682,147,225,39,231,137,213,239,1191,2226,834,304,737,124,129,235,799,1239,769,247,1086,746,781,1240,5064
Datasets/wang/Images/train/class9/960.jpg,7439,1738,837,685,1085,145,668,840,844,258,126,84,685,231,1647,2010,1721,249,331,76,171,33,322,78,673,69,110,54,1066,79,2859,609,1061,315,168,145,189,52,93,131,142,72,27,18,103,70,122,213,853,86,111,59,235,26,148,104,1418,59,90,94,1465,66,826,399,1469,235,187,223,156,14,57,57,192,38,40,51,51,20,72,74,169,20,50,21,12,10,21,16,176,18,48,39,81,20,76,90,935,379,107,190,86,28,65,94,110,76,29,46,65,85,110,207,1179,95,149,105,65,25,83,129,1828,82,178,166,548,75,459,519,1068,911,141,1376,195,222,85,1528,160,110,33,104,110,150,128,727,288,72,82,62,45,20,65,76,106,69,16,53,159,89,290,393,193,133,19,112,60,85,25,192,32,36,10,27,20,52,35,147,118,83,22,91,71,52,42,187,108,98,29,300,226,193,136,883,980,1394,98,1888,70,80,70,517,125,182,30,205,83,106,116,439,298,95,97,85,30,36,86,118,183,89,48,171,92,166,221,573,2049,3793,141,1131,91,144,101,576,159,369,34,188,122,347,452,1469,2613,875,287,624,101,136,251,729,1000,575,181,1330,513,634,1505,4105
Datasets/wang/Images/train/class9/950.jpg,30859,1134,775,603,684,80,824,860,1114,215,95,88,1020,245,3187,2769,1256,119,172,46,95,18,189,48,833,49,58,59,1131,86,2182,567,701,184,92,91,137,22,92,111,103,36,10,13,73,29,124,202,683,60,84,51,135,11,132,49,1097,37,78,49,1167,50,926,334,710,102,89,132,70,9,48,34,125,23,21,18,50,8,67,43,135,15,16,7,9,4,9,20,121,14,15,19,46,11,62,53,714,174,98,116,48,16,57,75,84,24,19,20,45,26,102,187,988,53,128,70,61,11,86,56,1091,54,143,114,449,59,444,353,669,548,75,776,104,119,57,754,87,98,12,74,69,101,107,704,202,47,25,46,15,4,35,40,88,57,13,54,93,68,147,311,82,76,8,64,20,30,17,120,10,16,2,16,12,21,22,100,84,56,17,45,20,21,15,101,65,61,7,102,141,115,93,549,659,685,62,834,52,55,46,297,80,97,10,117,56,65,99,385,230,53,34,50,18,14,39,51,115,73,19,105,79,51,155,309,1488,1563,95,635,49,66,90,387,96,177,20,95,73,127,314,985,3213,579,232,389,71,58,179,360,872,389,114,609,443,376,1057,2633
Datasets/wang/Images/train/class9/953.jpg,14337,1590,922,893,1084,181,901,1275,1045,221,153,104,942,261,1998,2632,1597,189,196,89,144,26,181,89,935,85,105,86,884,95,1640,677,1042,204,139,142,166,56,128,180,177,59,40,33,97,81,165,261,978,98,166,86,151,25,158,105,1598,77,114,101,898,84,739,465,1214,154,149,135,122,18,86,66,149,45,42,35,69,27,71,93,213,29,40,26,14,13,25,28,162,30,44,33,71,24,98,122,960,197,147,165,81,34,98,126,127,57,27,47,90,69,141,209,1246,100,195,90,83,31,126,163,1095,85,169,156,425,128,507,594,1080,912,121,1517,165,149,103,1100,175,140,25,122,130,173,139,967,254,83,64,63,35,25,63,76,161,88,29,88,156,91,189,451,169,116,41,115,35,46,38,141,37,37,12,39,36,53,49,212,126,111,38,93,37,44,43,155,142,124,46,442,150,183,189,860,953,978,98,1012,70,70,71,421,135,150,34,121,102,110,133,499,309,100,72,88,23,27,51,108,203,114,55,166,116,98,220,551,1651,1441,146,755,92,73,138,552,160,209,41,190,156,199,390,1299,2011,668,241,490,94,122,224,649,972,547,213,950,513,559,1276,4271
Datasets/wang/Images/train/class9/942.jpg,6557,1999,642,890,994,163,729,1219,667,291,87,111,757,303,1811,2639,1849,463,232,196,160,26,224,98,854,163,101,142,1088,115,1917,1277,787,273,137,106,141,25,79,108,81,52,16,20,85,48,144,296,932,165,94,82,174,11,148,80,998,84,99,88,1389,57,1029,582,1127,194,128,158,139,12,60,73,140,21,26,23,76,12,147,90,210,37,26,18,22,6,15,10,135,13,13,17,76,13,87,67,934,313,101,135,69,22,77,108,112,61,23,35,99,47,172,237,1244,145,149,101,89,18,84,81,1258,87,130,126,679,67,792,430,777,961,80,996,150,151,84,1208,124,121,15,82,98,110,142,1170,326,136,64,104,26,14,52,79,112,69,16,100,119,74,201,514,138,118,18,106,40,28,17,148,21,26,5,22,25,38,34,177,127,122,31,91,30,28,28,112,99,98,16,207,172,151,169,904,969,1295,107,1383,99,77,113,692,121,151,20,162,82,100,203,782,335,153,61,92,27,24,53,76,155,97,32,142,96,104,201,470,2056,2459,167,1260,171,112,175,878,164,234,44,203,201,246,530,1787,3163,1554,285,770,133,116,253,615,1221,715,199,1043,743,594,1729,4723
Datasets/wang/Images/train/class9/957.jpg,6606,1318,1000,896,990,114,785,1601,671,131,116,84,724,139,1647,2460,1076,120,196,74,162,12,281,71,830,47,91,53,1848,69,3833,651,892,230,166,126,456,29,107,124,102,43,22,24,75,35,107,147,743,74,107,46,376,15,167,85,955,48,81,52,1964,60,1215,372,1118,174,447,380,83,15,64,63,166,36,57,193,45,21,49,85,119,12,31,14,14,6,8,17,148,20,47,66,60,26,84,83,806,295,115,176,44,10,56,103,89,43,17,38,45,30,55,117,1103,72,136,94,69,14,74,89,1291,59,136,154,524,88,466,412,873,972,114,1803,187,188,89,2162,112,100,14,107,89,123,110,1217,175,62,49,75,27,18,54,77,89,59,16,82,163,84,280,454,129,117,18,131,79,49,28,201,24,22,13,29,15,18,19,123,80,77,26,74,286,72,31,165,91,70,22,110,382,409,129,800,915,2358,111,3199,57,91,74,737,103,194,18,385,53,115,87,594,176,82,43,93,21,21,46,80,109,110,31,442,105,132,223,620,1847,3849,127,1592,74,118,105,627,94,309,22,190,95,240,243,1040,1996,759,190,547,81,99,155,541,935,473,136,967,507,696,932,3842
Datasets/wang/Images/train/class9/964.jpg,14899,1961,1114,667,1037,165,720,782,933,341,142,103,801,288,1342,1433,2005,271,486,96,264,34,540,98,706,130,115,99,1009,118,2078,653,1075,453,265,139,223,35,139,167,154,77,34,46,121,71,170,234,723,111,180,87,265,37,206,106,606,76,88,100,727,106,749,488,1027,273,207,234,132,22,94,78,178,77,47,80,81,29,91,107,164,29,44,30,23,12,28,33,124,28,56,45,66,40,125,124,769,542,158,250,94,29,83,126,110,130,52,64,64,109,135,291,757,110,147,123,77,26,115,108,553,91,153,156,309,114,521,606,889,692,156,598,176,154,105,606,149,155,38,102,161,160,141,675,320,96,89,77,74,29,117,89,141,85,42,97,227,119,459,472,143,138,36,126,64,42,34,153,35,40,8,35,38,52,45,199,101,100,36,99,73,53,83,177,92,92,33,165,217,198,259,845,792,907,123,708,68,93,73,322,167,231,48,223,114,159,141,507,277,110,85,94,35,37,96,138,153,126,55,200,154,239,454,809,1296,2184,145,714,95,134,140,448,155,457,55,253,152,434,513,1746,1492,578,263,493,105,125,252,695,624,498,208,868,499,861,1773,5546
Datasets/wang/Images/train/class9/930.jpg,6593,1433,904,827,1064,217,831,1188,886,291,160,147,844,298,1231,2004,1409,240,255,104,232,28,303,101,823,111,128,94,1062,115,1687,889,986,258,178,147,202,41,168,207,161,50,34,31,114,48,132,292,848,129,151,98,222,31,190,110,878,104,123,125,1308,87,912,648,1256,241,192,207,155,38,87,103,230,43,41,54,81,39,117,118,266,37,51,35,29,12,20,29,256,38,45,44,106,25,122,143,997,287,154,213,90,34,91,158,147,51,39,59,92,57,122,253,1390,135,250,144,131,32,153,186,1447,118,215,203,665,127,695,779,951,795,181,826,210,252,113,1334,173,148,31,108,168,231,148,1028,274,119,50,81,40,28,51,119,162,103,26,94,190,128,243,674,192,163,32,140,53,55,42,232,41,50,15,33,26,59,47,253,157,96,36,99,60,43,59,215,145,103,37,160,238,188,238,972,934,1225,126,1225,97,122,107,640,165,225,34,235,121,112,129,671,288,149,49,103,41,41,45,130,250,153,57,210,156,157,232,685,1347,1860,143,1115,96,132,134,694,190,285,41,229,116,264,261,1210,2279,983,334,787,148,172,275,854,1208,857,261,1104,744,830,1233,5284
Datasets/wang/Images/train/class9/915.jpg,8285,1572,834,858,1048,159,900,1301,809,186,112,76,895,246,1957,3203,1425,157,255,55,137,19,251,68,811,73,91,64,1356,72,3243,738,977,206,131,117,166,44,114,180,95,35,15,20,72,45,112,257,1033,77,114,67,206,15,155,87,1437,45,79,70,2020,51,1109,480,1145,151,160,197,111,14,61,63,142,24,25,27,46,11,54,60,160,23,33,12,6,5,21,12,163,15,34,25,65,15,73,57,1094,302,128,167,50,16,62,93,84,45,16,20,47,34,80,195,1880,77,161,96,63,18,115,117,2217,62,173,136,613,73,502,408,884,855,88,1210,142,173,76,1667,152,107,19,91,107,177,126,1096,208,58,29,37,22,9,43,47,129,54,21,74,167,74,274,442,107,91,16,88,32,36,10,177,19,8,6,10,15,24,26,138,88,53,17,48,26,22,15,150,112,92,16,314,229,178,139,826,914,1429,83,2178,46,69,51,620,151,161,17,180,83,99,98,529,253,88,39,76,13,17,26,60,175,88,28,165,92,92,220,420,1909,3060,131,1155,61,64,90,543,137,300,20,132,101,235,301,1319,2962,841,250,501,61,79,209,474,1358,566,131,947,555,453,1387,3309
Datasets/wang/Images/train/class9/968.jpg,11000,1601,1358,1267,1309,168,1437,1652,1370,178,139,97,1496,217,3265,2873,1502,138,184,66,121,9,172,59,1301,77,111,73,1565,49,2687,661,995,164,170,159,136,23,183,163,115,27,28,16,94,38,195,193,989,85,169,87,134,25,203,107,1290,52,156,110,1452,66,1268,547,1177,146,177,136,122,24,96,70,152,32,36,19,75,17,66,58,171,20,28,25,19,4,8,22,171,19,30,22,72,21,63,56,935,181,161,203,60,17,97,117,103,37,24,20,71,38,153,179,1098,86,169,98,76,21,93,93,1146,73,147,134,523,69,567,397,1099,1052,116,1410,169,148,101,1575,223,153,27,146,184,208,189,1385,183,79,32,62,28,23,26,65,133,59,21,97,143,77,172,496,144,89,30,111,31,34,25,157,19,22,9,25,20,30,34,189,95,78,17,70,26,27,24,145,114,91,23,248,135,126,122,890,991,1059,103,1190,75,74,81,537,172,147,17,121,81,95,166,599,226,65,34,70,26,19,30,78,245,114,43,128,95,68,154,335,1582,1433,160,1017,62,82,131,551,167,149,32,124,107,155,379,1057,1531,572,219,554,72,103,165,530,1065,523,175,905,542,421,1068,3095
Datasets/wang/Images/train/class9/945.jpg,7080,1965,1043,856,950,203,892,1076,873,315,216,173,901,337,1608,2295,1872,279,415,138,271,38,402,154,771,134,178,112,1173,154,2619,1096,944,400,157,137,144,41,161,178,121,43,49,32,113,74,191,329,783,152,172,109,172,37,202,128,584,88,96,90,844,92,1016,681,915,266,144,169,106,20,74,76,158,43,58,43,87,35,109,147,198,41,36,33,20,6,23,42,180,31,55,49,88,33,141,167,775,490,154,190,77,25,110,128,93,79,42,47,91,61,172,297,890,146,159,115,86,30,141,132,810,111,166,146,491,99,678,766,862,798,137,560,153,165,124,824,163,151,31,97,138,170,205,968,274,99,55,72,51,33,71,123,143,90,30,89,226,154,454,680,187,123,39,80,38,39,28,153,33,34,7,23,27,42,48,225,132,92,41,88,42,33,45,155,86,83,20,95,178,136,267,805,831,1169,119,909,74,74,93,464,144,192,44,177,121,138,145,784,301,142,60,94,26,41,62,130,163,120,41,159,159,161,398,821,1523,3086,172,1069,96,142,147,665,146,476,56,239,170,364,406,1799,2017,1066,299,637,133,150,293,699,882,683,183,792,686,759,1681,5203
Datasets/wang/Images/train/class9/920.jpg,6564,961,899,746,1397,164,740,1400,901,218,167,107,803,199,1162,2272,946,93,181,52,161,27,173,81,756,48,102,60,1503,69,2178,537,871,174,164,135,328,47,125,191,166,52,49,32,133,48,94,241,728,56,139,73,339,22,176,103,1590,57,131,90,4074,105,1104,531,1369,155,306,292,147,29,61,80,203,54,91,81,49,28,41,88,192,25,39,35,30,33,26,33,221,35,69,74,88,36,75,135,687,169,128,145,84,26,82,125,94,47,24,46,68,63,83,207,1207,77,158,95,88,43,140,160,2461,85,222,209,719,144,451,702,901,720,157,1693,203,224,104,2827,179,149,40,122,165,173,114,1063,191,59,49,51,51,34,66,88,146,70,36,99,153,115,145,471,159,82,45,128,68,75,32,213,50,24,18,43,24,53,22,175,114,53,24,88,65,71,55,213,117,89,39,248,301,302,161,1157,714,1413,106,3920,83,85,65,648,147,163,26,276,73,86,78,434,212,74,55,78,28,42,64,131,175,110,56,284,117,145,162,618,1291,2263,102,982,46,59,69,435,100,140,18,145,71,160,164,811,2412,532,232,507,83,141,180,618,1029,474,171,1166,518,593,825,3963
Datasets/wang/Images/train/class9/933.jpg,9325,1600,1028,1048,1014,108,1069,1579,923,178,124,90,967,245,2450,3378,1396,145,193,68,122,10,236,68,853,45,84,49,1338,51,3332,776,902,203,120,110,138,21,123,137,84,35,10,17,60,23,127,219,843,55,99,70,163,11,159,77,1349,48,85,76,1632,42,1049,398,1073,139,149,186,77,11,67,61,130,17,20,31,60,13,41,58,107,13,22,9,8,2,7,7,118,15,18,17,58,7,44,62,1021,210,123,140,51,9,62,81,62,36,17,24,46,33,101,175,1500,58,129,85,49,8,81,56,1684,44,130,98,484,51,433,330,1032,1099,93,1641,141,136,80,1914,111,106,12,108,110,142,125,1207,205,69,30,52,23,13,36,54,100,64,10,61,139,82,213,483,94,107,11,106,23,29,13,151,11,13,4,16,13,16,24,109,88,57,13,78,33,29,28,145,84,70,20,210,139,111,123,725,1121,1694,99,2402,56,55,64,579,113,166,14,151,63,89,117,567,238,75,38,48,18,6,35,57,136,87,22,131,95,66,187,358,2362,3593,115,1283,67,55,115,537,146,209,17,161,122,176,407,1248,3090,785,207,491,63,67,177,351,1122,457,113,797,469,373,1173,2914
Datasets/wang/Images/train/class9/974.jpg,7045,1971,928,907,968,153,845,1370,967,270,157,111,899,300,2051,3613,1477,229,282,79,160,30,285,109,702,66,115,96,1169,85,2938,825,928,299,133,107,150,48,116,153,129,47,34,24,79,46,130,284,696,95,117,51,155,21,152,84,1008,62,81,65,1460,70,926,499,918,189,147,164,128,31,49,63,167,43,27,31,45,23,71,76,180,29,47,28,23,11,25,19,158,25,42,42,66,31,97,118,879,347,122,161,73,24,71,92,110,61,17,33,77,49,104,285,1125,103,153,111,63,30,101,126,1276,75,151,148,505,100,424,519,949,902,134,1090,122,195,86,1587,140,117,30,101,105,142,158,1093,286,79,65,63,28,18,53,65,104,55,32,85,148,83,278,478,159,139,32,95,36,46,22,185,34,26,14,22,21,34,32,170,126,87,28,83,44,31,43,157,83,78,24,198,149,144,166,718,917,1308,102,1463,65,58,90,625,124,167,22,153,63,88,110,569,289,116,52,88,26,23,54,111,138,103,47,117,93,118,268,573,2279,3499,170,1082,73,113,120,552,161,305,37,178,128,276,546,1586,3381,1136,310,592,102,136,284,640,963,621,177,748,527,671,1329,3990
Datasets/wang/Images/train/class9/918.jpg,10358,1345,1036,742,980,161,735,1100,984,231,144,92,638,235,1120,1630,1359,170,250,72,148,19,263,74,743,72,79,66,886,64,1912,466,1262,322,146,116,221,36,138,138,165,70,32,40,87,49,114,184,993,74,147,68,193,30,172,96,1151,67,105,73,1219,77,661,352,1290,171,187,204,143,21,77,73,214,30,40,42,74,30,51,94,209,27,42,31,26,10,31,22,223,19,42,33,77,22,79,99,1121,371,144,184,83,33,81,107,133,62,29,50,79,62,87,185,1454,108,176,127,99,28,102,131,2055,100,205,167,549,122,442,525,1304,926,155,1132,203,246,119,1796,174,137,37,111,120,159,107,816,286,102,59,71,41,23,58,84,124,59,27,72,136,85,220,448,199,133,24,110,40,54,24,181,33,43,16,30,31,55,38,173,151,80,40,102,49,44,50,192,119,112,29,203,170,165,173,856,1020,1346,112,1554,67,79,63,509,131,164,30,158,88,103,103,424,296,112,64,123,29,31,57,134,212,112,54,178,119,129,252,553,2267,3589,154,1072,82,114,105,600,155,293,40,213,108,271,310,1096,2754,849,252,585,103,158,251,685,1168,706,193,1043,586,702,1093,4163
Datasets/wang/Images/train/class9/908.jpg,9089,1538,1024,869,1112,195,983,1339,1118,301,179,132,1065,276,1897,2502,1621,156,240,69,201,35,237,110,1036,111,141,92,1363,117,2078,701,1089,201,178,167,186,40,163,212,144,52,41,40,114,50,167,298,1076,87,149,90,191,24,190,103,1232,91,135,117,1391,75,1000,556,1214,216,164,174,105,21,77,94,167,53,35,43,72,35,82,89,203,24,50,22,20,8,32,29,146,32,41,46,93,35,83,110,1045,219,156,211,59,32,95,139,117,62,31,48,87,65,166,264,1328,103,217,136,84,33,105,153,1472,94,161,163,583,122,582,616,1046,875,153,1019,162,164,99,1120,188,162,27,92,141,187,145,1043,278,92,57,70,43,25,70,82,174,87,36,104,199,116,223,512,147,129,29,104,41,45,30,153,32,40,17,35,29,49,37,198,131,99,34,81,50,39,63,175,110,106,39,236,188,190,213,851,986,1222,107,1198,73,68,92,468,172,207,30,150,85,151,135,527,258,94,66,85,23,33,66,99,176,143,49,161,140,151,239,645,1656,1727,143,1010,83,106,127,521,164,218,53,207,134,242,338,1199,2127,645,274,543,123,120,308,577,1079,552,190,884,583,662,1342,4542
Datasets/wang/Images/train/class9/944.jpg,8942,1682,999,729,1216,177,929,903,1037,292,179,137,895,292,2797,2900,1793,278,285,98,177,42,263,116,807,95,142,110,1357,96,3449,1063,960,286,145,114,179,61,113,158,129,71,29,26,98,60,124,263,748,108,140,72,160,17,134,112,1083,68,113,71,1571,75,1031,572,1106,175,153,169,142,28,77,55,227,35,47,53,76,24,98,100,173,38,36,26,22,20,25,28,211,31,59,46,63,30,80,129,827,305,105,155,60,25,84,99,111,56,34,49,79,60,138,260,1053,111,158,117,60,15,116,168,1241,72,208,190,520,110,514,595,977,712,133,845,212,192,86,1025,172,98,32,86,135,167,156,831,264,111,72,77,45,25,66,76,116,63,29,89,149,86,282,490,157,119,39,86,62,56,31,197,29,18,12,27,18,46,37,186,95,97,37,90,54,54,34,196,96,91,24,250,155,168,160,883,698,970,97,1058,77,62,71,442,124,142,33,142,75,116,147,541,285,126,71,74,36,26,52,93,164,94,39,148,89,137,276,582,1761,2314,137,863,74,105,110,494,143,294,38,165,115,261,535,1550,2364,920,267,529,82,146,303,567,977,524,178,855,541,596,1735,4450
Datasets/wang/Images/train/class9/958.jpg,11208,1278,1128,999,653,103,1045,1459,973,197,110,81,876,204,2694,3802,1299,115,151,61,120,16,182,49,980,66,68,46,1494,77,2613,595,1078,184,105,109,135,23,109,108,106,28,23,12,64,30,133,204,1039,77,106,38,135,13,105,58,1571,38,73,43,1692,47,1039,365,919,157,120,135,50,8,30,31,81,19,26,24,41,9,66,61,131,30,25,8,10,9,18,13,83,14,25,18,49,20,53,74,1214,194,107,158,61,15,59,59,86,43,15,22,72,38,120,184,1769,83,123,71,65,21,84,68,1448,68,96,86,452,74,430,322,1125,1022,103,1546,95,95,52,998,120,78,16,78,97,123,145,950,189,54,32,42,18,16,43,34,115,47,13,63,105,73,157,366,167,103,29,96,29,26,16,97,18,17,5,24,13,24,32,105,115,91,14,67,33,31,27,85,74,71,11,125,161,130,131,500,1193,2113,92,2086,56,58,50,488,107,116,14,152,64,80,99,422,244,89,33,55,14,18,38,63,121,85,31,130,69,77,155,347,3162,3272,156,1353,75,73,142,507,145,207,22,133,124,159,325,935,3442,964,240,567,80,96,202,379,1176,552,125,648,526,454,994,2861
Datasets/wang/Images/train/class9/903.jpg,10115,1467,933,739,1297,133,719,870,986,215,129,90,699,203,1595,2492,1492,224,218,57,142,25,210,69,789,69,87,61,988,85,2543,540,979,211,150,133,210,46,102,116,131,66,28,36,91,44,111,212,839,85,104,80,214,17,144,80,1393,72,109,101,1906,87,763,406,1303,150,206,186,184,18,64,55,288,36,40,44,79,25,66,76,158,21,31,27,20,8,20,27,242,29,45,49,92,32,72,98,900,231,99,137,79,27,63,71,95,49,29,40,80,50,116,205,1306,76,131,80,72,21,98,96,3067,108,220,234,699,111,430,504,908,779,116,1147,224,202,96,2409,132,98,20,94,119,112,108,784,214,88,53,60,38,17,48,73,116,64,28,87,119,80,220,389,130,86,25,121,45,39,25,225,29,29,11,30,28,43,33,135,120,72,25,106,51,32,37,202,114,93,31,269,172,193,168,1074,927,1179,91,1887,77,69,70,517,99,165,24,162,71,63,93,423,242,80,46,84,19,23,54,92,130,92,42,188,112,124,231,452,2058,2918,122,910,71,89,107,451,124,202,39,148,129,211,386,1247,3046,778,195,521,99,100,199,526,1029,509,161,1182,492,537,1341,3676
Datasets/wang/Images/train/class9/937.jpg,8333,1719,1004,778,963,205,820,1054,949,268,158,123,870,284,2157,2387,1459,165,281,90,196,23,320,95,762,85,122,92,1322,95,3563,772,966,308,167,160,175,41,150,178,141,66,30,40,104,63,150,240,701,109,188,69,182,22,192,121,778,58,96,60,1340,73,1003,416,1122,248,208,216,118,29,89,69,137,62,54,41,60,34,73,85,180,30,36,27,21,11,27,34,165,27,36,35,71,34,108,136,900,339,181,209,74,20,78,128,119,59,31,41,57,57,133,239,957,119,147,110,95,33,106,136,1208,77,132,156,430,99,429,537,1112,851,171,779,150,175,118,1104,148,139,38,104,142,181,131,907,295,89,68,67,41,40,61,85,120,73,35,76,189,116,318,505,212,168,32,106,44,48,38,141,29,29,17,36,25,45,41,185,144,85,27,87,59,47,47,163,89,68,34,142,178,169,202,811,967,1386,133,1215,76,85,76,488,159,207,29,175,85,127,131,571,284,130,81,112,40,23,65,141,169,123,39,176,136,165,266,704,2086,3371,169,1103,90,155,112,611,170,326,42,219,140,296,381,1384,2372,987,268,634,102,163,266,735,879,520,166,934,528,680,1267,4372
Datasets/wang/Images/train/class9/916.jpg,7563,1889,851,799,1367,198,885,1304,865,340,151,121,948,295,2103,2261,1873,539,336,146,212,55,296,131,872,152,124,105,1731,121,2967,831,724,292,140,162,197,55,164,182,121,65,20,26,118,72,161,258,679,129,137,119,186,27,167,104,926,80,104,108,2052,94,1171,688,1321,175,193,194,159,20,99,92,197,44,67,48,110,27,105,109,201,38,50,26,32,3,20,27,210,28,46,64,69,20,94,95,702,277,140,176,95,21,111,117,104,71,30,48,103,67,188,277,903,113,167,112,69,27,108,110,1050,98,182,188,517,78,602,577,786,721,120,1056,202,187,95,1512,146,129,22,119,157,174,132,993,276,134,70,69,41,26,67,101,144,110,33,121,175,137,247,627,128,113,34,110,52,41,33,190,24,27,10,33,33,45,49,221,113,79,26,131,36,51,48,192,99,112,34,261,197,193,218,1252,750,975,113,1445,81,91,81,516,157,169,36,193,106,132,160,582,257,114,60,80,28,29,77,91,174,132,57,190,96,117,271,631,890,1432,140,925,106,98,149,626,136,267,49,192,159,255,538,1658,1450,643,254,601,97,107,270,601,820,562,208,1241,571,616,1601,5291
Datasets/wang/Images/train/class9/946.jpg,7434,1207,1012,729,1151,243,697,1041,1209,346,177,124,769,350,1023,1983,1339,155,258,87,217,44,304,87,900,97,131,73,1093,115,1614,621,1078,276,203,140,226,62,141,207,206,91,55,36,132,111,134,458,804,75,152,78,235,32,194,117,1504,104,130,88,1919,128,932,579,1258,239,226,232,179,34,78,108,223,48,48,59,76,54,71,102,247,43,72,32,46,15,33,42,266,32,62,44,106,46,118,140,762,314,145,208,89,38,80,133,136,74,27,41,75,98,92,335,1297,117,240,133,107,35,132,246,1891,119,277,226,723,198,606,972,1034,762,211,1222,188,234,125,1810,278,160,50,122,160,239,123,922,354,91,62,78,50,32,78,120,166,81,39,91,180,134,267,543,181,130,36,130,41,70,31,261,61,39,11,42,40,61,34,266,136,78,34,92,48,59,60,204,160,115,39,226,237,224,234,963,748,1013,130,1626,74,109,79,699,147,187,31,231,80,132,109,525,382,132,93,130,32,53,73,167,214,112,61,210,159,199,213,723,956,1415,128,807,79,107,93,581,146,255,37,216,113,248,211,1089,2107,583,451,518,138,149,344,984,1052,584,249,983,570,808,1243,4960
Datasets/wang/Images/train/class9/954.jpg,11877,1256,1114,712,949,227,742,980,1264,271,177,96,794,384,1196,1641,1303,143,307,60,195,32,343,104,792,70,110,52,1074,88,2192,576,1179,273,235,145,167,76,171,233,176,96,43,39,112,88,109,234,887,86,165,58,164,25,194,149,1172,53,114,88,1172,93,813,418,1048,217,181,145,116,23,66,71,191,36,63,52,57,31,61,86,246,33,60,37,28,13,27,54,210,27,43,44,67,37,104,140,970,315,149,220,48,38,83,137,113,74,41,53,57,74,97,232,1348,98,286,169,82,63,160,297,1630,78,198,201,443,160,461,727,1401,829,182,1012,207,227,89,1127,299,135,59,89,142,230,141,704,243,65,84,62,50,33,72,90,175,69,39,74,233,119,259,402,195,100,42,139,54,42,38,186,51,42,31,45,36,53,39,202,124,62,37,89,54,43,90,195,118,74,52,157,176,186,205,827,963,1214,96,1310,64,60,73,414,148,199,31,172,67,136,118,443,422,76,69,83,36,41,70,160,231,114,70,184,175,240,286,631,2259,2605,106,887,65,102,93,466,172,302,55,212,105,294,247,1020,2104,675,222,444,89,137,227,695,897,490,209,939,544,762,1083,4535
Datasets/wang/Images/train/class9/912.jpg,18519,1121,1540,1356,1085,106,1058,1314,996,115,98,93,953,140,2767,2054,988,123,95,58,111,11,153,40,759,54,76,57,963,56,1596,542,738,128,79,88,114,19,90,118,85,21,10,13,70,23,91,135,720,49,89,41,138,11,106,75,1492,33,97,70,1659,45,752,385,1118,89,143,144,130,6,65,40,115,25,25,21,50,9,35,67,115,12,19,12,15,1,6,7,139,11,21,16,44,8,54,50,657,125,89,110,48,12,55,70,64,21,10,17,53,27,90,125,864,47,101,71,50,9,68,62,1481,53,130,115,483,52,370,331,1552,1237,133,4920,99,142,78,1873,97,82,13,100,85,130,91,998,112,52,28,57,14,14,16,57,76,55,22,93,122,70,160,416,89,70,12,102,23,22,13,140,9,12,0,20,16,24,13,129,75,51,11,98,26,17,24,113,93,82,20,500,127,112,130,915,1066,1249,74,2673,67,56,60,620,86,98,11,131,63,62,77,445,116,49,18,52,13,12,19,73,115,61,21,138,75,58,100,348,2864,1750,104,919,41,51,111,417,90,116,17,117,94,109,831,882,1556,470,138,385,47,48,117,313,741,374,109,963,365,318,805,2525
Datasets/wang/Images/train/class9/913.jpg,12529,1321,1876,1500,1076,131,1443,1834,1298,126,155,85,1032,138,2619,2117,1136,158,129,53,115,19,142,66,987,47,85,68,1085,45,1801,573,1175,146,180,136,169,32,109,119,126,34,28,17,83,33,112,149,938,60,128,60,150,22,131,86,1768,26,121,77,1474,58,871,362,1090,143,174,157,115,18,49,69,188,38,39,43,45,20,50,82,146,19,26,20,25,12,19,26,181,15,35,33,59,24,68,88,1032,156,126,127,52,15,62,83,99,39,27,42,65,29,65,151,1454,56,109,84,63,25,86,119,1899,70,193,194,490,93,341,406,1628,1438,157,2538,168,178,102,2108,169,99,26,121,145,148,132,1033,130,48,38,43,36,20,44,60,101,54,26,86,149,93,141,372,142,89,30,137,47,57,34,196,29,27,14,35,27,21,32,125,84,68,33,95,49,49,39,163,126,87,29,254,190,161,139,800,1179,1584,120,1850,66,70,69,513,131,130,28,188,52,92,94,428,148,50,36,71,14,32,44,100,142,83,34,214,67,107,132,442,1932,1771,129,1013,53,63,95,434,126,156,30,142,105,118,414,864,1569,548,141,376,68,117,154,463,938,376,139,754,356,525,742,3231
Datasets/wang/Images/train/class9/938.jpg,11068,1540,1227,1062,1051,152,1331,1522,1170,223,126,112,1204,254,5423,3906,1436,151,217,70,114,17,212,56,1060,60,92,73,1283,65,3822,827,947,196,131,100,110,33,123,161,115,45,19,12,72,46,127,263,963,59,92,47,116,14,123,89,1493,52,94,80,1132,65,987,522,1006,96,112,105,95,12,46,55,131,24,22,18,52,15,63,69,150,13,21,17,14,4,16,13,144,14,18,14,56,11,74,73,868,203,120,146,62,11,72,96,80,35,18,24,54,39,132,223,1130,68,122,86,75,14,79,76,1264,69,139,112,474,69,513,451,1085,930,102,1789,113,144,72,1398,151,128,22,109,123,164,147,1199,221,66,35,71,23,12,36,62,106,68,21,90,136,52,164,460,113,74,11,102,26,21,21,156,17,22,4,15,20,24,15,179,82,66,10,94,22,26,16,121,96,73,25,265,110,105,117,724,917,1003,75,1109,40,53,56,488,111,144,13,112,64,72,119,531,250,60,39,53,10,15,32,65,140,74,35,102,94,60,165,351,1597,1893,113,895,52,60,79,481,118,169,22,119,111,192,425,1189,2649,593,276,446,66,66,238,453,1020,394,154,711,490,363,1233,2987
Datasets/wang/Images/train/class9/914.jpg,8096,1079,1428,764,1130,152,934,923,1087,211,137,111,1079,217,2321,2369,1158,134,181,62,287,31,350,85,982,77,116,66,1715,89,2780,613,1312,206,435,163,229,30,138,157,154,38,28,30,92,37,117,255,926,48,144,60,431,18,277,86,1351,50,92,74,1817,68,1134,469,1059,306,242,445,107,26,57,66,176,105,40,130,63,17,62,67,147,19,25,14,15,9,21,22,188,28,41,32,69,37,82,87,903,292,137,293,74,18,69,100,100,77,27,102,76,33,73,190,1356,102,166,104,78,20,114,110,1524,113,177,167,554,106,497,480,854,785,129,1093,149,206,107,1166,131,140,19,120,123,160,108,766,203,66,26,55,88,17,115,79,127,58,21,74,300,144,349,546,126,82,23,94,32,25,21,183,25,25,10,22,18,23,22,152,96,66,24,61,123,26,92,168,122,89,22,186,392,215,239,823,833,1547,78,1889,62,80,60,472,122,281,27,414,64,110,83,556,206,81,31,93,24,22,38,97,130,131,29,208,143,399,180,1013,1477,2774,110,1142,54,68,80,478,114,294,27,294,73,192,190,996,2342,649,246,507,100,104,200,524,1058,608,159,915,599,981,945,4008
Datasets/wang/Images/train/class9/965.jpg,16111,1272,1077,710,916,176,931,1007,1067,286,157,116,969,309,3281,2099,1414,167,237,73,178,32,257,97,726,78,121,73,1180,95,2042,658,920,223,152,140,167,47,123,150,133,54,20,35,82,54,141,263,679,78,134,73,182,24,167,93,946,81,104,87,1242,97,936,476,874,180,185,177,99,22,67,91,169,36,42,41,82,27,70,114,163,30,40,27,17,9,26,17,189,25,31,40,69,33,87,103,793,320,121,174,60,30,81,100,101,51,27,49,77,58,127,255,972,87,146,88,70,29,90,101,1709,103,154,153,494,121,524,587,950,676,163,890,177,189,105,1124,145,119,27,102,137,156,113,859,266,89,64,44,39,27,50,80,123,68,22,92,157,119,188,512,130,110,27,120,41,30,26,184,26,24,17,29,24,40,34,170,120,79,28,56,64,34,45,158,92,90,26,184,163,167,180,776,811,1034,97,1204,69,89,68,493,123,146,22,192,85,96,91,428,302,99,57,95,28,30,59,116,121,108,48,146,92,136,204,585,1550,2446,126,863,73,117,105,514,141,213,38,196,107,220,363,1087,2089,776,269,502,102,119,262,595,891,504,185,747,472,615,1137,4115
Datasets/wang/Images/train/class9/975.jpg,9132,1401,1015,826,1191,180,917,1120,1158,268,204,134,1106,268,4101,2158,1329,225,239,123,202,39,265,117,828,103,141,96,969,102,2154,818,765,236,162,139,176,48,130,164,130,46,40,33,107,69,154,249,747,91,136,75,171,25,150,123,947,71,129,115,1197,100,835,534,1182,203,179,199,139,24,94,98,180,41,53,41,73,17,87,132,200,36,59,34,31,11,29,34,188,25,31,36,76,27,113,143,822,241,107,166,98,26,107,113,93,49,25,56,86,62,111,261,1077,124,184,131,82,30,114,130,1116,103,155,191,571,138,557,639,938,815,154,1220,160,196,128,1250,156,125,37,140,124,181,139,959,253,109,62,99,49,34,60,111,140,79,43,112,169,107,232,555,168,145,32,124,39,45,32,224,36,31,9,36,23,56,52,215,124,98,29,88,58,34,50,174,114,107,33,279,169,162,183,993,835,1146,104,1641,87,114,101,653,129,157,36,165,88,113,136,569,264,150,57,97,33,30,55,132,169,112,45,190,93,131,230,664,1369,2018,155,911,103,128,117,659,151,240,60,227,103,224,322,1266,2080,909,301,658,126,141,240,720,883,572,209,920,514,678,1203,4794
Datasets/wang/Images/train/class9/934.jpg,8869,1244,846,731,1060,191,695,1086,925,265,135,108,640,284,1366,2042,1436,182,200,84,174,35,213,105,709,114,117,79,760,86,2038,665,1013,264,184,123,208,47,93,152,178,74,33,37,132,67,123,218,792,100,114,94,214,24,128,115,1112,84,114,91,1472,106,753,514,1307,174,179,195,153,27,77,89,257,49,38,44,79,27,72,91,251,32,55,26,32,21,31,35,275,39,48,43,91,36,103,137,893,233,126,163,107,39,78,129,152,60,38,44,97,60,109,230,1507,137,190,132,115,48,128,152,2263,139,225,233,742,143,593,698,980,752,178,1076,272,279,131,2059,181,107,29,103,132,169,124,939,268,126,45,80,45,23,45,98,119,65,33,84,152,74,181,483,217,154,28,131,60,55,33,268,38,29,16,30,37,42,30,198,138,107,33,103,45,50,43,218,126,110,33,246,220,185,172,1005,859,1132,138,1769,99,92,89,667,139,160,31,213,94,107,101,568,315,100,64,101,33,41,55,128,209,106,46,190,109,123,233,590,1428,1971,137,953,78,136,111,609,152,272,35,166,119,241,283,1168,2561,941,312,660,141,176,247,798,1290,629,216,1199,689,744,1246,4614
Datasets/wang/Images/train/class9/922.jpg,7699,1578,814,738,1166,210,810,1034,916,273,155,132,832,337,1775,2773,1585,254,263,94,193,28,260,109,748,113,131,80,1179,98,2686,911,875,225,149,173,191,38,135,158,148,58,32,27,113,59,157,334,773,88,141,74,207,24,164,101,742,64,108,98,1324,90,959,540,1334,185,207,209,162,27,75,77,225,39,31,55,80,33,91,109,203,34,37,21,30,7,27,26,234,28,61,32,85,36,96,124,842,294,122,181,78,23,89,136,125,55,23,45,91,58,127,310,1064,119,179,126,95,26,120,133,1561,87,253,241,548,118,570,669,979,823,128,821,210,260,101,1572,151,122,29,110,132,177,104,891,271,105,49,66,31,30,60,83,138,82,21,83,179,110,239,532,175,143,33,123,63,49,29,283,36,32,6,26,34,37,37,185,124,84,31,101,50,47,43,239,92,93,33,249,225,197,206,1050,961,1200,115,1491,86,107,88,568,128,173,32,260,80,113,120,596,360,118,55,92,28,32,40,118,171,116,37,220,123,138,209,615,1393,2096,168,1009,81,128,152,595,148,260,31,181,106,235,395,1335,2600,946,400,701,122,135,289,752,968,622,207,1150,595,675,1403,4845
Datasets/wang/Images/train/class9/962.jpg,8980,1723,880,882,992,146,1036,1202,852,210,118,93,828,233,3652,3568,1605,222,225,73,130,25,198,72,814,77,94,78,1118,63,3212,912,991,219,119,101,132,27,104,117,113,30,20,17,99,39,146,236,984,80,104,55,150,27,111,78,1243,52,87,81,1383,73,905,440,1084,141,109,99,122,15,41,57,144,24,25,23,66,24,68,91,139,28,44,21,26,10,17,20,138,15,31,28,67,22,79,85,1141,247,111,139,79,12,77,85,95,42,15,42,66,51,133,210,1445,108,112,76,62,21,111,87,1641,65,137,141,520,76,529,431,905,879,123,1004,114,133,74,1310,120,118,25,86,106,128,174,997,219,77,54,43,25,21,38,73,128,63,25,73,134,72,222,481,148,114,20,87,40,33,21,120,33,27,10,17,21,27,22,136,116,85,24,89,31,22,23,123,92,100,18,216,141,128,127,751,1039,1213,101,1035,69,78,61,541,108,116,21,134,74,78,135,573,254,97,37,74,19,21,40,98,139,92,30,112,106,77,215,401,2790,3030,149,1062,98,103,124,564,171,269,30,147,125,240,436,1449,2943,995,261,584,87,106,243,495,1077,585,167,844,537,535,1405,3497
Datasets/wang/Images/train/class9/926.jpg,9173,1865,974,818,835,181,874,1302,818,322,149,134,714,323,2198,3756,1779,198,274,83,144,33,286,89,697,86,105,63,984,96,3249,850,1009,285,158,119,142,30,134,141,115,79,22,22,81,65,148,309,808,82,110,71,136,20,133,75,961,45,78,63,1055,68,920,410,963,160,147,207,106,20,53,69,108,41,25,33,59,22,64,85,148,17,31,24,29,7,16,27,139,18,36,28,71,17,86,96,973,308,122,178,63,28,72,100,90,65,20,30,76,65,134,328,1364,90,146,79,74,24,101,74,1171,61,110,123,508,82,487,502,1015,835,154,1030,134,137,99,1421,134,116,28,109,91,143,156,1011,300,98,66,62,49,19,67,73,117,64,17,67,139,96,292,440,142,101,26,86,32,38,19,131,22,19,12,20,16,38,33,156,119,65,23,90,49,27,38,119,101,100,27,210,145,123,165,635,879,1126,101,1202,54,68,69,477,113,142,22,170,81,93,115,553,320,110,62,96,15,28,64,114,147,99,39,126,108,110,293,564,2329,2866,167,924,66,85,136,573,177,311,27,170,128,273,418,1608,3802,877,338,511,90,116,309,579,1119,528,149,741,486,551,1580,3982
Datasets/wang/Images/train/class9/905.jpg,8565,1329,957,899,1787,170,934,1113,897,178,124,97,931,176,1169,1476,1343,162,159,100,187,31,168,77,854,89,117,96,1064,78,1405,583,990,179,150,143,198,33,154,143,147,49,26,21,125,49,103,190,971,83,153,84,197,21,162,114,1777,91,126,153,1797,93,940,586,1872,190,188,196,345,33,114,89,184,34,35,45,109,26,59,107,182,23,42,27,24,11,17,21,223,18,45,32,90,30,95,92,1096,190,139,167,110,25,90,102,120,49,22,41,105,44,109,204,1323,93,165,120,115,27,92,101,1919,96,180,203,800,135,511,543,956,903,150,1920,195,214,124,1973,135,142,27,154,113,152,103,966,202,80,38,104,37,38,38,86,137,110,37,145,147,104,200,586,153,121,38,179,36,36,31,198,35,37,8,39,31,35,36,207,124,93,30,162,49,42,39,201,157,156,51,622,198,201,201,1397,1097,1240,112,1860,107,108,110,789,138,158,37,171,76,108,96,524,185,100,51,106,20,31,41,128,208,113,53,169,103,105,168,551,1676,1544,125,940,96,92,111,569,134,196,43,200,113,170,281,1109,1837,681,208,651,95,113,178,568,1039,609,222,1519,540,619,1160,4471
Datasets/wang/Images/train/class2/228.jpg,17230,1276,1223,844,1352,154,1237,982,1703,172,174,110,1562,149,5370,1373,1342,316,180,102,159,31,168,77,988,89,102,97,1149,85,1836,659,841,173,113,107,127,27,115,137,123,28,23,28,88,28,106,132,830,100,126,72,138,14,126,92,1429,104,147,118,1090,85,808,462,1347,165,136,127,280,31,82,68,139,33,36,23,112,17,73,67,177,30,21,25,27,8,24,18,145,20,28,25,75,17,83,76,862,170,95,129,92,17,61,93,94,26,18,41,102,41,136,140,957,80,124,93,77,22,91,73,1172,79,157,133,683,92,475,417,802,785,104,1286,162,150,94,1099,106,101,25,127,110,137,136,705,168,112,22,86,24,19,39,71,128,81,22,140,100,78,173,509,125,98,18,102,33,31,19,164,26,20,12,32,26,38,42,185,98,103,22,134,34,29,34,154,120,128,40,418,141,150,159,1137,811,917,79,980,81,77,92,641,126,127,28,124,104,87,141,417,145,92,34,65,20,32,39,81,131,86,26,131,68,69,152,413,1319,1158,119,706,78,88,138,465,132,149,30,152,140,163,459,1169,1116,640,170,497,73,94,155,463,736,496,164,1138,455,434,1181,4157
Datasets/wang/Images/train/class2/223.jpg,16073,1621,1438,1036,1329,148,1266,1055,1023,196,170,133,1001,197,2470,1507,1675,256,219,110,183,37,176,95,902,136,108,91,894,91,1488,641,934,229,157,140,187,50,155,157,161,59,40,28,108,49,134,190,877,116,152,86,184,20,177,124,942,91,118,97,835,79,753,466,1301,191,211,174,201,28,81,69,174,39,57,57,113,19,93,102,180,34,44,31,22,19,35,35,144,31,46,55,74,27,96,105,883,185,130,171,111,34,100,107,102,52,31,62,114,60,159,198,959,96,142,119,86,34,129,121,840,95,150,150,428,96,517,540,1062,913,137,1194,166,163,121,845,134,142,40,113,156,168,150,777,177,142,52,86,45,39,66,96,153,115,31,100,152,126,191,520,154,126,40,118,57,44,35,164,44,38,18,53,36,50,55,184,126,100,46,99,54,58,52,162,105,125,35,306,135,166,179,1023,957,861,117,836,113,86,103,449,163,152,43,177,97,124,136,495,197,123,74,85,30,30,65,99,167,105,59,183,125,126,220,594,1461,1083,146,723,124,106,158,492,159,167,54,199,155,215,514,1403,1407,637,191,545,99,119,213,611,764,471,204,1076,501,598,1443,4891
Datasets/wang/Images/train/class2/272.jpg,25779,1334,1101,826,1419,96,840,792,1359,147,126,89,1058,137,3261,1361,1418,506,151,74,122,28,110,60,903,98,64,82,907,81,1411,918,658,125,61,57,117,22,58,61,113,27,21,14,76,29,93,129,583,93,68,52,115,12,97,43,1951,89,92,121,1549,62,785,434,1188,101,122,100,305,20,78,50,125,25,22,23,83,9,100,74,115,37,21,20,12,6,17,18,135,8,32,20,64,7,64,100,540,123,66,89,88,14,38,51,81,29,20,19,116,20,116,112,585,68,66,52,62,13,50,47,1379,68,142,111,705,80,361,333,669,565,94,1840,106,119,66,1931,70,58,10,108,69,76,109,650,115,76,27,83,31,11,23,49,61,61,18,118,66,50,114,419,85,58,12,76,26,24,16,111,18,13,9,16,16,19,40,98,72,85,13,102,21,28,19,114,78,96,29,533,127,101,133,1271,540,480,58,1572,64,44,84,757,59,69,18,95,50,38,104,320,152,67,23,44,19,13,22,49,88,37,29,105,37,54,122,318,1555,1046,103,476,110,54,115,379,110,129,33,107,115,134,828,1179,1155,789,106,318,57,73,123,279,485,322,105,1145,368,330,1259,3579
Datasets/wang/Images/train/class2/209.jpg,14737,1398,747,765,1466,176,826,1019,809,176,122,108,868,171,1305,1178,1396,332,186,131,195,31,181,115,806,113,115,110,951,100,1321,818,805,186,111,115,187,38,106,148,140,37,25,25,120,37,118,149,829,125,140,99,197,29,164,117,1686,108,139,165,1334,81,909,644,1459,190,178,182,257,30,114,92,176,21,42,35,127,23,116,93,210,36,41,22,29,10,29,26,177,23,34,32,113,17,93,87,834,240,143,142,138,21,86,93,136,45,30,22,95,45,129,142,970,123,144,122,111,23,104,88,1392,110,204,171,900,105,661,529,762,837,102,1266,172,185,121,1274,121,127,21,104,127,159,118,915,177,126,38,119,40,26,40,84,140,94,35,122,136,96,169,650,116,154,30,122,45,40,28,184,32,25,9,28,33,31,35,201,109,138,44,138,41,37,35,168,132,152,42,378,180,177,188,1357,859,1084,119,1186,106,108,120,780,148,135,24,153,116,110,137,643,170,97,37,88,31,29,35,89,166,109,32,169,122,92,178,468,1266,1626,107,1014,126,141,134,689,140,221,55,187,157,185,320,1200,1249,915,179,686,118,117,172,589,948,713,221,1360,670,585,1260,4909
Datasets/wang/Images/train/class2/211.jpg,15852,1627,1240,799,1421,214,968,790,1216,214,207,136,922,239,3529,1611,1569,517,223,144,192,49,197,141,695,135,133,153,730,108,1217,1029,811,200,134,90,217,45,123,102,127,50,38,25,96,47,162,192,610,125,80,90,178,26,128,94,829,83,110,127,1145,76,643,525,1271,207,216,200,269,42,108,106,190,54,63,55,112,29,118,121,175,69,32,37,33,19,29,31,185,40,38,55,93,27,107,149,610,177,125,139,119,38,84,81,88,53,37,40,85,44,146,193,631,129,102,101,95,29,72,101,1066,91,177,194,513,121,484,587,826,686,166,1036,217,179,112,1226,122,113,33,120,112,141,139,770,197,161,35,76,40,31,49,84,91,91,28,146,119,101,175,532,152,99,41,101,60,42,36,181,28,26,10,49,37,33,56,206,107,144,24,126,66,62,29,192,105,118,59,344,184,174,189,1210,629,661,106,1221,89,86,85,591,109,107,34,171,71,76,146,485,201,108,47,96,35,22,62,106,100,94,40,202,86,83,206,581,1415,1160,150,624,127,88,129,511,138,192,66,204,139,196,732,1424,1524,1058,178,477,108,139,199,551,566,486,214,1078,471,578,1474,5275
Datasets/wang/Images/train/class2/276.jpg,25408,1103,838,913,2042,132,891,919,853,119,95,79,859,102,1137,968,1041,156,121,75,108,13,99,59,809,69,74,76,872,65,757,447,913,135,108,114,158,30,100,101,95,30,17,23,84,23,93,128,853,56,114,83,153,16,117,79,1819,94,108,124,1474,68,651,482,1957,120,147,156,451,33,108,85,152,24,37,37,92,16,74,60,146,13,27,16,17,3,23,9,124,22,26,35,63,7,52,66,893,118,96,147,108,18,78,78,80,34,23,22,83,25,102,138,922,70,137,93,72,10,88,68,895,43,133,148,602,75,363,360,863,898,107,1750,170,162,94,1197,103,99,15,129,114,133,104,718,147,84,46,73,35,16,30,60,95,76,15,170,118,77,108,451,98,80,12,122,41,38,17,149,16,29,9,43,21,28,31,158,84,84,24,148,37,31,25,150,140,140,21,850,145,162,149,1784,895,980,96,1815,94,78,81,766,102,109,21,174,75,65,106,421,136,73,31,65,14,19,29,62,140,82,32,205,62,60,108,421,1167,839,103,695,88,64,96,453,94,121,37,159,104,151,266,875,1009,494,143,456,70,84,151,429,651,422,147,1626,381,386,864,3801
Datasets/wang/Images/train/class2/226.jpg,15781,1386,1006,683,1252,166,819,577,1849,193,188,90,1433,156,3022,844,1571,353,269,125,237,53,272,112,1000,114,130,116,1294,100,2151,796,1030,270,156,148,156,38,108,98,126,75,32,30,91,47,125,143,758,163,141,96,174,18,176,97,1035,98,108,106,1041,85,1048,473,1249,217,173,148,296,31,100,82,164,47,39,28,103,31,99,63,166,47,32,36,32,14,21,21,112,22,34,42,80,33,92,124,837,282,105,148,100,35,79,79,110,59,35,45,127,57,142,175,738,123,102,114,71,32,102,88,951,97,135,157,602,104,508,476,752,612,115,791,159,125,102,945,122,110,31,109,97,133,90,577,190,112,50,104,44,35,76,95,114,72,33,114,152,92,285,563,150,153,31,120,54,38,40,147,24,40,13,40,36,32,35,167,108,109,38,129,35,45,42,177,102,93,24,313,148,149,228,984,796,815,109,718,116,95,93,537,103,154,28,176,110,124,140,481,173,113,52,90,23,19,44,106,119,105,42,169,120,147,250,594,1801,1839,147,802,140,118,166,511,158,297,59,255,172,300,531,1225,1216,863,160,538,87,132,233,557,716,533,159,1141,567,630,1403,4945
Datasets/wang/Images/train/class2/224.jpg,32910,721,1664,752,1131,79,1425,756,3671,90,189,83,2755,81,11986,1145,763,226,93,65,84,17,95,33,1281,67,76,75,1525,46,2285,492,411,92,61,58,77,14,56,69,57,25,11,9,54,12,88,56,424,74,64,54,75,10,87,55,1165,48,95,81,842,40,1026,300,711,79,68,87,156,15,55,31,65,17,20,14,59,7,49,41,80,8,19,14,11,4,14,17,69,13,7,29,26,6,49,42,369,72,54,80,44,8,45,42,55,13,17,22,59,19,87,82,409,49,71,55,43,7,35,32,520,39,83,69,322,50,259,233,356,370,55,757,94,88,49,632,65,64,16,96,63,65,71,680,89,78,13,47,10,9,14,37,52,31,10,88,64,42,71,298,36,59,11,51,13,16,12,82,10,19,6,26,15,14,21,87,48,58,9,66,16,23,18,65,53,71,26,294,79,69,102,685,369,380,57,429,40,36,39,312,59,58,8,74,50,52,78,255,70,45,11,28,15,6,18,40,71,49,12,84,56,44,71,211,655,521,52,355,43,54,66,234,67,75,28,90,73,62,324,654,523,381,75,237,53,48,81,245,387,247,91,571,272,262,647,2317
Datasets/wang/Images/train/class2/247.jpg,7767,2167,835,814,1070,202,792,828,726,277,157,129,716,200,1371,1251,2085,548,386,190,236,46,409,147,676,160,134,118,881,159,2136,1079,906,416,149,161,153,48,107,159,127,79,27,28,99,70,164,216,747,198,142,110,160,18,193,117,627,104,79,106,700,93,897,539,1185,302,159,160,240,39,87,105,151,49,42,40,98,40,146,129,209,59,44,41,38,10,39,30,127,27,29,40,104,29,122,127,829,432,151,166,93,35,114,129,119,94,30,50,121,65,165,228,831,174,144,108,91,30,117,86,807,115,120,129,584,105,693,493,857,848,160,731,172,162,131,816,109,147,27,100,123,140,154,771,290,176,70,155,49,28,74,118,122,81,35,118,186,113,363,687,174,173,31,121,54,41,36,146,33,40,11,38,38,47,63,196,157,147,35,149,39,49,57,149,100,105,28,219,146,149,230,972,894,1105,147,797,122,112,132,641,152,219,37,161,114,161,196,671,268,169,72,127,47,27,77,114,167,134,39,169,129,120,385,697,1671,2395,203,1102,168,164,226,792,193,357,66,290,243,359,775,2057,1551,1289,224,759,127,174,257,672,905,752,181,1174,659,717,1853,6259
Datasets/wang/Images/train/class2/214.jpg,33962,576,2633,1213,2337,67,1739,981,1123,67,139,48,826,54,6941,1080,482,57,108,29,104,10,140,29,659,25,59,52,520,26,763,212,517,89,72,65,145,22,51,39,97,19,16,13,50,16,46,51,351,33,59,33,165,10,87,47,1447,55,134,113,1410,32,535,268,2036,90,178,185,580,21,71,50,171,19,25,38,73,11,31,36,64,17,22,14,32,4,11,9,133,8,23,35,46,17,35,53,333,96,65,87,56,15,29,41,52,20,12,21,44,11,35,62,260,21,34,30,46,10,30,44,1541,36,125,162,484,50,172,192,581,416,93,1780,187,169,63,1379,62,50,9,133,53,83,78,857,56,32,22,57,23,11,24,41,63,17,13,119,65,42,100,322,53,44,11,82,26,19,8,143,9,8,1,23,11,12,16,68,37,36,17,101,24,23,23,170,71,93,23,1221,147,146,103,2080,324,351,49,1225,54,68,49,464,58,71,22,160,29,43,49,215,48,30,12,43,13,8,15,54,53,41,14,141,39,61,94,306,477,474,44,321,30,32,46,201,31,92,13,67,26,85,197,395,315,135,60,174,26,36,53,162,236,210,71,1986,194,237,382,2666
Datasets/wang/Images/train/class2/257.jpg,8725,1808,686,842,1530,136,946,1182,659,172,85,88,1011,184,2349,2139,1801,326,230,127,158,12,241,85,935,109,90,111,1374,65,3083,1072,632,198,56,104,149,21,97,100,71,26,13,17,81,27,105,211,918,102,116,55,143,14,117,55,1774,88,104,136,2173,52,1167,688,1424,126,133,141,258,17,93,66,120,13,24,28,103,12,104,63,145,23,16,20,9,3,10,7,134,12,21,22,61,13,93,56,852,240,91,122,108,15,78,79,81,30,14,16,112,23,141,146,1192,80,116,78,70,6,65,54,1816,59,129,124,1007,53,618,358,566,826,82,1589,106,134,80,1740,73,84,13,126,90,95,139,965,135,104,24,94,14,7,24,56,76,82,14,140,125,74,270,661,79,82,9,87,21,18,17,137,9,14,5,15,21,16,16,138,87,103,9,132,16,24,14,105,119,143,23,504,139,116,157,1297,851,1153,82,1652,99,67,105,875,82,103,17,135,86,75,156,562,181,78,31,59,22,8,28,52,116,70,18,108,81,51,217,354,1674,2706,121,935,109,86,130,570,126,262,30,147,141,230,550,1635,2235,1089,188,625,81,69,149,342,1065,659,144,1198,601,397,1655,3911
Datasets/wang/Images/train/class2/205.jpg,26867,886,1519,778,1177,141,1257,741,1815,123,144,76,1418,150,10593,1017,963,169,211,83,109,20,229,73,817,57,99,83,867,51,1938,476,519,178,68,71,101,32,85,89,113,26,20,24,83,37,92,114,454,86,81,76,111,16,85,74,957,65,109,118,803,72,799,407,953,118,114,98,286,19,64,63,177,19,21,22,88,21,65,64,122,14,33,27,38,8,15,27,207,21,34,24,72,16,90,87,423,203,67,78,76,22,42,58,80,38,21,29,76,26,80,109,424,53,106,53,57,19,59,76,1218,69,187,170,631,101,375,470,562,429,117,806,174,225,82,1295,112,60,25,88,86,111,105,724,92,56,32,74,25,13,32,72,73,39,22,98,73,58,179,367,76,77,17,74,26,37,19,174,25,17,6,41,21,32,25,135,47,55,20,78,23,19,28,165,57,72,36,363,95,113,117,936,427,347,71,560,93,63,65,549,104,65,21,92,65,57,120,335,106,49,37,62,16,24,29,80,92,40,28,99,67,55,220,335,1108,1229,73,349,57,54,57,316,89,190,22,108,102,219,359,842,458,415,110,321,41,70,112,424,459,295,132,926,334,355,920,3342
Datasets/wang/Images/train/class2/266.jpg,6799,1726,615,1059,1786,150,915,1316,550,117,105,89,921,118,1524,1596,1624,477,144,126,151,25,150,85,850,125,79,141,1325,92,1576,1134,444,114,47,52,146,14,72,102,90,18,9,7,112,11,88,118,795,107,54,50,155,8,104,53,1964,114,110,120,3753,88,933,624,1462,139,155,190,408,19,156,95,104,12,21,18,108,14,111,78,130,21,15,18,21,4,11,14,114,12,22,13,88,9,85,89,674,123,76,92,137,12,78,65,109,17,8,17,137,16,159,99,832,76,61,42,103,9,65,36,1549,54,99,103,1483,65,707,331,480,1017,111,3092,128,134,119,2854,36,59,11,142,69,63,94,965,126,134,16,125,19,6,13,67,55,56,10,213,97,72,129,633,53,77,14,97,15,19,10,119,9,10,5,28,11,9,37,139,57,94,13,116,17,18,14,93,106,151,33,897,200,197,139,1985,742,1222,117,4262,111,83,171,2241,40,83,5,212,65,63,153,763,112,83,18,75,13,13,19,54,54,57,14,170,75,37,124,371,1250,1168,106,948,104,56,168,720,102,121,33,146,147,109,726,1496,1283,923,108,526,58,48,116,344,678,440,122,1541,555,354,1436,4391
Datasets/wang/Images/train/class2/273.jpg,24116,1224,871,772,1538,132,821,906,852,168,100,104,820,158,1718,1158,1188,275,146,60,144,22,147,73,804,75,79,76,884,57,972,534,785,122,110,102,186,29,90,119,131,27,26,26,100,29,99,157,758,69,88,66,217,22,99,70,1815,70,121,144,1641,82,648,419,1522,152,188,203,286,21,95,88,176,32,35,32,92,21,74,78,154,16,32,19,24,4,19,19,198,20,40,33,82,26,71,85,789,121,115,135,92,19,73,79,79,30,11,37,101,29,120,153,897,68,126,75,81,23,105,79,1398,78,205,208,766,97,412,467,758,732,140,1581,140,177,100,1345,105,93,25,132,87,112,121,612,130,68,35,84,37,12,35,58,94,65,32,127,136,77,123,440,97,75,17,109,35,29,30,184,21,24,8,48,13,39,39,158,79,71,19,126,45,29,35,208,123,141,59,526,231,253,180,1238,742,790,100,1542,102,73,107,704,88,138,19,216,63,81,86,459,140,58,40,74,20,19,39,94,138,89,37,235,69,96,160,511,1517,887,99,577,66,69,128,426,105,135,42,175,109,147,488,904,1084,501,147,408,63,77,151,458,633,383,136,1352,436,494,942,4192
Datasets/wang/Images/train/class2/230.jpg,11048,1557,1087,754,1790,180,1121,914,1052,196,176,118,1061,168,5131,1538,1519,431,195,144,165,41,210,86,801,128,122,130,907,108,1471,799,722,193,101,122,155,28,106,125,97,54,36,22,77,51,147,153,746,145,115,84,168,16,145,85,1244,106,140,156,1115,66,833,592,1745,177,180,147,380,34,129,94,179,35,40,36,133,26,118,96,194,45,28,16,35,11,30,23,168,29,29,36,95,19,91,81,790,204,118,118,123,28,86,88,97,45,24,32,109,50,154,142,879,98,139,97,88,22,101,72,1798,81,175,201,760,86,523,481,705,705,96,1233,184,168,86,1622,106,88,19,107,115,124,139,757,207,146,38,103,35,30,54,92,115,83,33,132,120,105,219,587,125,93,28,139,40,36,39,167,19,22,10,37,22,32,43,197,106,116,26,165,37,30,36,186,133,127,33,624,142,156,207,1523,780,903,93,1018,126,96,106,748,92,122,25,151,80,88,173,483,143,117,31,85,18,21,41,81,118,82,44,156,108,90,213,510,1269,1406,119,813,113,91,134,517,115,216,42,196,158,208,653,1364,1244,876,161,560,90,94,174,498,765,585,181,1533,590,550,1388,4953
Datasets/wang/Images/train/class2/222.jpg,9970,2160,999,714,1114,197,1243,859,934,303,163,114,1174,264,9513,2532,2213,656,281,165,167,44,270,138,713,172,134,125,829,119,2336,1311,523,242,77,103,108,34,98,115,74,37,21,30,96,53,155,259,640,146,101,99,101,13,115,92,781,107,93,125,659,86,783,542,927,141,93,86,252,21,101,71,126,35,28,21,93,30,129,119,198,36,25,22,27,9,32,27,121,21,32,27,82,10,106,100,585,230,83,108,99,27,91,74,86,36,26,32,114,44,185,270,637,106,131,81,66,13,89,65,834,78,101,131,658,80,555,517,577,661,72,680,133,113,85,957,84,75,26,90,91,120,160,771,256,165,52,110,26,13,46,89,107,86,27,88,113,79,252,600,104,99,22,84,37,22,21,111,18,15,9,34,21,31,56,211,108,96,26,94,26,27,32,115,81,107,34,297,86,103,194,928,593,618,92,584,73,60,129,540,111,120,21,102,99,90,180,537,235,133,45,66,21,21,39,81,111,75,35,103,80,76,258,481,1323,1703,152,667,139,101,181,527,155,233,45,170,210,270,795,1945,1675,1072,253,517,95,78,255,472,662,464,179,841,523,465,1990,5195
Datasets/wang/Images/train/class2/202.jpg,25167,832,1797,863,1237,139,1616,803,1629,166,156,83,1423,134,10234,1310,994,164,133,66,135,23,102,75,912,67,85,73,749,76,1124,386,577,113,82,87,130,34,84,98,133,42,23,25,104,32,105,123,522,79,88,82,147,24,83,82,1666,87,118,108,1594,69,771,449,887,132,116,121,245,26,92,74,105,26,37,14,97,14,69,72,163,17,31,16,24,9,14,23,129,20,27,26,96,19,68,71,444,107,78,92,98,20,60,75,104,32,25,25,112,36,102,101,508,74,99,88,86,18,87,93,1409,80,132,121,1084,104,469,416,601,445,123,1117,132,121,92,893,97,77,23,95,96,92,99,738,99,85,35,83,26,22,23,73,91,71,27,95,99,77,103,356,79,64,18,71,21,23,20,99,20,27,8,45,18,37,43,125,72,55,32,98,31,22,32,132,88,107,49,394,126,143,148,947,472,398,78,900,93,96,92,630,92,87,17,98,74,53,100,317,112,62,27,70,20,19,31,80,106,64,36,100,80,84,121,348,614,475,102,365,64,71,81,292,90,94,43,132,104,132,271,717,583,315,141,317,84,92,133,419,501,331,155,886,394,448,831,3621
Datasets/wang/Images/train/class2/227.jpg,28719,1148,1381,758,1159,142,1295,822,1316,136,138,90,1303,134,7291,1340,1227,349,141,90,124,32,149,63,773,83,94,81,774,53,1436,635,648,141,73,70,117,20,83,76,114,31,22,13,76,24,89,126,572,93,64,53,107,12,76,51,964,82,104,109,907,75,703,452,1041,124,114,105,272,18,92,75,125,15,30,23,98,17,72,57,126,21,18,12,27,5,12,12,111,17,23,28,65,13,61,60,609,149,72,89,99,18,66,52,69,31,20,26,79,26,113,112,553,88,84,63,52,14,51,43,917,62,117,108,484,75,348,331,572,568,98,942,129,98,72,863,76,63,22,111,86,95,105,745,132,90,32,85,21,20,31,68,54,66,22,113,86,67,143,404,102,79,15,69,29,23,18,94,8,20,6,29,17,24,37,122,67,83,17,108,33,29,26,115,67,97,27,402,120,96,143,1016,562,523,61,699,90,57,82,520,69,67,16,125,50,56,112,353,111,85,23,68,15,20,36,77,79,53,22,116,74,45,128,379,1417,956,97,495,87,70,135,388,99,163,31,145,138,155,576,1073,790,598,123,352,54,81,129,387,494,377,125,865,354,383,1006,3563
Datasets/wang/Images/train/class2/258.jpg,19295,1367,1330,913,967,91,1341,1119,1030,135,105,67,1059,110,4111,2260,1320,211,108,75,108,9,109,66,827,93,54,80,941,52,1858,676,1446,106,68,73,100,16,67,74,89,17,10,10,61,18,135,102,1021,98,82,62,104,12,88,45,988,51,57,78,892,31,777,395,1062,109,92,93,119,17,70,35,79,14,21,22,59,6,65,53,115,24,12,8,13,4,7,5,65,5,15,20,38,5,58,40,1525,101,108,103,72,12,68,47,57,16,9,18,74,18,130,99,1143,57,73,71,49,12,55,32,798,43,46,57,449,14,396,197,1444,936,75,1092,106,79,68,836,75,70,9,72,67,107,113,898,123,103,18,74,12,13,14,39,80,70,11,78,79,61,86,357,143,77,9,88,22,24,12,86,8,12,3,11,17,16,33,91,90,89,17,80,22,24,17,80,85,83,22,199,86,86,117,743,1472,1120,66,919,75,59,67,412,86,69,8,97,57,46,108,447,123,73,16,41,15,7,17,40,97,60,17,83,59,42,92,223,6467,2205,142,881,92,64,140,434,134,116,23,112,139,101,575,1049,2621,812,110,439,54,37,107,267,923,428,119,728,457,268,1078,2677
Datasets/wang/Images/train/class2/235.jpg,25015,1087,1450,746,1208,155,1298,741,1261,183,157,100,1121,171,12162,1277,1116,252,198,87,133,38,162,90,719,88,107,93,642,73,1528,648,514,171,85,87,158,44,116,131,93,37,24,29,67,50,120,164,458,90,108,86,138,25,126,68,554,50,90,87,971,69,742,413,978,119,168,135,135,19,80,60,157,30,50,41,63,22,83,83,147,32,41,24,26,7,26,13,169,15,35,32,68,21,90,95,443,135,99,109,58,30,67,86,72,30,20,29,56,30,94,154,515,81,119,102,61,22,65,78,654,71,144,135,337,79,404,474,593,437,77,619,183,156,73,743,105,120,18,96,89,144,118,749,172,77,34,73,26,17,40,80,93,65,26,97,114,84,161,451,84,95,16,73,50,47,24,142,22,21,9,26,25,28,44,148,83,56,26,94,42,42,39,179,68,79,24,222,132,152,151,945,452,496,68,1033,74,62,78,365,110,94,23,146,76,89,104,362,115,76,44,71,20,14,33,76,114,69,35,133,91,78,173,416,695,963,95,526,80,74,106,383,105,157,46,125,108,171,344,983,632,503,146,397,75,103,155,423,522,418,138,869,402,403,933,3652
Datasets/wang/Images/train/class2/244.jpg,24225,1822,1143,821,1114,153,908,824,1075,276,140,94,933,226,3628,1963,1849,560,219,112,162,29,208,96,854,119,113,103,1011,93,2235,1177,649,149,73,84,124,27,91,80,112,51,19,21,75,41,128,207,641,147,91,57,127,11,101,44,1249,55,94,90,1002,59,847,502,810,126,100,97,205,21,95,66,89,29,30,27,81,16,113,78,137,20,22,14,28,4,16,18,89,15,20,14,59,15,68,83,548,170,87,101,60,17,51,69,70,39,19,35,96,54,141,230,513,72,69,51,55,10,56,47,596,52,110,112,483,78,457,406,562,630,112,1038,102,89,73,838,86,65,14,98,83,107,144,753,185,101,53,78,16,12,48,56,76,53,22,91,108,65,185,412,76,83,11,56,17,17,13,75,17,20,3,22,15,23,24,132,66,106,19,75,16,22,26,96,67,70,32,348,135,119,145,921,484,547,68,588,65,34,80,467,86,90,22,122,57,62,154,449,160,93,53,47,15,18,67,72,87,65,28,122,75,64,204,436,1803,1785,118,484,79,66,137,431,96,170,31,133,149,169,971,1671,1399,941,162,326,64,55,185,352,496,342,101,678,413,395,1680,4051
Datasets/wang/Images/train/class2/240.jpg,7460,2248,691,796,1598,183,746,903,592,239,106,94,706,198,1704,2507,2073,498,226,129,177,20,228,90,726,133,85,118,939,100,2111,1089,648,222,84,86,143,20,97,106,105,28,14,18,82,31,127,239,715,121,89,65,164,16,102,68,1438,111,121,154,1575,81,810,558,1688,194,134,174,434,32,120,77,137,24,35,38,115,13,99,75,156,29,29,13,32,5,22,19,138,14,15,34,86,13,66,98,797,220,98,121,98,16,92,81,100,29,20,26,110,38,185,216,928,84,86,78,76,15,80,68,1432,75,142,147,853,95,546,438,655,838,103,1628,105,150,104,1593,84,97,21,126,85,90,128,814,247,133,39,130,16,26,37,74,71,88,23,145,99,72,223,563,111,94,23,129,27,24,22,156,20,25,8,33,20,26,39,155,98,143,20,148,22,32,30,133,124,144,32,921,165,140,166,1427,838,1020,107,1563,131,77,138,941,73,105,14,164,87,80,164,579,211,108,33,75,16,14,26,86,95,67,24,148,69,80,225,482,1814,2468,125,882,98,79,148,575,132,205,29,173,171,188,838,2132,2788,1267,228,536,90,89,230,427,868,549,164,1404,550,455,2093,4830
Datasets/wang/Images/train/class2/220.jpg,38347,609,2309,979,986,98,1657,1190,2132,122,168,58,1390,114,7339,1767,733,84,91,38,100,11,79,38,1118,51,69,69,1051,57,1168,347,573,80,54,37,100,25,64,69,93,24,19,17,64,41,65,108,494,60,46,36,86,21,96,45,1211,52,99,70,853,60,786,308,668,74,89,54,155,16,55,49,135,16,24,18,57,12,36,36,109,22,28,11,25,2,21,8,125,22,34,31,50,16,44,49,405,48,48,66,45,12,30,29,74,19,10,19,57,23,87,114,548,48,57,46,56,9,62,55,507,44,114,112,341,84,278,351,546,378,97,1113,105,98,39,960,73,50,11,88,73,108,68,782,84,39,9,35,10,9,10,40,64,31,21,87,54,47,63,256,47,29,9,51,25,19,13,69,19,10,9,18,20,21,22,92,59,36,10,66,16,16,12,80,68,58,28,300,69,85,66,729,389,304,47,504,46,37,55,346,61,35,13,43,39,31,44,165,104,13,18,34,11,12,14,36,77,36,22,77,46,39,70,174,1343,658,53,247,41,38,41,200,69,63,19,59,59,80,303,460,1147,243,106,187,31,46,93,198,425,200,106,599,246,219,645,2229
Datasets/wang/Images/train/class2/234.jpg,64868,321,2848,1287,406,26,1377,1095,1489,38,103,20,798,31,5282,766,260,16,34,10,18,1,31,6,650,6,30,20,521,6,497,113,290,20,13,21,37,1,23,19,46,6,1,2,10,2,28,25,195,7,23,9,19,2,27,17,960,5,41,32,477,7,384,76,263,13,25,21,27,5,9,10,29,5,7,4,8,1,12,2,23,1,4,2,1,0,1,2,15,3,5,4,7,0,9,8,179,18,17,19,9,2,15,9,12,2,1,6,17,4,23,27,129,9,22,14,6,0,11,9,249,6,14,31,93,8,56,36,520,352,69,1706,27,24,19,718,17,26,3,45,25,56,21,679,36,7,6,10,4,1,3,5,14,9,4,32,19,6,21,66,21,7,2,26,3,3,2,20,2,5,0,5,4,5,5,30,8,7,1,29,2,4,2,21,23,19,6,205,19,27,18,217,244,197,16,324,7,1,17,101,10,18,3,21,12,9,22,54,31,8,4,4,0,0,4,6,34,7,9,32,12,2,20,44,457,219,30,195,6,6,19,88,15,11,4,18,19,14,186,155,269,49,27,58,4,4,24,48,147,48,20,190,57,41,159,492
Datasets/wang/Images/train/class2/255.jpg,7232,2061,733,768,1165,249,834,1014,810,325,133,161,934,264,1491,2081,2149,515,282,174,213,46,279,157,814,160,150,147,963,151,1950,1271,762,295,101,131,160,60,145,205,122,53,40,24,116,50,169,312,834,174,146,124,161,27,163,130,942,106,136,117,1055,106,931,772,1043,212,155,119,182,25,109,95,155,30,34,28,120,20,150,159,279,64,36,37,22,9,34,26,148,22,40,37,101,21,143,113,807,294,124,157,105,30,111,120,111,47,26,51,111,53,215,296,1037,153,170,137,104,25,123,132,1108,107,149,143,748,122,784,708,797,772,111,683,152,140,125,902,128,154,36,101,156,180,168,1028,280,191,48,105,42,25,56,101,159,111,35,130,141,134,296,757,151,140,27,85,23,38,36,154,29,43,15,30,34,58,45,236,145,167,33,96,39,20,41,131,113,117,23,200,135,128,208,1040,777,769,105,744,103,88,108,557,124,164,27,118,110,98,173,731,307,153,63,78,35,19,52,111,183,120,51,130,129,104,279,614,1444,2108,206,801,148,163,227,694,207,342,58,211,220,284,594,2005,2058,1268,315,683,141,133,300,666,944,744,241,943,765,636,1960,5750
Datasets/wang/Images/train/class2/236.jpg,8116,1726,753,1079,1540,138,991,1370,733,138,83,104,929,161,2214,1863,1673,257,166,119,140,10,182,70,996,105,87,100,1248,77,2835,881,688,167,80,100,128,19,88,117,85,21,7,18,85,20,160,167,1008,113,90,73,148,16,107,70,1897,78,116,138,1909,69,1118,565,1464,132,146,148,250,10,90,60,131,18,23,25,88,13,87,87,139,25,16,15,27,0,18,8,138,14,23,22,79,6,67,68,917,191,99,115,80,17,77,66,108,30,14,26,117,26,161,150,1184,70,121,69,79,9,58,49,1796,64,136,128,929,68,642,342,674,1000,95,2204,142,156,77,2503,76,84,9,118,95,113,139,1139,141,105,32,90,13,11,22,84,77,70,17,120,102,75,192,628,76,97,14,119,20,28,15,145,13,8,8,27,12,22,25,137,82,90,14,116,20,21,18,115,104,127,22,624,149,111,152,1277,881,1303,76,2030,86,88,113,1104,96,119,17,167,82,75,148,700,146,75,32,78,13,8,28,54,126,77,26,126,83,59,187,393,1688,2156,132,1139,93,82,144,670,145,198,29,149,156,135,518,1418,2086,888,163,602,67,68,136,397,1030,610,140,1244,663,373,1421,3757
Datasets/wang/Images/train/class2/208.jpg,14551,876,724,789,3103,108,850,956,652,83,81,48,925,101,1206,982,955,91,95,50,121,23,100,42,826,55,69,80,1052,55,1084,514,605,92,66,91,175,16,92,94,86,18,12,5,83,24,78,105,767,78,90,52,155,13,93,62,2735,97,158,171,2705,71,812,568,3096,114,160,146,917,20,125,72,185,14,27,24,135,10,50,39,113,11,8,9,23,2,12,6,191,16,19,37,89,7,44,24,769,90,68,80,120,8,72,53,94,13,8,17,110,14,89,86,895,63,81,59,76,5,67,33,2882,57,166,188,1505,48,482,285,567,687,66,2696,163,175,85,2775,60,84,8,149,74,98,67,797,97,65,11,110,15,12,16,47,75,61,13,198,85,67,92,523,61,68,14,141,27,16,12,150,15,12,4,28,13,16,14,143,63,83,14,188,18,22,18,150,136,181,22,1766,175,165,110,2940,716,762,63,2570,130,96,99,1389,68,101,10,139,63,54,89,413,92,38,24,57,8,4,12,58,98,63,16,145,54,32,74,261,1101,748,65,724,63,31,68,396,91,94,15,125,90,77,260,745,911,393,87,483,33,34,110,285,773,468,114,2885,416,262,810,3806
Datasets/wang/Images/train/class2/243.jpg,16127,1573,1131,716,1516,142,1211,875,1252,144,154,87,1383,159,7799,1739,1689,770,180,120,184,37,163,82,778,130,93,109,950,90,1883,1071,465,110,63,66,120,18,86,55,106,30,20,18,91,38,121,117,498,113,64,63,129,20,86,48,1258,114,121,134,1458,67,782,488,1193,129,131,99,461,18,130,64,117,26,29,31,145,14,128,66,111,35,24,15,18,5,14,10,92,10,27,27,82,11,80,80,466,120,46,64,111,12,67,59,60,22,22,30,142,37,161,126,441,66,50,33,59,15,47,57,1180,59,112,127,960,69,415,378,434,514,86,1761,97,101,73,2020,58,62,25,104,69,79,122,709,132,112,27,99,20,11,27,66,66,41,15,127,70,61,114,479,48,55,13,60,19,23,20,112,11,20,5,35,22,22,34,137,41,89,15,83,24,17,26,101,90,116,31,768,129,107,143,1429,454,448,68,1503,79,59,121,1272,56,63,18,93,60,50,153,429,93,66,24,56,13,16,27,64,60,37,24,134,44,49,126,357,1717,1110,97,400,79,43,142,373,79,120,50,122,132,137,1081,1463,1053,925,106,292,61,59,120,330,436,378,124,1158,390,330,1471,4569
Datasets/wang/Images/train/class2/253.jpg,15016,1469,1489,785,1353,149,1496,868,1065,183,176,98,1103,168,10221,1837,1485,409,183,98,176,30,182,83,715,101,112,98,882,87,1642,709,634,177,113,92,149,32,79,118,119,33,23,27,85,30,138,167,605,107,95,73,163,33,123,79,1036,84,106,128,1331,69,706,398,1108,135,148,134,320,26,89,79,169,36,40,31,82,19,92,89,151,30,23,25,29,15,15,17,129,30,29,25,72,14,76,110,535,190,103,87,76,16,54,92,91,41,25,28,94,45,126,172,640,90,107,72,77,23,77,72,995,75,124,133,621,74,400,438,618,641,92,1175,149,120,91,1307,113,107,22,114,95,93,116,729,174,104,30,79,38,17,42,75,77,58,16,143,122,70,194,441,115,101,26,94,30,31,21,157,15,22,10,39,22,37,39,148,98,94,32,92,31,28,32,169,91,109,28,517,130,163,150,1208,595,660,103,1073,72,82,90,747,79,94,20,137,65,86,139,400,183,100,27,67,23,22,33,75,107,81,49,163,87,76,182,471,1251,1404,143,539,100,95,152,407,137,216,37,179,129,196,650,1244,1306,770,170,393,90,87,179,474,502,382,164,1027,413,440,1306,4317
Datasets/wang/Images/train/class2/221.jpg,7598,1301,848,702,1626,358,672,918,1094,283,166,125,750,284,781,1389,1410,235,255,113,226,51,241,140,819,119,155,117,775,138,1125,718,889,210,148,116,198,62,133,215,199,64,24,40,159,66,132,354,813,138,170,105,195,35,156,149,1033,140,185,165,1011,148,694,713,1589,219,219,219,379,50,147,145,292,61,57,50,168,36,91,129,359,40,72,35,60,19,45,53,356,32,89,58,158,39,132,146,758,229,132,144,123,42,109,142,174,71,36,45,89,72,136,299,1094,141,250,159,166,36,122,194,1636,157,352,318,936,187,706,1037,1068,699,187,967,323,340,134,1612,223,154,39,155,160,195,154,929,236,106,51,122,45,42,55,156,152,103,42,127,179,150,228,649,164,131,38,140,52,66,36,348,48,48,9,55,43,58,52,328,140,115,44,141,64,45,45,281,176,128,61,494,228,202,220,1435,721,643,132,1130,157,136,112,854,155,161,43,256,104,116,118,585,310,118,68,134,45,33,63,165,212,119,69,254,153,138,267,722,766,930,133,629,94,126,132,636,136,235,46,197,124,248,274,1271,1472,746,356,777,116,148,261,1022,1049,655,346,1556,695,836,1442,6037
Datasets/wang/Images/train/class2/260.jpg,7298,1230,911,741,2084,251,720,1091,937,216,145,111,817,252,863,1234,1093,224,171,77,214,22,226,85,759,97,110,98,895,102,1179,633,760,179,166,147,400,65,146,259,116,32,24,30,123,63,118,268,698,84,139,94,417,33,191,148,1076,89,135,169,2070,124,853,627,1914,198,377,405,324,31,105,146,371,39,73,97,121,24,100,111,232,32,51,28,37,9,26,40,406,24,95,74,113,25,95,120,757,191,163,205,116,23,90,129,102,37,36,45,72,25,146,194,838,96,239,161,97,20,142,241,2082,109,402,360,781,105,537,750,945,785,137,1303,391,443,97,2367,231,162,35,170,155,218,118,877,178,94,28,103,40,36,36,101,154,106,29,152,217,138,213,613,148,99,26,153,65,85,25,464,31,30,14,40,26,67,34,266,117,99,29,146,86,87,36,409,139,144,48,462,378,360,216,1894,773,890,115,1735,123,123,72,779,168,207,33,354,91,150,112,594,267,86,52,112,28,24,35,127,223,138,51,348,121,174,186,741,798,1147,112,745,76,98,115,614,116,197,25,225,86,188,293,1071,1189,620,248,614,87,127,185,802,743,539,253,1784,561,656,1063,5861
Datasets/wang/Images/train/class2/213.jpg,38729,724,1993,956,1245,87,1260,950,2550,134,162,70,1535,129,5990,1240,780,133,122,47,92,14,98,40,1286,40,62,54,1141,38,1088,362,504,92,60,53,81,13,59,58,102,24,10,10,57,23,54,115,389,49,56,33,69,8,82,38,1451,55,100,97,1138,41,872,318,900,65,83,70,355,9,52,46,120,18,22,22,49,10,50,41,80,14,13,15,15,3,14,8,92,10,10,22,43,13,50,36,392,87,62,58,55,8,41,42,53,35,10,16,55,27,75,131,357,56,57,34,43,8,38,23,884,34,91,88,558,54,264,216,506,363,90,1274,94,91,61,1303,39,38,17,94,62,89,67,692,140,49,22,46,11,10,23,53,49,31,25,67,40,52,77,272,48,36,4,57,18,16,11,86,10,9,5,19,13,16,16,93,40,31,11,85,4,15,16,77,53,73,24,519,57,77,79,978,395,290,37,593,51,39,67,524,57,52,8,57,37,44,72,185,102,35,13,35,8,8,32,33,69,36,20,86,33,29,91,228,782,421,59,284,36,32,56,226,60,79,19,88,73,104,263,593,601,246,96,214,34,36,121,212,341,189,77,897,264,238,615,2299
Datasets/wang/Images/train/class2/261.jpg,12838,1769,924,768,1388,189,932,1049,1031,188,143,100,980,190,2994,1686,1752,648,192,128,185,39,158,81,807,133,105,116,992,99,1426,1024,787,188,110,99,187,30,120,130,121,36,21,23,96,23,127,171,767,107,122,80,155,22,125,90,1305,83,128,131,1487,84,830,508,1375,176,169,170,302,21,101,96,156,30,30,38,90,31,108,80,196,33,19,15,30,9,24,15,160,24,36,29,95,13,81,89,721,201,103,124,118,23,82,98,73,37,22,29,100,44,155,183,899,118,129,87,116,27,77,92,1179,93,139,154,741,99,490,460,771,792,137,1305,151,155,85,1276,125,98,35,119,107,132,128,847,207,136,32,95,27,23,34,88,114,99,24,121,129,95,176,562,126,111,22,107,45,35,21,140,26,25,8,39,17,29,51,180,130,123,21,126,30,40,35,156,105,146,54,433,178,158,185,1228,723,931,101,1421,95,116,99,745,106,127,25,166,76,98,142,482,227,108,43,93,23,22,48,92,105,76,55,153,96,70,171,478,1560,1344,163,818,113,87,131,520,153,151,60,186,153,173,876,1560,1826,1031,229,588,106,147,233,555,827,476,189,1193,511,524,1641,5035
Datasets/wang/Images/train/class2/229.jpg,10450,1488,1088,775,1690,161,1276,880,1131,176,181,119,1336,165,6801,1431,1491,408,202,122,173,38,178,99,744,125,98,113,1039,91,1861,809,637,153,112,96,198,30,117,118,113,55,17,31,114,40,129,144,749,140,92,80,178,24,103,86,1263,96,114,128,1768,76,760,511,1915,140,182,180,427,30,131,78,158,25,45,18,116,34,102,88,166,47,37,22,25,13,23,16,123,23,30,43,88,19,84,91,841,163,105,128,138,25,73,80,89,30,26,44,129,42,141,155,807,95,96,90,99,25,78,77,963,85,127,154,714,81,427,421,648,674,120,1324,178,136,112,946,83,108,18,130,108,135,122,658,168,144,35,134,38,22,31,73,105,86,18,197,108,95,150,523,124,98,25,101,43,33,29,154,25,24,15,38,24,42,37,152,95,146,22,162,35,39,31,141,120,183,49,711,181,191,196,1578,795,873,94,2009,96,85,128,722,105,136,21,190,60,65,157,484,169,82,33,86,21,21,45,68,111,86,34,179,74,70,178,474,1231,1306,105,806,126,84,123,480,105,147,37,169,129,171,677,1370,1224,885,149,556,75,92,159,456,687,601,154,1683,513,446,1368,4814
Datasets/wang/Images/train/class2/241.jpg,18839,1188,1276,719,1301,168,1447,848,1215,205,149,112,1231,220,14179,1799,1099,274,121,91,133,24,144,84,630,85,91,100,781,90,1437,608,486,127,93,72,106,29,87,98,87,40,22,22,76,54,98,182,509,92,70,62,96,10,86,69,927,101,99,95,978,83,646,462,1044,103,139,117,359,27,121,82,120,31,36,34,116,14,78,91,145,26,18,20,36,8,11,20,122,14,36,21,92,24,61,84,462,128,71,67,91,15,61,69,90,24,23,31,97,26,112,172,543,77,96,54,73,17,78,74,924,75,109,115,707,86,435,430,541,509,118,1030,127,137,110,1168,99,92,28,112,73,105,120,762,163,84,30,113,28,19,30,73,72,59,23,122,87,73,115,505,69,88,15,85,21,27,13,117,28,31,10,34,13,28,38,165,90,84,13,121,19,21,29,120,91,113,26,459,96,123,123,1139,486,486,90,848,105,76,120,699,63,78,23,102,66,60,97,393,182,70,15,66,13,24,43,83,63,53,32,109,77,54,120,372,872,865,114,408,67,58,133,429,97,121,32,134,116,129,531,1019,1315,609,178,446,76,93,176,380,535,420,150,997,418,384,1026,3922
Datasets/wang/Images/train/class2/249.jpg,7265,1626,887,866,1512,208,780,1128,693,232,139,120,726,220,1126,1720,1423,348,265,125,224,24,266,97,743,100,123,97,992,89,1610,831,877,228,143,132,305,40,156,168,139,63,25,35,108,53,117,280,805,114,136,81,329,26,191,113,1203,74,126,120,1930,96,748,517,1622,234,283,341,282,37,113,110,218,37,39,54,97,19,96,129,189,29,41,24,21,3,24,22,241,19,45,52,88,16,83,114,898,283,127,164,112,21,75,116,133,64,27,47,80,50,125,239,987,96,168,130,105,27,131,131,1626,101,222,241,720,106,551,597,816,839,127,1433,175,243,122,1837,144,150,26,143,137,169,147,877,232,121,42,96,39,26,86,107,130,109,26,126,223,125,280,584,124,125,28,115,43,37,31,260,26,22,9,37,15,42,36,201,123,121,33,128,53,40,37,241,142,138,29,408,329,276,265,1374,870,1117,113,2033,106,96,107,810,112,210,25,300,102,127,139,664,219,100,63,108,15,30,43,128,144,135,37,272,115,141,268,741,1179,1696,129,933,104,99,141,643,120,333,41,237,115,290,469,1403,1641,870,253,643,90,125,227,636,793,592,214,1482,577,778,1253,5502
Datasets/wang/Images/train/class2/256.jpg,25485,1210,771,760,1331,173,828,832,878,166,151,116,905,177,3946,1156,1230,274,138,103,138,30,170,84,830,116,89,109,711,92,914,711,550,135,118,102,150,21,104,118,84,30,17,26,91,31,112,165,605,116,95,88,148,18,132,64,1111,78,90,128,1286,61,789,566,1369,137,139,154,268,14,119,79,147,20,37,28,99,29,116,88,149,27,30,22,19,5,16,12,145,20,30,32,72,14,75,78,632,132,109,112,105,26,87,62,83,29,16,37,92,25,109,169,714,76,99,83,82,19,92,84,997,54,151,137,701,73,473,419,613,647,83,1091,152,156,85,1197,97,119,6,136,91,125,108,775,170,119,35,114,24,24,30,88,99,90,28,124,109,74,147,527,88,66,15,92,29,33,31,142,15,11,3,25,18,35,28,155,90,111,24,126,29,29,19,129,101,129,27,432,141,165,137,1192,636,705,74,1314,107,75,100,746,94,104,19,133,72,84,131,517,169,85,29,77,10,19,28,62,125,76,28,133,68,65,170,427,1168,1056,101,685,91,71,133,472,118,129,35,140,131,152,422,1146,1303,715,157,520,75,77,169,433,689,456,166,1148,477,397,1120,4123
Datasets/wang/Images/train/class2/263.jpg,16718,1056,1565,598,1295,90,1692,764,3931,111,237,79,4046,95,13364,1987,1222,251,97,51,88,11,78,45,882,67,87,76,1428,42,4355,650,712,105,61,49,82,8,69,57,70,18,12,8,65,18,118,80,632,61,65,40,90,12,86,46,946,46,83,105,1058,44,795,310,890,83,96,81,219,13,64,42,81,16,19,21,68,9,58,49,73,15,12,5,16,1,5,10,67,13,15,26,37,4,48,41,723,111,58,62,59,5,42,40,52,21,13,14,71,25,125,118,665,50,56,27,38,8,38,27,848,35,90,58,475,45,301,233,690,541,52,972,86,83,45,1052,43,69,14,80,57,78,101,564,104,72,24,63,10,7,23,49,50,34,20,102,52,50,89,366,70,59,7,94,18,7,10,82,10,12,6,29,10,13,35,79,50,88,10,73,22,20,20,74,73,108,11,347,77,85,95,814,702,599,36,962,56,39,70,481,60,51,8,78,30,32,77,291,97,45,17,34,8,9,24,44,69,36,13,81,40,34,110,201,2068,1079,130,466,70,46,119,263,123,87,15,74,101,105,648,955,1255,637,93,271,44,43,108,224,543,289,84,725,285,251,987,2517
Datasets/wang/Images/train/class2/210.jpg,12426,1547,871,751,1235,209,951,878,1169,227,169,131,1188,251,4592,1705,1633,390,217,156,175,32,177,114,898,144,106,100,889,111,1383,914,692,187,114,124,177,36,126,155,108,29,24,27,103,37,142,228,788,144,108,93,175,33,135,96,1115,101,132,121,1126,122,772,608,1293,184,136,139,240,25,95,92,160,42,44,33,123,30,122,104,202,43,52,34,31,11,29,15,161,31,22,36,88,21,114,85,857,200,127,143,108,20,108,112,106,39,31,40,113,44,184,228,973,137,164,107,106,21,123,93,1106,101,178,159,756,103,580,573,713,752,101,873,150,134,96,960,127,121,24,116,123,146,141,778,251,124,46,103,37,30,38,94,150,90,26,105,126,114,160,538,154,127,27,142,30,29,27,133,36,34,9,38,38,37,41,207,140,127,31,130,38,48,41,156,120,119,52,279,162,168,229,1019,833,932,103,997,108,96,98,632,147,130,18,144,93,101,168,552,229,130,52,95,30,27,37,96,160,105,39,151,114,89,206,523,1286,1363,162,842,144,115,160,590,137,208,47,206,155,198,518,1395,1672,1001,255,670,124,151,249,617,880,724,247,1188,631,604,1400,5205
Datasets/wang/Images/train/class2/278.jpg,21194,1349,1290,742,1155,121,1283,745,1579,141,137,83,1554,140,13626,1672,1357,319,142,84,112,19,139,70,849,79,96,93,762,51,1909,648,477,128,76,70,125,25,67,73,85,26,12,18,65,25,110,114,577,115,74,52,92,13,84,57,992,84,108,106,762,47,803,415,1052,131,91,82,283,19,83,45,111,15,25,28,78,13,87,58,116,27,27,17,26,3,7,19,120,11,24,27,58,16,51,73,578,122,71,69,60,11,55,64,69,29,17,19,86,23,131,121,571,77,67,49,56,16,66,52,924,52,95,111,594,53,406,328,556,515,93,869,130,86,52,852,69,67,14,109,98,100,109,741,128,94,35,79,20,10,31,46,73,53,16,93,63,49,93,382,75,89,12,83,18,26,10,105,22,13,6,30,16,26,31,129,62,95,22,91,23,26,25,97,72,95,38,399,94,104,113,945,521,521,62,705,84,61,79,469,63,59,15,83,70,57,99,344,118,74,33,47,13,13,31,67,104,53,18,92,58,47,114,304,1326,1397,110,549,83,60,124,396,119,127,33,117,113,129,635,1136,1127,669,124,372,59,73,126,328,606,388,126,908,366,349,1182,3294
Datasets/wang/Images/train/class2/252.jpg,23177,1084,1130,797,1605,109,1027,847,1185,110,110,80,1096,123,6505,938,1122,253,121,93,148,25,133,52,831,75,84,103,849,54,1144,653,630,130,71,94,162,35,86,103,92,21,19,20,71,17,78,89,558,110,90,69,146,16,126,58,1393,88,132,161,1304,63,826,457,1406,135,142,138,405,22,113,74,164,24,28,32,111,11,85,59,128,26,30,16,26,5,15,11,135,18,42,38,83,16,73,58,563,126,86,122,120,10,58,59,86,23,18,31,143,26,103,101,579,66,80,61,78,13,59,63,1205,61,123,156,840,56,385,339,560,670,86,1621,170,163,83,1780,76,78,17,133,87,98,98,717,114,90,26,83,27,16,30,61,102,58,11,103,81,87,117,503,76,76,18,81,25,34,24,143,16,12,6,33,16,24,29,111,74,90,23,126,34,31,31,166,92,128,26,767,149,159,150,1446,603,720,76,1153,103,71,116,956,97,122,14,140,67,74,103,434,105,80,19,49,20,16,19,59,84,59,25,128,62,71,129,362,1043,978,83,657,88,61,108,453,89,129,28,141,103,101,557,991,798,690,106,461,46,66,110,322,514,431,122,1326,377,416,965,3884
Datasets/wang/Images/train/class2/204.jpg,13598,1249,1407,621,1393,237,1284,777,1937,200,231,134,1751,180,7072,1441,1349,380,259,143,217,63,214,112,877,118,144,104,1014,109,1937,760,706,221,124,124,157,47,121,142,160,53,45,24,139,59,125,168,551,118,107,105,157,33,113,126,925,114,135,155,841,120,859,602,1094,196,201,146,265,45,110,116,203,51,59,47,125,33,130,116,214,63,53,38,47,27,36,32,197,31,61,49,122,42,145,149,554,211,106,115,105,45,76,102,119,33,49,52,117,46,144,189,562,118,114,117,129,49,104,110,856,113,195,211,699,150,533,732,710,523,145,732,196,174,92,1044,144,108,50,127,123,130,140,722,181,134,54,104,46,38,53,117,95,82,45,132,123,116,181,560,185,110,33,115,53,48,53,162,43,38,16,57,37,51,72,221,128,135,37,116,38,49,48,180,148,120,62,338,165,164,219,1115,557,489,128,635,107,101,106,589,117,112,44,141,78,101,153,463,170,110,50,95,40,29,40,145,132,101,51,176,98,107,211,698,877,984,132,488,129,126,157,533,149,223,60,225,153,201,378,1148,869,768,161,512,112,162,211,674,544,515,226,1042,507,680,1154,5291
Datasets/wang/Images/train/class2/271.jpg,26585,1085,703,717,1126,104,833,922,732,85,60,63,844,98,1788,1293,1076,293,101,96,109,16,85,49,723,91,65,115,865,54,1255,792,1750,102,52,66,76,14,63,66,53,13,9,15,63,15,73,85,1029,103,55,47,92,8,68,52,2428,77,77,109,1221,52,855,479,1048,107,79,67,275,20,86,70,82,17,22,20,83,11,86,50,93,23,8,18,11,4,12,6,84,11,18,14,56,6,42,30,1340,109,64,76,72,11,66,49,54,10,9,9,63,24,102,74,1105,62,51,49,57,5,50,28,1097,50,96,75,647,43,438,223,1239,859,61,1961,90,81,57,1316,40,57,6,77,61,70,76,894,94,105,21,70,14,7,15,53,56,57,14,118,70,41,100,542,116,77,16,79,16,17,14,88,10,9,2,20,11,16,16,79,72,129,12,93,20,12,17,77,82,91,17,405,70,85,111,1068,1022,866,67,1047,80,48,75,667,52,71,8,77,62,48,111,420,96,71,9,44,8,7,14,39,92,39,4,66,53,32,84,267,4072,1411,93,787,84,50,117,428,85,107,20,105,111,97,495,940,1700,854,96,412,56,58,90,220,856,432,86,823,396,250,991,2934
Datasets/wang/Images/train/class2/200.jpg,18107,1405,1277,835,1292,197,1297,869,1214,193,140,97,1292,157,8786,1368,1441,325,172,139,162,39,190,85,834,118,97,130,791,90,1476,680,660,176,92,90,144,35,91,112,125,46,20,25,112,42,115,149,633,125,103,87,144,22,107,87,961,105,127,158,1073,90,769,515,1094,143,177,129,259,35,105,81,168,34,32,37,140,24,99,85,141,27,20,35,29,6,20,28,146,28,35,34,85,21,88,81,605,162,86,112,93,20,104,71,96,39,33,34,116,37,145,172,574,87,98,74,81,18,68,81,1013,92,156,130,680,101,501,456,650,586,131,983,164,142,73,1299,98,96,21,110,93,127,137,815,167,130,40,113,35,20,34,67,98,74,24,122,107,72,148,508,102,93,22,97,35,33,25,150,24,28,11,31,37,36,38,169,99,94,29,109,33,44,34,147,109,104,41,371,138,154,163,1152,627,566,78,970,104,68,111,635,90,105,32,123,92,76,157,514,141,74,39,83,32,23,47,96,106,75,39,145,84,82,170,419,1081,1124,102,562,104,85,136,478,121,146,32,150,141,154,481,1248,991,626,160,460,91,77,174,450,575,416,151,1032,516,415,1275,4399
Datasets/wang/Images/train/class2/233.jpg,14605,1242,802,926,1839,134,969,1247,774,148,97,86,936,167,1672,1777,1281,215,123,89,137,18,172,86,831,86,96,99,1061,56,1784,939,891,114,80,88,133,25,99,114,81,22,12,10,95,24,115,171,851,89,87,63,155,6,117,77,1743,69,103,135,2035,56,924,600,1327,120,142,179,253,13,85,73,166,19,20,21,98,8,81,62,117,18,17,13,11,1,13,8,187,9,26,18,73,9,70,59,971,164,106,116,64,8,78,62,64,17,19,10,89,17,115,160,1159,73,119,60,64,10,77,65,1801,58,208,149,699,50,505,393,831,841,54,1996,168,164,94,2587,71,91,12,126,98,117,97,1026,110,88,12,65,15,13,17,64,91,67,24,137,113,69,183,561,80,82,12,104,22,34,17,184,12,19,1,19,13,20,25,131,75,66,10,124,28,29,18,161,120,130,20,557,190,139,141,1557,986,1153,71,2032,74,59,87,816,84,130,9,174,70,69,100,507,156,68,11,58,6,10,13,48,108,81,19,130,75,65,148,381,2482,2076,89,923,68,61,107,449,100,172,20,129,100,153,345,1094,2032,938,194,472,56,49,132,382,818,475,146,1291,499,370,1044,3278
Datasets/wang/Images/train/class2/239.jpg,26937,969,2500,1105,1441,131,1668,1281,2193,158,177,89,1508,158,6744,1832,967,189,124,72,123,18,119,46,1048,67,92,74,1156,73,1322,529,423,102,61,63,132,28,65,70,100,24,17,22,73,31,94,189,440,77,71,53,126,18,83,62,1355,82,116,121,1318,66,912,430,957,89,129,117,336,34,116,74,97,20,20,37,103,10,71,63,91,17,24,21,22,7,16,15,119,23,23,23,69,19,65,58,365,82,41,88,81,11,52,75,76,38,16,21,75,31,97,137,419,47,58,49,52,15,46,61,976,58,111,102,712,57,370,386,485,456,135,1377,103,117,65,1362,79,77,14,114,65,99,90,964,139,72,29,109,23,20,35,74,71,66,26,151,71,65,116,463,59,52,15,68,31,15,10,98,15,15,9,28,11,26,26,128,62,67,26,82,13,19,20,103,70,94,20,430,112,106,116,1099,397,384,77,878,88,63,85,674,57,63,25,119,44,53,88,367,135,58,23,70,16,17,23,67,79,64,24,123,53,48,103,327,501,526,61,443,53,52,88,381,71,89,32,115,65,120,290,866,1085,365,136,376,61,53,149,315,427,326,123,842,356,330,866,3172
Datasets/wang/Images/train/class2/219.jpg,12587,1601,1582,916,1212,141,1713,1227,1164,179,151,99,1328,181,7811,2728,1611,418,151,132,102,25,152,93,842,123,84,111,1078,96,1880,954,510,174,79,61,96,26,86,94,115,25,18,7,101,22,154,165,720,117,68,55,97,12,99,51,1599,87,111,124,1419,74,794,486,1115,112,104,106,292,22,105,69,115,23,20,18,87,12,83,77,125,35,18,15,23,6,11,14,89,20,15,16,87,7,65,62,675,123,74,86,86,18,84,62,79,25,10,25,128,25,156,191,884,104,80,53,78,11,53,47,1291,73,102,91,1033,89,443,353,612,708,109,1457,117,109,77,1270,66,82,15,110,77,113,123,883,177,116,21,104,19,21,26,53,90,57,13,116,77,54,139,493,89,76,13,76,17,17,19,98,15,14,8,35,10,20,37,149,86,100,16,107,14,14,22,92,120,122,32,511,111,98,130,1047,725,893,83,1115,92,65,125,951,78,70,24,104,61,64,163,440,180,87,31,77,15,11,42,77,99,53,32,104,63,29,134,349,1665,1538,123,713,85,57,129,521,100,127,34,121,120,138,612,1398,1911,891,177,467,67,82,156,386,637,428,151,969,515,333,1401,4003
Datasets/wang/Images/train/class2/237.jpg,6744,1381,603,638,1549,204,663,871,870,269,153,141,773,316,1056,1812,1739,320,199,115,159,32,182,113,994,143,125,105,1068,111,1497,822,746,206,104,109,151,47,96,136,152,44,21,20,121,43,139,283,1087,135,115,76,173,31,137,92,2135,102,145,154,2227,129,989,606,1551,159,178,135,391,40,136,100,216,34,39,33,119,21,92,111,238,52,38,29,24,13,22,26,266,25,43,36,110,30,116,106,801,206,107,132,115,20,84,98,148,39,35,38,145,56,159,269,1295,129,172,105,113,29,105,131,2954,112,255,206,1609,134,763,665,818,632,139,1132,198,228,99,2081,127,119,35,93,114,129,123,754,277,132,41,118,44,24,35,80,99,85,20,105,120,83,202,538,132,118,28,118,43,41,27,215,25,30,6,40,26,47,45,219,127,92,27,136,41,36,45,190,126,152,34,625,201,184,187,1529,698,753,109,1130,105,90,103,834,115,115,25,133,89,91,151,508,347,91,59,75,22,25,46,113,177,107,31,134,89,93,191,559,1163,1387,132,704,120,111,151,550,183,214,44,165,155,220,354,1306,2208,951,288,631,120,119,256,647,1169,652,219,1437,802,565,1575,5230
Datasets/wang/Images/train/class2/279.jpg,15871,1155,1627,828,1327,127,1820,1012,1101,136,153,90,1281,133,10307,2132,1197,333,135,90,121,28,118,84,787,120,85,108,927,82,1664,853,671,119,70,76,131,24,92,90,96,24,14,19,87,19,129,119,689,141,88,73,109,16,102,73,1004,96,102,118,914,59,834,582,1394,141,128,101,200,26,90,64,136,18,41,26,85,17,128,73,153,29,18,11,27,5,14,16,131,20,22,23,85,11,68,82,885,105,70,88,95,22,61,67,79,16,19,27,78,20,128,120,931,94,95,67,66,17,59,76,1045,52,138,111,555,62,439,377,688,669,90,947,145,134,67,1048,68,80,14,84,86,103,106,886,121,147,25,78,19,22,18,67,79,71,18,104,99,81,118,539,122,105,14,81,48,30,19,109,11,14,10,24,23,25,34,147,99,114,32,127,23,31,16,100,98,96,24,356,114,115,136,1103,860,887,77,1074,93,60,78,548,105,85,14,106,82,64,124,396,117,80,20,59,13,15,23,53,99,77,21,125,62,56,121,291,1931,1353,109,765,122,65,132,437,105,134,33,141,148,116,483,1031,1358,892,116,550,75,75,145,377,798,544,140,1123,458,350,1056,3701
Datasets/wang/Images/train/class2/215.jpg,27853,896,1924,791,1210,136,1457,909,3046,140,184,95,2286,144,8390,1505,905,185,134,63,108,22,121,58,1143,54,86,70,1429,59,1944,401,509,116,76,84,120,35,80,77,114,37,20,19,66,15,93,128,518,70,86,62,106,16,103,59,1209,63,97,104,1520,65,941,322,936,110,119,114,240,28,76,52,126,28,40,26,78,23,59,62,115,22,23,17,19,7,22,20,115,20,27,33,59,18,54,57,436,111,72,104,68,11,53,67,73,26,11,25,85,29,77,128,453,53,89,55,58,14,68,63,653,51,127,119,612,70,324,355,560,474,100,854,123,111,57,806,68,79,23,82,78,96,66,663,131,70,19,60,30,15,30,58,90,63,20,88,96,75,118,330,69,63,17,74,27,20,20,91,21,32,5,27,25,19,32,97,51,56,20,88,20,29,25,108,75,103,29,364,118,125,113,912,471,445,62,1066,72,60,71,477,83,82,22,121,52,53,67,262,115,52,24,65,17,18,30,53,92,54,23,132,61,61,121,344,560,530,84,387,57,66,98,317,70,117,29,132,69,139,260,784,770,341,141,292,57,68,122,326,382,292,109,836,307,344,796,3047
Datasets/wang/Images/train/class2/250.jpg,14946,1301,1045,933,1090,158,999,1648,1117,221,131,90,1102,254,2097,2539,1172,115,213,54,132,16,307,70,947,52,107,48,2038,76,3510,789,814,186,149,115,175,27,124,148,109,43,24,27,105,61,124,295,683,46,91,44,206,16,165,74,1475,55,131,77,2421,66,1249,521,868,123,151,239,108,8,58,74,156,19,27,43,54,20,51,86,127,5,26,24,10,5,16,24,247,11,25,22,64,10,96,101,607,265,85,142,40,13,51,89,76,38,18,26,52,43,86,236,967,47,151,76,57,14,86,129,1839,58,190,162,560,78,471,589,881,738,139,1698,158,203,93,2185,138,112,22,106,113,147,118,1232,182,41,44,42,22,15,38,70,92,54,19,92,177,104,248,500,82,78,16,75,15,39,15,204,24,16,6,21,13,23,21,166,64,36,14,64,36,24,26,156,89,82,23,203,210,163,157,858,648,1058,91,1911,46,49,58,650,89,145,16,203,50,87,83,524,258,60,44,67,20,21,30,78,142,62,29,181,92,118,242,549,1215,2026,97,787,38,48,94,432,85,209,18,135,64,203,284,1075,1742,364,224,350,53,59,151,448,698,303,108,739,360,439,920,3315
Datasets/wang/Images/train/class2/275.jpg,18761,2363,970,810,1381,162,865,752,961,205,161,108,840,193,4859,1840,2006,857,203,172,114,55,190,121,696,127,113,119,681,102,2157,1208,457,150,81,77,130,28,70,98,70,36,26,24,70,16,118,167,484,127,62,51,99,11,87,55,1292,65,95,116,1824,62,597,401,1163,130,160,131,315,16,87,86,116,25,27,39,64,12,125,58,112,40,23,16,18,13,19,16,82,17,27,35,57,13,88,86,467,116,70,65,74,14,52,52,53,32,17,29,81,34,163,202,403,106,68,60,59,15,52,57,908,64,101,106,525,56,346,372,543,639,107,1025,126,135,82,900,77,66,21,120,80,89,156,779,167,148,41,115,28,30,29,76,58,53,16,111,72,51,150,401,93,91,21,87,26,25,15,94,14,15,11,20,18,26,65,164,72,103,25,117,24,28,14,134,65,101,27,397,122,119,137,1099,502,549,70,1171,62,62,116,518,77,81,17,135,58,68,192,404,130,81,34,70,18,17,41,58,76,68,30,157,61,42,205,389,1812,2151,115,514,97,70,168,436,111,143,43,147,146,161,1686,2249,1274,985,156,314,62,52,166,343,391,288,103,1004,335,308,1931,4615
Datasets/wang/Images/train/class2/264.jpg,25525,685,1993,588,1071,105,1850,771,4174,122,273,109,4095,98,17065,1836,691,155,125,57,95,13,98,51,973,66,88,59,1322,42,3815,537,371,84,50,62,107,26,61,67,89,30,19,14,59,32,97,108,327,58,47,47,87,16,77,50,616,55,70,63,800,47,965,308,667,89,121,75,127,10,58,46,117,18,36,31,52,9,60,43,77,14,20,16,15,6,14,17,100,8,28,30,33,16,43,61,265,76,50,58,56,16,44,38,47,19,13,18,52,25,69,111,300,42,51,48,44,12,43,55,490,40,98,125,311,56,259,285,353,267,73,424,100,100,51,550,61,58,16,64,74,85,72,545,90,45,20,50,25,11,30,35,52,32,6,83,76,71,116,316,56,45,16,58,23,22,15,98,13,16,8,21,15,21,31,85,47,52,12,42,24,27,25,119,52,49,10,174,107,115,85,684,255,244,44,592,39,29,48,302,49,52,19,102,41,46,57,262,77,45,30,25,10,6,23,57,61,44,24,116,48,45,98,276,468,434,61,246,39,39,58,191,50,76,23,84,49,106,298,577,499,340,87,209,46,49,101,252,252,239,79,551,226,251,592,2443
Datasets/wang/Images/train/class2/218.jpg,10617,1703,834,699,1137,157,950,1076,1825,199,179,106,1718,226,3739,2614,1864,497,182,92,135,18,178,91,1092,101,81,93,1492,71,2567,1011,775,177,95,94,127,24,98,120,92,38,20,23,82,24,145,205,853,91,104,65,146,16,106,80,1477,68,105,95,1443,66,1020,584,1123,126,107,116,176,18,56,64,132,22,29,14,73,22,95,70,160,34,29,17,28,6,17,16,163,13,26,31,78,23,72,82,778,186,102,120,87,20,65,78,90,21,21,24,62,31,129,206,1230,86,109,73,77,17,96,78,1687,79,153,127,706,85,532,426,734,689,114,993,129,144,92,1226,82,85,16,108,93,133,108,862,188,126,38,79,22,22,35,68,88,75,21,101,130,82,153,533,86,89,15,97,20,22,16,131,19,22,10,33,15,32,47,147,99,110,24,104,28,33,37,104,111,110,27,256,140,119,150,873,817,948,76,1244,76,78,72,591,112,98,16,124,56,73,116,481,201,84,30,68,29,16,44,68,141,74,27,96,75,61,166,412,1843,1934,131,926,89,99,139,495,146,179,42,160,151,172,683,1489,2863,1125,227,603,78,81,226,448,1016,580,158,911,586,484,1550,3928
Datasets/wang/Images/train/class2/242.jpg,28759,828,1578,810,1248,73,1547,597,2164,90,170,74,1872,92,15143,1214,829,245,111,65,133,16,119,46,887,66,84,76,1011,58,1866,591,376,98,63,49,99,14,55,44,82,22,8,10,74,21,80,98,370,69,45,48,99,8,74,40,1110,61,93,101,1060,46,807,331,868,92,89,88,308,17,80,57,92,21,18,27,82,10,58,38,63,15,18,15,18,3,12,17,71,7,21,24,70,10,43,59,371,64,52,50,54,6,29,30,67,20,11,15,78,18,77,91,323,55,34,43,44,11,38,31,797,49,77,85,600,51,283,261,312,340,87,1116,89,73,52,1297,42,43,12,97,64,65,66,715,71,56,12,76,10,6,21,49,44,33,15,99,51,58,107,348,48,53,5,55,12,19,8,78,12,14,13,18,16,21,24,83,33,76,15,92,12,20,16,96,63,65,22,603,70,96,100,944,351,357,53,641,42,34,56,649,44,50,12,70,44,34,74,199,69,54,20,44,12,13,12,52,49,34,18,81,32,68,106,233,648,780,50,294,55,36,78,273,57,109,18,84,86,101,429,683,496,473,52,196,37,53,68,231,311,225,90,832,252,282,743,2728
Datasets/wang/Images/train/class2/262.jpg,13435,1377,1095,838,1734,179,840,941,1014,224,113,96,953,196,1565,1429,1227,185,147,57,143,26,121,48,860,93,70,69,997,59,1336,484,1042,192,126,82,188,20,84,136,139,48,22,21,110,45,115,252,806,56,91,45,171,14,119,72,1834,86,152,141,1749,96,779,530,1747,154,202,178,526,50,115,107,192,27,35,24,112,20,95,72,170,23,34,24,46,13,23,31,180,26,34,41,94,19,53,67,936,167,95,133,100,12,77,65,118,56,24,22,104,55,102,210,944,69,114,84,119,22,86,85,1934,88,213,209,916,106,487,497,1239,938,172,2022,199,201,91,1831,155,118,25,150,131,135,103,818,227,89,46,104,30,25,42,79,104,59,21,155,119,72,157,458,128,94,18,133,30,37,26,209,30,33,14,66,22,36,28,188,91,75,26,146,28,38,17,209,171,160,45,812,185,199,135,1527,999,1030,81,1533,113,116,109,946,118,125,24,162,76,69,89,434,244,64,44,97,9,12,46,118,134,77,27,160,66,82,151,434,1583,1322,135,825,73,74,123,506,115,156,30,127,106,160,350,1038,1799,551,242,519,78,83,246,556,868,469,173,1467,463,490,1060,4284
Datasets/wang/Images/train/class2/206.jpg,13178,1628,986,894,1633,223,955,1001,970,218,148,131,958,228,2227,1425,1652,385,199,146,189,37,185,106,893,144,127,141,850,116,1203,836,736,196,105,106,196,38,131,151,141,50,30,31,121,55,164,189,718,162,108,98,141,36,134,113,1279,144,144,177,1083,101,850,700,1432,184,174,148,341,42,139,114,206,33,44,42,175,24,134,106,223,36,37,27,41,9,31,30,204,23,43,34,116,17,105,111,721,155,120,144,144,21,85,108,109,46,28,45,152,44,143,184,764,99,144,89,111,20,128,74,1423,97,210,199,854,98,697,554,893,792,126,1362,187,193,125,1544,123,114,23,136,140,158,155,1000,192,109,47,133,53,38,31,113,123,85,31,158,131,92,170,646,142,112,25,118,47,44,33,188,23,16,10,31,25,42,25,229,94,127,30,161,37,36,38,179,140,147,45,482,128,175,182,1418,786,694,123,1135,113,92,173,909,119,129,28,149,123,94,180,665,191,95,40,90,22,21,46,108,148,98,40,152,91,72,163,553,1199,993,148,717,132,90,145,626,135,159,45,160,171,168,485,1478,1206,821,165,623,101,90,189,543,777,555,202,1311,596,478,1463,5188
Datasets/wang/Images/train/class2/267.jpg,6475,1423,484,678,2274,152,698,854,587,158,78,75,727,153,1448,1780,1582,495,126,117,166,17,126,75,733,142,78,98,879,78,1522,987,553,139,86,76,236,13,79,113,69,26,15,10,108,18,117,161,757,99,66,76,251,12,112,73,1994,159,127,166,3064,96,920,638,2367,151,193,222,716,18,147,90,175,19,33,39,124,12,110,78,150,19,15,19,22,3,9,5,206,15,25,23,110,14,67,64,751,124,83,101,160,10,82,65,99,25,17,10,103,15,156,147,967,92,114,68,98,13,66,83,2487,88,192,189,1453,58,595,453,479,713,69,2102,179,198,95,2459,53,78,13,124,77,105,87,894,136,123,12,107,15,18,22,65,76,92,9,157,111,72,153,610,74,72,11,101,30,26,14,202,20,15,2,19,16,15,25,166,96,127,18,157,18,33,17,165,137,178,31,1012,260,203,160,2008,689,855,84,3297,134,85,104,1431,90,98,19,242,72,52,115,607,160,91,22,81,9,10,25,60,99,71,16,188,69,80,109,427,1263,1257,119,862,137,70,132,585,103,160,28,166,133,126,642,1352,1837,876,149,619,86,65,133,408,894,671,165,2184,640,436,1536,4854
Datasets/wang/Images/train/class2/254.jpg,16664,1839,754,799,1152,164,865,1017,967,233,125,111,905,283,1824,2076,1774,471,213,102,176,19,179,90,889,136,86,109,988,93,1148,864,707,198,92,120,136,30,121,134,96,28,21,20,103,44,141,240,825,122,112,73,134,15,134,91,1796,93,108,99,1345,80,908,637,1060,160,119,162,210,31,124,85,121,28,22,21,89,20,128,105,155,29,29,22,22,5,15,15,110,19,17,23,77,14,82,83,820,197,102,122,87,23,96,93,104,32,23,28,107,34,185,231,913,95,118,92,68,18,114,74,975,53,135,120,690,63,549,432,695,751,89,1112,108,128,100,1063,71,109,11,104,93,141,141,950,290,151,38,109,34,22,26,97,111,87,25,135,131,93,188,569,103,90,19,81,24,35,25,125,23,24,5,26,18,26,34,205,114,110,20,104,30,29,20,104,91,132,29,267,150,150,174,1095,774,819,110,1080,107,75,94,702,104,117,25,140,99,77,163,644,267,135,38,86,19,18,36,79,127,77,29,130,106,57,163,456,1512,1494,143,836,125,77,171,641,138,207,33,182,154,177,506,1593,2321,975,246,595,106,95,255,485,849,592,184,952,630,450,1604,4580
Datasets/wang/Images/train/class2/268.jpg,10132,1655,957,1117,1619,122,980,1221,670,184,92,77,888,174,2090,2150,1786,303,193,94,123,15,196,69,889,87,77,100,1114,70,2379,678,673,165,57,101,104,15,77,91,74,39,11,7,79,21,118,183,968,106,100,73,98,13,101,47,2245,105,150,142,1423,63,885,514,1730,96,97,104,303,13,65,56,132,10,16,17,113,8,98,62,121,23,13,7,9,4,12,12,126,20,21,13,67,2,75,43,941,167,74,98,101,8,70,66,102,29,9,14,119,35,151,166,1162,90,95,66,66,13,73,39,2916,72,135,152,911,41,586,314,772,1003,80,3227,139,127,80,2520,62,87,5,96,80,126,110,896,164,95,45,75,12,13,27,58,91,68,12,131,93,54,164,526,78,84,12,113,19,6,22,147,13,18,4,22,18,16,36,129,76,109,11,149,12,22,16,123,111,141,19,767,120,98,135,1455,924,1192,85,1831,102,73,105,777,105,84,10,93,82,58,152,530,165,72,34,61,7,7,41,38,93,53,37,94,86,35,157,274,1565,1780,117,896,78,62,131,508,131,152,19,121,164,177,494,1386,1690,819,162,538,62,53,148,335,1055,558,135,1560,581,330,1498,3609
Datasets/wang/Images/train/class2/225.jpg,13146,1622,962,816,1028,169,954,935,841,184,129,123,849,180,2846,1436,1646,408,220,136,188,42,212,101,790,135,98,120,1030,115,2111,913,1061,230,123,113,133,31,105,141,127,44,21,27,98,36,136,169,891,132,118,101,160,22,127,83,845,94,87,96,792,67,839,530,1163,198,144,132,182,26,103,63,130,31,36,29,92,23,120,75,164,44,29,21,21,9,32,12,131,22,26,40,78,11,100,77,1048,272,102,163,112,21,117,78,114,33,21,35,98,36,154,185,1051,127,114,88,72,23,109,73,959,88,99,98,585,78,513,426,1099,916,122,898,134,131,97,850,126,103,20,87,110,151,152,804,186,156,43,99,40,25,45,96,100,90,17,103,138,82,186,530,150,115,32,120,40,32,37,125,30,24,14,28,26,40,57,170,151,132,22,126,35,42,39,111,120,111,30,240,140,132,187,952,1161,1173,87,928,110,92,109,623,139,143,23,142,105,115,178,607,179,126,47,83,25,26,40,102,155,98,30,140,105,87,182,507,3057,2240,157,1027,150,124,189,613,165,217,57,213,163,193,607,1522,1958,1068,194,593,113,123,208,519,891,652,165,1053,647,562,1369,4686
Datasets/wang/Images/train/class2/246.jpg,13404,2204,671,587,927,181,641,622,821,251,127,95,710,271,1642,1487,2193,554,305,164,185,39,292,130,690,133,103,104,674,125,1698,891,1322,372,120,114,105,38,91,124,130,69,22,31,105,53,145,247,878,159,126,84,109,25,152,89,824,97,93,97,582,68,625,440,989,209,115,119,191,32,73,67,130,33,30,22,113,24,98,84,174,42,41,23,31,15,29,22,122,19,33,35,75,29,105,99,1235,361,116,155,116,38,88,96,127,62,27,40,123,62,171,261,1132,123,141,86,81,25,110,103,720,75,112,129,437,70,543,524,765,728,113,522,145,124,86,556,123,112,25,69,111,116,168,574,299,155,65,77,42,21,47,84,109,81,26,80,125,83,232,454,168,132,21,91,37,32,31,108,35,41,18,36,24,44,46,192,106,127,31,114,43,46,35,118,92,126,38,251,133,143,175,801,841,806,95,558,111,73,105,418,125,157,30,97,100,111,159,549,284,116,45,91,29,23,43,102,139,96,32,120,108,108,315,501,3776,2319,183,794,143,139,236,618,230,316,56,218,230,299,797,1853,2816,1315,270,632,128,123,331,575,939,633,216,968,641,577,1900,5349
Datasets/wang/Images/train/class2/217.jpg,12247,1702,1288,887,1175,258,1174,1025,1357,287,195,155,1213,272,4213,1677,1570,335,228,135,239,50,217,125,869,147,138,94,868,130,1354,773,919,214,162,147,174,57,121,216,128,56,35,39,113,74,154,247,741,116,130,122,155,36,176,119,870,102,124,123,722,99,702,571,1100,222,170,182,183,41,108,91,196,49,48,40,97,46,102,121,239,51,68,43,30,17,33,31,177,35,54,37,112,34,125,141,750,211,136,176,111,42,114,153,150,59,31,46,111,39,167,248,816,136,173,143,103,37,156,133,843,118,162,167,535,135,602,659,974,799,150,806,193,161,124,797,173,170,41,105,151,190,186,859,282,150,68,113,56,40,66,103,138,98,48,115,170,125,194,529,170,130,41,126,49,50,45,169,40,51,20,46,32,59,70,246,136,108,34,127,39,51,49,159,114,128,54,241,159,181,202,1017,793,842,147,763,118,85,113,496,145,165,42,155,102,136,151,578,224,144,54,101,38,45,57,148,223,122,52,152,119,135,214,600,1038,1085,151,704,114,124,184,590,161,209,62,212,149,235,412,1495,1268,701,248,573,129,157,256,696,708,580,242,1090,611,655,1502,5465
Datasets/wang/Images/train/class2/277.jpg,8564,1805,736,787,1752,190,866,962,732,278,120,112,915,260,1822,2422,1803,442,210,144,161,31,221,105,717,130,113,101,993,99,1916,1139,633,171,98,95,164,26,98,106,110,30,19,16,109,40,156,273,757,119,94,62,171,22,126,92,2005,131,115,129,2966,99,905,711,1698,171,164,124,386,30,148,87,138,23,26,14,103,25,132,113,147,18,21,15,30,4,26,19,114,18,23,18,81,12,92,98,780,176,107,106,166,16,86,104,90,29,21,29,124,26,169,260,876,81,109,71,102,13,80,72,1487,81,136,132,1150,89,601,470,636,681,98,1444,133,144,101,1164,78,123,25,107,104,129,140,906,247,129,41,109,24,18,39,90,71,93,27,183,101,64,223,645,66,100,18,86,25,20,24,122,15,22,4,37,17,23,30,191,103,105,24,140,22,30,25,123,129,182,35,735,160,173,175,1631,716,838,98,2120,112,87,100,984,101,96,19,166,61,79,164,634,232,80,43,77,23,13,46,75,106,66,31,161,93,55,227,458,1371,1586,110,821,106,79,172,595,135,166,34,167,139,208,546,1626,2011,919,224,551,95,60,211,448,819,597,160,1533,617,419,1560,4820
Datasets/wang/Images/train/class2/232.jpg,14308,1495,766,780,1671,137,962,1100,1779,135,148,107,1852,123,5961,2143,1396,617,123,107,124,22,120,75,944,102,102,120,1233,78,2277,1122,451,114,54,62,150,19,63,73,96,14,16,8,76,17,118,121,603,131,57,50,118,17,72,62,1668,70,114,149,2330,64,950,524,1388,113,116,126,326,20,83,81,142,12,22,17,99,13,128,89,117,28,14,11,25,4,9,14,114,11,22,26,69,15,86,74,565,101,67,83,96,12,42,46,75,13,17,13,83,14,133,94,618,84,50,36,72,6,36,49,1634,51,97,129,840,39,476,345,446,656,75,1630,130,134,66,2026,70,63,15,102,77,74,108,828,111,124,21,71,8,9,21,58,53,61,10,122,59,55,107,518,92,77,16,88,30,16,11,136,9,12,3,20,11,17,41,147,67,100,7,114,26,28,22,124,88,116,20,749,120,134,140,1412,576,695,69,1879,76,57,65,757,59,54,16,127,49,40,146,437,127,82,10,56,13,11,8,53,89,43,24,140,36,41,110,314,1430,1399,96,663,115,73,121,417,101,103,33,127,129,99,740,1370,1549,991,124,449,58,76,121,312,638,421,136,1294,398,290,1311,3794
Datasets/wang/Images/train/class2/212.jpg,11602,1583,959,784,1417,281,901,855,1073,243,155,124,967,253,1927,1049,1597,341,251,142,233,49,253,121,929,129,164,138,921,115,1077,698,914,240,141,140,180,46,147,192,167,66,37,42,160,75,170,240,872,137,161,137,228,38,167,148,1037,136,151,154,1050,132,735,698,1428,240,202,202,246,45,130,99,172,42,52,51,132,38,136,107,266,46,55,42,35,11,35,24,212,38,61,49,117,40,118,139,825,230,172,181,132,42,105,139,131,47,37,46,146,61,164,247,887,150,194,134,133,42,137,161,1141,107,213,203,722,110,662,795,968,809,178,907,200,199,114,843,188,170,42,127,182,175,159,726,235,129,54,104,57,33,38,106,163,124,49,150,161,135,191,603,168,145,40,133,54,57,36,194,44,47,12,33,54,72,61,268,106,112,31,127,39,52,59,214,153,122,40,314,210,211,242,1267,824,780,156,891,121,118,137,666,170,179,42,200,123,127,167,554,248,122,61,131,30,30,57,122,179,159,63,186,126,130,245,603,1059,1111,146,695,137,137,141,571,155,212,58,277,169,231,424,1348,1086,740,232,671,140,181,240,748,768,627,249,1272,647,795,1485,6118
Datasets/wang/Images/train/class2/207.jpg,17545,912,859,882,2816,126,942,886,895,92,118,65,1041,74,2329,775,1004,172,127,79,106,13,101,48,949,61,94,84,1198,52,1208,508,642,112,67,72,153,18,74,76,85,34,16,8,94,20,87,100,788,76,80,52,147,15,96,66,2747,79,145,183,2617,60,871,494,2776,100,151,174,655,22,119,77,176,19,28,24,119,10,71,32,108,22,16,10,14,1,14,13,143,12,23,26,67,4,51,54,762,90,67,95,90,14,76,40,74,20,9,18,92,21,82,77,799,46,71,50,67,11,52,24,2508,42,161,149,1021,47,449,262,685,678,101,2526,159,152,69,2488,57,79,4,142,71,100,75,726,89,74,20,88,11,13,16,60,72,56,13,172,93,55,84,484,69,68,12,141,23,14,7,151,9,18,6,30,14,15,20,95,54,72,10,179,16,21,14,150,126,165,28,1587,153,162,117,2592,692,706,74,2086,95,59,77,1016,68,77,16,157,49,31,84,325,81,45,13,55,16,9,14,61,101,56,19,165,47,37,85,266,1043,830,71,674,57,50,98,340,66,92,13,142,87,104,282,765,835,482,80,444,40,39,102,268,712,469,94,2558,410,285,849,3463
Datasets/wang/Images/train/class2/251.jpg,11483,1690,1265,788,1714,160,1225,892,1162,163,169,108,1222,148,5725,1502,1719,466,209,121,168,33,220,89,666,125,103,97,978,100,1940,889,607,192,88,78,196,24,100,82,127,43,28,24,97,41,135,157,652,127,76,64,164,16,123,68,1397,109,131,149,2105,97,819,494,1460,174,186,179,492,35,130,73,134,39,35,29,110,26,121,82,151,31,32,18,36,4,12,11,141,26,26,46,94,13,80,82,604,175,100,98,111,13,70,71,90,25,20,41,139,39,144,175,597,88,86,77,83,22,67,51,1361,70,139,127,960,95,485,418,507,625,104,1667,163,153,98,1834,62,68,22,135,92,97,126,673,135,116,24,112,33,21,39,76,68,73,27,130,126,69,203,540,85,80,31,96,30,21,13,138,20,23,5,44,17,17,40,133,84,113,17,119,26,25,33,149,113,137,27,721,197,165,172,1490,557,709,90,2185,100,65,123,1134,76,92,19,170,72,65,146,481,126,76,21,85,14,15,29,93,90,70,27,200,79,77,213,447,1147,1401,109,599,96,73,128,512,109,191,36,151,166,195,748,1504,985,744,139,408,66,63,138,423,542,442,158,1487,503,474,1457,4791
Datasets/wang/Images/train/class2/274.jpg,24861,908,902,851,1549,98,847,1007,1095,88,60,58,1027,99,2539,1350,1002,69,58,33,87,5,102,33,1031,45,56,57,1137,36,1252,381,997,60,81,82,148,12,87,99,95,9,10,5,74,19,116,114,940,31,71,45,167,9,106,56,2594,54,120,128,2259,51,781,367,1632,89,142,132,309,17,66,74,177,12,29,24,75,11,37,39,106,8,16,9,16,0,12,3,193,6,19,20,74,9,31,38,989,67,80,107,67,6,57,45,78,12,9,13,63,12,88,103,1008,32,100,45,77,7,48,49,2337,39,179,183,793,43,394,285,825,768,70,1803,174,203,67,1787,89,87,5,126,70,98,109,744,75,38,17,52,16,10,16,53,102,56,11,125,99,52,78,326,70,50,12,107,15,31,12,191,6,17,3,35,11,25,19,116,58,50,11,112,21,30,18,167,114,101,21,673,160,162,101,1199,833,937,67,1822,54,57,50,629,73,87,10,162,47,45,80,299,103,38,17,52,10,6,14,44,108,62,18,155,51,51,68,266,2511,1006,84,649,39,32,82,302,96,86,9,103,75,86,436,699,1415,399,91,340,43,44,107,279,704,335,98,1349,332,257,736,2670
Datasets/wang/Images/train/class2/201.jpg,19687,1475,1272,912,1475,114,1282,979,1840,121,164,82,1600,105,4722,1187,1441,325,195,110,165,19,171,71,1142,91,98,108,1488,57,2023,688,680,156,74,95,142,21,93,78,136,19,19,15,90,24,106,100,750,133,110,81,143,15,107,81,1477,103,109,165,1595,75,1025,490,1127,139,118,130,272,25,104,83,110,24,34,31,125,18,103,72,104,16,23,18,17,4,12,15,126,10,21,29,91,15,80,59,666,177,86,102,89,21,62,54,74,24,15,38,103,31,134,106,605,77,93,60,65,12,65,41,993,57,115,124,733,63,437,338,623,693,117,1213,136,109,80,1213,65,80,11,119,101,114,119,714,126,92,34,99,17,12,33,75,73,62,14,145,109,54,177,560,90,85,14,95,20,25,16,114,16,13,5,41,16,25,36,136,62,89,18,124,24,23,18,110,85,98,29,370,121,137,183,1186,659,821,84,1156,94,59,109,657,90,100,13,153,68,54,154,514,105,56,30,45,19,8,23,61,99,61,28,140,80,55,161,426,1365,1807,106,682,104,77,141,427,131,186,35,148,137,216,596,1153,854,735,89,406,61,68,131,367,525,437,121,963,447,374,1231,3782
Datasets/wang/Images/train/class2/270.jpg,18057,1058,1935,1216,1062,134,1373,1541,1693,127,150,88,1334,176,4660,1909,1135,145,163,77,126,17,130,61,1094,80,89,66,1295,70,1913,557,855,159,97,98,130,17,89,101,136,22,23,23,95,29,88,161,869,86,94,75,137,13,136,73,1325,74,96,98,1506,53,1038,453,873,134,125,115,143,17,63,55,153,25,30,27,54,13,51,67,160,15,30,10,9,6,16,15,159,15,31,36,87,15,76,63,826,177,104,104,79,12,69,71,112,34,14,16,100,24,88,121,1210,89,114,92,56,18,81,78,1781,59,215,157,792,81,517,425,779,740,114,1324,142,171,79,1769,110,99,20,93,100,123,97,1088,161,55,34,64,16,16,21,73,89,47,14,87,98,64,126,404,108,82,8,90,19,25,17,152,21,18,4,23,22,25,19,133,95,64,30,71,23,17,26,131,82,98,20,196,139,117,134,800,773,1018,89,1373,61,72,81,591,106,108,12,129,72,78,92,441,153,59,21,67,22,15,27,80,133,75,31,118,75,62,148,349,1475,1458,90,766,73,59,88,435,110,164,21,139,83,139,266,873,1797,592,159,402,79,65,128,432,1028,465,154,804,546,429,910,3058
Datasets/wang/Images/train/class2/248.jpg,30103,1129,2098,1182,1147,116,1487,1062,1053,142,154,94,869,122,7941,1301,1018,267,156,87,132,17,168,59,665,76,87,92,704,54,1180,513,445,148,75,51,148,19,76,57,99,24,27,15,79,31,77,128,458,70,68,50,147,13,91,54,925,91,97,101,1116,63,584,336,827,124,146,131,254,17,79,64,123,19,19,32,114,21,55,81,89,26,25,11,12,5,17,15,118,16,29,37,58,16,66,66,379,141,57,70,75,10,45,56,74,24,12,20,89,29,101,148,408,62,57,45,47,7,36,48,946,60,114,126,545,64,351,335,499,499,122,1575,143,136,79,1762,83,56,24,83,69,96,115,967,114,103,32,63,18,5,35,71,51,50,14,97,84,48,126,384,37,54,12,60,24,20,6,135,10,9,5,21,20,13,35,98,50,91,20,81,26,21,19,121,55,96,15,406,166,145,113,928,345,434,66,1081,85,55,89,764,52,51,26,120,46,44,104,343,88,53,21,47,9,7,32,48,73,44,24,119,73,54,151,330,734,882,80,324,66,52,107,333,71,126,21,97,109,149,427,938,775,452,105,280,62,48,115,324,388,291,105,845,344,321,954,3379
Datasets/wang/Images/train/class2/245.jpg,8284,2090,974,637,1210,200,606,959,995,486,116,83,616,620,1220,2483,1988,243,442,67,188,13,556,67,628,72,105,68,884,64,2315,432,1010,447,264,173,293,44,146,265,143,89,23,21,107,102,137,435,597,65,141,74,346,26,223,138,606,75,98,96,1257,83,664,391,1217,176,301,364,154,11,62,58,265,45,70,71,59,26,58,83,220,11,36,26,18,8,23,32,333,22,86,77,56,34,89,138,638,499,162,223,60,23,90,148,87,110,33,59,62,93,118,418,943,59,243,138,65,29,144,257,1421,87,272,248,332,109,463,740,1055,676,137,691,296,336,79,1383,304,153,32,86,143,230,131,751,495,57,89,62,40,26,99,72,155,71,34,74,208,139,391,410,121,91,41,80,55,75,17,286,51,34,14,26,35,68,33,228,76,68,34,78,71,54,58,264,77,75,27,281,269,268,187,1076,647,827,94,1225,64,80,61,389,169,229,29,284,81,130,127,472,527,68,88,77,28,39,95,120,266,128,52,258,120,219,407,682,1238,2320,125,689,63,75,124,414,123,417,37,198,106,391,652,1899,2458,508,517,425,91,114,393,706,738,371,189,1066,442,661,1913,5468
Datasets/wang/Images/train/class2/203.jpg,11320,1673,1142,781,1357,168,1264,786,1062,222,177,145,1175,220,6728,1789,1584,479,233,152,183,52,247,121,652,156,121,132,802,132,2007,1008,763,217,119,119,166,34,112,99,108,57,27,25,112,37,167,210,612,169,126,86,170,29,136,75,788,113,89,121,1127,108,795,583,1196,216,209,160,291,35,118,91,166,49,31,49,130,37,132,116,150,44,33,33,42,12,19,23,112,32,34,34,90,33,117,117,729,228,113,140,102,25,92,92,94,60,34,45,99,49,175,225,587,123,100,72,86,27,95,75,695,69,113,137,550,100,473,513,747,648,143,903,168,143,118,842,98,96,24,116,100,126,154,685,219,155,53,99,50,32,49,88,118,97,28,126,132,106,199,632,205,110,35,106,42,37,25,141,29,24,16,45,31,46,50,172,140,134,30,109,55,52,44,137,104,132,38,378,161,165,201,1137,700,786,124,1311,104,97,100,689,100,119,36,177,79,92,165,569,175,127,39,94,25,31,55,111,133,94,34,168,100,120,223,582,1364,1539,173,768,149,124,195,544,160,241,66,219,172,194,552,1409,1548,1101,211,536,116,155,223,552,604,583,176,1067,564,602,1465,5235
Datasets/wang/Images/train/class2/265.jpg,17535,1823,1339,970,1246,150,1193,1073,812,170,123,99,863,135,2505,1697,1726,414,157,104,154,28,168,71,776,116,107,105,904,84,1433,875,703,152,90,81,163,28,102,95,108,36,17,17,84,29,114,137,775,106,96,81,164,9,115,80,1496,79,102,117,1405,74,668,443,1269,176,159,168,251,29,97,95,125,33,36,31,89,10,104,91,111,33,32,28,27,6,23,17,103,9,24,36,61,16,72,71,765,150,99,114,103,13,72,62,70,23,15,38,104,28,165,139,787,86,93,73,71,23,63,60,1369,75,125,136,758,60,442,364,758,828,121,1732,141,142,104,1312,75,91,21,113,91,127,143,810,174,142,23,87,26,22,28,70,97,77,22,139,98,88,152,477,129,103,28,110,34,28,24,135,19,18,7,33,19,29,47,155,103,130,28,106,37,47,36,158,100,122,31,530,152,168,162,1100,779,932,91,1261,122,72,116,787,90,129,29,148,89,90,151,493,129,91,23,86,18,17,29,67,107,66,28,130,82,51,146,435,1769,1590,140,752,104,75,177,551,134,170,34,159,150,158,726,1442,1660,1010,143,473,74,80,139,410,691,478,148,1095,453,430,1426,4346
Datasets/wang/Images/train/class2/216.jpg,14737,2278,1063,797,1180,158,934,897,967,218,177,130,927,185,3600,2042,2210,965,200,157,191,60,193,119,806,150,117,147,955,121,1956,1447,699,179,107,97,140,29,122,109,108,51,38,23,88,34,168,204,663,140,106,70,149,30,141,84,665,70,90,109,867,51,861,522,1089,175,186,153,160,31,77,75,118,39,32,41,76,32,117,103,168,42,41,27,35,15,26,17,121,26,24,40,83,37,91,117,666,183,106,121,82,13,82,90,98,37,30,30,90,35,185,194,708,109,123,66,70,26,87,96,722,65,135,126,438,97,525,491,688,666,123,683,131,136,92,778,107,89,30,108,90,121,148,818,171,152,31,64,23,30,23,72,92,71,32,115,127,81,218,530,163,109,25,85,29,25,18,124,25,29,6,20,26,33,58,154,92,116,21,83,37,43,43,131,86,90,29,239,187,161,179,1047,652,710,101,910,92,60,107,429,125,105,27,168,69,80,200,534,165,115,26,68,20,26,37,85,98,84,31,145,79,98,202,516,1907,1726,149,665,122,96,178,516,145,186,53,181,179,163,1382,2031,1711,1258,181,486,82,104,182,464,653,524,160,1032,500,520,1983,4954
Datasets/wang/Images/train/class2/269.jpg,7084,1719,817,1011,1452,179,929,1115,681,181,142,119,807,166,1522,1490,1616,325,208,147,215,25,236,105,823,113,125,125,1134,101,2057,979,778,227,105,101,174,27,112,109,118,32,24,19,107,31,158,186,795,137,121,88,212,21,180,76,1474,100,139,128,2027,108,990,618,1414,244,221,246,329,29,139,111,134,24,28,31,132,22,109,101,148,43,26,26,19,6,23,17,139,24,37,36,91,24,97,120,836,246,132,137,111,25,77,111,104,36,30,35,112,40,148,172,928,102,102,82,95,14,75,56,1298,97,136,156,950,86,605,488,730,979,119,2223,178,154,138,2218,91,114,23,138,119,117,127,1004,138,131,47,155,31,16,29,113,87,83,16,161,164,108,234,715,105,114,27,153,26,34,21,175,17,30,9,34,18,33,30,185,100,99,23,149,42,38,27,148,145,157,34,447,203,163,230,1275,828,1174,119,2638,128,117,143,1530,111,163,29,214,99,112,176,844,168,108,33,102,16,19,33,88,137,104,38,183,108,81,193,597,1276,1904,143,1026,95,112,163,720,153,228,37,204,175,217,445,1466,1291,945,155,628,110,110,163,535,730,609,184,1187,648,561,1397,4905
Datasets/wang/Images/train/class2/259.jpg,7039,2522,658,859,1285,131,827,1092,570,256,70,95,743,284,1863,3522,2445,406,249,90,151,15,239,87,779,118,72,77,1073,105,3043,1131,638,244,76,88,126,12,89,122,52,31,11,15,83,39,158,233,818,104,101,80,144,10,136,55,1148,94,93,109,1548,59,1046,560,1388,142,127,148,272,21,91,67,104,24,18,14,74,6,83,66,145,13,13,6,19,0,22,8,125,12,19,15,68,8,64,61,842,298,87,128,102,8,99,91,71,35,15,18,74,30,151,227,1103,92,124,73,76,7,71,50,1201,72,121,102,804,44,681,333,627,858,60,1101,118,121,78,1100,66,108,4,91,85,113,134,935,277,122,33,81,10,12,38,47,106,87,20,110,135,77,265,554,66,60,7,87,14,17,13,130,6,17,2,18,12,18,30,146,103,80,10,94,29,12,16,107,112,109,27,430,165,124,145,1158,793,1080,76,1533,83,63,89,801,95,148,7,140,56,90,157,680,302,114,36,71,16,3,29,57,128,83,8,115,92,54,222,437,1879,3167,145,1020,77,64,150,622,153,282,29,151,163,239,688,2298,3683,1077,267,551,78,55,231,381,998,600,130,1083,715,412,2377,4177
Datasets/wang/Images/train/class2/231.jpg,7039,2259,774,982,1992,175,731,1291,547,163,124,107,564,154,1610,3157,1567,648,116,135,129,28,115,93,527,120,53,97,615,68,1052,1079,514,130,64,70,293,29,87,90,84,27,20,13,67,19,108,133,576,103,61,56,239,14,101,80,1191,87,116,142,2028,59,570,475,1901,141,313,340,405,25,123,94,193,23,42,33,77,23,103,92,144,26,25,21,20,1,12,18,226,15,27,29,83,12,62,85,506,110,87,90,101,14,62,79,91,26,14,32,82,30,120,145,619,71,75,74,71,8,54,71,1972,65,211,211,681,57,389,362,696,962,158,2353,259,313,120,3058,60,99,20,167,83,130,152,1074,170,157,37,125,18,16,35,119,76,55,19,152,53,63,114,554,101,80,17,139,29,43,21,236,10,11,10,30,17,26,37,179,81,107,23,144,38,37,25,222,106,143,33,706,207,240,127,1748,708,1000,119,3047,101,86,122,1179,70,83,21,301,52,65,154,680,132,105,29,107,19,17,30,121,97,67,22,282,58,47,123,449,1760,1880,144,876,109,66,149,673,78,112,32,144,137,148,997,2063,2157,1181,146,497,68,83,149,474,556,417,128,1713,385,343,1535,4824
Datasets/wang/Images/train/class2/238.jpg,9265,2176,798,825,1633,168,954,855,753,197,136,119,989,169,3245,2276,2114,618,241,154,199,31,267,103,758,157,132,154,953,95,2441,1214,691,209,99,98,126,26,91,104,103,35,16,22,94,27,127,176,676,135,85,86,164,16,110,74,1248,135,123,175,1342,85,830,559,1415,184,153,134,410,27,116,94,136,19,36,26,156,22,129,86,171,44,21,19,25,10,23,16,140,20,21,21,85,20,99,102,756,219,100,101,131,19,79,70,100,37,26,23,126,35,166,194,774,117,89,67,87,17,75,57,1362,78,170,158,821,75,596,481,621,686,116,1187,119,144,112,1264,57,88,26,123,94,120,169,786,177,124,43,104,20,17,36,105,91,69,19,156,106,70,229,603,114,112,15,115,26,32,19,135,17,12,9,29,17,27,47,146,114,122,11,121,38,25,27,136,124,165,43,604,154,124,185,1400,700,792,96,1297,126,90,105,897,79,102,20,155,81,75,149,605,161,111,35,68,22,20,36,71,107,81,26,161,78,75,246,491,1523,2239,127,825,113,97,133,511,143,205,36,177,183,181,1006,1864,1686,1189,172,544,94,96,159,441,768,619,167,1313,571,471,1961,5048
Datasets/wang/Images/train/class4/433.jpg,52369,1083,683,478,501,54,572,449,548,122,83,51,485,99,2119,958,1074,179,115,43,73,15,136,41,480,42,40,31,375,41,962,406,698,135,65,48,57,9,52,50,56,14,14,10,45,7,85,96,515,46,51,28,72,3,76,39,1089,30,39,30,364,25,442,174,505,82,52,58,70,7,20,26,55,11,12,18,25,6,35,32,63,15,11,7,11,4,10,10,49,10,7,16,21,7,36,51,544,128,59,68,22,10,30,38,40,20,10,19,39,21,105,94,400,43,52,27,29,9,27,47,364,27,41,50,180,32,220,159,644,489,67,997,51,55,38,309,53,43,17,50,71,69,97,490,88,48,15,22,13,8,26,23,36,32,13,38,58,29,115,200,75,49,13,47,12,16,9,47,12,11,3,7,9,15,18,65,53,35,17,35,13,16,16,34,45,36,18,519,50,49,72,342,560,427,49,334,27,22,34,155,61,46,8,61,26,40,108,249,100,59,13,19,11,10,21,37,53,42,11,56,38,35,110,226,3069,1361,104,506,34,28,103,243,97,129,17,80,100,110,728,909,1346,458,103,207,38,57,113,214,490,248,70,364,227,231,934,1733
Datasets/wang/Images/train/class4/411.jpg,44967,1224,724,551,564,71,699,519,803,128,83,47,716,132,2403,1243,1272,139,104,55,83,10,102,31,623,45,60,36,577,52,1490,421,757,133,89,61,63,14,72,77,53,15,17,10,60,23,126,99,596,58,68,46,85,11,90,42,1201,27,57,35,492,29,566,222,556,81,59,52,64,14,28,34,63,16,12,7,27,5,37,36,83,19,19,6,12,5,6,5,55,17,13,14,25,12,51,41,772,122,80,86,30,9,56,57,56,17,8,16,34,28,124,99,612,55,60,48,36,9,39,50,469,31,50,59,234,44,276,210,734,559,53,810,70,65,39,376,94,66,17,47,86,83,124,516,118,55,22,30,13,8,22,22,51,37,12,42,73,59,132,187,99,53,20,44,14,16,8,56,9,17,4,14,13,27,23,75,62,47,13,44,12,18,19,52,54,36,12,432,70,58,79,357,734,569,39,410,31,32,45,212,80,67,14,65,47,30,126,252,119,48,21,30,14,8,26,34,89,37,22,58,58,47,126,197,3392,1592,142,527,57,63,102,294,131,136,16,83,109,139,752,942,1548,387,140,295,46,48,126,282,631,255,94,421,337,258,975,1924
Datasets/wang/Images/train/class4/472.jpg,54515,800,774,492,501,57,613,530,782,82,69,46,688,71,3628,1249,829,73,83,30,47,8,77,30,510,25,42,34,453,24,1437,292,673,85,62,38,63,12,49,48,63,13,7,6,30,22,99,73,432,24,40,32,52,5,75,24,1450,24,43,44,453,32,525,197,464,47,53,47,68,11,25,21,57,9,18,14,19,7,27,30,56,11,17,12,15,1,8,11,72,12,13,13,27,4,35,34,510,93,49,65,29,7,29,33,50,10,14,14,35,16,73,74,355,30,51,39,27,9,32,37,406,26,44,57,183,21,246,157,688,399,57,1146,63,56,26,510,87,40,7,55,61,80,116,519,83,31,16,38,13,5,9,18,43,24,8,29,47,30,57,167,60,38,4,48,16,13,7,56,7,11,2,4,8,8,13,65,34,29,7,41,12,7,10,49,38,33,8,225,31,50,52,334,501,381,33,423,26,24,26,187,56,43,5,52,33,26,89,224,86,31,19,42,5,14,22,27,88,32,12,42,21,25,72,145,2064,1008,97,457,28,30,82,204,97,65,13,39,70,86,495,637,957,269,67,160,24,39,80,164,447,163,54,332,193,166,656,1360
Datasets/wang/Images/train/class4/459.jpg,47943,1424,597,469,500,83,537,555,620,122,106,53,614,139,1951,1479,1381,181,98,58,71,11,84,35,534,57,62,49,507,44,1327,515,559,116,53,55,59,20,71,77,70,21,19,17,42,21,109,117,574,58,59,35,55,9,60,48,582,24,43,43,379,30,434,259,453,73,51,51,52,10,28,32,77,12,15,16,27,4,47,39,101,9,19,6,6,8,13,10,68,15,21,13,27,18,27,50,576,115,89,73,29,12,55,53,39,17,14,23,38,21,109,124,643,41,86,46,34,14,52,63,427,34,78,72,220,46,299,258,632,531,65,627,77,81,41,387,62,57,19,54,78,82,96,493,117,56,17,25,16,7,17,27,61,27,14,29,62,41,79,192,88,55,18,59,22,22,13,73,21,15,5,17,13,27,35,85,68,42,16,47,17,25,15,70,56,35,17,72,59,48,69,342,580,519,48,447,29,34,37,215,79,57,13,60,52,53,89,317,126,59,18,23,8,18,19,42,73,34,12,68,46,45,122,206,2810,1658,138,533,50,39,125,348,122,99,19,71,123,114,680,1081,1831,544,126,239,48,63,151,285,580,236,96,347,304,256,1105,2002
Datasets/wang/Images/train/class4/412.jpg,39846,871,1276,923,1033,62,966,726,1244,79,94,57,983,70,2228,846,785,79,101,23,80,9,104,35,916,39,58,56,728,33,1100,321,1116,108,102,92,128,15,80,74,83,17,19,14,48,15,83,61,875,39,86,42,140,9,103,48,2473,29,113,70,1013,35,764,285,926,86,115,131,107,8,48,38,105,21,20,21,40,8,43,21,72,12,20,6,15,5,13,9,98,10,21,15,46,16,37,43,744,94,79,123,40,10,35,39,61,27,12,13,49,18,67,73,596,31,70,46,38,8,46,36,924,41,101,109,356,29,265,242,1128,846,78,2397,86,111,31,877,92,71,18,96,78,108,70,714,74,33,14,34,19,12,20,31,74,43,10,70,74,42,107,292,79,38,9,86,17,21,10,82,19,12,2,13,17,15,15,85,45,50,14,72,24,21,17,95,93,60,15,354,129,118,85,725,765,563,49,964,32,32,43,293,73,71,12,118,44,62,64,276,81,35,18,39,9,10,18,44,107,43,20,119,55,56,95,248,1767,958,74,638,41,41,80,287,77,95,9,88,64,87,335,622,931,293,57,256,34,41,71,213,613,240,76,699,260,241,576,1971
Datasets/wang/Images/train/class4/454.jpg,59478,820,522,340,426,45,439,278,557,73,80,42,468,68,1467,728,809,109,89,24,64,8,86,23,330,20,44,30,443,33,1129,293,562,96,58,41,99,7,57,36,55,24,11,8,31,18,66,60,388,33,37,21,90,6,40,22,1085,26,30,20,803,32,441,142,390,80,93,104,64,8,27,22,50,18,19,25,24,11,24,22,37,7,6,4,6,4,9,7,52,8,19,20,20,4,25,41,496,93,43,56,22,8,27,23,32,10,9,12,32,14,65,66,319,22,30,20,22,6,26,28,321,28,61,63,148,27,168,170,597,423,41,673,56,50,32,415,38,30,7,37,43,40,62,303,70,25,15,20,11,5,14,21,29,21,4,30,57,29,88,139,52,47,10,36,11,15,6,58,15,9,5,9,11,14,23,40,26,24,7,33,15,16,11,59,41,22,10,104,105,89,65,369,482,435,34,593,26,25,26,194,49,44,6,95,23,41,72,139,75,32,14,23,12,5,17,35,54,32,12,92,28,46,89,195,2764,1357,64,395,30,27,77,221,78,80,15,71,76,88,509,659,954,291,70,152,28,31,86,172,361,143,54,341,198,191,687,1404
Datasets/wang/Images/train/class4/471.jpg,47033,1342,737,453,587,61,590,456,699,112,90,48,655,92,2276,1265,1335,130,138,55,94,9,122,36,564,48,64,46,612,38,1563,393,665,127,55,62,67,14,84,71,71,14,18,15,32,24,114,90,475,48,50,26,71,10,84,31,1358,16,57,37,636,35,592,274,544,76,73,69,56,12,28,25,73,15,8,23,34,13,46,42,61,17,15,10,10,9,14,13,59,9,13,13,28,11,45,53,541,127,72,77,28,11,41,32,41,17,11,18,36,23,106,113,451,51,46,28,22,7,42,39,356,25,56,58,228,31,302,202,664,460,63,828,62,52,46,373,66,67,11,41,74,62,103,442,98,52,28,29,15,8,21,25,45,26,9,44,69,32,112,218,65,42,12,36,14,12,10,56,12,10,7,8,8,17,18,75,48,50,13,32,16,13,11,52,39,24,16,471,67,62,78,412,561,514,49,540,31,30,32,202,78,67,10,63,37,39,101,240,97,38,19,33,10,9,24,35,75,34,19,61,52,54,125,223,3071,1767,124,509,39,47,96,283,133,123,22,74,130,123,825,1114,1535,416,86,229,43,49,133,191,471,208,61,380,235,201,1117,1819
Datasets/wang/Images/train/class4/443.jpg,46026,1102,703,496,740,74,633,442,929,88,99,57,696,106,2277,1035,1116,136,105,54,94,6,82,52,653,51,49,36,589,40,1342,388,691,96,78,55,129,23,50,74,78,14,15,8,52,23,100,98,537,53,60,27,97,20,68,42,1527,42,73,70,748,56,605,242,782,80,105,70,126,13,50,45,99,13,22,20,51,7,52,49,77,8,24,11,10,11,11,15,101,18,29,32,50,11,51,47,553,87,64,86,15,10,27,43,59,13,12,14,37,23,120,97,416,37,63,35,33,1,46,34,569,26,102,110,338,56,337,262,736,510,76,972,113,118,58,690,85,48,14,52,75,81,121,461,100,35,12,36,22,10,21,33,56,28,15,60,60,37,103,195,91,43,10,53,22,26,10,97,9,11,4,20,16,25,16,92,39,40,13,48,20,22,18,109,56,53,18,613,89,97,79,564,561,438,40,582,29,31,36,283,60,56,7,88,41,35,94,266,112,37,11,46,15,6,28,46,60,36,24,79,39,37,114,236,2591,1431,108,495,32,45,106,309,98,86,18,73,96,116,608,790,1108,345,83,203,28,47,90,257,472,201,71,584,286,219,962,2079
Datasets/wang/Images/train/class4/431.jpg,59971,546,964,496,345,34,684,324,922,65,74,30,625,60,2949,683,542,80,70,16,41,7,67,27,460,19,29,23,315,24,561,185,902,77,61,33,46,13,37,35,65,11,10,11,31,17,62,45,487,26,36,25,43,10,61,19,1193,9,23,22,270,19,358,98,357,56,45,40,32,5,17,24,31,15,8,7,15,6,25,29,46,13,12,6,9,3,6,10,60,7,13,16,14,12,25,33,616,84,48,52,15,10,15,16,49,20,14,13,21,23,46,72,304,35,34,20,13,11,28,26,261,29,40,43,101,40,113,129,962,453,65,1253,42,35,37,252,51,36,13,33,50,42,54,377,68,30,11,13,10,5,17,23,26,17,12,20,47,26,61,114,76,40,9,34,15,12,9,48,12,5,3,8,10,9,15,36,29,19,10,18,19,10,14,55,30,22,13,126,32,40,47,218,686,364,28,255,18,23,28,94,48,40,6,38,18,21,56,115,54,17,18,23,9,7,14,30,49,22,15,35,32,35,61,178,3786,811,63,338,30,27,64,123,78,49,16,63,73,77,562,433,702,189,43,106,28,47,62,155,358,125,40,219,140,177,422,1156
Datasets/wang/Images/train/class4/448.jpg,59607,631,713,356,415,78,511,341,670,97,109,54,466,95,1839,865,594,80,93,29,92,17,87,35,384,25,44,30,323,41,732,269,696,96,97,67,83,16,56,62,71,20,20,20,50,23,86,107,366,32,57,21,70,11,77,49,583,24,34,28,296,44,308,151,382,57,78,80,51,15,30,38,84,25,23,33,26,17,29,57,71,14,23,6,18,11,16,19,61,14,16,18,31,26,33,64,511,102,67,79,25,7,25,38,46,24,14,27,28,40,67,100,303,36,71,37,22,16,39,78,336,37,67,61,135,62,183,263,683,322,96,706,66,56,42,325,82,52,18,53,66,85,68,381,100,35,36,21,28,16,31,33,42,16,12,27,71,39,99,171,76,35,16,52,29,15,15,50,23,12,10,10,7,28,21,71,53,20,16,40,20,22,23,71,36,39,15,84,69,89,90,334,445,330,44,327,24,27,33,167,68,59,13,92,30,46,52,192,115,31,15,28,9,23,29,62,83,37,21,77,39,68,125,306,2715,732,71,343,28,33,62,164,84,74,18,71,62,103,417,483,944,199,89,154,42,56,95,230,323,150,72,288,185,293,477,1730
Datasets/wang/Images/train/class4/438.jpg,52608,936,710,449,512,65,569,336,702,93,112,47,549,105,1840,1015,948,123,103,36,88,21,130,37,445,30,46,30,412,41,1034,342,797,126,92,55,78,19,58,53,73,25,17,9,35,26,94,86,546,38,54,20,87,8,69,34,1260,19,41,37,441,30,442,185,570,85,75,78,65,16,33,37,68,20,13,19,27,11,35,37,64,16,17,9,13,4,8,13,62,14,14,15,29,8,39,57,608,122,62,62,28,12,33,40,35,19,15,18,47,20,83,99,473,35,56,38,38,13,38,37,484,42,59,64,216,38,191,211,728,413,62,767,76,72,36,361,69,53,18,50,59,63,91,408,96,33,17,20,13,15,26,33,53,29,10,36,63,40,91,218,105,52,11,36,15,9,11,56,8,9,9,21,17,20,25,79,58,39,14,31,21,14,21,59,44,46,13,526,79,61,70,378,545,426,34,347,29,25,45,152,65,54,15,65,30,49,71,206,86,38,25,22,7,16,23,50,75,31,10,63,46,45,111,283,3248,1057,91,406,29,34,88,215,106,104,19,91,88,105,604,761,1218,329,106,159,43,58,113,237,486,201,71,362,259,287,746,1767
Datasets/wang/Images/train/class4/425.jpg,19719,2283,1643,1038,813,71,1638,957,1589,187,127,61,1582,180,4652,1909,2163,137,180,38,72,19,191,41,1024,36,79,43,1019,47,2194,432,1467,161,201,123,76,22,193,101,125,26,16,12,56,29,259,140,988,45,109,29,76,10,226,44,816,27,49,51,532,20,894,254,773,79,97,66,64,8,32,21,82,13,23,18,23,10,33,37,74,6,17,15,5,3,8,13,80,8,24,22,22,10,34,45,1376,181,200,205,28,14,71,60,77,21,14,25,62,26,192,168,830,39,98,41,18,10,67,38,502,22,52,59,230,30,390,202,1501,954,90,762,76,75,81,418,220,110,15,62,177,222,242,943,158,54,26,19,13,8,27,29,84,27,11,45,110,52,163,253,116,79,16,50,21,11,15,59,13,13,1,14,11,21,38,97,57,48,14,49,11,26,20,59,53,50,8,222,43,44,101,421,1450,985,68,469,43,25,58,181,184,121,19,55,68,66,195,377,180,31,32,33,6,16,34,40,213,47,13,57,73,33,189,250,5245,2124,296,872,39,56,209,409,287,151,40,95,216,169,1341,1517,2003,417,132,272,28,48,165,219,913,235,74,413,397,224,1534,1995
Datasets/wang/Images/train/class4/458.jpg,43721,1433,725,547,596,80,584,528,612,152,93,75,556,133,1609,1545,1415,235,165,59,103,18,165,46,511,70,73,62,547,61,1489,595,658,174,112,64,112,23,83,80,64,18,15,24,58,26,99,128,524,81,77,42,101,12,112,47,555,29,45,48,616,41,565,291,588,123,112,108,62,12,43,32,63,34,20,33,46,15,60,55,76,19,21,18,12,3,8,18,56,16,17,23,22,15,40,75,560,173,88,109,36,16,45,55,35,24,17,23,44,38,132,145,453,64,81,52,41,13,59,49,368,44,59,81,220,54,321,265,660,504,90,661,78,65,54,377,69,82,23,48,78,84,119,540,157,81,43,25,28,9,38,30,68,44,12,40,84,57,157,307,111,68,13,45,20,25,23,60,18,12,5,19,13,23,28,89,72,51,8,44,18,28,33,69,69,56,17,106,126,108,124,440,553,621,50,732,46,26,36,254,71,89,17,115,49,54,120,331,134,58,18,29,14,19,41,47,81,44,19,110,54,79,198,392,1996,1837,102,629,70,63,141,337,105,214,26,141,112,153,681,1268,1631,640,115,307,61,76,131,294,461,305,88,423,353,355,1163,2460
Datasets/wang/Images/train/class4/441.jpg,49772,1147,723,450,587,80,593,347,771,110,110,57,604,118,2075,1150,1191,167,126,42,77,16,110,48,507,35,75,42,461,55,1114,452,745,137,69,54,71,16,68,48,73,25,26,12,50,28,108,102,448,36,60,20,81,5,75,39,1024,27,45,54,427,36,493,197,552,82,82,61,63,17,35,30,85,22,34,16,43,8,46,47,75,20,20,8,12,7,9,15,91,7,26,24,26,9,38,73,581,110,69,65,32,8,40,37,36,19,21,19,48,31,103,120,421,49,49,41,25,15,54,49,404,32,77,74,193,65,254,289,738,412,65,789,77,81,34,316,86,55,15,47,55,67,119,388,106,54,17,28,20,18,23,30,77,35,13,28,51,33,93,214,104,45,20,50,19,17,15,61,24,13,6,7,14,24,25,79,54,44,16,35,18,28,18,75,47,40,23,504,69,87,71,403,596,367,47,392,24,21,33,133,61,47,13,66,31,42,98,187,100,42,23,21,18,7,26,43,75,40,21,54,39,50,105,271,3158,1305,117,411,43,46,114,193,117,106,24,86,86,114,806,938,1248,388,110,207,41,71,125,247,429,208,79,382,239,254,975,2005
Datasets/wang/Images/train/class4/476.jpg,49541,1148,776,453,671,67,759,536,836,91,90,40,772,119,3026,1442,1136,110,97,34,62,9,119,31,537,29,52,42,587,35,1464,397,680,75,73,41,83,11,74,71,63,16,19,11,48,21,116,102,441,32,54,28,78,11,64,34,718,20,40,48,665,28,566,229,526,61,81,64,58,10,31,30,82,9,14,20,36,6,38,39,44,8,14,11,10,2,10,8,67,7,17,30,27,8,42,49,573,89,58,74,43,7,37,36,31,12,12,19,35,20,106,99,384,26,58,28,40,9,34,19,454,25,77,79,206,42,273,204,625,433,65,749,86,67,37,543,63,49,10,44,75,67,132,500,89,35,22,18,15,8,18,21,54,26,10,28,53,31,89,219,61,26,11,46,11,16,6,57,8,6,3,14,5,13,13,63,38,18,12,24,19,9,12,66,45,30,11,107,98,90,71,546,554,460,34,536,29,21,42,227,63,50,8,81,32,40,99,219,77,27,14,25,10,5,23,39,77,32,10,70,35,39,113,182,3049,1397,108,466,39,24,91,206,127,89,18,55,81,122,724,899,1281,257,91,180,23,37,67,156,456,154,57,444,232,210,869,1574
Datasets/wang/Images/train/class4/455.jpg,40535,1080,749,526,782,93,583,509,813,146,78,54,690,128,1853,1067,1169,135,115,38,106,17,107,47,603,41,62,46,698,58,1296,394,780,128,95,67,131,42,82,82,101,22,26,12,76,36,82,126,605,55,63,39,130,12,114,60,1252,41,68,55,796,65,687,293,840,114,112,126,100,19,42,46,114,25,27,27,52,12,53,46,116,14,27,10,16,5,12,12,125,16,30,25,56,15,59,62,639,137,91,86,62,13,42,60,69,27,21,17,51,20,101,124,607,68,95,78,65,15,54,81,767,59,107,101,372,66,357,366,816,598,90,1026,116,128,65,776,114,71,12,85,74,118,86,461,132,67,35,39,20,18,23,41,66,45,14,59,84,60,100,235,107,72,21,74,35,32,14,141,19,19,6,14,15,31,23,115,82,65,13,57,30,23,22,110,72,56,20,171,111,110,115,609,673,600,72,824,46,52,39,364,89,92,14,116,42,48,79,305,168,58,46,67,20,15,23,59,122,61,28,122,74,57,111,297,2270,1282,106,619,56,57,82,363,133,137,18,99,104,111,601,877,1441,467,124,377,67,78,121,437,627,356,122,703,340,347,997,2634
Datasets/wang/Images/train/class4/415.jpg,39912,724,1447,989,975,68,936,644,1638,58,101,57,982,67,2275,758,789,62,79,34,71,11,92,29,1222,28,70,48,683,27,972,334,1343,89,117,68,62,22,70,52,93,24,10,11,62,24,77,74,1032,28,86,39,77,4,138,29,3700,32,110,82,941,20,763,268,905,62,76,61,60,6,33,15,85,13,18,13,28,9,33,27,76,11,13,3,12,6,9,8,88,12,19,14,27,6,38,45,853,71,61,112,26,10,34,45,59,13,8,11,32,17,56,69,564,35,55,34,32,5,49,34,809,29,65,77,248,42,210,217,1215,785,64,2616,60,71,30,756,95,82,11,90,75,109,61,670,69,21,17,17,17,11,13,18,74,33,8,70,69,32,83,262,103,39,9,71,18,11,12,36,13,3,7,15,11,16,8,67,52,48,12,65,19,14,17,53,102,63,16,835,60,67,79,665,802,535,45,683,28,27,36,163,69,62,4,62,28,40,47,193,66,29,15,24,5,11,17,23,123,28,18,68,35,34,84,182,2655,1088,73,627,35,26,55,148,101,67,9,70,75,61,512,424,766,267,55,172,37,42,61,151,679,260,82,638,246,182,510,1516
Datasets/wang/Images/train/class4/432.jpg,52345,867,747,474,621,56,578,400,670,112,87,40,541,88,2131,1054,861,102,112,37,74,14,102,51,499,32,39,40,367,36,1115,359,773,113,70,63,59,24,59,70,64,17,12,16,43,15,99,75,512,42,57,27,60,10,89,30,1611,29,38,38,377,28,441,228,560,79,72,68,93,14,33,23,74,22,19,19,28,12,34,34,62,11,14,9,5,7,10,8,61,9,20,13,22,7,36,43,555,107,62,79,38,6,37,41,43,34,10,19,27,20,85,99,432,39,74,38,24,7,37,54,457,27,62,58,181,44,219,213,683,447,75,1087,67,64,27,444,71,52,13,36,61,83,77,466,128,44,25,30,17,9,21,29,63,20,16,41,55,46,111,179,95,40,13,41,23,14,8,65,16,15,7,12,8,20,13,88,53,33,11,44,25,15,12,72,48,44,22,559,69,83,80,414,563,369,28,320,26,26,29,164,56,63,9,62,38,52,77,228,101,33,21,29,13,10,25,51,90,38,18,70,44,38,113,211,2775,1133,89,405,34,43,75,196,105,99,14,62,76,120,432,654,1224,382,110,196,34,52,78,196,454,195,66,451,255,249,679,1842
Datasets/wang/Images/train/class4/466.jpg,49310,765,1046,570,444,63,858,528,989,109,112,66,756,92,3326,1109,747,89,83,24,56,22,88,31,540,23,45,38,487,28,767,220,1020,83,80,47,59,13,70,59,91,19,13,9,43,24,107,79,598,32,45,27,60,10,82,16,1090,20,31,34,428,31,487,144,461,54,69,56,39,16,22,23,81,23,22,27,25,8,34,42,72,12,20,9,10,4,10,13,73,13,17,17,23,14,41,53,798,90,71,73,27,6,29,35,34,13,14,22,31,22,82,96,533,35,54,30,23,11,29,58,401,26,64,52,169,35,183,222,963,563,86,1160,70,56,41,405,85,52,14,37,57,83,102,475,95,29,17,15,15,11,27,23,66,17,8,32,50,41,77,169,101,38,17,45,13,23,7,62,13,10,3,7,14,8,19,77,42,28,9,28,22,12,19,63,46,34,23,138,69,73,86,315,813,464,38,378,25,26,28,139,63,53,10,52,33,21,76,192,94,23,29,23,5,10,16,28,82,42,20,75,33,56,65,239,5016,1050,123,540,39,36,82,180,117,74,29,85,79,97,514,469,1250,265,81,137,46,55,93,210,534,173,71,305,189,220,514,1546
Datasets/wang/Images/train/class4/460.jpg,63523,477,731,402,410,47,462,302,699,82,66,39,463,54,1822,510,450,82,80,20,69,10,69,27,369,23,45,18,292,24,476,177,736,83,65,32,80,11,53,47,58,11,8,11,24,16,40,51,404,17,39,26,68,8,70,34,878,14,25,31,323,17,298,142,419,54,64,81,47,10,16,26,66,20,17,16,13,8,31,36,59,8,16,11,8,5,4,10,53,11,17,22,24,12,34,32,497,62,57,66,30,9,24,35,45,10,7,20,15,14,50,80,283,22,45,20,23,12,32,38,402,22,41,47,122,29,120,181,755,386,59,1007,67,69,35,437,59,42,9,46,40,76,47,313,74,27,21,19,10,5,19,22,33,23,7,27,46,23,61,155,58,33,13,41,22,9,9,45,20,9,3,10,16,18,12,54,36,31,8,35,19,13,17,53,41,22,9,100,62,76,57,297,527,304,29,357,30,31,19,148,44,60,7,70,16,28,34,143,76,38,23,21,5,4,13,31,62,49,19,67,35,44,61,181,2992,608,65,401,26,38,50,141,52,51,8,76,40,74,225,330,598,163,63,161,30,36,57,168,355,151,53,328,136,227,347,1385
Datasets/wang/Images/train/class4/407.jpg,52224,768,1048,528,563,41,816,458,979,72,76,37,754,81,2885,971,758,51,95,19,43,14,100,24,539,23,35,14,478,20,934,209,1023,90,71,40,54,8,53,43,60,13,10,11,34,19,80,68,588,22,49,12,68,3,76,25,1636,22,45,34,489,23,443,114,581,56,47,58,66,4,16,11,46,18,8,24,10,3,22,24,61,8,14,5,14,1,5,6,48,10,12,19,17,8,28,30,686,119,56,76,20,8,23,20,43,11,2,11,27,15,68,88,409,22,38,25,17,10,25,34,372,23,39,48,133,23,160,147,962,523,68,1497,67,58,25,392,68,50,8,43,60,54,86,453,90,22,22,13,14,4,13,21,46,13,8,44,49,30,77,144,68,30,11,41,13,11,7,43,7,14,5,11,9,17,11,48,40,20,10,39,16,9,10,55,30,27,11,719,63,60,53,382,674,431,32,450,13,28,40,166,58,53,8,64,22,30,70,161,82,17,17,25,7,8,22,43,74,36,15,58,26,49,71,174,3598,1185,95,485,14,25,79,174,89,97,10,61,83,78,484,506,1024,234,61,143,24,33,68,161,468,139,51,407,180,192,527,1254
Datasets/wang/Images/train/class4/435.jpg,54943,721,774,479,482,51,544,279,828,89,89,32,572,76,2143,597,725,99,81,28,96,14,77,35,501,36,43,24,414,35,780,222,873,73,94,46,81,16,65,33,68,19,26,11,42,22,84,69,483,29,48,23,92,13,96,42,1588,28,43,38,433,35,427,178,490,80,77,74,52,11,27,22,53,22,18,25,21,7,34,29,59,15,14,11,14,6,10,16,49,12,18,14,24,16,37,76,663,89,72,84,12,7,22,38,33,22,14,19,25,27,61,87,351,30,45,30,25,14,30,43,260,24,48,52,145,36,210,257,777,460,71,1205,66,43,39,200,58,35,12,38,64,88,74,362,85,30,21,17,17,11,18,29,55,24,12,32,65,46,89,154,89,45,15,35,16,22,12,46,12,9,3,17,9,19,19,51,35,30,7,26,24,14,15,54,49,45,21,546,80,83,91,317,612,453,37,451,28,22,25,127,64,77,16,95,29,44,64,176,68,32,17,27,8,12,20,38,72,51,14,66,30,58,114,278,3493,1122,104,432,40,29,82,173,107,88,22,72,83,86,493,581,944,266,70,164,27,34,75,183,381,156,59,324,174,224,562,1565
Datasets/wang/Images/train/class4/439.jpg,61488,627,837,405,435,44,546,329,817,80,72,31,489,74,1774,561,582,97,73,20,67,16,73,23,420,23,48,26,344,30,580,195,837,69,63,59,55,19,52,40,66,19,19,9,31,21,54,56,387,30,58,17,66,10,68,26,1236,15,36,23,332,27,391,145,416,46,57,40,35,8,14,23,55,12,18,15,14,11,31,10,43,12,16,9,13,7,12,9,41,9,16,12,16,12,24,39,592,69,58,82,19,8,20,32,32,19,10,14,17,35,59,78,290,30,46,35,21,5,34,45,275,21,41,39,118,38,130,189,766,401,56,861,55,57,29,256,62,46,14,24,51,78,72,352,92,24,14,11,19,9,20,22,45,18,7,28,54,23,60,132,87,39,11,34,21,17,11,35,15,7,3,5,6,15,13,48,23,22,18,22,9,17,14,50,34,21,5,557,73,62,53,269,552,342,29,293,24,17,23,96,57,48,12,57,21,28,48,128,77,36,24,24,12,11,27,23,66,29,20,54,39,44,76,184,2903,716,82,396,13,36,54,170,82,76,8,56,58,69,347,405,778,235,74,147,18,26,70,190,378,146,65,274,145,168,462,1328
Datasets/wang/Images/train/class4/420.jpg,69424,407,584,299,340,60,378,192,597,70,73,38,370,60,1136,452,422,46,70,18,62,10,48,18,298,15,40,19,222,27,432,161,682,63,65,29,50,30,43,36,73,32,14,10,38,13,52,61,350,25,42,29,62,8,54,31,638,20,31,33,225,25,236,125,349,45,51,70,35,7,19,18,67,17,17,22,24,9,16,43,45,11,28,6,7,3,10,4,58,14,23,20,27,15,19,53,417,53,41,46,25,13,16,27,31,22,10,16,24,17,29,66,234,29,47,24,21,9,33,44,295,24,59,56,122,30,129,171,563,308,72,669,58,47,32,319,48,33,11,35,34,60,38,222,64,16,15,15,23,6,19,33,32,19,6,26,51,29,58,151,64,29,8,26,14,17,6,51,15,6,1,10,8,9,13,43,36,26,11,32,30,15,20,68,38,22,17,64,60,63,73,259,371,157,18,220,25,23,23,88,42,23,12,53,10,30,30,111,64,19,8,18,7,9,30,29,53,32,18,68,29,50,60,219,2413,442,49,241,33,24,33,107,40,66,16,54,29,62,132,285,578,120,58,110,28,31,67,175,288,114,62,249,136,211,303,1312
Datasets/wang/Images/train/class4/426.jpg,47400,698,1024,562,706,103,581,382,1047,133,109,62,593,111,1992,570,758,102,141,45,113,24,145,42,574,43,70,39,435,52,714,249,1046,138,104,82,154,34,68,69,136,48,32,18,70,42,77,125,594,33,67,34,141,21,114,51,1265,54,74,64,628,71,420,221,707,140,119,148,147,29,48,47,115,33,29,37,55,15,35,51,98,12,28,24,32,7,11,21,119,17,38,31,58,19,59,68,644,136,82,95,47,14,42,59,70,49,19,26,50,41,76,139,377,48,71,56,55,18,47,68,490,61,91,109,301,95,257,393,941,530,123,1062,119,116,61,501,100,84,29,72,56,84,71,405,137,51,38,33,33,23,42,41,74,28,12,53,76,50,111,220,126,64,26,62,43,33,15,105,28,22,5,21,23,31,28,100,57,44,23,66,34,25,33,83,74,63,21,329,143,140,117,541,603,407,70,616,54,58,50,272,82,82,15,113,53,59,69,195,121,58,42,69,15,26,42,87,111,62,23,119,59,84,142,369,2408,724,100,420,35,56,62,252,89,138,27,120,60,111,277,587,586,210,106,249,62,79,126,373,438,230,116,540,249,409,636,2788
Datasets/wang/Images/train/class4/410.jpg,43158,764,1165,687,865,69,976,699,1192,87,101,56,973,79,2968,1101,751,76,82,34,79,5,99,23,752,33,64,64,743,34,1235,317,891,83,91,63,71,19,64,70,93,22,16,12,40,16,98,88,624,28,68,31,94,6,106,46,1910,31,80,71,760,27,698,266,784,64,69,91,98,14,31,34,85,18,25,17,33,10,25,44,56,5,15,10,18,2,1,7,98,13,21,18,47,9,48,40,692,86,85,81,59,13,29,36,60,24,7,21,41,11,80,75,589,37,57,38,28,6,49,37,789,45,74,94,257,52,250,258,875,613,75,1604,88,94,56,810,84,73,13,83,83,105,88,635,77,28,26,32,11,7,16,38,77,27,8,58,72,43,82,268,72,44,10,76,17,18,12,89,17,9,5,12,7,13,23,77,47,24,11,66,13,17,18,96,63,69,11,713,78,86,83,580,704,603,51,729,40,28,42,246,72,66,14,92,40,41,78,208,88,29,17,37,5,10,24,47,87,44,14,94,53,48,80,216,2958,1071,77,492,38,25,63,205,90,79,18,86,76,89,605,499,935,295,76,234,28,42,78,202,524,212,77,528,208,235,577,1810
Datasets/wang/Images/train/class4/422.jpg,36294,983,1152,679,819,106,843,567,1148,116,126,64,880,120,2716,802,972,101,156,61,128,26,140,65,688,50,86,60,560,48,883,322,1314,111,116,72,114,28,93,98,125,45,20,17,70,31,127,104,760,49,70,47,102,19,129,70,1570,49,85,63,653,52,561,304,810,89,120,142,92,26,38,56,112,36,35,29,47,16,51,61,96,18,28,10,17,9,23,20,113,21,27,29,53,19,54,71,897,136,88,115,42,13,49,45,74,30,20,26,53,32,96,111,566,37,59,66,42,24,64,73,606,59,117,135,316,68,327,381,1167,717,103,1105,111,120,85,566,114,77,27,68,121,121,95,561,108,52,37,55,22,19,38,55,70,40,22,59,121,57,154,286,102,68,35,82,25,22,18,107,26,11,7,24,21,40,32,129,76,54,20,61,38,33,23,110,84,81,18,589,114,105,136,589,871,563,83,673,62,52,60,326,74,79,30,119,47,59,105,295,112,43,28,58,15,21,35,71,96,62,31,109,69,84,155,412,4329,1122,122,595,45,54,134,288,122,131,26,125,116,144,955,779,958,258,95,267,52,74,107,400,575,280,104,627,286,363,770,2629
Datasets/wang/Images/train/class4/427.jpg,67405,460,528,292,421,49,326,205,548,71,68,30,340,76,1102,403,463,96,96,31,57,18,89,21,321,34,43,17,250,33,424,197,609,70,42,33,63,11,53,49,68,19,18,16,35,23,38,39,317,24,46,27,50,5,57,22,1136,29,33,28,418,27,307,136,436,42,37,64,80,7,37,20,83,20,17,12,26,7,25,38,49,9,17,11,9,7,9,13,75,6,23,14,41,12,24,39,358,89,34,38,23,14,27,36,32,22,10,14,25,19,28,78,207,24,38,30,28,13,37,46,385,33,69,73,217,50,144,211,556,269,70,860,60,86,29,394,65,36,10,38,47,56,51,268,72,25,24,24,21,2,16,31,43,19,8,30,51,33,61,143,85,33,13,43,18,15,12,70,20,8,5,15,9,11,12,51,34,25,10,28,16,14,18,72,35,29,6,577,55,56,69,319,334,212,48,335,29,28,22,138,45,39,12,50,21,37,37,127,64,15,19,43,10,10,16,43,50,37,12,62,34,31,81,221,1413,536,50,280,30,39,30,141,49,50,9,56,31,79,150,335,365,165,62,144,34,48,56,182,268,123,56,356,166,196,395,1468
Datasets/wang/Images/train/class4/478.jpg,43038,1014,1204,640,540,82,892,588,1216,107,79,51,905,94,2828,927,984,92,121,31,50,13,119,30,712,38,49,32,559,32,1114,270,1415,124,98,63,67,17,96,53,97,34,17,12,49,27,106,93,784,31,48,25,68,12,108,38,1252,27,44,51,447,28,602,184,500,67,63,64,58,11,26,27,76,16,12,17,25,8,27,32,78,11,10,10,9,4,15,11,61,6,23,11,28,14,43,38,1005,115,88,82,32,8,30,36,49,33,8,14,37,25,99,113,642,38,61,35,31,14,47,56,599,32,65,59,181,35,238,209,1307,752,77,1233,77,66,47,463,100,54,24,61,87,91,119,564,99,35,30,28,12,10,21,24,52,21,13,37,75,35,103,197,89,46,15,48,10,23,4,56,19,12,4,9,10,22,19,52,41,29,11,38,20,22,14,48,65,40,13,141,58,51,68,308,994,631,49,446,37,19,38,186,85,61,6,54,28,37,95,229,118,33,29,28,5,18,26,57,91,41,15,47,29,34,112,204,4371,1495,130,656,35,40,101,225,153,90,14,77,107,124,610,732,1485,359,118,209,27,41,88,243,678,225,85,326,228,239,723,1708
Datasets/wang/Images/train/class4/465.jpg,51012,787,1020,649,553,55,774,488,948,77,68,47,753,71,2598,748,759,83,98,25,75,12,92,33,572,22,38,47,603,21,1087,270,1047,88,73,58,66,18,66,56,74,24,12,12,58,25,81,70,617,33,48,26,83,7,83,37,1783,23,45,44,653,25,561,202,479,73,61,81,50,10,35,29,65,16,18,27,31,10,30,29,52,9,13,5,11,3,5,6,60,3,15,27,21,5,36,51,646,87,46,85,21,7,32,24,33,21,11,15,34,18,65,76,404,21,74,18,21,9,46,35,498,26,58,65,217,32,217,220,965,557,64,1728,68,56,31,535,64,55,10,54,63,101,78,526,62,19,25,22,18,10,18,34,54,25,7,46,75,38,91,191,74,25,9,37,18,18,10,54,9,10,2,9,7,14,17,66,40,17,10,28,18,17,17,68,49,37,15,204,77,82,68,419,642,419,35,550,22,28,42,172,64,65,8,88,31,35,78,186,78,37,22,20,8,9,27,22,72,45,14,77,36,48,93,237,2863,1098,78,466,23,24,66,160,93,92,23,65,77,106,531,532,901,162,64,120,20,23,97,190,435,161,56,315,180,186,582,1563
Datasets/wang/Images/train/class4/405.jpg,53790,511,716,439,473,64,532,320,743,92,64,39,576,70,2285,671,579,60,78,28,64,12,79,24,466,39,38,24,388,25,789,255,856,92,46,33,81,11,43,40,71,22,12,6,52,17,54,69,530,21,50,28,71,5,61,36,1775,27,41,36,614,39,456,166,587,65,61,73,58,7,29,30,78,16,11,14,25,7,33,19,57,9,14,10,8,5,8,7,76,5,15,7,30,9,30,38,757,68,50,65,33,4,32,36,52,11,10,12,43,26,50,74,431,33,44,29,48,5,35,28,608,26,65,61,296,36,184,206,908,451,68,1418,62,63,30,468,57,47,5,37,43,61,58,377,88,36,17,28,17,8,15,29,41,27,8,39,26,34,58,161,84,50,7,43,23,18,8,66,8,6,2,6,10,14,7,54,43,33,9,31,20,14,10,64,58,37,13,883,72,71,69,358,736,460,39,582,34,28,23,233,36,60,7,60,22,38,48,165,78,38,18,23,12,5,23,29,82,45,11,61,32,26,73,179,3802,1031,60,509,33,31,51,163,67,60,17,69,54,69,265,429,743,310,74,222,35,29,69,188,490,262,51,516,244,202,464,1444
Datasets/wang/Images/train/class4/473.jpg,59017,579,610,376,497,45,422,274,657,49,80,34,502,77,1380,556,652,117,74,27,84,12,89,28,512,29,56,31,475,36,782,269,542,91,67,41,89,19,44,44,66,22,11,9,66,22,51,87,405,30,53,26,93,5,60,32,1673,17,55,47,830,32,490,227,556,82,86,81,83,5,23,19,68,16,15,16,35,10,24,21,56,8,10,9,8,7,5,10,75,12,16,24,36,12,37,48,372,83,39,52,28,3,24,30,34,22,7,14,31,20,56,76,302,27,46,32,26,11,35,45,435,27,65,72,261,42,245,254,552,383,58,1491,84,74,29,385,58,41,8,45,56,57,59,339,70,33,22,18,22,11,24,22,37,23,3,39,74,41,91,137,65,43,15,31,29,17,10,68,9,9,8,13,12,13,12,52,27,33,8,43,29,19,19,66,39,31,9,208,99,80,68,419,404,430,43,670,18,24,20,186,41,60,12,86,28,42,51,144,69,26,23,29,6,7,15,51,56,37,10,89,18,52,96,210,1770,963,65,389,25,38,49,208,73,82,14,49,58,84,404,522,692,213,68,200,26,51,66,205,321,153,69,432,175,236,577,1606
Datasets/wang/Images/train/class4/406.jpg,53954,704,931,465,423,61,655,361,908,104,94,40,659,92,2368,825,633,70,116,30,99,19,111,39,472,24,33,31,424,31,807,195,1008,106,100,61,81,15,62,59,77,27,19,16,42,23,71,87,517,48,52,20,100,5,95,41,1343,11,54,26,406,33,435,163,467,83,62,72,48,10,27,38,64,26,20,21,15,16,19,36,59,25,18,9,11,6,11,10,59,7,12,17,28,13,29,35,710,124,69,92,27,7,28,40,45,32,15,19,26,30,54,90,392,42,49,30,26,18,39,43,335,33,51,76,155,58,154,203,846,446,73,893,62,63,35,333,85,59,15,41,59,61,69,344,101,31,21,27,23,10,37,30,57,21,13,34,77,47,105,190,81,40,13,43,18,10,22,45,13,9,4,11,13,11,22,54,58,21,9,25,29,20,29,47,49,41,11,570,79,73,86,326,679,379,34,363,17,29,26,132,54,69,18,84,20,54,60,220,94,45,29,29,18,9,20,32,67,36,22,73,51,64,104,299,3650,813,94,426,27,30,82,179,76,123,22,80,69,103,482,567,872,223,82,141,37,41,96,227,424,147,68,304,184,309,528,1636
Datasets/wang/Images/train/class4/470.jpg,53528,595,771,445,615,68,532,366,856,98,94,30,604,109,1484,554,651,63,121,28,104,18,123,40,484,45,40,37,477,46,850,213,913,121,118,54,118,31,59,57,120,36,19,13,58,26,71,89,503,19,65,22,101,25,97,45,1174,24,62,54,619,51,454,226,659,98,114,95,84,18,35,32,92,31,15,30,43,18,37,41,87,13,16,13,10,7,10,23,91,10,37,25,35,20,50,64,618,121,70,111,30,9,27,38,43,35,10,24,46,34,51,76,457,50,68,48,38,18,46,48,620,41,91,102,263,60,249,282,744,435,94,749,93,63,46,502,98,53,18,66,66,94,75,351,100,24,25,28,33,13,31,35,63,31,12,31,85,46,101,199,88,55,26,57,24,29,16,98,12,19,10,12,14,27,23,58,55,27,9,57,28,28,19,96,66,50,19,150,117,96,74,425,558,465,40,652,43,33,47,239,70,75,12,116,30,56,50,189,87,30,21,46,13,13,40,61,76,65,17,114,62,75,118,308,2350,987,65,478,36,47,47,188,93,118,11,115,57,100,274,471,860,203,79,230,36,68,86,287,454,238,73,482,224,336,542,1974
Datasets/wang/Images/train/class4/452.jpg,49494,1416,661,466,503,74,611,465,711,107,91,74,576,126,2015,1338,1455,213,142,60,88,14,129,45,564,45,47,41,492,50,1360,407,617,136,78,49,77,16,73,77,63,34,17,18,53,22,115,125,455,53,55,34,71,10,75,42,803,38,54,47,443,26,480,213,481,86,74,63,45,6,33,30,83,18,17,28,33,18,50,46,67,13,23,11,8,2,14,10,76,4,19,12,37,16,49,47,490,102,68,65,46,15,39,42,47,17,18,22,38,21,105,120,418,36,74,38,29,9,56,56,486,32,96,81,192,48,324,285,653,474,50,653,73,72,51,472,81,55,11,48,67,95,104,429,113,44,28,19,14,9,26,39,66,29,11,36,66,40,130,202,72,42,6,39,15,19,13,84,4,11,6,18,17,22,27,74,48,47,16,40,23,17,18,98,40,34,16,83,80,77,90,394,503,435,47,388,41,22,43,158,58,63,14,46,39,57,130,230,114,32,26,42,12,5,27,42,81,43,22,85,52,68,127,264,2077,1481,102,381,39,40,127,263,116,107,27,78,132,123,855,1190,1262,416,113,188,32,45,103,261,434,179,78,345,259,246,1248,2132
Datasets/wang/Images/train/class4/453.jpg,60927,615,803,382,360,40,557,312,958,85,84,47,614,87,2032,642,700,64,111,27,80,19,124,28,465,28,40,16,386,40,871,210,780,99,73,48,68,24,47,44,58,37,11,8,59,33,70,89,413,21,40,17,66,7,69,35,1250,20,32,21,310,32,382,141,306,67,46,43,24,9,14,17,54,14,8,23,13,8,17,39,57,11,21,10,15,5,8,10,48,3,16,6,23,8,31,46,524,118,54,62,17,13,33,29,28,32,10,17,31,26,47,96,280,36,58,25,14,10,42,63,202,23,62,34,115,38,173,220,791,398,72,867,34,46,35,268,68,45,15,28,50,60,76,343,97,20,27,22,16,9,23,25,51,19,18,27,66,42,96,140,76,32,7,33,20,9,7,39,16,11,6,15,11,17,14,61,31,14,9,21,10,15,16,50,31,23,8,62,38,50,81,203,512,319,50,384,17,20,25,120,51,61,7,50,19,38,40,142,81,32,30,23,10,12,25,38,77,24,10,44,34,52,117,235,2565,816,58,332,15,37,48,119,83,119,11,61,41,90,276,459,751,179,71,137,24,40,110,186,327,118,53,193,173,244,502,1451
Datasets/wang/Images/train/class4/446.jpg,54572,637,704,454,566,83,569,374,758,70,79,42,608,82,1747,663,633,70,83,33,67,4,72,32,508,30,46,27,426,27,740,275,686,94,83,44,81,10,70,55,82,18,14,6,40,23,82,68,512,32,60,32,87,10,73,42,1402,28,53,46,508,29,438,177,677,68,68,54,85,13,25,22,79,18,15,13,19,9,34,33,69,10,20,10,9,3,4,8,75,13,25,21,26,11,34,41,595,86,69,85,44,6,26,39,33,19,16,21,29,24,68,79,432,24,62,44,34,5,43,35,451,38,66,79,215,41,227,215,762,524,60,960,71,70,37,419,75,58,15,56,68,72,58,406,88,41,19,34,16,11,16,42,71,20,8,37,48,39,52,184,75,48,13,51,12,14,13,59,13,5,6,18,13,10,20,77,43,31,10,31,14,16,15,64,64,41,12,583,68,77,63,377,644,458,45,460,30,25,35,191,60,51,18,58,20,36,63,179,79,26,24,34,13,14,17,27,96,38,20,67,38,38,50,172,3569,1102,77,495,27,25,59,175,89,72,12,73,71,88,468,464,952,312,79,223,26,47,72,229,525,190,71,449,195,216,518,1612
Datasets/wang/Images/train/class4/467.jpg,58715,569,895,437,443,56,626,402,809,78,51,29,580,70,2054,744,571,55,79,17,43,10,67,18,471,21,33,21,399,16,760,160,719,84,77,41,60,20,40,39,64,14,11,5,31,18,73,62,422,13,51,26,57,5,65,37,1591,19,42,30,507,32,418,129,465,48,72,47,51,10,15,20,84,17,17,12,13,7,11,18,60,10,19,13,9,2,5,3,63,6,20,23,14,8,21,33,567,69,42,74,16,9,23,21,44,17,9,17,23,28,56,61,390,12,60,35,28,9,36,39,610,30,79,65,189,38,168,182,813,420,65,1450,60,58,27,573,74,43,6,37,55,74,76,400,68,16,18,18,12,7,10,25,40,28,8,21,37,21,72,131,50,24,11,48,20,22,5,61,10,6,2,12,5,9,12,53,33,26,3,31,16,22,8,77,41,33,12,97,61,56,47,296,581,372,28,470,22,19,28,140,47,54,7,48,22,31,45,145,78,21,14,17,8,7,21,37,68,35,14,70,40,38,64,151,2614,888,75,434,19,25,61,140,52,61,12,38,49,66,276,434,968,191,69,149,27,36,69,165,428,160,54,345,173,173,412,1288
Datasets/wang/Images/train/class4/445.jpg,47828,712,1014,522,650,79,677,379,1065,131,105,52,678,105,2539,733,802,106,126,37,105,18,100,33,598,49,68,38,414,51,720,257,1115,118,103,63,75,18,75,72,96,24,24,17,64,39,95,102,587,60,75,41,90,15,99,52,1254,31,53,44,431,42,454,218,603,95,88,74,85,19,39,28,79,21,19,30,35,14,34,43,91,27,21,17,22,7,14,14,84,9,25,26,49,21,52,59,765,127,88,102,44,12,36,66,66,32,22,24,40,42,66,130,449,56,81,56,37,14,47,82,433,48,64,93,203,65,256,304,1071,571,91,1138,98,82,52,432,87,66,28,61,75,117,84,383,150,41,28,30,34,8,31,52,78,37,20,36,87,61,100,200,86,60,22,60,31,18,22,84,10,21,9,22,17,35,30,93,59,29,28,47,20,27,24,101,66,40,16,213,89,80,107,431,781,428,52,405,40,37,36,208,78,72,19,89,45,56,83,201,118,50,35,39,16,16,33,79,105,48,31,104,60,74,105,346,3664,754,88,482,35,61,75,192,112,107,31,99,92,104,429,552,775,243,100,191,39,63,133,300,454,192,85,479,240,332,657,2322
Datasets/wang/Images/train/class4/413.jpg,61746,490,934,439,411,50,633,326,875,65,81,27,550,44,2498,497,460,57,66,25,59,6,86,30,443,21,47,30,341,28,631,164,685,75,67,44,68,13,39,34,66,23,13,10,35,16,50,44,345,32,39,13,58,13,49,36,1223,21,39,28,411,34,423,167,379,50,58,64,64,7,14,20,64,19,17,13,27,8,22,23,62,8,14,8,12,7,12,14,45,8,17,14,18,12,41,39,484,68,45,69,27,8,22,29,38,26,12,22,25,19,41,67,226,26,45,30,12,2,18,37,275,26,52,59,137,41,136,167,684,343,66,806,59,47,36,304,45,48,8,43,55,53,55,376,57,17,7,21,13,8,17,28,36,17,9,19,42,32,88,174,96,24,9,41,15,19,7,40,8,7,0,13,8,10,8,46,41,19,12,22,17,13,7,49,43,22,14,550,51,61,42,290,509,279,31,340,24,14,21,122,50,51,11,41,22,28,27,151,64,27,16,24,15,8,9,39,59,22,14,49,43,41,71,199,3382,629,46,314,25,26,45,133,54,58,10,45,45,79,488,342,528,215,46,104,20,34,51,167,286,163,56,295,130,163,342,1225
Datasets/wang/Images/train/class4/479.jpg,48391,1085,886,619,486,66,732,480,899,122,71,38,743,108,2719,965,1034,105,115,43,80,8,101,28,601,45,52,34,608,35,1017,327,820,123,81,71,83,12,93,60,77,24,15,21,39,23,105,83,585,36,65,27,83,11,104,40,1080,19,42,38,497,26,604,212,528,71,63,82,56,5,37,23,50,17,13,13,32,9,40,28,68,15,16,12,8,3,10,9,72,13,16,15,21,10,40,35,712,123,86,91,16,11,43,58,36,14,12,13,47,18,83,111,490,38,64,36,32,10,54,37,460,40,54,62,210,44,270,223,848,603,69,1253,73,65,42,435,71,75,11,37,80,95,110,533,123,32,20,15,17,12,24,47,68,23,18,35,76,48,89,222,81,54,9,49,14,15,11,61,13,4,8,12,11,19,21,59,52,29,9,35,21,13,15,56,46,42,11,186,81,57,80,357,716,570,47,505,33,16,47,217,104,76,9,70,33,42,88,224,117,24,18,21,9,11,24,40,99,43,15,51,51,53,102,217,2820,1234,123,566,43,23,110,274,114,112,22,79,99,116,662,855,1168,310,112,203,27,46,112,204,509,202,68,348,265,251,835,1754
Datasets/wang/Images/train/class4/430.jpg,50539,738,904,483,605,62,592,336,876,87,91,40,615,82,2204,534,727,93,90,21,85,18,82,25,519,43,57,36,414,29,638,218,1106,108,93,62,91,17,70,61,101,19,15,15,51,20,87,76,580,37,56,40,73,17,78,39,1680,42,61,48,482,35,473,222,656,88,75,85,74,14,34,37,85,17,20,20,32,8,32,33,51,15,21,9,20,9,17,10,99,12,30,23,30,14,44,56,705,102,78,103,31,12,24,41,45,28,14,29,28,26,70,86,418,40,57,34,36,22,55,59,400,34,66,83,185,74,238,259,1071,553,94,1083,88,93,40,331,75,59,15,54,82,65,75,377,103,30,26,29,20,11,18,39,52,34,13,30,73,42,88,168,113,53,17,45,31,30,12,71,17,8,10,17,13,16,18,94,53,37,11,35,27,32,28,70,51,59,17,581,94,85,89,402,754,477,37,531,32,49,33,179,80,56,8,72,25,44,63,194,92,44,24,33,11,12,30,57,84,43,20,91,42,61,98,237,3360,1112,87,551,39,52,74,200,87,93,16,87,86,109,365,525,952,330,102,244,52,56,80,267,513,209,70,443,246,309,561,1881
Datasets/wang/Images/train/class4/449.jpg,48341,860,689,491,769,89,555,437,708,129,108,72,550,113,1356,775,945,99,122,53,132,13,123,39,501,48,64,48,517,47,857,322,808,113,99,82,110,21,91,89,110,38,21,19,64,30,81,114,587,56,74,39,124,16,102,52,906,29,76,52,619,56,485,254,704,93,105,110,89,16,38,47,117,26,30,31,60,18,51,48,79,17,18,11,23,9,20,11,113,14,22,37,46,23,51,70,588,125,84,108,66,22,39,44,79,43,17,13,53,39,81,99,502,38,65,62,47,15,63,67,634,68,107,101,326,65,270,342,721,436,104,845,107,83,61,554,100,73,16,65,75,109,93,446,104,47,36,42,26,11,28,61,66,41,15,63,102,60,127,250,115,53,14,60,25,23,15,107,22,14,11,19,13,25,30,96,51,56,20,77,26,23,24,98,89,66,13,138,114,118,110,596,574,521,45,540,52,57,62,251,76,89,14,94,58,55,78,284,107,46,34,49,20,12,38,71,109,59,19,99,58,88,119,322,2471,1146,80,485,38,70,76,274,89,121,27,95,91,118,334,670,1052,344,119,265,58,82,112,329,525,283,101,538,320,358,719,2502
Datasets/wang/Images/train/class4/414.jpg,43600,708,1170,761,875,82,763,508,1225,99,101,76,827,78,1812,622,739,84,106,36,101,20,91,46,812,37,52,27,527,28,619,200,1251,83,89,98,96,27,69,77,87,24,17,19,40,13,96,77,764,41,82,36,97,11,117,47,2462,20,87,90,704,40,563,227,795,88,118,114,101,17,57,48,107,18,19,16,34,12,40,54,74,14,34,11,29,10,14,14,85,18,30,29,34,23,37,42,828,81,89,101,45,14,36,43,58,29,18,26,45,26,79,83,554,31,66,56,33,16,62,60,722,35,102,105,191,58,209,259,1117,720,87,2213,109,92,63,640,112,75,23,81,74,120,75,516,106,37,26,29,19,12,29,47,63,38,20,90,79,77,85,246,78,53,15,96,32,28,19,81,20,22,9,30,16,27,27,104,54,41,19,71,16,22,25,99,68,64,22,698,117,112,107,637,721,488,60,594,39,33,48,214,92,74,22,111,34,45,76,202,84,32,25,39,13,11,23,51,103,44,36,107,48,69,89,351,3122,703,82,538,28,33,60,204,80,83,18,97,60,89,451,427,813,191,75,213,38,52,88,271,595,220,86,603,202,281,486,2133
Datasets/wang/Images/train/class4/434.jpg,57270,590,1073,513,518,43,647,302,996,84,87,44,630,50,2286,523,523,85,88,25,82,11,91,22,570,20,40,26,382,29,578,194,959,79,105,46,75,16,53,33,80,22,17,7,48,16,67,43,477,26,57,14,95,18,81,22,1610,14,56,53,432,30,431,129,469,80,96,87,44,13,9,18,64,23,24,24,18,14,25,51,45,8,10,7,7,6,12,10,51,13,14,16,17,16,33,56,658,81,59,89,11,11,14,33,36,26,11,21,22,26,47,79,281,20,39,18,20,13,29,30,277,21,27,49,115,51,144,175,900,484,78,1364,66,40,21,246,72,53,11,33,59,75,69,398,77,22,19,17,24,12,16,20,46,12,11,36,47,35,73,127,99,34,20,27,19,11,10,39,13,6,2,8,12,11,18,58,31,30,6,17,22,17,27,38,47,29,15,658,61,62,80,355,646,332,34,397,17,27,19,86,51,50,12,54,27,28,58,101,52,22,15,24,6,10,23,34,73,34,15,67,38,69,67,233,3517,694,73,422,23,39,55,128,82,77,19,64,43,88,351,404,577,183,48,130,25,43,58,168,359,133,51,338,142,223,423,1336
Datasets/wang/Images/train/class4/418.jpg,53555,758,792,529,603,82,671,473,799,117,94,46,622,104,1995,1065,792,83,81,27,56,11,100,28,474,38,57,49,427,27,810,282,786,90,63,44,85,20,57,77,58,20,12,13,46,17,83,110,500,23,52,31,79,3,59,29,1184,25,55,57,601,40,412,241,579,69,79,83,73,10,37,31,90,13,20,20,32,4,41,42,59,12,10,5,9,3,8,10,84,6,20,24,29,9,31,53,578,69,59,59,31,15,43,33,43,25,7,18,36,18,72,97,419,40,41,31,23,2,33,37,526,27,79,99,242,31,210,210,653,430,58,891,85,67,33,564,55,46,13,56,61,66,79,443,99,21,16,27,16,12,19,38,45,27,6,41,62,47,94,215,66,44,10,48,20,19,9,83,6,8,5,3,4,14,18,66,50,38,8,37,30,22,22,71,39,51,12,523,113,82,64,480,539,361,51,451,44,23,39,182,58,58,14,84,35,36,72,232,80,24,16,29,9,10,22,35,64,41,13,87,37,46,77,226,3077,792,85,378,47,24,78,189,80,63,15,65,74,75,700,578,1038,210,84,167,40,39,91,193,429,189,62,422,231,207,593,1701
Datasets/wang/Images/train/class4/463.jpg,56808,883,693,484,421,44,586,389,676,74,96,33,568,80,2260,924,877,93,86,34,65,12,79,23,475,43,44,29,485,24,1184,271,645,78,79,48,57,14,55,53,61,16,19,7,46,10,105,64,471,24,61,21,74,7,61,26,988,28,41,16,370,22,470,170,420,66,61,57,37,4,20,20,67,15,12,15,25,3,36,23,58,8,13,7,9,4,4,11,54,9,16,19,22,13,38,46,531,101,57,73,24,3,35,38,45,15,11,24,23,19,69,90,414,32,56,28,15,11,22,36,324,23,55,28,130,44,200,166,645,452,56,883,51,53,40,272,71,48,9,37,59,87,104,406,68,26,13,11,14,8,13,18,51,20,7,30,51,28,87,142,74,56,12,34,15,15,1,48,13,11,2,5,8,10,20,62,43,39,10,26,22,15,10,57,32,24,8,87,56,39,63,251,537,464,38,399,22,21,24,122,65,50,6,44,38,37,102,207,66,18,15,15,6,8,15,25,69,29,15,43,33,44,79,150,2827,1361,92,457,28,43,90,165,113,103,13,76,78,80,482,635,1259,385,76,174,29,43,78,159,436,175,48,262,210,223,663,1327
Datasets/wang/Images/train/class4/428.jpg,47164,980,951,526,663,78,612,325,827,137,127,64,515,102,1644,634,903,112,136,39,119,21,140,43,495,39,56,35,415,36,727,232,1023,126,121,64,141,26,88,60,103,26,21,31,65,46,90,104,606,39,64,26,161,19,117,30,1428,25,66,60,587,50,442,193,705,110,144,171,111,16,42,39,112,20,24,50,26,20,35,42,81,24,35,13,16,14,16,19,64,19,25,25,43,27,54,86,603,121,75,113,47,21,40,61,50,42,22,30,34,40,67,110,383,39,58,38,55,15,54,52,466,43,76,92,239,69,229,291,1002,584,107,1232,99,70,59,443,108,71,25,82,62,96,96,388,151,41,36,26,24,28,57,36,59,37,22,56,76,58,120,231,127,59,35,72,30,28,18,99,26,13,10,13,16,20,20,81,63,32,16,39,46,27,43,94,69,54,20,618,159,129,106,527,620,479,70,562,34,57,48,249,75,96,17,138,28,62,57,265,123,49,29,64,14,21,40,80,88,47,29,118,66,86,112,433,2414,1008,85,548,45,48,84,264,89,135,23,104,97,122,591,788,1030,276,95,202,59,81,119,334,413,205,62,516,271,421,782,2322
Datasets/wang/Images/train/class4/437.jpg,49695,1087,759,530,667,85,684,482,695,123,117,63,626,98,1680,1103,1061,122,127,48,73,19,136,38,484,43,56,53,488,64,911,402,718,103,110,75,106,18,74,71,86,25,16,13,55,31,95,98,520,34,76,26,109,11,91,39,901,32,45,44,541,38,551,245,674,79,104,91,63,14,43,29,83,24,20,30,26,12,55,24,75,18,15,12,16,8,10,15,68,17,19,26,29,15,36,54,673,94,63,107,39,11,47,43,64,31,14,19,38,20,76,95,451,38,81,34,29,25,49,43,350,39,75,78,175,51,272,249,664,480,65,831,90,64,34,321,73,69,12,52,86,95,99,476,121,51,19,24,22,12,31,32,75,34,8,39,91,43,124,243,109,54,21,50,20,17,17,68,12,14,5,13,16,17,26,89,47,46,15,48,34,24,24,53,64,53,17,540,87,83,97,498,625,474,51,477,27,31,37,183,84,77,13,93,41,48,73,272,96,46,15,37,16,13,24,50,81,50,20,91,60,72,107,260,2493,1139,93,511,50,35,118,254,93,118,22,94,98,126,460,806,1372,367,105,216,45,70,104,255,538,205,85,463,256,308,835,1999
Datasets/wang/Images/train/class4/464.jpg,60580,438,691,410,588,71,477,288,752,86,72,49,531,65,1635,462,417,41,64,27,84,8,72,29,438,17,51,25,483,29,617,168,743,81,77,47,84,12,39,51,78,20,18,11,47,19,52,70,403,16,55,28,105,10,70,34,1348,20,57,32,682,44,457,232,525,47,107,85,72,8,27,31,86,13,15,30,30,8,30,31,44,8,14,8,5,5,5,12,83,9,23,28,48,17,31,52,510,75,48,76,18,6,21,16,41,16,10,21,26,13,42,73,253,14,42,31,20,8,27,39,440,25,84,81,189,39,201,271,759,390,66,1376,88,66,34,558,57,53,14,40,43,69,48,393,66,18,23,16,17,8,20,25,58,19,14,36,56,38,64,164,73,30,14,44,17,23,11,72,12,10,3,8,8,15,12,58,34,15,8,34,15,24,19,81,40,25,11,159,79,73,68,466,473,411,26,517,24,36,23,224,47,63,8,71,20,39,24,128,67,23,24,24,8,19,19,41,63,41,9,82,43,55,73,212,2485,656,45,413,17,38,35,144,44,61,11,68,31,71,155,291,514,108,41,168,18,37,70,167,331,117,44,410,127,214,335,1448
Datasets/wang/Images/train/class4/444.jpg,40348,1291,1009,670,656,52,821,503,997,94,93,53,798,125,3060,1298,1352,162,142,45,95,15,136,40,679,66,58,49,598,45,1459,473,1007,141,105,61,82,13,76,51,78,16,13,8,49,28,120,121,681,46,57,37,100,6,92,41,1353,28,55,38,636,37,608,247,626,92,71,77,76,10,36,29,70,15,23,15,34,7,44,34,76,17,18,15,12,5,10,14,63,9,18,27,28,11,53,52,778,134,68,111,26,7,35,32,46,13,12,11,42,28,104,100,504,39,77,35,26,11,50,51,350,41,78,71,217,52,296,232,1010,661,66,1080,71,68,37,380,102,63,15,52,68,107,115,585,109,51,19,32,14,6,23,22,66,36,11,45,79,46,134,219,87,52,11,51,16,18,13,63,8,8,6,13,8,14,20,60,67,58,6,34,19,17,17,62,53,54,13,528,61,70,111,436,776,548,55,472,31,34,34,201,72,60,16,75,51,41,94,267,109,40,18,32,9,11,16,44,78,35,23,56,51,52,106,239,3690,1720,119,605,50,53,130,263,131,149,25,112,119,126,939,1095,1636,545,110,217,44,56,113,185,591,227,79,426,308,268,1072,1956
Datasets/wang/Images/train/class4/468.jpg,52167,820,678,513,473,73,589,480,791,84,69,36,577,99,1802,774,870,96,100,39,76,10,71,33,547,31,40,29,509,23,1038,271,801,74,100,59,79,14,68,60,84,20,9,11,45,19,79,76,574,40,54,23,82,15,65,48,1358,26,46,40,557,37,514,183,528,62,46,72,71,8,24,32,72,16,20,15,25,7,28,25,76,9,22,11,10,6,11,16,67,10,16,15,29,9,43,43,631,115,65,68,38,19,25,47,47,16,11,14,41,20,67,71,539,28,69,26,31,12,41,45,629,29,77,67,237,46,234,223,765,547,79,950,72,82,45,521,92,71,13,42,74,78,83,485,93,39,24,26,14,9,14,39,51,36,8,29,52,28,95,183,87,52,13,56,22,18,11,66,12,2,2,10,12,23,20,64,43,31,14,31,25,21,16,74,44,38,14,104,67,66,67,335,628,495,44,531,33,26,47,223,61,53,10,53,36,42,65,204,105,26,26,32,11,14,21,33,85,33,16,55,39,31,74,189,3237,1315,92,524,38,33,75,244,120,88,16,77,76,104,485,641,1080,348,92,192,35,44,100,218,569,220,62,367,283,249,714,1610
Datasets/wang/Images/train/class4/469.jpg,66128,348,835,457,395,39,555,287,866,50,47,18,544,32,2133,412,289,23,38,10,40,5,31,11,473,6,22,8,294,9,374,78,670,38,43,22,59,20,36,25,62,8,5,5,19,12,35,39,407,13,37,11,77,5,40,22,1906,11,33,31,609,19,286,79,413,36,67,59,71,7,14,18,68,6,17,10,10,7,10,17,29,4,9,6,4,3,9,7,78,4,13,17,17,3,16,14,379,42,31,41,12,7,16,13,26,8,6,15,19,13,25,33,249,11,27,26,10,4,19,26,516,15,57,47,159,28,83,129,718,422,57,2006,56,62,23,526,45,31,10,34,28,42,48,350,40,8,8,12,8,6,7,22,27,15,3,26,29,16,39,78,33,23,4,27,12,19,10,66,5,4,3,7,5,13,6,42,13,13,7,24,7,11,9,65,35,22,5,165,67,62,33,328,447,244,34,586,16,10,27,181,28,25,5,58,12,17,30,89,36,13,16,20,5,3,8,23,45,13,10,50,18,29,48,107,1855,420,32,290,10,15,26,96,48,36,7,32,22,32,237,208,381,70,37,85,11,26,36,137,277,62,34,298,94,111,182,925
Datasets/wang/Images/train/class4/423.jpg,57891,482,928,516,446,34,663,267,1094,54,67,33,702,36,2909,440,475,44,44,19,43,8,56,17,622,22,24,21,354,21,584,154,1121,46,68,41,48,9,37,32,75,12,11,4,35,8,58,47,507,9,35,16,45,6,55,26,1890,14,28,29,375,20,477,121,430,45,47,52,45,15,24,16,45,8,16,14,15,13,26,26,37,13,11,7,7,1,9,4,53,13,22,14,18,9,15,33,740,62,40,52,17,4,19,21,41,12,5,13,20,14,50,38,389,23,36,19,21,7,23,25,344,17,43,45,136,28,133,134,984,435,66,1335,54,46,32,328,52,39,9,36,32,74,58,403,45,14,9,12,15,11,6,17,37,16,5,28,31,26,39,141,49,28,13,37,11,12,4,37,10,8,2,6,5,12,15,34,36,22,6,25,11,14,8,40,26,30,9,550,42,39,45,286,690,300,21,279,13,27,27,86,41,31,7,39,11,18,46,104,40,8,11,20,11,6,10,31,52,24,9,44,21,26,45,143,4858,583,61,397,11,21,43,128,92,37,10,50,56,51,521,278,741,117,37,124,16,33,35,120,404,108,47,266,140,138,339,969
Datasets/wang/Images/train/class4/409.jpg,58171,529,582,402,585,58,448,315,683,81,89,35,506,75,1145,400,604,68,116,26,70,5,88,19,449,28,50,27,444,37,771,195,641,85,67,56,88,12,57,64,74,14,12,15,56,16,66,73,456,27,43,28,100,7,79,33,1458,25,59,48,701,45,360,199,639,71,94,78,99,11,15,27,82,15,22,19,40,18,23,34,58,8,13,13,12,13,8,11,76,10,23,17,41,10,45,49,444,71,57,82,31,9,19,29,49,16,9,19,35,23,63,78,350,31,56,31,39,11,30,42,590,34,94,95,279,60,203,252,593,423,72,1209,85,58,41,505,44,48,20,55,53,68,67,317,64,26,20,20,15,9,24,28,55,30,17,27,69,51,68,170,65,57,14,61,17,19,7,75,19,11,7,18,16,15,15,66,41,27,4,36,21,18,15,72,68,45,9,574,80,90,68,481,486,397,35,633,32,15,27,208,48,45,8,102,30,33,39,153,52,25,20,29,7,11,27,40,64,38,14,97,43,47,102,226,2361,862,60,382,27,39,60,139,82,78,12,56,77,82,556,394,674,238,54,131,16,37,73,231,372,147,77,479,191,228,438,1670
Datasets/wang/Images/train/class4/400.jpg,57547,568,915,455,428,43,633,386,925,64,78,33,648,70,2245,636,590,84,91,19,60,5,85,24,437,16,48,36,429,31,763,191,870,112,80,41,66,10,58,31,64,29,21,8,43,25,61,75,423,24,59,10,82,12,67,38,1247,21,58,28,539,32,427,150,474,60,78,65,47,16,19,27,50,14,16,18,24,6,27,20,58,9,15,9,17,3,17,8,58,11,18,16,34,11,27,45,660,98,60,71,21,14,20,33,22,35,15,15,18,24,37,75,333,28,57,34,29,12,33,38,458,28,63,61,153,51,152,225,835,380,75,921,55,49,44,412,81,37,12,30,44,63,53,356,77,20,28,16,17,8,30,25,34,13,11,32,53,31,100,131,83,36,12,39,19,16,9,49,13,12,6,12,9,23,15,53,47,18,7,29,25,14,15,57,46,35,6,543,80,63,58,294,664,380,35,431,22,21,18,137,49,60,17,62,17,34,48,152,56,34,23,27,9,11,27,41,65,23,12,61,44,53,101,234,3355,976,63,383,19,32,47,137,65,118,18,84,44,95,228,380,699,227,51,150,16,39,63,192,375,146,56,294,178,224,371,1435
Datasets/wang/Images/train/class4/421.jpg,48693,814,915,550,563,58,780,479,1110,76,98,57,832,76,2719,872,843,72,92,37,69,9,87,33,715,35,44,23,628,21,1074,302,947,110,91,54,81,13,77,50,68,16,9,8,43,19,92,76,601,36,56,22,75,13,105,37,1776,21,61,37,525,22,594,208,558,52,60,83,63,13,30,30,65,15,14,12,24,5,36,25,53,8,15,7,13,4,10,13,67,10,15,15,23,10,28,36,781,82,81,88,19,8,25,26,41,20,8,18,26,22,79,73,490,25,49,33,24,3,49,26,495,26,46,50,175,29,212,197,887,546,65,1113,70,54,40,395,80,47,16,39,81,77,88,529,64,33,11,19,12,5,20,34,49,26,14,36,56,43,66,205,87,52,7,66,17,14,8,46,13,7,2,10,17,10,20,74,43,35,13,43,14,14,14,56,52,43,5,502,62,49,69,372,757,456,43,397,29,26,33,143,72,53,6,63,39,38,88,173,68,30,22,23,10,12,20,32,85,37,15,60,35,43,89,190,4282,1197,105,498,40,34,100,201,125,78,24,68,102,97,633,590,1025,278,71,153,34,31,70,168,584,191,63,382,224,190,587,1503
Datasets/wang/Images/train/class4/436.jpg,51033,1035,647,523,647,68,553,495,693,127,108,63,631,103,1756,902,1076,136,127,54,89,19,116,47,564,36,65,44,522,40,984,396,705,117,84,56,81,17,91,64,76,31,17,9,60,22,85,84,507,45,64,32,103,9,87,47,844,26,54,53,535,36,536,240,563,81,129,97,53,10,37,32,83,20,20,19,41,19,54,44,67,18,18,11,10,8,12,14,79,10,20,28,26,10,53,52,565,112,66,82,32,16,42,35,52,22,15,22,34,24,98,101,459,36,66,43,30,14,40,52,388,36,79,79,221,40,270,252,601,479,76,830,79,94,42,475,85,60,16,51,66,73,100,464,95,52,25,30,19,14,29,32,65,35,10,36,81,41,108,238,88,56,11,57,21,21,17,63,16,14,6,14,18,24,25,80,53,55,10,34,29,18,25,81,45,40,12,127,106,92,79,500,546,437,59,492,34,51,39,224,66,64,7,89,44,37,85,261,100,44,20,24,16,13,25,44,66,38,27,94,37,49,109,309,2309,1178,103,487,51,37,104,239,89,107,27,90,92,118,479,812,1233,432,93,210,51,48,99,284,454,210,84,463,264,315,828,2073
Datasets/wang/Images/train/class4/401.jpg,50655,910,765,467,605,63,605,446,742,109,113,46,593,100,2076,1073,901,126,120,31,87,16,123,29,551,35,48,44,445,33,888,366,789,106,71,56,94,18,57,58,66,19,10,11,43,18,76,110,530,40,45,21,86,10,74,33,1378,20,43,45,585,26,458,212,573,71,98,80,70,16,37,21,78,13,19,28,25,9,41,48,74,10,10,9,15,1,4,11,64,13,18,19,23,13,43,49,563,95,68,83,23,8,31,37,35,18,10,21,36,30,76,105,460,39,53,31,30,4,47,32,454,29,88,79,182,38,176,243,778,504,81,1058,73,67,29,424,79,42,13,49,63,72,86,478,101,39,25,14,14,9,22,22,51,31,11,28,63,41,92,215,74,47,14,45,25,20,8,72,15,12,2,7,11,10,24,69,49,48,12,35,22,12,24,76,46,45,10,576,79,82,71,446,589,368,29,506,24,28,31,179,79,57,6,76,34,27,89,201,104,37,16,30,11,16,21,43,72,38,23,84,44,59,97,217,2993,1323,94,437,55,33,107,212,110,107,14,56,89,94,592,736,1504,373,100,207,33,47,99,199,498,201,84,420,235,205,718,1810
Datasets/wang/Images/train/class4/419.jpg,53953,667,738,435,609,83,550,485,781,101,102,47,636,86,1819,708,726,57,93,21,71,17,95,32,526,32,43,37,465,37,813,247,724,63,75,59,98,13,65,73,79,19,17,14,40,23,83,80,500,41,57,24,80,14,81,45,1405,26,49,48,548,46,468,196,563,75,65,84,80,8,33,33,74,16,19,19,37,15,16,32,88,10,22,11,5,7,8,16,88,14,28,13,29,11,35,55,556,69,69,63,36,10,43,53,47,14,12,25,28,22,72,81,390,39,77,52,41,9,48,60,501,37,92,90,194,37,210,280,651,425,63,799,92,85,48,636,88,62,9,41,51,99,63,448,87,22,18,28,12,9,23,42,44,27,12,48,66,37,96,224,77,38,12,59,16,17,7,96,14,8,0,14,20,7,16,96,54,29,9,37,21,13,21,82,63,43,11,697,89,96,85,439,475,368,36,448,35,30,39,237,56,67,13,87,28,43,72,216,87,28,13,42,12,10,17,37,86,37,19,94,45,52,89,264,2925,761,81,387,40,26,82,199,81,65,23,77,84,83,638,455,953,242,76,186,36,37,61,251,423,191,96,432,261,265,565,1792
Datasets/wang/Images/train/class4/450.jpg,47728,762,1147,543,467,49,854,439,1291,77,87,38,976,81,3801,888,769,81,80,26,50,10,80,20,703,21,40,27,542,20,1322,270,1202,102,82,46,54,16,42,28,76,23,16,11,44,19,93,59,653,23,40,23,47,12,94,21,1799,20,52,37,468,25,610,212,499,48,51,49,42,4,11,20,55,8,15,13,21,7,22,22,69,12,4,7,7,6,8,7,45,11,11,13,30,7,28,44,958,88,53,73,16,6,34,14,44,20,6,12,29,16,81,62,469,29,44,21,19,9,31,34,404,25,46,51,186,34,187,162,1155,558,49,1171,51,44,37,352,61,29,11,29,73,72,82,456,71,23,16,24,8,4,22,16,39,18,8,25,40,23,78,162,80,45,12,30,16,20,3,47,5,11,2,4,13,15,13,31,36,26,7,25,21,16,14,54,38,24,13,111,57,53,57,295,884,481,27,424,16,22,31,122,70,51,11,41,29,36,75,170,69,19,17,17,8,13,19,27,77,29,14,41,28,26,89,162,5099,1284,102,522,21,36,65,172,96,72,10,51,65,85,611,573,1132,261,52,197,27,32,74,152,570,169,53,351,184,177,588,1202
Datasets/wang/Images/train/class4/447.jpg,53719,527,961,479,710,77,492,358,892,91,126,63,477,80,1417,536,528,47,87,23,99,22,100,34,451,43,50,31,384,34,451,186,1044,97,104,57,148,27,67,61,131,27,21,16,57,30,59,84,501,34,57,41,131,19,106,41,1278,24,60,31,548,44,408,174,685,119,149,119,83,17,50,35,94,24,34,44,29,11,34,51,83,18,31,15,16,6,12,21,103,17,28,48,31,21,33,74,678,89,71,109,38,18,29,47,60,37,16,28,34,37,41,80,369,31,74,52,46,25,60,75,571,41,89,105,230,74,197,297,965,444,116,896,111,89,59,370,113,66,15,63,85,75,44,344,107,21,30,32,24,15,37,49,66,35,13,66,79,66,86,175,127,56,23,56,35,39,19,75,19,19,7,23,16,31,33,71,73,32,16,37,50,31,33,97,65,52,18,629,121,154,83,481,604,466,52,578,41,30,27,201,75,93,12,150,28,44,42,178,81,26,26,48,12,28,29,65,81,56,31,120,51,107,107,337,2506,710,75,435,31,43,51,147,82,85,12,100,38,90,147,342,683,186,77,186,41,66,98,326,419,205,89,504,189,412,357,2108
Datasets/wang/Images/train/class4/429.jpg,58845,484,866,509,493,65,550,283,887,72,83,36,537,67,2243,389,511,65,90,25,88,13,70,31,518,28,48,29,350,28,453,212,856,76,63,38,75,10,39,39,110,20,18,8,53,28,52,68,500,40,41,32,77,13,70,28,1425,33,57,45,535,45,392,160,551,60,70,51,80,12,27,27,70,24,19,24,45,14,36,22,66,11,24,11,10,6,9,9,76,7,22,19,42,8,41,35,586,77,45,61,36,3,24,26,40,14,11,20,33,19,43,70,293,30,44,35,33,10,33,33,391,37,46,67,206,69,182,225,874,515,58,1478,74,52,38,334,68,32,16,47,35,64,66,368,74,22,15,26,17,7,15,35,42,25,10,42,53,40,60,121,88,46,15,61,23,19,8,60,17,9,3,15,12,11,13,54,40,31,9,36,18,15,16,71,53,33,16,232,73,77,66,431,599,370,44,470,32,29,37,182,39,41,12,62,25,29,50,139,52,26,17,48,13,11,23,55,59,48,16,78,40,42,62,178,2645,542,45,435,19,35,47,149,54,58,14,72,32,66,271,366,354,156,48,149,28,46,66,227,366,156,49,428,150,245,428,1576
Datasets/wang/Images/train/class4/440.jpg,52673,613,946,471,612,92,658,419,859,124,111,80,614,91,1793,758,607,101,124,47,92,24,116,37,482,37,69,45,434,53,617,319,836,119,111,66,118,30,68,56,111,23,23,17,53,27,76,91,423,40,68,34,118,17,100,47,1075,37,57,47,501,50,416,232,684,98,117,106,102,14,29,54,97,29,25,30,52,22,43,51,97,21,22,23,13,5,15,18,95,15,22,27,58,22,63,85,524,99,76,92,39,16,39,48,57,30,20,36,44,28,56,123,323,48,55,46,60,22,56,61,390,52,80,91,177,81,202,313,805,416,108,1198,89,90,59,462,98,50,19,64,74,70,77,371,121,34,35,33,23,15,25,50,46,40,23,39,68,54,95,256,111,49,31,47,30,23,18,61,21,15,8,23,17,30,18,98,67,42,17,31,37,32,29,88,60,48,30,126,112,110,106,449,525,364,68,451,41,42,35,182,76,73,18,114,29,46,58,207,109,54,32,64,17,19,26,58,61,49,24,101,49,86,96,355,2517,748,91,447,47,47,54,196,81,101,27,104,64,94,210,482,772,259,103,218,74,73,80,299,405,222,97,468,197,382,468,2338
Datasets/wang/Images/train/class4/462.jpg,48331,1507,658,539,476,90,640,487,698,93,90,68,676,121,2390,1533,1415,182,127,41,70,19,121,45,584,41,51,58,509,40,1474,518,651,111,70,59,60,15,88,68,68,20,10,10,48,28,126,105,582,43,58,23,50,7,71,39,695,27,39,48,282,25,462,210,416,68,57,50,34,12,24,23,55,13,13,17,19,10,45,41,79,19,10,11,8,5,8,9,47,10,18,8,26,12,52,51,626,141,70,74,24,6,50,39,42,21,13,12,39,19,131,127,550,47,69,38,15,6,60,44,309,20,45,61,154,52,245,234,606,518,84,575,56,49,34,309,80,49,13,46,88,77,130,481,125,40,23,27,16,6,15,27,50,34,6,30,65,44,127,183,72,56,16,43,18,12,8,57,13,14,1,19,9,19,24,86,50,46,7,34,17,17,20,66,38,22,10,74,53,50,69,283,620,513,32,297,19,18,40,171,73,58,14,51,34,41,125,252,131,50,15,26,7,13,25,41,63,35,16,58,37,46,105,222,2908,1590,140,475,46,36,134,287,140,103,32,74,124,103,921,1274,1787,483,104,184,34,49,135,217,517,182,84,301,258,202,1153,1824
Datasets/wang/Images/train/class4/424.jpg,38294,1243,1083,608,707,80,823,575,1129,156,113,50,881,158,2599,1084,1238,111,119,52,91,31,108,45,632,45,66,45,506,46,908,284,1283,154,132,73,113,22,106,85,96,29,19,15,60,38,141,138,832,47,73,33,93,17,131,48,1218,36,75,65,606,55,595,208,798,108,118,117,101,17,45,52,112,18,39,29,51,8,52,43,102,10,26,13,22,7,15,19,129,18,31,28,33,22,51,74,978,119,110,128,51,15,61,49,74,31,17,29,66,37,105,133,627,32,78,51,41,19,61,70,630,47,98,103,277,63,278,328,1228,672,92,1013,126,117,48,559,153,85,24,69,94,100,122,531,153,49,30,31,16,18,33,45,88,40,20,51,86,45,112,214,97,61,24,71,25,41,14,98,16,19,6,20,16,18,32,106,57,40,17,53,26,25,30,119,77,57,18,178,104,101,91,532,942,610,58,538,46,50,46,250,107,65,18,76,42,57,99,260,141,38,29,59,19,16,32,63,125,53,15,101,57,58,107,278,3729,1169,141,638,51,52,110,303,127,115,29,96,111,117,690,959,1325,310,121,246,45,47,133,305,682,240,102,510,312,325,993,2527
Datasets/wang/Images/train/class4/474.jpg,58788,767,766,430,373,54,651,406,778,86,90,35,688,96,2945,1091,728,60,77,22,61,11,67,24,484,26,29,14,425,15,1199,215,669,81,60,52,62,14,59,56,73,17,7,8,34,16,81,72,409,24,47,27,64,6,53,29,710,11,29,26,451,20,444,161,402,50,58,45,42,11,27,21,60,9,10,15,21,6,22,23,55,17,13,7,5,7,9,5,45,5,14,18,29,6,25,30,535,63,59,54,27,7,30,47,23,13,10,17,33,21,76,77,382,33,53,36,20,4,26,29,352,28,54,46,150,26,170,178,617,388,45,672,52,37,29,379,60,33,11,27,63,67,97,405,82,24,12,22,13,3,7,26,38,19,6,33,65,18,59,151,80,29,4,23,11,10,7,45,5,8,5,10,6,17,11,58,29,25,4,28,18,14,8,50,27,21,6,72,73,39,50,263,522,389,31,290,22,16,38,115,53,48,11,60,32,26,78,174,81,31,13,20,2,3,18,25,74,32,11,54,24,27,94,167,2730,1064,92,448,22,24,55,165,101,66,7,49,69,69,506,538,1011,194,66,111,15,27,60,143,411,144,48,248,201,151,545,1287
Datasets/wang/Images/train/class4/404.jpg,52344,632,923,492,473,60,600,366,877,98,74,36,644,75,2747,743,659,71,94,34,84,19,88,33,540,39,39,33,404,51,688,255,957,80,76,47,78,20,75,40,79,23,15,10,34,18,79,82,525,40,57,34,81,12,95,31,1171,30,41,38,535,35,490,154,511,55,95,74,55,8,23,29,80,22,19,25,16,8,31,37,92,13,17,12,9,2,10,10,72,7,12,14,31,12,34,49,734,102,62,64,29,9,27,37,47,26,11,23,36,17,65,71,402,30,51,34,36,7,31,42,482,34,69,73,235,38,196,236,997,523,52,1071,77,70,41,465,69,62,14,51,67,96,69,433,84,39,25,22,20,12,21,32,53,23,9,26,51,48,88,193,80,39,15,37,22,32,13,67,12,8,7,10,8,19,9,57,51,20,10,33,15,27,17,76,55,27,15,195,75,78,76,345,715,417,42,483,35,31,30,184,59,53,14,71,33,43,56,177,84,32,24,37,6,13,12,42,65,41,16,72,42,36,76,231,3877,1011,84,532,38,40,62,165,92,92,24,78,77,105,585,519,953,298,91,212,34,46,73,235,485,216,47,374,196,266,568,1591
Datasets/wang/Images/train/class4/416.jpg,59936,588,764,481,428,57,544,292,769,95,67,32,522,62,2333,575,579,75,96,21,55,20,94,32,466,24,31,28,363,37,768,160,649,79,93,56,61,22,69,53,68,24,12,17,49,14,69,55,392,29,49,25,65,11,89,32,1183,18,34,31,336,39,413,158,368,66,66,75,48,12,19,27,56,22,16,23,22,15,24,32,42,16,23,7,12,3,13,11,41,8,7,10,38,10,36,35,458,73,63,88,22,8,27,34,31,34,10,27,33,28,45,79,236,23,46,34,27,12,35,33,289,19,51,55,109,40,157,196,599,378,59,814,55,50,41,265,75,46,15,45,53,59,54,405,82,22,24,20,24,7,23,31,49,30,15,37,70,42,116,165,74,31,15,42,14,12,11,44,9,8,6,15,10,11,15,47,29,28,11,33,25,8,25,57,35,30,13,637,59,70,75,298,460,307,38,286,24,23,45,121,49,58,7,67,20,49,42,196,61,21,19,30,20,12,24,40,74,28,18,59,52,60,84,274,3141,729,76,350,28,18,66,141,79,67,17,80,61,88,808,441,610,124,64,118,33,34,67,174,319,130,39,278,173,195,423,1509
Datasets/wang/Images/train/class4/477.jpg,55590,615,991,457,545,49,762,383,1023,92,93,49,780,88,3333,876,623,52,74,21,95,15,99,27,560,23,40,40,482,40,909,303,989,80,73,62,86,10,62,44,76,20,16,8,36,17,79,70,508,27,63,27,78,12,84,29,991,29,44,29,569,29,564,166,495,67,78,70,36,6,26,29,71,20,15,35,20,6,49,43,44,4,11,10,12,1,4,8,65,4,9,20,33,11,37,46,651,75,58,82,25,5,27,35,40,27,10,18,27,16,67,72,383,20,48,31,19,8,34,28,398,14,47,62,192,34,198,176,902,456,66,847,45,51,31,372,60,49,7,38,57,68,88,404,76,21,14,18,19,6,17,30,58,21,10,33,61,40,83,231,63,38,9,33,11,14,4,43,11,10,2,8,9,13,7,56,48,21,4,27,16,14,16,55,45,23,14,82,80,91,69,360,635,430,41,450,27,20,24,149,46,47,8,73,27,34,59,179,68,22,14,26,9,10,19,35,74,42,10,75,39,45,78,208,2648,811,64,404,38,24,58,144,81,68,9,58,69,70,344,448,827,141,72,136,27,28,55,144,363,195,49,338,198,197,494,1410
Datasets/wang/Images/train/class4/457.jpg,52491,632,984,470,557,66,623,368,948,87,93,49,676,94,2470,546,598,77,111,27,82,16,107,30,604,27,64,35,473,38,789,212,921,101,88,71,105,13,56,58,86,23,16,9,56,32,80,71,592,31,52,21,89,9,113,43,1801,27,58,34,662,44,571,240,567,68,76,88,63,16,34,42,75,15,22,31,19,18,25,41,65,15,17,8,5,6,7,13,84,6,15,18,54,14,43,45,654,100,71,87,28,11,21,38,61,35,7,23,38,27,62,93,320,27,48,45,29,11,46,60,450,37,66,64,203,48,204,258,960,507,76,1228,91,75,33,423,73,51,17,53,59,78,78,408,100,31,21,25,23,12,23,32,44,31,10,38,87,55,101,200,90,39,12,53,21,24,14,81,12,11,3,13,15,16,16,57,59,33,12,29,23,17,18,83,54,37,19,121,73,89,70,420,616,489,46,611,28,31,35,166,54,75,16,68,36,40,55,183,82,33,31,33,10,15,19,39,76,45,20,85,65,77,113,253,3208,778,70,526,25,38,49,188,69,97,13,72,46,72,220,446,625,207,88,187,34,48,85,246,454,198,75,414,206,257,463,1798
Datasets/wang/Images/train/class4/461.jpg,43665,1457,789,548,523,60,705,454,810,103,84,51,663,110,3338,1630,1511,194,100,45,78,14,111,27,597,48,65,42,526,42,1572,532,713,89,54,42,72,12,59,56,65,13,10,13,34,9,134,102,519,51,45,23,74,8,84,24,1401,21,39,48,689,39,562,258,503,61,78,51,58,11,28,34,50,12,18,16,30,11,48,48,52,15,16,11,8,2,10,9,50,4,16,20,30,10,37,52,643,107,48,69,22,5,29,38,37,18,9,11,46,22,128,111,434,42,32,21,32,8,33,29,390,26,50,56,258,35,316,218,724,528,73,934,55,57,40,455,57,43,11,41,67,60,131,525,86,39,20,28,13,7,19,26,44,20,11,31,55,33,111,210,89,40,10,37,20,17,8,47,15,7,3,16,15,12,17,84,46,46,12,26,16,8,5,51,49,42,10,243,67,77,79,399,611,491,51,513,22,24,46,216,57,60,7,77,23,36,120,240,103,33,15,33,8,12,23,38,66,24,14,64,38,33,128,223,3537,1828,130,513,53,39,110,244,121,83,23,75,120,92,1280,1225,1529,560,92,216,37,50,107,228,487,194,83,357,253,208,1217,1743
Datasets/wang/Images/train/class4/402.jpg,47695,1243,531,530,711,69,611,585,595,107,81,55,618,94,1992,1482,1170,131,103,64,63,6,103,30,518,46,45,56,564,31,1521,582,577,99,59,69,86,9,79,59,42,8,9,13,26,7,101,100,516,52,67,34,98,7,59,45,789,21,52,53,488,30,631,278,659,71,82,75,74,17,23,28,86,11,21,18,42,13,55,32,60,13,11,4,11,4,5,9,73,14,16,12,37,6,44,36,553,104,71,73,57,9,50,36,43,15,16,12,38,17,105,95,567,49,53,43,25,6,34,30,603,40,79,69,254,29,298,196,553,512,52,608,88,76,46,558,70,61,12,45,75,71,93,618,109,37,13,29,17,7,7,33,59,38,7,44,79,35,91,306,72,58,16,62,15,17,5,58,10,10,1,14,11,7,12,90,47,37,7,46,10,21,7,66,57,45,15,453,76,55,61,484,590,579,43,511,40,49,51,257,70,66,11,64,40,46,100,325,103,45,21,31,7,5,19,33,75,48,14,64,37,21,100,183,2447,1706,98,633,53,40,95,338,115,93,17,76,88,95,512,999,1531,541,96,307,39,40,84,207,616,325,69,495,334,222,970,1779
Datasets/wang/Images/train/class4/475.jpg,47810,760,801,549,650,82,690,557,886,89,86,59,724,93,1847,844,736,74,95,38,61,12,92,45,590,26,60,35,482,23,896,382,1037,86,118,61,76,14,69,54,71,24,15,11,52,24,85,96,563,33,62,39,67,7,73,49,1512,32,55,54,658,29,486,243,597,79,77,63,49,5,40,23,77,16,24,13,37,10,23,48,75,11,14,9,11,9,13,7,94,12,25,14,39,8,24,58,863,107,68,86,40,14,22,44,40,20,15,20,36,16,53,82,641,44,53,33,35,11,40,45,639,43,95,79,255,39,223,274,1011,575,74,1023,99,113,53,593,71,54,22,55,66,82,66,544,93,36,19,40,18,8,30,33,62,26,9,39,57,32,70,232,103,57,11,60,23,15,10,88,21,10,4,11,13,8,14,65,51,43,9,34,20,24,19,78,60,44,17,133,51,80,79,432,838,580,53,541,29,35,53,245,71,73,12,65,45,39,75,246,87,38,23,34,9,10,12,46,86,52,17,63,52,43,79,237,4136,1214,84,580,31,48,73,248,95,93,15,97,74,108,578,535,1092,326,76,242,42,65,98,238,594,218,82,460,225,231,544,1898
Datasets/wang/Images/train/class4/451.jpg,45207,999,921,561,521,56,809,456,958,99,77,35,862,83,5491,1473,1002,112,132,43,60,10,123,22,604,26,55,41,612,18,1946,394,832,101,58,35,58,14,63,34,80,20,13,8,58,27,120,88,526,34,45,22,74,13,74,26,1165,30,38,28,532,29,557,182,477,57,66,63,64,7,24,20,38,17,14,19,17,8,52,29,32,8,8,8,13,2,11,6,59,6,20,13,26,10,43,35,702,116,43,68,25,7,26,24,46,37,9,23,32,27,95,100,400,25,47,20,21,9,29,36,293,22,53,56,186,33,241,219,821,547,91,1174,54,44,36,343,70,48,9,44,56,63,121,477,80,21,16,20,21,6,27,25,47,16,7,30,49,27,151,158,57,45,10,38,16,19,6,54,11,6,2,11,7,16,21,64,43,39,7,28,13,9,18,46,50,41,10,176,72,60,55,318,687,480,34,420,20,22,24,155,60,46,6,51,29,27,106,158,87,28,20,24,8,10,19,20,58,24,12,65,33,41,144,210,4025,1539,97,480,48,27,81,200,113,104,18,63,98,117,918,842,1288,308,63,170,32,33,94,152,453,153,54,300,215,210,807,1597
Datasets/wang/Images/train/class4/408.jpg,34436,1374,980,702,865,118,710,602,938,158,120,81,748,148,2051,1240,1362,167,174,66,136,32,165,52,690,59,80,61,625,53,1189,396,935,163,119,81,147,27,109,110,119,37,23,22,76,32,150,150,690,56,94,36,147,27,120,63,1264,49,60,53,841,64,617,303,906,117,138,160,96,19,51,50,142,25,35,37,46,13,60,77,118,25,33,14,20,7,24,23,141,24,36,49,60,21,62,76,727,179,99,93,49,14,63,54,72,36,24,39,52,40,126,146,612,58,76,71,51,21,67,81,725,83,136,158,398,82,341,408,890,592,128,927,132,130,69,696,125,92,29,56,97,138,148,586,171,62,37,45,31,24,43,59,72,49,16,61,90,68,133,297,135,59,25,65,47,36,22,154,23,18,10,32,19,37,33,109,85,60,20,43,38,36,36,140,73,56,19,548,136,123,113,686,680,570,67,794,56,64,55,317,105,87,16,129,62,70,135,396,164,48,42,62,22,19,47,71,86,69,32,142,72,81,156,416,2336,1375,139,611,65,57,121,351,138,162,24,104,128,138,806,1096,1415,426,141,309,60,73,160,394,648,375,120,718,450,452,1154,2973
Datasets/wang/Images/train/class4/417.jpg,55766,730,763,457,586,55,525,384,746,104,72,33,585,85,2564,951,786,96,96,19,85,11,89,19,478,27,35,26,410,27,1105,250,641,85,71,43,83,28,63,40,70,12,11,5,42,17,79,94,433,31,45,23,96,7,61,29,1635,18,40,28,598,32,458,160,478,76,77,97,51,6,29,29,67,14,12,27,23,14,25,37,46,7,12,8,8,5,9,11,80,5,14,20,30,7,35,38,453,102,45,66,30,9,23,28,31,16,8,19,31,25,60,81,301,30,51,31,20,11,31,43,376,22,53,66,182,41,200,200,558,404,74,844,56,63,27,397,69,33,15,40,43,59,72,385,86,28,21,29,24,8,27,23,54,21,7,29,70,31,77,165,78,29,3,45,20,22,13,58,11,11,1,11,4,11,21,60,36,26,11,31,26,20,19,56,36,34,11,599,105,93,77,388,379,328,34,445,32,25,32,171,47,57,6,95,36,31,57,162,107,41,26,20,7,15,22,33,68,27,10,84,30,52,91,232,2530,781,87,399,19,28,73,167,91,119,20,80,81,90,678,552,978,243,91,157,28,38,101,209,366,147,59,351,210,263,655,1605
Datasets/wang/Images/train/class4/442.jpg,55483,632,748,437,493,68,525,335,793,98,86,42,567,79,1996,586,654,90,108,35,70,15,96,30,476,25,61,29,398,41,809,234,903,115,69,50,77,15,49,58,81,29,13,5,42,28,75,90,517,47,53,39,87,16,62,39,1299,29,63,49,450,30,388,143,495,66,88,65,56,10,21,22,72,18,29,19,35,12,23,37,64,14,22,10,13,5,12,13,63,13,19,22,26,16,34,39,651,111,69,64,23,8,34,29,53,20,9,19,36,27,61,70,362,50,57,36,34,10,40,57,405,38,56,67,188,50,200,238,837,492,83,1129,88,75,43,361,69,54,14,47,50,70,74,363,69,26,26,27,16,9,19,25,48,19,10,37,62,40,90,154,88,47,17,35,25,22,14,56,18,16,4,15,9,19,11,78,51,28,10,33,35,24,15,80,42,39,11,157,100,92,71,321,578,371,51,404,37,26,40,158,77,57,19,66,24,52,54,164,101,19,28,26,9,6,30,39,83,36,17,89,40,47,100,204,3352,1137,80,398,38,41,52,162,79,95,19,77,62,98,331,470,815,319,76,197,36,59,92,241,419,186,58,396,192,279,501,1736
Datasets/wang/Images/train/class4/403.jpg,52864,759,1047,533,467,50,788,414,1087,69,71,34,798,84,2909,1026,724,82,68,20,49,13,92,33,560,29,37,31,513,30,871,338,1032,55,68,58,74,9,60,41,68,15,4,5,36,10,69,89,604,34,51,25,57,16,69,28,1245,21,53,29,461,20,492,192,473,35,47,59,39,7,24,22,59,17,11,15,42,5,34,24,52,9,20,9,3,3,7,6,56,7,15,12,21,4,24,26,798,73,51,76,27,8,26,22,43,23,11,17,28,14,62,79,451,28,45,38,26,9,27,25,470,23,49,58,188,30,169,161,1033,578,60,1420,72,55,29,427,72,55,7,40,55,83,75,503,95,36,16,21,9,8,18,24,36,29,9,25,56,23,49,168,85,47,12,40,11,12,5,40,11,4,2,9,12,9,15,46,32,32,5,29,8,12,12,50,56,33,10,247,50,47,49,319,762,438,34,381,23,18,24,157,57,48,9,41,24,30,64,177,69,15,12,26,6,4,15,26,80,21,9,46,37,41,77,154,3280,948,81,522,35,25,66,170,88,65,17,56,66,67,549,545,1067,278,73,150,17,32,68,145,546,146,63,308,189,135,582,1265
Datasets/wang/Images/train/class4/456.jpg,62571,472,762,423,402,63,485,326,782,59,47,34,471,67,1798,541,420,36,54,22,56,4,44,26,465,21,34,21,337,15,334,135,662,45,88,35,85,11,48,50,56,13,10,4,43,18,52,57,417,19,43,16,73,5,65,31,1804,21,43,24,610,34,347,120,417,45,73,68,51,14,26,36,50,15,24,20,10,6,15,32,49,9,18,9,11,5,8,16,64,10,22,23,20,10,24,38,433,57,52,60,30,11,30,32,26,12,4,8,23,21,43,78,299,18,48,29,24,9,30,52,407,20,60,62,190,35,146,203,648,403,79,1451,66,52,34,408,75,39,13,51,46,64,44,320,66,24,19,20,12,8,16,28,40,20,12,30,49,38,39,135,54,15,11,36,18,24,10,50,11,6,10,18,10,20,20,52,24,18,8,19,20,32,13,63,50,40,18,184,79,86,49,287,439,262,35,523,15,25,28,137,45,46,9,83,10,33,34,129,55,17,15,34,14,9,14,47,60,26,17,74,23,44,52,208,2527,602,55,314,17,18,57,116,62,43,12,52,35,55,354,310,742,141,54,104,28,33,62,195,356,104,47,279,154,165,306,1297
Datasets/wang/Images/train/class5/540.jpg,25344,1072,1113,639,943,177,859,710,1394,186,156,113,1034,174,2788,1141,1162,175,166,86,168,38,147,112,888,121,98,68,799,112,1026,555,922,158,127,122,157,56,113,150,130,35,26,26,114,45,110,178,750,95,116,76,163,30,134,89,1247,74,106,74,1114,72,649,459,1072,195,138,146,122,33,73,75,148,37,27,36,76,20,66,85,214,38,33,19,28,6,23,16,173,34,39,29,89,25,94,96,784,195,136,109,85,32,73,104,105,38,30,39,78,40,115,172,996,119,165,148,102,24,133,127,1233,114,178,133,702,119,522,554,912,716,113,724,147,160,80,856,133,115,20,95,106,144,115,615,158,98,40,55,33,26,35,81,122,91,30,73,119,100,153,396,155,116,31,121,40,34,22,142,24,27,9,28,26,36,42,169,152,88,19,82,36,43,40,162,127,78,37,182,163,168,158,752,766,692,104,856,83,90,62,431,127,140,19,109,76,107,93,433,227,94,49,92,22,23,32,96,145,113,35,127,126,95,162,453,1132,986,146,700,77,109,100,576,131,210,43,180,122,159,331,1064,1292,739,222,602,92,139,174,621,938,644,218,979,562,616,1016,3969
Datasets/wang/Images/train/class5/561.jpg,20760,1738,2356,1448,800,138,1396,1120,1726,216,134,86,1075,184,2495,1764,1597,294,215,124,119,31,186,73,1285,113,79,103,950,65,1467,617,904,231,92,85,99,22,101,98,118,24,16,21,81,30,131,155,740,96,94,68,86,15,106,64,1774,49,66,58,1165,67,713,429,794,142,90,66,89,16,75,36,102,17,21,22,75,20,84,74,125,38,25,17,11,10,16,14,71,19,24,22,29,13,69,79,800,213,104,128,76,22,90,62,87,27,16,30,68,36,143,151,750,117,94,73,43,17,84,48,711,67,98,76,303,61,434,313,1193,848,115,1919,91,81,81,1227,93,89,26,64,93,113,160,759,211,114,30,62,33,22,38,55,84,62,18,90,106,78,165,392,138,114,23,61,30,31,16,85,21,10,10,21,22,25,32,119,95,92,17,68,31,22,30,97,65,57,20,128,73,86,115,604,964,928,79,796,72,48,76,304,85,120,16,88,75,84,144,448,186,90,39,51,17,24,25,57,114,81,27,83,75,47,178,330,1920,2160,148,776,111,98,176,476,159,227,37,146,160,187,499,1415,1633,942,189,514,105,120,173,373,705,502,147,605,467,374,1377,3287
Datasets/wang/Images/train/class5/534.jpg,6931,1274,953,971,1675,235,1024,1228,823,190,149,117,906,172,1065,1346,1284,190,194,121,241,32,223,109,900,101,116,100,1299,129,1549,784,876,220,184,184,239,38,168,168,151,39,40,36,139,33,147,164,920,91,159,110,322,33,198,136,1087,109,167,159,1809,129,1218,739,1597,249,269,308,286,37,128,109,213,43,52,51,134,18,81,127,176,37,48,38,36,13,18,45,260,36,49,46,120,39,105,119,899,224,164,210,140,35,104,112,118,47,39,37,105,35,120,187,1021,115,198,126,139,33,140,129,1386,98,218,185,800,118,640,625,802,963,146,1283,271,251,143,1761,181,156,37,164,160,203,132,1178,174,107,33,103,42,24,46,127,135,105,35,160,217,149,200,744,112,122,36,149,37,40,27,218,29,32,8,47,31,49,31,212,114,87,23,137,65,41,44,213,125,165,43,344,246,241,223,1468,916,1310,146,1825,124,133,95,981,153,244,41,293,101,152,131,752,203,113,57,122,30,30,44,143,188,153,44,234,121,143,196,677,976,1393,135,1193,85,92,100,745,142,215,34,247,107,169,233,1232,1273,691,173,747,116,82,167,651,1010,750,197,1387,730,665,1176,5152
Datasets/wang/Images/train/class5/537.jpg,8594,1202,752,763,1225,205,884,1236,1039,171,135,111,955,193,1642,1769,1453,203,138,106,177,26,172,86,1043,103,105,75,1242,103,1753,867,843,166,116,138,186,39,121,158,188,43,30,19,129,46,117,176,1105,103,143,87,228,24,170,115,1711,73,136,89,1898,106,1060,583,1265,148,158,150,170,23,84,87,200,27,33,27,94,13,74,70,208,34,37,27,25,15,15,22,233,27,41,33,110,25,101,85,987,184,138,149,105,26,86,110,151,33,18,29,100,29,126,152,1594,117,182,125,116,27,118,106,2608,112,246,212,1293,121,796,613,746,868,106,1107,184,186,110,1952,137,124,26,130,96,153,119,1096,173,92,25,81,33,16,31,74,124,98,18,101,162,90,179,542,138,103,27,102,56,54,27,210,29,18,7,33,24,32,29,151,136,96,23,108,51,45,32,181,154,113,33,258,194,180,182,997,868,1247,88,1542,90,80,79,747,123,133,20,137,72,87,99,624,187,112,42,70,23,24,33,77,168,108,37,181,114,106,146,468,1450,1955,119,1205,82,94,112,659,145,215,27,150,121,144,270,1077,2044,1027,230,656,102,115,170,569,1459,797,202,1172,863,678,1173,4068
Datasets/wang/Images/train/class5/552.jpg,19636,1154,1036,676,1029,228,799,838,1615,197,161,121,1185,208,2835,1126,1209,172,199,103,206,39,162,118,1060,99,109,82,1002,123,1150,638,979,190,124,137,173,50,127,176,130,34,30,25,118,61,149,201,804,107,132,80,209,34,150,110,1264,82,142,93,1509,104,768,540,1103,209,159,160,144,27,78,85,153,43,30,30,84,27,81,100,212,42,41,27,26,11,27,23,189,29,31,25,110,34,76,95,917,176,136,141,100,31,86,140,122,52,31,30,85,47,121,172,1053,120,180,137,122,30,159,143,1368,123,188,162,743,131,638,622,854,670,108,749,154,184,102,834,142,150,30,106,123,160,137,651,184,105,46,93,38,27,39,92,137,80,23,87,154,118,155,478,137,130,21,109,31,45,34,163,39,29,7,56,25,45,40,182,143,85,29,105,42,31,38,153,143,112,44,161,196,185,223,753,732,733,108,989,78,87,64,483,151,172,34,139,97,128,98,516,232,126,42,100,23,25,41,106,186,105,38,164,129,123,173,531,997,1022,132,738,71,108,129,552,152,204,50,187,120,192,263,1090,1179,756,246,620,100,125,203,679,948,712,221,1033,642,680,1109,4505
Datasets/wang/Images/train/class5/504.jpg,10726,1812,1036,789,1163,225,847,864,1658,276,204,135,1290,265,1789,1419,1735,325,258,152,221,59,263,156,999,153,148,109,1076,135,1688,899,947,278,207,161,171,61,161,209,185,58,43,31,119,84,173,249,806,143,136,105,166,43,183,138,856,81,113,98,856,119,877,617,1104,247,154,121,130,37,68,111,211,54,45,50,98,32,119,140,278,62,65,41,31,20,44,48,207,30,46,52,110,38,130,151,838,286,179,185,93,41,127,143,136,68,32,62,108,60,162,255,907,140,189,124,107,52,150,148,865,102,206,180,539,143,656,710,1015,806,148,729,173,193,127,933,198,171,44,122,169,188,157,815,284,145,64,79,46,44,73,108,152,98,41,99,179,127,243,586,212,139,34,116,42,57,46,212,46,43,18,45,42,56,65,269,153,120,39,115,53,45,62,175,117,108,31,179,178,166,232,906,855,873,146,685,106,105,105,499,177,221,31,169,123,137,179,666,290,144,88,108,31,35,70,131,210,145,56,168,130,139,253,661,1276,1479,187,832,125,146,158,704,184,270,55,214,158,255,442,1507,1367,897,277,641,139,167,268,772,844,657,239,939,644,672,1512,5373
Datasets/wang/Images/train/class5/572.jpg,6929,1243,931,908,1683,230,950,1071,742,164,126,141,829,210,939,1151,1274,217,187,140,240,51,260,144,806,120,128,114,1200,123,1334,813,877,219,176,173,252,42,167,178,128,45,38,41,90,34,124,169,889,112,173,115,262,28,189,112,981,101,142,150,1527,134,1148,756,1707,300,279,303,292,47,129,147,217,50,39,56,133,23,138,127,201,46,40,35,41,7,43,27,230,29,49,45,164,25,120,109,910,233,147,204,134,42,106,112,146,39,29,44,124,32,134,166,1033,136,163,142,122,22,134,107,1345,126,215,206,848,112,715,588,791,911,151,1271,254,242,157,1617,154,161,34,175,162,168,139,1047,204,109,39,111,52,40,50,139,138,105,33,148,211,137,235,834,165,134,36,189,56,55,31,261,29,31,14,38,32,28,36,224,139,106,38,172,71,50,53,215,149,150,48,333,245,236,264,1484,961,1228,145,1586,158,170,101,973,171,218,28,280,131,162,130,820,182,106,41,146,36,37,43,132,176,148,33,253,136,162,193,718,922,1344,145,1236,116,142,118,754,132,233,42,280,126,174,216,1211,1136,829,202,881,131,149,190,694,1043,836,209,1508,755,755,1191,5609
Datasets/wang/Images/train/class5/579.jpg,14898,1344,986,790,1115,146,951,1047,1237,150,111,82,1115,122,2785,1814,1320,153,185,75,176,20,173,74,1016,84,66,66,1389,62,2150,551,922,192,120,134,175,39,115,151,107,40,29,29,89,31,121,113,896,104,120,89,171,25,178,103,1443,73,97,90,1342,68,982,429,1138,181,170,147,128,20,68,70,164,34,34,41,73,15,71,55,186,29,27,21,19,11,18,22,149,23,38,34,76,14,64,73,917,196,149,162,74,15,75,77,110,58,41,36,87,32,108,138,1340,82,168,132,75,26,94,73,1531,87,177,153,576,79,500,368,813,842,86,1154,181,152,71,1157,130,133,26,101,119,140,107,819,145,97,32,59,34,15,42,63,122,92,21,114,168,100,170,443,126,111,22,100,44,47,33,196,30,39,6,35,28,30,37,136,93,113,25,110,43,42,37,161,115,90,25,185,161,180,151,852,914,1450,97,1494,93,85,105,597,131,155,22,163,96,100,124,444,150,77,42,77,20,29,40,63,167,107,23,123,102,110,169,430,1901,2923,109,1058,90,86,128,549,140,176,29,162,124,173,253,1000,2580,767,156,507,91,102,135,479,1031,584,177,987,563,481,1043,3675
Datasets/wang/Images/train/class5/549.jpg,6661,1224,854,939,1450,231,1036,1167,825,166,152,130,933,176,1349,1480,1305,202,190,116,240,28,181,97,914,114,149,104,1238,125,1889,1060,899,180,147,165,232,37,148,153,169,38,28,36,120,44,134,158,923,114,144,97,223,27,194,126,1126,108,131,105,1787,96,1238,802,1439,252,239,246,195,30,129,121,201,36,41,51,119,25,70,130,212,43,29,29,35,12,27,28,206,33,41,36,110,23,113,109,951,227,157,178,118,32,89,119,133,36,24,42,95,32,116,163,1281,109,172,112,125,35,131,111,1785,120,190,169,888,136,766,586,881,843,121,1235,216,237,129,1765,151,154,30,137,143,167,114,1175,162,112,38,112,47,28,35,112,155,103,31,130,176,120,204,857,178,123,27,138,40,38,25,208,33,27,11,24,29,38,28,214,143,109,36,102,50,41,30,179,151,135,32,223,208,195,195,1244,959,1286,117,1929,113,119,92,928,155,169,23,261,96,128,117,765,205,125,30,136,24,25,36,95,185,136,31,180,109,133,161,643,1170,1702,136,1367,124,133,121,730,115,201,27,211,127,148,198,1143,1705,987,155,849,129,129,138,598,1230,872,206,1288,763,638,1163,4548
Datasets/wang/Images/train/class5/517.jpg,9725,1024,921,753,1348,152,1042,1036,1234,180,147,92,1289,205,3449,1881,1168,164,145,74,158,40,128,69,1001,74,96,92,1353,91,1879,769,1117,138,109,108,213,33,145,135,159,32,21,23,151,30,149,175,997,65,102,71,213,28,145,82,1595,75,113,93,2247,97,1131,645,1314,116,208,191,179,35,92,93,189,35,34,37,97,27,85,85,147,18,31,16,21,9,25,17,211,19,54,42,77,27,89,82,1202,150,116,107,76,22,68,80,113,27,24,29,85,18,115,168,1574,72,147,91,98,30,106,117,1886,81,196,179,934,93,662,521,842,751,96,1196,166,157,79,1358,124,102,27,120,125,124,125,945,192,71,26,72,24,20,25,72,104,65,18,114,145,80,135,565,130,100,24,121,37,37,26,151,16,22,4,28,28,34,22,171,122,77,28,100,39,37,22,147,127,114,28,264,232,195,141,1109,989,1035,94,2220,92,70,58,683,108,121,16,173,59,95,80,529,184,80,34,89,28,18,29,62,158,86,22,196,77,79,114,420,2627,1916,114,941,70,76,99,480,149,135,39,142,97,119,227,791,2979,839,170,524,93,80,137,433,1258,569,168,1096,634,451,990,3584
Datasets/wang/Images/train/class5/510.jpg,7017,1491,735,773,1238,208,840,1187,790,222,161,126,868,265,1562,2079,1556,322,209,120,199,45,214,134,902,150,121,106,1106,127,1819,1001,841,237,126,118,159,54,130,170,131,58,35,26,128,48,171,210,865,127,153,97,163,34,161,113,1076,85,111,126,1520,107,1106,702,1360,179,137,137,165,35,99,87,200,46,39,33,74,27,127,108,247,36,47,27,33,19,23,27,182,35,50,35,86,26,115,137,1103,242,128,141,114,37,100,103,105,49,23,44,83,37,147,201,1375,127,186,128,104,29,125,123,1780,106,230,192,766,101,773,642,834,837,112,876,179,187,90,1520,139,128,32,96,149,171,161,1119,218,135,45,75,43,31,38,106,132,102,28,110,162,121,213,652,171,131,42,109,53,54,38,215,24,30,19,28,34,33,44,218,143,134,28,121,38,43,29,150,122,108,33,209,201,171,180,1002,955,1203,96,1331,96,89,104,615,168,154,25,184,110,98,147,652,218,128,41,81,30,28,32,94,191,124,40,143,107,120,209,509,2067,2167,149,1135,118,108,134,660,186,210,38,165,142,192,316,1423,2444,1168,219,728,120,124,219,640,1329,814,216,1185,722,542,1397,4730
Datasets/wang/Images/train/class5/528.jpg,4973,1043,590,965,1465,136,1097,2015,632,143,79,85,1112,149,1680,2213,1029,147,149,89,134,31,148,82,932,106,99,96,2137,82,2300,1031,603,125,113,120,121,23,112,147,80,24,21,22,85,32,108,146,960,79,117,80,152,16,131,98,1876,68,126,131,3259,64,1666,772,1249,139,134,146,162,18,79,66,156,27,28,16,72,14,75,72,137,24,23,18,19,3,5,6,166,17,14,16,101,14,78,68,1048,140,106,140,66,14,84,81,88,21,11,20,81,15,89,129,1889,94,158,88,77,12,98,67,2736,80,199,127,1084,65,664,407,554,885,71,1859,118,152,75,3142,97,110,17,141,109,145,119,1674,132,76,25,62,16,22,24,81,110,79,14,111,153,102,168,772,108,93,8,117,22,25,13,169,18,24,1,29,18,18,18,144,111,66,15,102,17,19,20,130,112,110,23,262,153,147,154,1168,998,1783,61,2576,88,73,68,1021,116,123,9,166,86,109,77,637,143,75,24,77,14,17,24,61,129,90,22,123,72,70,99,385,1512,2059,102,1442,70,73,83,670,138,152,30,124,96,117,203,895,2118,1019,147,736,69,82,121,403,1554,773,157,1102,724,412,955,3239
Datasets/wang/Images/train/class5/521.jpg,9160,1708,840,733,1126,225,892,900,886,227,186,127,921,204,2465,2148,1743,342,224,139,193,58,218,119,797,141,141,104,909,136,2010,1031,926,220,132,125,165,51,131,119,138,43,28,29,106,49,170,206,812,136,133,84,147,23,135,118,863,95,136,99,1186,91,940,641,1224,176,159,124,149,37,97,73,181,42,54,25,103,23,128,125,224,40,39,32,28,14,24,30,148,28,40,25,90,25,136,119,1052,223,137,144,87,31,92,103,108,53,24,34,98,36,185,176,1138,110,168,106,94,35,121,95,1140,108,173,165,657,111,728,550,909,801,97,682,152,141,107,1031,145,110,32,103,117,159,169,915,209,115,37,80,44,26,44,93,110,89,24,97,148,114,189,589,190,132,35,111,40,41,30,167,27,31,13,25,24,39,56,181,120,96,17,108,44,60,42,171,116,87,36,195,170,157,174,961,1050,988,104,1008,95,79,83,572,162,159,22,171,113,100,156,600,212,123,29,73,37,39,32,92,149,114,42,132,124,98,204,505,3350,2513,156,1061,122,123,172,644,191,211,47,190,172,180,513,1474,2251,1203,229,710,106,156,203,616,1132,757,225,1042,773,548,1518,4425
Datasets/wang/Images/train/class5/567.jpg,7585,1215,889,973,1826,210,1029,1248,891,172,135,123,1053,203,1030,1200,1231,198,184,118,233,34,197,102,895,123,113,117,1226,120,1272,760,821,196,143,143,235,33,161,179,129,39,33,29,135,34,128,166,895,117,167,117,257,24,193,143,1123,97,171,145,1561,130,1151,789,1679,234,247,280,263,35,117,140,231,48,42,42,140,25,119,120,188,41,39,20,29,6,33,20,233,22,47,42,130,27,125,116,962,158,157,186,142,27,124,128,122,37,27,44,97,31,112,161,1127,103,191,140,155,21,110,103,1546,132,224,197,814,103,674,575,856,981,127,1361,238,251,129,1789,144,147,33,165,152,189,136,1136,154,74,34,142,34,27,32,136,138,134,28,177,198,129,192,893,135,143,37,171,29,48,15,244,30,25,8,31,33,38,37,233,130,116,35,162,44,54,35,234,162,157,49,354,252,216,239,1553,1023,1312,117,1695,142,143,107,970,150,187,29,265,133,131,122,776,156,103,38,142,25,33,23,109,193,134,40,229,136,116,169,653,1120,1271,118,1160,115,98,121,787,134,189,31,256,133,147,215,1091,1199,804,168,820,110,106,173,579,1032,765,216,1498,663,616,1128,5160
Datasets/wang/Images/train/class5/505.jpg,25763,1078,1064,603,1325,200,784,673,1096,170,154,116,812,166,1342,776,1078,154,192,90,188,36,151,92,640,107,113,82,645,81,756,393,1082,198,145,121,225,50,129,160,145,51,33,32,96,52,108,146,656,90,132,94,174,29,140,127,858,77,130,127,846,108,560,501,1387,197,244,228,182,41,95,89,238,45,50,58,89,35,87,113,226,41,45,34,34,14,33,38,208,28,67,54,97,27,92,107,876,161,148,172,96,40,85,107,119,39,40,55,83,55,97,165,723,92,161,116,95,36,124,140,879,99,188,207,472,142,479,554,1114,652,143,749,213,224,110,784,182,141,44,130,136,152,110,567,194,75,59,69,40,35,40,76,142,88,39,106,132,122,160,461,192,133,38,128,57,68,34,195,44,32,13,37,35,64,33,187,125,87,45,115,85,64,55,237,110,111,38,252,194,207,168,1073,912,702,107,741,87,101,92,430,166,143,40,189,103,106,77,430,183,88,46,93,36,33,49,117,172,124,38,218,102,138,183,543,1958,1107,122,652,85,114,103,499,140,162,45,191,85,167,221,943,1130,601,177,625,128,159,196,618,673,557,194,1192,503,655,891,4491
Datasets/wang/Images/train/class5/573.jpg,23545,1129,994,675,980,220,781,734,1479,199,137,110,1116,239,2621,1063,1176,196,143,96,174,42,163,99,966,104,98,74,904,99,1090,583,901,167,120,135,153,35,126,166,159,41,28,31,114,49,131,197,757,105,118,75,141,31,168,121,1201,74,125,86,1147,92,685,507,1005,174,165,130,130,30,82,85,136,40,24,31,69,28,73,71,245,40,50,23,27,8,27,23,200,20,24,28,81,21,88,91,790,182,139,167,84,29,81,126,114,39,27,31,74,32,133,184,980,125,185,151,131,36,151,161,1366,111,184,156,735,121,570,593,883,687,110,679,160,167,86,768,127,155,28,94,138,162,125,611,215,110,44,85,29,25,44,73,161,72,34,86,139,94,171,438,167,114,34,92,21,53,32,165,35,24,9,36,31,55,31,201,130,100,33,86,43,29,28,142,124,77,50,165,159,155,172,732,765,733,96,898,68,89,69,479,140,142,29,148,80,120,112,482,222,110,50,86,25,29,41,108,185,144,44,141,113,136,150,466,1032,927,146,647,78,107,100,614,148,200,41,181,104,179,254,1046,1258,712,208,664,117,113,196,655,897,684,247,888,585,616,1122,4365
Datasets/wang/Images/train/class5/516.jpg,7467,1052,887,823,1556,165,834,1096,772,131,160,107,817,125,1439,1710,1098,156,162,68,171,39,174,91,840,74,108,72,1124,82,1528,690,910,157,137,122,258,31,149,144,154,26,27,28,113,27,95,153,900,65,122,77,259,18,161,95,1414,78,125,118,1941,99,947,522,1722,222,247,265,268,31,108,111,222,44,44,33,87,28,73,100,172,32,30,27,27,14,26,25,208,19,46,48,101,20,81,97,1075,171,155,158,99,22,76,87,117,34,27,33,75,32,103,145,1424,85,162,86,137,21,84,85,1981,82,259,227,822,126,520,538,962,895,173,1559,236,226,122,1891,127,125,22,163,112,168,96,933,148,76,25,79,29,29,42,103,105,87,31,141,161,109,146,594,156,135,39,150,63,58,36,242,27,31,8,36,23,42,34,159,135,102,36,141,36,43,43,225,167,131,36,367,269,238,179,1347,1137,1656,112,2491,130,110,84,944,136,163,22,259,92,111,82,561,181,100,37,111,25,29,35,127,150,105,33,225,87,91,133,584,2327,2502,126,1308,75,118,111,564,125,172,21,188,107,147,170,822,2446,954,176,679,89,108,147,596,1162,707,173,1492,580,532,882,4114
Datasets/wang/Images/train/class5/518.jpg,6808,1434,868,863,1450,227,915,1019,819,217,182,141,956,225,1232,1654,1327,213,208,129,265,35,247,130,848,125,145,131,1084,151,1784,1054,924,219,152,145,204,50,134,185,152,42,39,42,122,40,130,204,917,139,153,111,234,34,199,156,915,102,153,122,1458,135,1038,781,1462,258,211,233,215,23,132,136,229,48,47,51,108,34,109,152,229,42,43,36,39,8,21,27,222,35,47,48,118,34,119,145,942,248,173,210,107,32,115,119,129,40,45,47,102,45,122,189,1031,126,197,155,119,32,137,133,1317,128,236,203,803,124,781,670,864,852,183,891,220,239,127,1412,158,150,41,157,142,191,142,1064,218,125,39,86,42,24,37,114,144,109,41,150,194,130,240,849,162,145,37,144,47,50,19,241,29,40,8,34,27,37,39,230,152,130,32,123,63,42,58,212,133,119,55,255,249,175,227,1319,939,1142,129,1462,120,121,135,809,139,177,34,217,113,115,140,786,240,120,46,128,26,35,44,144,182,146,48,205,151,149,193,712,1158,1611,131,1112,132,149,142,806,138,274,26,236,131,197,251,1295,1598,1018,233,804,103,158,222,707,1044,832,232,1260,766,736,1207,5329
Datasets/wang/Images/train/class5/543.jpg,6448,1270,836,902,1398,216,974,1222,815,200,133,114,949,222,1392,1760,1278,200,225,114,244,24,218,102,896,121,127,116,1254,117,2109,1066,942,204,156,173,224,40,144,189,130,48,40,23,123,39,143,176,915,114,150,90,238,32,221,132,1054,80,104,131,1542,96,1151,759,1362,219,229,230,187,36,121,122,204,52,33,38,111,30,91,116,212,40,37,30,41,13,29,29,246,32,43,46,112,23,106,102,1031,233,150,203,112,29,95,141,136,48,36,38,107,56,99,158,1271,124,195,115,121,39,121,131,1604,152,212,190,798,111,774,565,848,869,127,1057,186,203,105,1595,161,136,28,146,144,182,121,1166,197,103,52,80,41,31,48,100,153,105,29,112,192,115,203,763,159,140,31,143,42,43,35,197,45,35,10,34,38,51,39,194,143,103,41,120,59,40,34,183,161,139,41,258,226,183,196,1293,984,1331,139,1614,108,132,90,825,179,195,30,240,103,138,114,732,229,136,41,110,30,34,38,111,164,134,38,202,132,153,182,610,1195,1826,145,1240,127,108,139,747,147,231,49,216,123,202,222,1107,1784,960,234,812,121,152,190,636,1280,821,222,1257,753,727,1095,4826
Datasets/wang/Images/train/class5/525.jpg,8400,1263,812,824,1165,198,821,1166,1077,202,110,103,989,249,1637,1682,1436,162,184,107,168,29,158,106,1018,89,121,73,1075,111,1630,866,874,170,125,120,165,39,117,169,180,40,27,15,126,70,157,237,1046,116,153,75,216,25,166,108,1493,81,132,117,1636,102,1066,622,1336,190,166,149,181,27,69,92,208,27,32,21,86,24,89,86,236,18,40,22,28,9,15,21,249,25,45,28,103,21,91,73,1053,188,128,163,102,20,94,117,138,36,26,33,92,51,131,155,1581,132,198,133,143,43,125,174,2542,118,288,193,1121,142,685,702,892,889,120,999,177,212,109,1765,155,127,27,113,113,152,133,1062,223,90,34,81,37,14,22,86,179,91,16,86,141,105,162,564,174,137,29,124,45,65,28,246,43,23,9,28,24,53,27,184,148,89,27,116,58,46,24,183,142,133,51,215,208,154,158,1010,908,1255,99,1406,101,113,83,703,141,145,16,152,87,98,88,641,275,84,60,92,26,22,29,98,162,120,43,149,129,93,160,463,1351,1900,130,1193,89,97,92,758,156,223,33,193,112,158,225,1069,1857,996,240,769,132,133,194,630,1537,859,249,1191,879,677,1132,4286
Datasets/wang/Images/train/class5/531.jpg,5726,1479,830,1027,1149,168,1049,1383,637,167,113,115,951,169,1378,1758,1362,221,212,135,243,37,232,111,820,112,128,121,1672,127,2565,1181,757,221,146,168,146,48,138,154,110,33,25,18,92,45,137,159,940,113,157,116,187,29,179,116,1060,83,122,109,1607,94,1583,795,1146,238,162,238,118,25,101,103,144,34,34,29,82,19,100,99,143,32,29,26,28,15,20,29,148,24,44,20,102,25,98,110,969,275,138,201,92,22,123,101,117,43,27,51,98,26,130,174,1347,106,171,125,91,20,123,106,1590,78,155,134,852,82,762,485,658,914,114,1194,143,159,119,1872,118,129,34,124,144,151,151,1289,164,105,46,86,33,28,56,107,120,103,22,95,212,111,263,839,121,113,34,106,29,32,32,175,17,21,16,29,32,30,33,161,106,112,18,102,42,42,39,140,100,112,24,219,175,155,210,1045,967,1690,121,1842,100,108,97,947,143,223,27,199,108,157,139,912,181,122,32,92,27,27,33,106,177,119,21,177,125,142,198,678,1332,2452,128,1501,106,99,140,756,147,248,37,239,140,204,232,1386,1664,1168,153,743,85,114,151,519,1200,810,161,1115,839,631,1224,4498
Datasets/wang/Images/train/class5/523.jpg,18880,896,1123,820,1061,139,964,1198,1414,125,107,85,1113,144,2138,1395,989,191,107,75,132,23,122,67,994,75,91,58,1153,63,1705,641,872,131,98,109,126,19,90,82,126,24,23,26,95,17,101,123,879,69,108,73,132,26,106,73,1773,73,104,94,1676,79,846,467,1120,137,127,123,162,22,69,75,172,16,25,25,76,21,51,72,136,31,36,20,28,10,15,18,167,23,26,24,65,24,52,81,1057,141,104,105,81,20,75,65,88,26,23,22,68,24,69,123,1452,81,119,90,103,22,83,84,2039,84,163,122,682,88,447,404,763,739,105,1503,148,145,53,1909,94,96,16,100,95,119,94,923,141,66,34,52,30,27,32,67,104,74,17,84,101,77,108,435,135,93,22,95,37,31,14,137,22,16,8,33,21,34,24,140,100,74,25,91,38,26,25,129,97,79,23,210,156,139,131,790,904,1297,93,1720,85,75,73,617,95,133,20,113,73,79,79,395,120,89,14,62,24,19,20,65,127,84,25,126,72,66,130,333,2181,2154,119,1109,74,82,101,464,110,143,20,129,77,133,219,765,2334,868,130,558,90,106,135,417,1226,645,166,975,532,449,811,3202
Datasets/wang/Images/train/class5/563.jpg,7831,1287,1028,901,1455,306,908,913,1162,208,167,156,923,211,728,818,1293,180,186,105,287,39,207,150,956,125,146,105,1098,123,892,548,1053,216,215,196,250,70,192,239,195,59,50,45,169,59,144,223,885,123,181,130,316,31,224,177,969,117,164,130,1359,169,888,772,1402,321,245,301,233,45,135,159,252,63,48,79,135,41,100,133,309,43,56,40,52,20,47,45,244,44,53,55,160,39,143,136,898,244,204,222,152,43,127,179,170,78,36,70,119,45,135,223,927,120,247,150,155,40,196,195,1053,147,261,264,775,170,737,865,976,863,216,1017,239,279,180,1155,199,173,45,198,163,210,154,806,232,119,50,125,59,35,57,158,168,125,35,167,230,208,261,802,151,140,39,177,67,58,42,246,30,51,14,69,49,62,55,282,164,124,50,149,65,57,53,266,164,138,61,264,311,257,342,1324,810,1080,174,1262,119,156,131,912,171,241,44,304,115,188,134,771,210,129,51,136,54,39,46,179,235,163,60,304,174,231,212,949,721,960,190,870,95,127,125,736,165,261,60,322,121,220,188,1169,847,571,228,739,145,153,241,836,782,736,277,1331,720,982,1198,6226
Datasets/wang/Images/train/class5/502.jpg,15873,1295,1704,895,1317,232,1185,866,2224,255,248,158,1451,193,2797,1125,1183,191,227,111,244,52,204,127,965,84,148,107,1101,99,1459,632,975,192,188,135,240,72,172,170,189,55,59,56,145,72,156,192,671,91,127,88,201,36,174,138,755,90,140,114,954,129,693,536,1136,222,226,202,199,60,101,114,206,68,75,64,91,54,112,124,238,41,73,49,43,12,47,44,191,36,70,63,98,46,116,179,665,175,134,181,104,30,100,119,118,61,48,73,93,52,116,209,608,126,170,142,116,43,123,155,606,96,161,211,454,149,468,743,1009,632,211,874,200,201,178,854,157,136,63,174,153,184,166,675,218,120,53,95,50,51,62,112,134,89,38,129,169,132,193,504,179,134,50,145,65,64,49,192,49,55,30,60,37,78,57,210,134,110,45,116,63,68,68,191,126,102,50,216,209,218,216,1027,688,711,142,926,86,122,93,582,142,191,42,239,96,145,121,525,193,131,47,109,43,47,63,180,173,140,79,222,135,175,206,808,819,953,144,687,89,122,125,563,127,185,49,242,122,217,262,1035,829,592,174,598,120,181,232,786,573,548,236,991,513,788,965,5324
Datasets/wang/Images/train/class5/556.jpg,28164,1105,940,592,864,187,741,632,1667,190,115,89,1179,198,2904,907,1150,140,165,82,172,33,142,95,1044,73,90,65,954,105,1021,511,903,170,125,128,123,32,129,144,129,37,13,36,121,30,125,172,777,93,102,73,159,24,132,114,1175,68,102,59,1420,89,736,469,928,166,118,128,114,26,65,69,119,29,25,28,66,22,44,51,213,33,49,16,25,6,20,20,163,24,41,22,89,20,64,69,824,173,116,144,74,23,70,103,117,43,13,23,83,34,94,171,901,110,165,101,88,24,142,132,1181,88,143,134,643,96,539,528,807,613,95,677,127,130,65,747,140,124,21,112,96,147,107,561,183,96,42,65,29,25,26,70,134,85,26,69,130,102,143,383,120,99,24,107,26,36,22,144,29,30,9,24,23,30,42,161,124,72,26,75,35,29,34,134,124,99,27,125,157,138,165,616,688,734,89,949,64,69,67,403,122,129,14,144,58,106,97,426,190,101,52,81,21,21,44,85,164,112,42,132,95,90,153,410,1054,982,138,692,64,94,99,527,145,219,48,153,131,162,296,1053,1131,644,188,524,108,105,191,542,885,573,208,813,540,585,1016,3766
Datasets/wang/Images/train/class5/571.jpg,6079,1219,700,917,1080,233,943,1750,871,176,132,96,992,228,1859,2667,1198,199,149,101,143,33,117,110,1027,105,112,93,1514,119,2015,1161,708,141,123,129,167,49,117,170,153,33,28,24,133,55,119,227,939,79,127,75,176,34,141,113,1420,59,115,98,1900,107,1345,705,1159,143,151,123,153,25,69,73,193,22,36,30,84,23,90,101,242,34,62,28,18,6,30,20,229,24,61,44,90,27,75,101,899,150,105,159,87,19,74,133,121,32,17,36,103,37,124,179,1749,105,200,125,120,40,141,134,2054,94,229,161,925,146,762,661,801,933,89,1232,162,171,75,2029,167,156,31,107,127,154,132,1457,189,99,27,67,24,19,25,62,150,88,22,87,137,96,120,670,122,112,25,97,33,63,22,177,27,30,10,32,34,45,34,198,130,85,18,95,39,53,35,156,147,88,33,205,171,140,143,952,968,1454,92,1710,80,75,73,796,127,156,24,126,85,75,102,578,214,109,51,71,25,22,21,83,209,122,43,126,91,115,140,418,1675,2240,150,1228,79,82,135,711,135,161,24,162,87,139,306,1168,2589,1146,246,698,110,98,204,617,1409,716,222,964,680,546,1118,4112
Datasets/wang/Images/train/class5/501.jpg,9505,1195,969,767,1678,285,866,848,1178,202,182,128,948,226,995,975,1233,164,186,119,287,45,191,130,863,135,139,118,905,117,827,580,966,227,213,167,289,70,188,194,200,42,48,35,160,63,133,226,835,129,190,133,266,52,215,172,972,101,187,157,1091,168,831,764,1565,244,271,265,290,43,166,140,301,68,55,52,142,34,92,129,302,38,66,45,47,19,42,47,314,42,88,60,152,29,141,140,832,236,165,228,165,44,138,159,176,60,36,63,122,31,136,200,992,144,223,182,166,47,166,168,1287,149,299,264,749,165,703,883,1006,732,158,819,306,297,156,1245,229,195,48,162,176,236,137,854,224,126,56,124,61,41,56,187,192,116,54,152,182,180,186,695,204,151,52,154,65,85,51,285,28,58,12,42,49,77,47,280,154,117,37,131,67,66,47,329,163,169,52,305,275,244,240,1447,766,806,151,1008,141,163,98,653,189,180,43,244,133,149,93,687,227,130,47,139,39,29,51,163,237,145,77,255,160,162,186,766,765,1021,136,843,100,139,135,724,149,214,51,268,136,211,193,1071,1071,704,225,741,124,175,186,835,998,782,312,1527,740,821,1151,6015
Datasets/wang/Images/train/class5/530.jpg,15803,1906,1694,1157,871,161,1144,1247,1341,218,165,116,1125,210,2538,1879,1923,377,231,139,126,42,209,103,930,135,115,100,1036,88,2089,951,995,274,91,122,120,44,108,108,128,41,22,10,79,41,154,185,908,147,94,68,102,27,130,70,923,69,60,79,998,59,765,464,922,198,108,88,120,21,62,52,132,28,29,21,58,13,106,79,168,42,26,21,17,4,19,17,92,15,25,26,68,19,76,80,916,259,94,148,73,26,93,95,86,47,23,33,80,38,165,198,898,132,168,105,63,28,94,85,805,68,130,104,311,67,548,343,798,750,110,1007,120,116,90,1025,101,98,23,70,117,126,156,811,261,146,52,59,38,22,41,68,115,82,22,74,120,87,205,482,153,127,25,72,43,42,23,119,30,34,7,13,25,30,32,136,137,137,27,66,33,34,41,124,64,74,18,139,130,110,141,657,852,863,91,982,70,49,95,378,122,142,21,110,99,108,164,553,251,129,33,66,28,17,41,65,146,110,27,108,81,84,200,401,1857,2142,189,870,139,111,171,631,178,259,32,170,179,240,541,1671,1959,1208,224,598,124,135,237,465,813,601,169,831,588,503,1684,4059
Datasets/wang/Images/train/class5/565.jpg,30850,916,2525,1088,859,153,1513,1023,1744,139,154,91,1144,128,4073,1593,923,175,146,95,152,34,138,69,799,100,89,73,794,84,1231,511,768,165,100,81,132,21,84,83,110,31,20,21,78,26,107,112,591,91,84,60,111,23,97,70,821,53,72,80,764,62,505,345,851,143,124,115,134,30,77,42,118,27,34,30,67,18,76,74,159,31,29,25,30,13,26,30,111,25,25,30,46,23,74,93,651,134,90,103,71,26,60,78,78,38,17,28,63,20,96,96,645,110,106,99,79,25,72,71,716,75,95,97,353,87,332,385,857,570,127,1403,115,110,85,977,97,88,24,71,76,90,97,665,147,101,34,45,24,31,24,63,87,54,21,64,74,70,119,345,114,102,26,77,44,34,31,94,26,26,15,24,27,33,38,121,109,102,28,74,45,30,26,117,80,79,36,138,115,108,150,629,668,596,108,614,57,72,64,300,85,86,17,117,64,70,90,365,117,97,31,75,24,29,25,81,93,93,24,108,70,69,105,395,1417,1099,122,579,89,105,91,416,126,145,34,142,105,135,272,832,1043,696,134,472,104,114,156,416,715,549,134,714,434,450,846,3180
Datasets/wang/Images/train/class5/545.jpg,9182,1475,842,837,1032,207,789,1088,950,235,129,112,870,267,1565,1451,1540,247,203,112,185,35,166,133,952,124,114,96,1019,113,1218,801,836,215,140,130,148,49,130,167,123,45,29,26,137,54,144,279,1051,125,144,95,181,21,160,115,1282,97,108,116,1431,111,944,636,1321,204,130,159,133,25,89,97,166,42,31,36,73,20,86,111,258,36,24,17,24,11,33,27,194,26,32,21,91,27,83,107,1109,238,139,202,101,23,118,128,107,36,24,20,88,47,154,224,1471,139,195,137,131,31,144,136,1780,87,207,162,927,118,713,634,916,1017,110,1003,146,183,90,1107,151,136,36,130,127,187,148,914,232,138,42,92,36,27,32,81,164,104,33,101,165,111,178,566,163,146,25,133,44,49,26,195,28,29,14,37,22,38,46,198,151,110,18,103,32,38,29,139,136,116,33,187,189,168,198,826,1069,1306,116,1490,76,90,90,701,154,192,29,167,107,114,126,690,267,161,46,118,29,22,36,92,205,138,28,138,118,116,168,524,1577,1957,191,1167,101,116,140,799,167,243,46,192,147,200,349,1365,2072,1185,272,830,118,132,212,732,1362,784,248,1070,791,606,1399,4704
Datasets/wang/Images/train/class5/520.jpg,5431,1025,690,921,1515,148,1084,2034,712,137,107,90,1108,162,1676,2341,1065,186,146,100,159,24,172,95,950,77,105,93,1909,69,2122,982,691,139,107,116,183,16,95,135,111,18,24,22,116,20,116,152,946,87,111,87,187,20,142,105,1936,79,142,125,2873,87,1472,759,1353,160,182,190,171,24,89,82,167,19,28,41,83,15,68,70,180,22,16,12,25,5,19,30,205,16,32,37,96,10,77,76,1009,172,129,137,94,18,84,88,100,26,26,26,78,24,85,125,1708,94,155,90,94,17,90,77,2706,90,183,150,1083,82,692,444,614,848,90,1818,157,155,100,3083,109,121,19,121,99,145,105,1591,144,72,28,80,34,22,27,72,113,100,19,113,148,94,154,722,114,94,22,123,33,24,17,171,33,19,6,24,11,19,27,162,93,78,10,101,46,23,36,162,102,119,33,274,214,153,150,1231,992,1569,83,2340,94,81,73,1007,108,154,19,202,80,87,93,646,169,80,28,64,19,21,25,77,149,103,22,171,88,63,129,406,1342,1814,118,1287,77,82,99,565,118,138,25,156,113,113,212,890,1811,875,153,670,108,89,120,424,1450,761,172,1189,673,468,1008,3595
Datasets/wang/Images/train/class5/577.jpg,9315,1529,915,835,1104,177,958,1145,1185,213,135,110,1112,227,1875,1551,1529,226,183,99,180,32,184,102,1066,112,131,68,1219,119,1498,784,764,208,98,106,165,34,132,141,126,44,13,17,115,47,142,202,1026,140,128,91,168,20,172,105,1668,78,125,98,1749,91,991,599,1205,184,138,159,156,15,73,78,165,24,21,27,91,23,93,102,211,28,36,15,28,5,18,19,185,23,26,20,94,27,86,63,968,217,123,158,80,32,84,107,139,32,20,25,106,33,143,171,1343,123,170,129,117,17,121,115,2439,89,165,132,1086,93,673,545,798,936,128,1263,140,187,95,1579,116,129,22,110,115,176,134,965,210,124,38,73,28,16,28,82,123,86,23,95,138,101,192,562,133,133,14,129,36,30,20,170,23,17,7,21,26,31,41,200,131,89,20,107,24,24,26,143,136,107,20,213,196,155,182,888,963,1187,115,1696,78,90,111,839,136,155,26,161,88,90,137,661,237,117,50,87,17,20,27,97,158,104,37,162,121,88,181,453,1341,1880,166,1208,89,113,129,837,156,232,29,201,144,192,331,1373,1787,1065,231,776,118,111,181,576,1298,740,199,1067,774,568,1332,4237
Datasets/wang/Images/train/class5/558.jpg,6204,1419,832,1020,1230,184,1007,1197,630,170,118,129,943,195,1264,1578,1393,200,214,126,258,39,272,113,870,116,122,77,1500,129,2332,1186,862,207,181,157,170,32,161,156,123,52,26,25,102,39,135,180,905,128,165,119,215,26,197,119,933,81,97,113,1772,90,1595,805,1191,263,193,223,176,39,121,100,150,45,30,34,101,15,73,110,179,40,29,21,19,19,30,20,159,24,20,26,106,25,107,102,961,262,170,235,100,30,110,136,118,47,25,48,92,37,104,163,1156,120,155,128,109,30,122,118,1316,92,168,119,852,105,796,505,709,929,138,1137,160,181,126,1469,134,136,30,128,144,172,150,1387,187,120,41,93,45,27,45,88,131,87,26,127,186,143,252,867,144,130,39,109,17,36,42,188,25,36,15,30,27,32,27,162,111,107,31,119,39,33,35,136,99,94,36,211,210,155,206,1050,955,1458,117,1827,114,113,103,1049,161,214,14,249,100,161,148,938,185,125,45,114,22,34,40,131,158,144,28,173,151,150,202,686,1201,2120,129,1527,103,110,129,860,148,272,37,264,129,211,217,1221,1577,1166,168,840,110,107,172,564,1318,854,167,1093,849,652,1278,4646
Datasets/wang/Images/train/class5/570.jpg,23593,1362,1596,857,1058,197,1320,911,1390,196,164,116,1135,169,3593,1551,1406,235,203,120,171,35,206,105,774,103,104,101,872,85,1339,754,786,190,139,122,157,49,120,120,114,36,17,37,88,37,130,158,645,108,98,72,135,32,127,109,732,89,82,68,812,83,727,443,1050,185,180,160,132,23,108,77,147,48,36,41,97,28,92,75,150,40,50,21,24,14,28,31,123,30,36,31,68,23,84,106,720,177,130,158,84,36,85,88,104,44,26,46,73,46,132,184,689,77,147,80,61,22,105,102,600,60,131,126,355,77,472,412,792,724,140,898,149,140,95,744,119,108,36,108,124,133,121,692,186,140,30,86,45,31,49,104,118,96,29,94,144,96,165,483,137,127,35,120,39,41,33,134,27,28,11,43,31,44,39,153,115,105,25,90,65,40,53,161,99,101,33,175,108,164,164,787,742,752,108,962,97,85,94,447,121,152,30,158,96,102,137,572,186,118,27,93,24,26,41,121,143,110,38,151,65,95,167,502,1147,1110,141,779,105,115,136,550,126,186,50,213,140,155,418,1173,1172,737,170,527,98,114,189,449,716,536,157,891,501,514,1184,4151
Datasets/wang/Images/train/class5/569.jpg,6202,1285,638,800,1455,177,882,1322,745,198,108,107,983,209,1760,2188,1422,236,158,92,176,27,161,101,920,125,122,102,1463,116,2327,1153,723,153,107,115,191,42,127,182,142,39,25,21,99,31,153,201,946,82,125,77,198,22,144,104,1629,76,134,124,2473,98,1251,696,1403,171,178,194,215,19,95,73,199,23,30,29,106,20,75,92,210,18,38,14,21,5,12,23,196,21,34,36,86,18,88,96,944,172,117,133,109,21,87,85,118,25,18,23,102,30,113,156,1612,117,168,122,99,22,119,106,2542,94,221,183,1177,100,783,507,674,770,86,1204,173,196,89,2014,125,101,21,118,127,142,112,1158,157,100,30,94,32,16,21,61,133,70,17,96,143,95,174,649,127,107,14,119,31,43,21,166,24,16,13,33,32,23,21,175,125,95,25,119,33,40,30,176,148,140,28,349,222,190,159,1201,885,1141,98,1888,101,107,91,789,112,174,21,182,86,94,112,609,197,82,33,76,21,21,28,68,169,82,42,165,99,72,151,397,1834,2049,113,997,97,76,120,583,128,178,38,152,116,139,309,1112,2392,1117,183,659,110,93,169,476,1400,699,178,1317,671,560,1291,4083
Datasets/wang/Images/train/class5/512.jpg,7731,1139,925,666,1494,345,668,816,1143,207,193,164,839,225,575,720,1224,136,221,123,270,46,193,137,846,123,163,94,771,133,773,558,1058,268,195,183,285,100,178,271,243,61,66,64,185,79,169,258,870,122,216,150,263,45,226,195,919,119,179,145,987,165,704,674,1675,258,294,248,261,69,125,164,318,87,69,84,112,41,93,130,356,53,68,52,63,17,41,50,373,49,78,85,153,47,153,188,949,260,193,218,164,56,116,189,194,53,47,70,132,54,134,221,955,164,238,185,203,56,219,256,1224,171,294,306,779,240,723,1112,1109,834,196,741,308,348,150,1081,285,185,67,183,181,237,151,750,237,107,70,89,75,47,59,163,186,123,72,123,198,172,209,630,252,180,53,184,90,77,48,333,78,61,20,79,59,94,50,287,205,124,57,166,87,72,70,274,231,162,68,266,294,332,256,1285,901,809,163,958,136,191,97,631,216,218,73,240,121,161,123,602,264,149,74,175,57,74,53,226,265,166,76,288,198,222,177,873,685,825,164,782,108,160,120,722,161,249,61,310,149,225,174,1056,889,714,258,818,148,227,254,1092,889,800,363,1519,707,1086,1171,6573
Datasets/wang/Images/train/class5/562.jpg,6657,1617,691,915,1144,180,1051,1324,687,171,108,107,988,176,1906,2351,1514,224,166,117,172,27,140,86,880,100,117,107,1284,87,1959,1217,824,200,119,112,142,33,135,172,90,21,22,30,94,23,127,192,1023,126,123,90,180,10,166,105,1044,95,109,104,1388,72,1234,816,1321,188,135,152,141,23,83,83,161,26,23,35,95,21,105,92,187,13,14,21,29,3,13,15,192,21,31,26,81,21,95,79,1277,242,146,180,91,14,106,123,90,36,19,24,121,24,133,138,1526,100,179,92,101,15,107,85,1464,85,161,129,760,72,726,435,766,966,87,849,148,176,84,1271,109,130,20,102,149,170,129,1333,166,131,24,82,25,26,33,75,125,121,23,92,177,112,172,683,151,119,18,106,26,32,26,151,20,25,4,21,21,20,31,164,121,133,27,128,43,31,26,135,124,126,29,190,159,123,157,1005,1190,1588,82,1296,85,85,87,677,155,190,19,143,100,116,128,756,215,118,31,86,19,13,27,54,201,116,34,145,100,84,127,387,2362,2817,155,1496,101,92,145,780,155,174,31,170,147,148,320,1257,2858,1489,205,793,119,104,156,481,1542,900,181,1163,815,487,1243,4023
Datasets/wang/Images/train/class5/564.jpg,11122,1546,831,720,1210,206,856,880,842,237,174,113,935,186,2336,2092,1673,311,200,123,192,40,179,105,785,156,118,123,926,102,1888,1023,929,186,124,113,173,34,119,142,115,34,33,19,114,50,150,201,889,144,113,68,172,34,141,114,869,81,110,93,1232,100,927,712,1274,193,166,155,156,23,105,86,152,39,37,44,76,24,110,105,172,51,30,28,33,10,30,34,143,24,42,31,86,28,126,138,1022,218,126,133,105,43,88,98,90,45,18,28,109,39,173,174,1092,115,148,119,109,35,92,97,1027,95,162,147,641,80,660,516,870,767,108,727,176,145,104,1017,122,109,19,100,152,159,171,893,213,140,33,66,42,37,37,84,130,91,22,105,131,105,197,627,170,131,37,115,44,47,26,169,25,21,5,38,23,30,44,191,132,117,29,101,32,34,29,127,115,92,31,197,193,176,175,995,1037,1024,91,1005,76,86,87,550,147,147,31,176,93,100,136,601,231,108,45,98,31,26,32,102,139,120,44,155,105,89,162,494,3441,2230,164,1010,118,97,152,658,169,201,40,179,162,211,517,1427,2372,1189,232,682,110,117,192,559,1098,751,192,1019,675,522,1441,4383
Datasets/wang/Images/train/class5/514.jpg,5587,977,699,1002,1849,170,1052,1742,688,112,90,96,981,131,1311,1987,914,92,115,81,134,16,135,73,907,63,105,63,1702,79,1822,835,641,114,131,140,205,28,111,152,108,28,17,27,88,15,102,131,873,61,138,94,209,18,150,106,1642,83,130,157,2854,74,1513,716,1748,169,206,235,263,24,122,96,223,28,35,44,118,20,75,75,167,15,27,19,22,5,18,20,224,7,44,32,113,18,79,72,963,139,143,156,85,24,78,105,87,19,20,21,64,25,85,124,1542,85,146,98,116,15,96,74,2322,75,251,213,977,84,574,441,648,973,109,1817,241,219,120,2787,116,135,31,166,116,186,99,1531,137,89,29,90,31,22,24,98,121,89,20,116,145,125,141,775,100,84,20,144,38,41,26,279,16,24,6,41,25,28,20,183,82,85,27,141,38,39,38,204,134,123,36,361,229,183,168,1510,1002,1807,104,2728,106,102,106,1130,130,144,24,244,85,92,93,661,139,72,25,104,27,25,29,115,155,105,21,200,98,92,107,503,1254,1765,95,1512,67,64,73,722,85,140,21,180,82,110,134,856,1789,833,128,761,72,63,115,519,1346,764,163,1434,598,467,740,3806
Datasets/wang/Images/train/class5/522.jpg,13774,1443,876,918,1226,172,1005,1176,863,181,132,107,922,174,1729,1715,1293,212,182,128,167,20,180,93,764,99,122,107,1131,92,1518,969,831,189,135,125,191,28,151,157,92,26,25,15,97,27,126,179,883,115,138,107,161,22,181,106,824,67,97,107,1258,69,1004,668,1225,222,178,206,115,25,94,72,144,34,39,41,95,23,111,97,190,31,32,25,18,5,15,20,147,27,25,30,76,16,105,88,1045,225,150,163,96,16,111,104,96,35,24,33,93,19,107,156,1178,127,127,137,95,14,114,73,1019,70,145,121,585,71,596,415,812,904,142,972,186,153,102,1229,106,146,31,120,137,143,150,1173,201,138,32,75,40,27,36,87,127,103,21,112,146,102,176,724,139,142,29,115,40,28,22,164,18,18,5,36,20,33,41,177,118,130,15,102,39,41,21,147,125,86,22,168,179,136,185,984,1063,1299,117,1286,105,101,84,651,125,195,17,188,115,91,141,625,201,122,50,103,23,38,38,99,160,134,38,165,87,108,146,530,2206,2006,160,1273,107,105,154,761,142,177,31,180,117,171,302,1268,2186,1180,187,748,127,105,163,507,1224,797,174,1016,682,496,1117,4114
Datasets/wang/Images/train/class5/511.jpg,10268,1490,943,951,1283,204,1037,1204,1066,185,121,145,1089,194,1850,1325,1391,183,197,103,201,32,207,89,1040,110,116,100,1259,121,1287,721,851,199,141,138,141,38,156,171,97,37,23,27,122,36,128,189,945,127,138,102,179,17,201,134,962,89,140,107,1115,91,992,675,1379,195,163,165,110,24,99,81,162,38,29,33,105,26,82,98,226,36,39,27,24,4,23,15,167,23,34,24,84,28,89,88,1123,224,171,212,80,30,112,143,115,46,34,31,100,28,117,156,1416,112,210,173,88,24,155,105,1220,97,175,160,664,95,704,533,883,1005,103,1072,174,191,122,1223,161,164,27,130,152,236,137,969,181,130,32,76,44,29,40,106,170,105,31,91,156,136,180,678,154,150,27,156,34,45,25,226,29,26,11,38,34,40,36,205,141,112,29,153,33,44,35,184,125,129,38,195,166,156,199,1043,1112,1384,105,1285,135,101,97,693,193,195,28,202,121,145,118,691,248,112,48,86,21,28,43,103,186,134,31,181,132,112,165,517,1495,1811,160,1227,104,117,156,792,155,211,40,199,140,208,250,1230,1779,1079,234,834,101,111,232,596,1230,833,236,1180,733,616,1153,4689
Datasets/wang/Images/train/class5/550.jpg,19229,1651,870,854,1026,180,927,893,942,218,155,99,941,223,1917,1632,1663,292,198,141,155,37,198,113,784,127,116,133,827,104,1413,909,824,234,111,124,142,31,104,130,101,31,21,26,85,37,161,205,750,126,132,90,132,22,146,110,684,51,104,96,884,67,858,595,1129,186,130,130,92,20,106,63,121,32,36,42,100,21,131,109,182,38,27,21,15,11,24,22,106,15,31,34,68,16,87,119,940,241,139,174,89,21,102,106,116,37,28,27,94,42,170,156,963,142,151,115,46,22,112,83,706,61,128,125,431,66,548,442,832,769,114,713,158,163,93,856,118,138,20,95,113,142,152,906,272,141,36,65,32,22,34,93,132,87,28,85,139,94,195,607,161,148,35,96,37,48,33,147,28,24,4,24,26,25,33,185,157,124,31,88,37,38,35,122,86,96,26,156,137,150,173,878,955,1068,113,882,83,83,102,515,143,158,28,154,84,115,138,615,220,134,44,88,19,21,42,66,170,131,36,128,92,93,161,457,1846,1702,170,1051,126,118,152,674,158,210,30,178,146,205,411,1385,2059,1102,199,690,108,114,200,557,929,633,185,890,599,489,1341,4333
Datasets/wang/Images/train/class5/533.jpg,12424,1218,934,939,1397,235,874,1057,988,148,128,139,868,188,859,1009,1160,133,164,98,214,23,177,84,930,84,112,91,1000,104,952,624,858,189,162,168,201,52,173,238,106,34,18,30,126,31,114,212,921,122,151,118,182,33,194,137,1063,90,129,149,1273,92,947,680,1498,221,192,241,205,44,105,112,216,42,41,45,114,28,89,74,217,25,34,25,43,10,33,28,195,25,48,31,121,19,109,105,1007,245,173,190,119,30,86,99,122,33,35,50,91,35,116,151,1125,99,206,161,117,20,141,117,1224,99,228,228,656,102,655,618,1130,1157,166,1585,235,224,130,1366,173,155,28,141,155,195,132,977,170,87,33,94,35,31,29,100,139,101,33,102,216,169,208,613,136,149,33,150,39,40,39,246,36,34,6,30,21,33,41,231,126,121,19,144,49,44,41,224,143,141,26,238,259,215,205,1252,1081,1316,135,1590,122,123,133,774,160,214,31,269,97,141,115,661,195,126,40,111,31,30,42,111,187,153,35,210,119,131,162,633,1109,1494,131,1270,101,137,107,779,150,224,28,225,114,185,169,1063,1235,851,213,880,107,110,185,649,1132,786,226,1312,693,665,984,4755
Datasets/wang/Images/train/class5/544.jpg,8329,1516,832,880,1120,163,972,1166,835,195,144,100,984,177,3098,2529,1634,237,163,102,170,34,170,103,890,98,118,96,1144,108,2287,978,794,170,116,126,154,29,105,137,102,32,18,17,97,35,174,172,983,97,137,76,138,17,135,101,1022,76,93,111,1348,64,1091,627,1246,159,145,137,114,13,85,77,170,35,27,30,82,18,92,92,163,31,28,19,25,12,26,29,143,18,39,31,80,9,98,95,1046,196,136,162,91,17,81,78,75,38,20,24,78,23,143,158,1429,100,158,108,78,23,86,82,1404,80,171,115,647,90,644,474,831,952,98,860,148,158,86,1169,122,121,19,103,123,138,140,1036,196,106,32,75,36,27,35,74,138,93,22,97,139,104,186,579,164,102,34,104,39,27,20,139,27,22,11,22,14,30,30,155,123,88,19,93,35,33,29,132,119,101,27,173,164,126,152,896,1063,1286,93,1185,90,83,70,564,134,134,22,130,85,93,154,567,195,103,30,61,11,17,49,62,155,102,24,124,89,79,141,448,3818,3025,137,1266,103,97,134,674,180,191,40,168,138,180,501,1339,3027,1221,198,653,91,111,182,445,1293,672,146,937,646,451,1342,3697
Datasets/wang/Images/train/class5/532.jpg,17628,1489,1820,954,1066,180,1325,1013,1511,213,163,113,1206,173,3005,1648,1526,281,216,93,164,44,195,107,952,106,122,88,963,78,1445,698,861,204,115,129,151,43,113,142,128,57,23,27,108,46,145,179,793,131,119,83,142,37,127,88,1174,58,110,94,1164,78,729,486,1082,169,133,129,125,33,78,64,166,31,34,29,80,32,107,90,206,51,40,23,19,9,26,23,146,30,31,34,87,23,100,98,794,206,135,142,98,29,86,111,132,45,34,32,84,39,124,200,851,140,140,107,87,26,99,111,1208,93,165,155,510,115,530,477,976,750,137,916,148,161,87,1080,134,123,21,102,119,148,144,818,222,110,47,70,35,24,45,76,109,88,29,80,139,75,188,465,159,137,36,103,50,41,29,170,29,19,7,30,39,32,39,183,144,117,37,95,46,39,39,156,104,91,33,189,142,117,171,812,808,782,105,789,88,92,57,435,111,123,24,131,92,100,161,480,220,110,36,84,30,28,46,95,147,92,52,161,110,98,175,483,1386,1421,160,772,120,114,139,573,169,239,42,182,147,226,350,1260,1419,893,254,612,127,150,202,572,875,587,186,946,622,579,1217,4139
Datasets/wang/Images/train/class5/575.jpg,8967,1225,1030,968,1597,257,836,1029,1011,225,158,158,896,219,934,1042,1329,189,183,127,245,52,195,126,871,135,143,108,938,127,945,734,975,215,166,166,256,51,147,184,165,46,43,45,145,47,146,222,981,147,160,103,236,37,204,149,1106,109,160,147,1112,133,902,780,1645,258,197,228,207,48,122,141,257,52,46,51,148,31,118,135,264,42,60,24,40,8,44,32,278,29,63,47,137,40,136,157,935,214,177,186,115,42,104,143,145,39,44,38,104,51,121,219,1158,153,202,138,143,26,167,138,1515,141,285,263,809,135,731,773,1030,849,152,1071,241,248,144,1348,153,157,40,168,151,215,144,903,222,137,46,117,68,41,41,122,151,119,38,142,194,154,208,782,205,166,41,142,60,64,51,244,42,26,10,39,39,44,46,256,188,141,47,130,64,63,59,238,175,129,41,269,232,230,227,1220,923,903,137,956,143,134,117,630,190,186,45,194,107,113,127,685,252,165,58,124,44,37,33,126,225,170,53,219,139,150,163,703,1044,1019,143,911,154,133,124,755,154,202,48,275,129,190,257,1180,1272,851,228,869,163,150,235,770,1089,865,275,1430,747,725,1194,5649
Datasets/wang/Images/train/class5/527.jpg,10861,1555,984,747,1160,211,888,937,1112,203,139,99,991,217,2119,1606,1854,311,218,137,216,50,207,101,922,130,134,107,1024,115,1958,950,873,230,130,143,176,50,143,126,173,59,36,32,145,49,122,201,909,145,118,83,161,29,145,113,1073,84,128,112,1278,98,921,587,1239,181,143,132,151,26,78,76,213,38,33,36,107,26,82,83,240,38,53,24,26,16,25,26,219,31,61,45,82,23,88,94,884,213,130,150,86,19,89,88,132,50,33,42,97,49,134,171,1262,111,199,142,111,47,127,120,1491,110,222,202,782,153,702,622,884,788,116,897,205,190,96,1433,174,139,27,93,157,148,133,903,215,104,58,86,33,20,28,92,141,80,36,114,172,99,185,524,154,101,30,119,53,72,30,187,41,21,13,27,47,52,41,182,110,118,27,119,48,45,31,203,146,98,35,236,167,162,163,913,882,1020,116,1226,92,71,100,656,146,151,36,137,95,105,146,540,239,107,51,87,23,28,45,78,184,112,58,141,101,76,194,418,1394,1952,129,979,108,113,143,687,163,188,35,165,184,215,452,1418,2023,1055,216,651,98,126,209,629,1188,699,213,1083,714,547,1602,4588
Datasets/wang/Images/train/class5/578.jpg,13230,1323,2009,1204,1218,212,1481,1449,1507,225,219,174,1343,186,2698,1691,1172,247,181,123,229,53,186,143,839,102,134,120,1221,118,1570,812,884,194,149,140,206,42,121,142,146,46,32,37,110,55,155,175,682,108,115,116,206,34,166,125,816,79,113,109,1117,104,775,550,1174,242,179,214,141,41,118,88,194,50,41,46,95,33,107,110,199,53,39,38,43,19,37,37,159,38,55,29,101,34,122,139,771,177,139,179,94,29,91,116,111,44,36,63,89,50,128,200,773,109,135,138,101,41,109,137,922,85,168,169,494,101,499,598,1006,807,189,1223,190,197,144,1332,137,120,38,123,141,163,159,856,179,116,59,107,45,31,45,112,120,118,30,115,153,124,187,572,190,148,41,114,54,58,36,203,29,35,14,40,43,51,63,222,119,97,32,125,64,52,62,202,118,113,40,195,187,195,216,934,793,824,151,1144,102,119,99,623,142,189,37,201,89,115,135,609,225,139,54,104,37,43,46,136,149,121,56,192,103,169,193,685,1033,1109,156,772,97,132,118,573,146,186,45,206,147,198,275,1148,1097,781,217,610,114,142,189,725,753,632,226,951,520,647,1106,4944
Datasets/wang/Images/train/class5/574.jpg,6226,1533,654,867,1172,155,862,1404,763,215,126,95,895,207,1849,2686,1700,298,173,117,166,30,177,113,921,131,110,96,1555,120,2397,1212,729,198,102,133,166,32,108,152,132,51,19,23,109,53,155,220,923,134,130,105,170,21,136,86,1410,112,105,84,1850,91,1278,695,1233,157,147,145,156,23,80,72,188,26,33,23,98,23,105,75,214,30,43,21,26,11,24,21,216,16,42,32,93,23,88,115,865,217,120,142,111,26,87,110,131,37,34,30,88,39,153,165,1492,100,154,106,89,26,114,113,2155,90,200,172,902,108,824,560,769,801,97,1136,184,158,84,1957,118,126,26,92,130,146,126,1252,211,123,33,70,42,33,31,82,155,90,21,102,125,83,173,594,135,122,28,77,54,55,32,172,32,16,4,28,24,36,30,178,109,98,27,119,37,31,26,172,105,109,30,252,146,163,162,970,859,1266,93,1685,95,96,77,699,115,155,31,151,100,94,137,602,230,118,38,76,30,18,35,73,192,98,33,133,93,84,162,449,1640,2230,152,1047,110,104,127,635,153,177,29,169,141,191,359,1425,2392,1092,215,640,93,100,209,490,1244,734,213,1154,709,474,1534,4284
Datasets/wang/Images/train/class5/568.jpg,5615,1173,769,878,1313,134,978,1250,586,122,104,87,839,113,1946,2572,1144,120,108,85,196,20,155,63,762,59,88,62,1302,63,2731,1032,832,150,144,116,209,25,130,145,93,24,27,28,83,25,93,112,968,83,118,85,230,22,136,90,937,70,103,88,1430,71,1287,618,1476,188,200,205,168,26,102,87,150,32,26,49,84,24,77,85,148,24,23,16,25,7,15,21,145,13,29,43,90,16,65,74,1218,193,146,165,91,19,74,92,101,35,26,39,74,26,74,79,1981,88,139,99,95,24,102,74,1533,80,130,130,685,73,568,367,715,960,94,984,168,161,79,1163,135,124,19,116,128,129,91,1218,138,75,26,64,28,29,28,72,112,78,27,112,165,119,138,670,138,126,29,123,40,46,22,162,21,23,14,29,23,23,25,115,139,108,41,108,48,34,33,115,126,141,26,211,240,158,157,1082,1148,1783,103,1561,104,104,82,690,128,159,28,213,76,99,84,626,169,84,21,72,23,23,18,79,178,115,25,189,85,113,98,481,2964,4279,136,1696,108,114,104,662,156,201,16,196,116,135,209,909,3888,1484,168,753,94,109,133,462,1757,916,130,1282,755,569,899,3582
Datasets/wang/Images/train/class5/555.jpg,9368,1739,934,817,1232,196,913,1006,994,207,171,142,1030,209,1692,1501,1716,246,230,134,214,30,243,109,923,136,120,113,1072,89,1933,827,975,259,157,156,181,33,142,165,140,47,35,37,107,40,152,210,995,119,157,91,181,24,155,107,1103,76,117,106,1042,83,895,581,1258,224,171,152,156,30,98,107,178,50,34,33,79,21,100,108,232,35,43,39,29,9,27,30,156,26,51,37,98,30,97,111,1024,245,132,183,110,34,87,114,134,55,28,45,113,46,148,198,1187,132,199,138,113,27,128,135,1182,96,170,155,569,109,653,529,947,1021,134,1012,170,178,100,1204,146,142,31,128,141,166,161,817,233,121,47,92,33,23,43,100,158,87,27,129,168,111,237,558,157,161,34,123,42,45,29,178,19,34,11,38,32,52,37,207,140,117,26,111,44,34,47,157,139,122,46,236,173,171,195,1017,1038,1142,119,1072,98,120,84,634,182,169,23,156,96,133,152,623,247,141,43,104,24,34,50,98,168,129,65,148,139,106,230,543,2013,2393,166,1055,99,125,187,713,200,249,54,203,174,224,380,1467,2009,1114,241,705,118,127,199,630,1029,680,224,1108,712,610,1446,4604
Datasets/wang/Images/train/class5/548.jpg,17683,1998,1188,957,733,140,950,941,986,198,95,89,890,193,2233,1771,1875,322,250,121,138,29,221,94,864,108,105,113,917,79,1758,788,1155,274,95,105,118,25,91,130,83,36,17,16,81,31,144,178,974,114,109,67,88,17,136,82,1267,70,72,69,895,38,770,435,862,144,83,82,75,11,51,47,95,28,27,24,69,17,83,83,140,22,25,18,10,8,8,10,90,17,17,22,43,11,74,63,956,289,107,130,75,13,75,77,81,42,10,20,71,26,143,209,987,104,118,88,34,16,98,67,1029,53,110,90,371,46,529,291,1613,1359,130,2310,110,92,85,962,118,96,17,62,105,109,150,768,196,121,32,52,34,26,34,49,97,68,15,56,112,65,212,481,144,101,23,63,29,24,17,83,18,12,7,12,12,23,32,129,94,91,21,62,44,31,30,74,66,69,11,110,103,102,129,611,1061,1288,90,1475,59,50,70,353,92,111,14,95,85,90,179,578,236,109,39,51,13,23,33,47,145,85,17,108,88,59,209,344,2048,2436,152,1050,88,116,150,564,152,259,37,167,160,235,456,1660,1896,1111,205,470,78,97,197,345,834,518,163,660,591,387,1550,3464
Datasets/wang/Images/train/class5/513.jpg,11303,1671,1028,692,1101,259,811,841,1035,303,198,141,856,279,1558,1587,1764,417,288,143,217,79,223,159,719,162,132,122,832,176,1475,982,983,257,136,116,154,67,153,161,161,56,42,35,108,50,183,272,751,164,140,95,166,36,147,114,836,95,124,96,980,99,783,736,1162,226,142,136,132,38,95,80,151,39,46,38,84,24,143,134,270,67,55,30,31,12,32,36,151,33,31,34,96,31,158,164,945,244,161,171,111,37,96,118,140,52,41,44,121,64,183,252,990,151,181,143,101,27,133,137,1396,122,181,185,596,106,643,701,1253,764,146,722,153,156,107,931,157,142,36,118,155,151,184,846,292,181,55,80,46,31,43,105,156,89,27,72,155,110,234,666,251,152,42,102,39,60,36,160,39,38,16,24,46,59,61,231,148,145,32,101,48,44,40,145,131,109,44,205,149,139,195,983,1096,867,123,882,105,96,107,471,151,140,37,134,99,114,190,544,304,162,72,94,32,36,51,102,169,141,60,140,144,116,223,596,1797,1575,202,703,137,123,193,641,220,243,67,184,191,264,468,1481,1539,1102,294,713,154,221,276,741,954,690,257,1066,679,686,1504,5365
Datasets/wang/Images/train/class5/539.jpg,14833,1546,1488,824,1084,238,1218,962,1193,273,182,113,1067,227,3088,1558,1689,371,255,136,215,48,245,138,769,164,160,99,787,136,1507,984,946,246,104,123,153,29,136,126,123,53,42,32,129,36,173,198,735,176,125,104,177,34,132,118,744,98,109,102,927,95,783,626,1128,235,165,120,152,28,106,73,161,48,33,34,98,31,103,134,206,52,39,35,28,12,31,33,169,29,41,30,83,29,138,149,769,252,142,143,106,45,102,108,122,64,33,44,84,46,151,218,894,153,153,154,96,38,112,106,887,111,161,149,561,108,631,532,872,685,111,696,165,147,115,884,128,130,29,109,112,137,166,803,243,146,46,85,63,22,38,104,132,94,23,89,148,87,199,599,171,157,23,98,38,44,44,154,43,28,12,26,35,37,51,194,131,123,47,88,51,38,36,131,99,99,29,181,157,141,213,861,750,761,106,804,103,88,79,409,143,161,43,135,100,111,189,613,232,134,38,122,30,34,49,87,160,117,32,134,109,126,230,517,1308,1426,178,885,127,125,158,654,170,241,62,216,182,255,449,1466,1346,1007,218,642,123,149,225,604,952,758,212,979,687,665,1560,4907
Datasets/wang/Images/train/class5/557.jpg,7937,1776,1109,850,1315,232,837,804,857,245,192,157,849,218,1428,1406,1747,311,273,154,288,47,264,185,753,140,144,111,908,154,1809,967,1119,269,225,206,242,42,169,179,141,58,59,37,143,27,174,206,789,143,172,118,276,46,233,133,619,85,137,135,853,118,889,672,1346,353,269,285,214,44,99,108,183,72,54,78,121,41,128,124,246,38,50,41,37,20,34,40,165,48,50,64,111,39,141,154,846,309,167,232,112,28,122,133,131,102,48,69,122,53,171,231,818,150,178,164,106,50,136,138,715,112,187,183,488,147,679,665,916,801,199,639,236,156,139,733,158,132,46,110,147,156,215,781,245,152,57,103,90,53,91,110,143,113,57,143,223,139,313,690,201,181,52,130,61,69,52,173,41,29,25,54,40,51,61,210,168,119,49,135,91,64,83,213,132,129,49,216,298,268,292,1155,905,1011,135,952,113,120,122,562,147,252,29,286,111,154,177,718,239,147,45,118,38,49,62,170,167,184,63,249,162,228,269,919,1315,1740,199,977,138,176,147,685,175,293,48,332,137,292,455,1634,1331,998,213,709,135,172,242,706,794,682,205,1193,675,921,1507,5952
Datasets/wang/Images/train/class5/506.jpg,8449,1968,817,799,1081,204,882,894,927,261,144,112,960,269,1733,1786,2041,436,320,159,216,46,283,149,885,148,130,112,1054,143,2239,1222,888,342,133,172,155,43,153,137,123,61,24,28,98,40,158,280,872,169,141,100,148,23,165,100,742,86,73,100,1034,97,1041,662,1174,210,140,114,125,20,74,71,155,46,42,41,78,25,119,100,170,47,34,23,17,8,31,31,155,33,25,27,87,17,99,92,976,293,162,183,104,37,115,135,119,68,22,31,86,41,176,269,1133,155,199,118,94,32,123,95,1174,95,127,145,594,100,757,496,827,841,123,750,158,145,101,988,139,143,29,82,147,168,170,1039,286,141,66,72,32,31,53,66,132,92,27,115,163,126,270,607,136,131,39,115,27,43,25,157,24,29,12,27,24,39,46,186,169,145,40,103,46,40,38,134,100,111,20,167,152,132,210,846,1009,1151,98,1119,107,82,114,598,149,187,26,139,120,137,173,666,254,139,52,82,27,19,54,87,188,133,35,107,135,100,259,502,1513,2244,168,1213,116,117,190,769,195,287,45,204,195,265,518,1869,1879,1215,278,732,126,110,278,564,1163,747,215,1025,784,640,1831,4902
Datasets/wang/Images/train/class5/509.jpg,7943,1609,875,965,1856,257,965,1091,968,194,155,127,922,225,1029,1148,1555,271,220,147,205,29,209,84,899,94,145,117,892,93,1171,675,893,244,171,155,248,43,130,163,165,33,32,40,131,52,126,185,969,103,142,125,209,30,171,120,1277,118,194,193,1404,124,803,695,1747,229,257,217,283,51,122,123,281,34,47,39,142,25,116,113,257,22,57,33,44,14,34,32,273,31,60,48,141,42,104,101,944,197,163,197,144,41,102,125,169,48,40,44,111,60,124,185,1046,128,198,130,159,32,151,127,1499,121,293,271,714,128,628,685,1003,950,180,1328,259,302,158,1544,190,158,38,176,146,215,150,919,217,101,41,106,53,40,44,124,130,124,43,141,149,135,177,650,159,122,42,188,51,71,39,282,32,38,13,51,34,51,41,289,152,109,43,170,48,60,41,289,190,174,68,425,219,235,189,1488,950,981,154,1373,167,146,123,759,153,178,46,212,119,129,155,651,223,105,46,113,30,25,55,155,212,117,43,205,124,113,196,594,924,1121,124,856,110,117,127,699,121,198,20,222,143,176,345,1333,1134,651,176,704,128,132,175,744,935,702,249,1577,640,662,1318,5673
Datasets/wang/Images/train/class5/559.jpg,18943,1382,2628,1069,1035,239,1771,1015,1113,212,230,159,838,184,2757,1750,1215,273,254,127,233,59,217,127,575,119,134,112,681,125,1193,661,819,216,167,143,166,51,138,144,127,43,38,35,107,39,134,160,544,124,146,89,163,43,152,111,464,88,120,83,642,111,645,459,937,248,195,173,172,35,92,123,191,48,48,52,79,33,106,129,228,78,61,49,34,16,41,39,145,45,47,38,90,37,115,145,688,256,152,185,88,32,102,134,108,61,39,55,93,45,118,195,574,141,146,129,96,45,99,137,548,104,156,147,352,139,490,570,1028,694,187,912,176,169,136,798,158,131,37,106,127,143,145,757,228,128,40,94,50,34,55,114,137,82,35,90,138,111,189,564,197,130,41,133,55,47,24,163,49,37,13,42,30,64,49,228,157,112,55,107,46,37,54,181,115,92,41,177,166,169,237,840,825,743,130,813,100,103,93,448,137,160,38,175,87,141,140,545,222,139,67,120,53,37,54,135,139,121,67,164,118,140,213,696,987,1208,149,763,131,165,139,555,170,232,58,241,132,230,257,1176,905,776,232,613,155,180,213,730,604,614,212,952,594,726,1136,4915
Datasets/wang/Images/train/class5/535.jpg,7992,1411,760,682,1596,171,836,927,763,164,118,89,900,152,1816,1509,1422,241,148,93,167,24,174,98,814,89,94,100,987,87,1622,759,817,173,126,107,246,39,114,112,123,25,22,17,103,27,124,128,891,103,111,83,251,25,147,117,1049,67,136,126,1161,83,811,643,1951,206,283,270,359,32,91,105,248,28,45,40,113,23,109,113,219,25,27,18,24,12,20,18,263,18,47,36,99,20,80,84,1092,198,144,160,128,26,77,100,115,35,16,42,94,21,111,142,1310,94,158,113,134,29,89,89,1623,110,224,224,724,87,573,500,847,886,99,1056,240,264,94,1267,139,119,28,125,132,130,124,879,164,103,34,102,23,13,26,98,120,84,23,128,116,102,123,565,142,107,23,128,55,47,25,254,23,30,5,42,16,43,31,180,116,121,29,166,54,53,31,225,138,148,32,437,220,222,187,1386,1151,1268,114,1560,168,143,92,775,155,142,34,198,85,103,122,547,199,104,22,103,17,26,18,89,165,118,31,212,73,64,137,436,2493,2490,161,1305,121,101,143,694,145,177,39,184,134,146,418,1102,2562,1285,191,873,109,115,166,592,1336,812,209,1975,673,562,1140,4615
Datasets/wang/Images/train/class5/529.jpg,9738,1561,733,729,995,172,869,1059,765,179,141,111,913,198,2267,2464,1587,290,170,103,164,41,161,108,809,104,95,91,1100,110,2125,1171,837,192,101,116,146,27,123,153,117,27,17,17,99,32,162,184,891,105,118,82,116,13,120,98,957,72,100,92,1259,69,1056,689,1179,135,115,128,130,18,74,66,147,31,26,23,83,22,89,87,177,29,40,15,18,7,14,17,155,26,37,22,63,14,80,76,1150,179,145,130,78,22,78,83,84,32,11,26,93,31,161,171,1455,106,147,97,96,19,92,86,1355,81,188,135,634,74,665,471,937,907,86,770,143,115,76,1171,89,115,21,76,122,142,135,1103,180,112,27,63,32,22,26,64,119,91,19,77,116,94,161,578,162,123,27,88,28,31,22,156,18,19,7,12,25,27,39,126,137,95,20,91,31,30,28,115,113,108,31,170,162,114,145,802,1217,1280,71,1100,91,57,98,522,122,136,17,100,64,110,133,608,194,84,30,50,17,19,30,60,159,88,26,100,80,76,145,363,4355,3192,167,1264,95,97,151,598,182,209,30,127,148,164,418,1298,3270,1307,216,701,107,132,181,457,1309,724,162,967,720,446,1354,3714
Datasets/wang/Images/train/class5/560.jpg,7507,1583,1062,900,1253,233,886,901,903,233,189,138,872,178,1213,1260,1567,243,275,139,216,45,272,130,857,117,149,95,1249,138,1777,853,1025,272,180,171,204,51,135,169,163,49,46,38,148,36,130,217,825,143,148,122,230,40,165,128,811,102,121,121,1186,124,908,659,1359,298,232,228,187,34,106,115,208,56,44,67,113,37,119,147,197,42,44,23,43,13,32,39,186,27,43,44,119,34,135,158,901,266,145,190,121,41,92,140,146,67,38,68,119,51,141,209,954,147,169,124,124,32,118,132,1042,108,170,186,650,118,632,615,975,944,190,1154,213,218,178,1133,146,160,43,141,131,183,164,797,228,138,51,125,69,56,65,151,137,82,51,124,186,119,274,691,198,172,35,142,57,63,51,212,36,34,13,44,34,48,51,246,168,120,41,142,65,61,59,210,137,129,40,243,240,204,253,1052,966,1144,171,1530,115,131,114,939,162,222,40,264,113,162,146,743,214,132,58,152,29,39,57,183,171,145,38,222,121,161,238,822,1361,1858,169,1076,116,129,172,770,145,259,54,267,158,285,327,1435,1564,930,221,743,117,155,207,763,919,690,209,1137,685,756,1318,5487
Datasets/wang/Images/train/class5/541.jpg,5913,1102,737,935,1702,142,961,1344,631,108,106,96,1011,117,1658,2347,1018,109,140,68,221,16,161,82,918,65,105,94,1603,71,2378,952,847,145,165,134,268,36,160,154,116,39,29,25,97,30,87,121,1038,92,149,102,319,24,193,117,1220,81,147,151,1865,97,1383,687,1745,228,262,299,217,27,120,115,224,30,42,51,109,33,68,61,158,17,22,18,34,9,25,15,201,20,45,44,106,24,90,68,1101,182,133,186,136,22,95,105,91,52,23,41,76,22,104,110,1422,73,170,115,140,21,131,89,1568,97,184,163,835,110,621,484,617,849,94,1132,216,171,85,1454,121,118,21,145,121,148,98,1195,140,87,25,87,44,27,37,108,142,106,21,137,207,146,150,728,123,138,23,141,53,45,24,177,22,37,11,37,29,35,22,167,120,97,32,127,65,33,41,191,158,150,36,308,310,241,226,1501,1017,1665,99,1919,117,112,96,773,152,237,26,283,98,125,91,649,111,81,31,98,21,26,25,73,171,141,43,242,136,121,131,572,1670,2744,109,1526,98,101,89,595,96,167,16,257,95,139,158,907,2153,942,128,692,81,94,113,454,1275,842,163,1542,697,645,861,4342
Datasets/wang/Images/train/class5/566.jpg,6025,941,630,961,1735,122,1108,1976,685,109,81,81,1131,113,1826,2157,875,107,109,65,138,16,127,70,948,68,81,69,2099,64,2233,1059,532,114,103,128,197,18,91,120,80,15,22,13,80,12,111,105,881,67,93,70,171,10,122,87,1900,70,154,128,3383,55,1724,804,1446,116,155,187,227,15,111,84,155,17,28,30,91,12,64,54,113,17,15,7,16,1,14,10,174,19,17,18,73,10,64,57,953,90,110,132,89,13,77,68,62,13,14,17,66,12,81,85,1727,72,108,79,73,9,79,39,2722,68,145,135,1081,56,605,340,515,934,78,1965,150,154,75,2905,91,109,14,141,95,147,90,1710,100,61,6,72,20,17,15,65,105,93,18,111,108,90,116,798,73,90,9,121,24,23,17,195,9,14,3,13,11,13,17,143,73,71,12,124,26,27,14,141,109,133,19,315,179,144,134,1410,1016,1918,68,3053,82,74,64,1153,112,118,8,180,55,73,71,638,91,61,19,57,17,14,9,54,120,85,15,144,71,50,95,364,1547,2300,87,1716,59,73,92,631,100,117,12,120,78,84,135,726,2155,981,106,735,62,53,89,322,1484,685,115,1263,605,321,709,2937
Datasets/wang/Images/train/class5/538.jpg,8085,1772,933,653,1171,237,796,769,982,281,208,139,814,292,1270,1728,1836,391,293,157,267,53,285,175,792,142,160,116,862,169,1480,1057,937,299,171,160,190,59,162,180,139,63,35,43,141,74,176,325,771,143,159,99,186,36,179,115,806,92,122,112,1064,121,832,700,1274,245,180,182,182,41,115,103,204,55,40,67,100,39,120,140,272,77,66,64,48,14,46,40,211,31,47,34,111,42,140,188,871,276,157,194,107,37,95,126,159,72,42,38,108,46,185,264,1055,154,178,138,89,36,118,169,1284,128,238,176,669,133,732,785,968,789,167,622,220,179,107,1001,185,131,35,108,156,171,179,806,306,169,71,80,63,27,63,117,141,107,46,117,182,130,324,695,195,168,40,135,61,58,35,210,42,30,18,48,34,59,67,251,172,150,28,121,42,34,44,182,126,115,38,226,191,178,267,1059,890,897,131,917,113,119,100,501,149,168,31,221,98,132,181,685,305,156,69,106,28,35,48,145,162,138,53,157,124,157,274,727,1483,1752,185,866,153,164,195,698,198,258,52,237,172,268,442,1603,1889,1076,277,726,135,164,269,756,1014,723,283,1104,716,664,1660,5510
Datasets/wang/Images/train/class5/508.jpg,16415,1346,1192,881,1155,182,978,918,1066,194,132,119,896,178,1868,1082,1329,199,211,100,252,37,201,106,904,138,121,95,1007,94,1181,536,1473,184,177,152,193,36,168,139,133,39,35,24,130,47,147,202,1047,104,136,76,200,31,193,99,1420,68,142,88,1137,104,795,552,1096,196,177,202,154,38,107,105,168,46,35,55,108,29,89,104,185,35,49,28,24,7,31,28,155,34,45,33,115,37,87,87,1093,182,159,184,112,36,107,127,111,57,34,44,82,38,123,188,983,88,139,118,110,31,124,120,952,109,138,179,487,105,560,508,1171,891,134,879,170,153,159,802,151,125,31,136,127,155,155,732,181,105,41,97,50,34,59,129,138,89,35,101,181,127,187,590,127,94,33,122,40,37,20,156,43,30,21,53,28,34,38,176,129,100,30,106,46,40,61,150,124,84,53,180,207,181,220,968,1069,1023,127,1040,82,88,97,550,138,180,30,205,101,134,126,613,183,111,41,100,32,40,34,113,167,139,43,167,148,132,177,651,2220,1419,159,947,88,107,133,605,142,204,29,242,127,194,344,1134,1546,650,197,611,97,111,169,594,852,607,180,951,589,629,1142,4581
Datasets/wang/Images/train/class5/500.jpg,13785,1462,1566,1093,1220,180,993,1018,1436,211,143,117,1022,217,1355,1179,1318,238,205,106,192,52,203,118,930,112,100,108,1083,75,1373,676,1046,198,145,144,188,47,151,137,139,48,35,25,117,41,137,183,859,100,151,86,219,41,149,105,1043,83,95,101,1524,92,829,530,1210,262,217,229,173,40,107,117,156,51,48,56,104,33,81,102,166,31,43,34,29,14,35,34,139,32,37,53,76,29,92,111,858,217,158,163,108,30,69,126,119,53,27,54,121,50,140,175,856,117,130,131,106,18,116,93,971,101,172,134,583,110,587,490,1092,982,189,1440,185,173,129,1281,133,147,47,134,124,153,133,827,215,112,63,113,46,32,40,117,135,90,33,122,160,97,192,591,164,140,35,156,43,39,33,212,34,36,12,39,25,42,55,202,132,98,32,101,49,49,53,168,110,111,39,264,211,189,176,1077,892,1174,139,1478,99,102,122,807,132,158,34,252,96,115,121,636,197,129,38,107,27,41,60,160,166,111,42,213,104,138,173,657,1361,1497,162,955,116,127,127,670,143,199,47,233,128,205,292,1179,1262,820,196,677,95,138,190,581,829,545,170,1077,589,589,1117,4741
Datasets/wang/Images/train/class5/551.jpg,6731,1062,809,823,1517,156,974,1313,799,107,133,106,895,138,1600,2013,1069,141,127,81,205,24,199,82,803,82,133,106,1238,85,1826,892,870,137,130,143,213,27,126,139,125,29,24,23,128,32,109,137,869,85,96,73,227,24,135,105,1265,82,122,132,1876,89,1004,616,1643,208,224,222,240,35,115,116,208,39,41,41,115,22,84,93,168,35,38,24,29,6,24,28,208,25,41,39,85,24,91,91,1079,180,137,148,109,15,75,92,113,26,20,42,73,25,100,131,1708,110,165,114,94,24,94,88,2077,92,240,183,732,87,549,489,826,890,146,1447,215,197,114,1890,128,116,22,173,114,161,114,1053,127,72,31,78,31,23,21,100,124,80,22,139,148,122,156,628,151,123,25,175,38,44,28,215,27,21,8,33,20,37,43,175,135,96,22,154,50,47,35,223,138,109,50,317,236,224,191,1303,1051,1547,96,2098,102,115,73,876,127,148,29,257,108,92,90,559,161,102,25,92,18,26,27,117,150,111,26,208,93,111,117,574,2452,2657,124,1284,79,85,95,643,122,151,29,182,96,136,178,843,2873,1176,137,699,97,108,133,505,1337,703,191,1411,594,542,922,4043
Datasets/wang/Images/train/class5/554.jpg,11285,1464,899,972,1284,155,1033,1216,738,185,123,110,996,172,1941,1828,1339,215,154,114,173,19,173,99,793,115,123,118,1116,105,1608,1081,731,161,107,130,142,28,131,149,89,38,20,15,80,17,139,170,947,119,122,86,173,17,163,96,918,76,112,97,1405,93,1108,684,1353,177,173,169,156,13,91,89,119,29,31,32,91,14,99,85,171,25,17,15,17,5,19,11,122,15,28,34,62,18,62,80,1096,214,149,165,110,23,114,105,81,27,15,13,89,25,153,160,1281,100,155,105,75,12,89,55,1059,55,151,142,614,57,627,356,782,1016,98,1122,147,149,108,1369,101,135,26,96,118,170,122,1204,204,133,25,92,27,22,21,80,121,109,19,115,128,110,142,719,129,117,29,93,30,33,16,171,19,20,6,25,21,26,21,170,146,136,22,111,33,32,36,127,113,76,18,217,163,148,184,1087,1151,1444,80,1470,104,102,108,755,130,176,22,176,84,101,124,696,193,125,29,96,20,12,37,69,161,118,23,142,111,90,149,460,2297,2451,151,1371,113,106,146,827,144,164,26,191,151,113,299,1282,2535,1299,195,771,108,108,147,470,1305,785,146,1082,675,455,1187,3962
Datasets/wang/Images/train/class5/576.jpg,6590,1530,814,900,1470,189,989,1343,708,212,115,122,927,171,1332,1651,1381,239,190,141,203,43,196,119,830,129,118,109,1292,99,1746,1028,760,191,123,130,202,36,141,174,117,44,21,39,106,48,141,193,831,127,133,130,205,31,184,115,1161,93,128,124,1992,90,1136,720,1412,221,206,221,181,28,102,101,159,43,37,45,105,21,118,105,180,34,37,23,25,13,26,32,182,22,44,38,96,22,94,102,970,204,160,184,113,28,105,102,93,39,31,34,103,36,109,170,1195,104,171,127,91,24,111,108,1618,91,185,156,792,89,635,553,794,975,146,1307,193,186,124,1791,110,132,25,132,149,151,151,1145,207,115,43,101,46,31,43,123,136,120,35,138,204,135,195,802,157,148,37,142,55,37,22,244,21,28,11,30,25,29,48,194,120,115,32,129,44,22,47,171,124,111,42,289,214,144,180,1303,1075,1522,108,2101,110,105,113,929,152,199,22,219,119,143,155,764,213,150,43,100,35,43,43,136,166,147,35,183,115,97,185,545,1293,1859,163,1298,111,100,146,747,113,226,47,204,134,207,309,1299,1608,969,222,769,108,130,201,597,1002,759,200,1321,647,597,1257,4815
Datasets/wang/Images/train/class5/546.jpg,6074,1444,553,737,1135,151,834,1356,684,210,118,87,933,204,2087,3018,1512,304,159,116,139,37,161,92,948,112,107,111,1501,107,2768,1280,627,177,88,106,160,32,89,142,102,44,23,20,95,29,143,202,923,102,90,72,168,28,111,80,1452,79,104,86,2305,90,1332,652,1185,141,160,130,176,15,92,59,136,39,32,21,87,18,101,81,185,34,30,18,24,11,19,14,139,23,31,29,64,15,72,94,906,177,105,111,87,18,77,57,97,28,27,25,100,29,130,176,1541,88,131,93,83,14,110,78,2086,99,186,166,985,88,802,470,641,781,83,1060,149,146,82,1764,83,109,21,83,96,122,123,1177,188,124,35,60,28,23,27,63,97,61,18,87,115,81,174,585,121,103,19,77,30,35,13,136,28,26,8,28,16,22,18,154,98,96,12,99,27,34,21,141,128,87,21,271,167,126,138,1028,948,1304,91,1995,79,67,79,711,93,126,23,145,93,91,111,549,204,83,28,66,21,14,29,58,146,79,41,150,81,69,149,352,2377,3024,118,1174,97,77,128,603,131,184,25,149,142,150,376,1251,3452,1367,203,661,78,80,174,405,1389,656,146,1076,719,431,1430,3789
Datasets/wang/Images/train/class5/536.jpg,8968,1017,756,840,1090,127,1042,1827,1799,127,124,86,1628,127,3020,2530,1029,150,124,66,125,35,128,78,1199,65,84,63,1854,70,2390,778,805,140,104,86,130,21,88,121,129,43,25,17,94,40,118,105,952,75,107,81,110,20,106,78,2127,59,108,90,2269,64,1154,490,1121,124,102,97,113,22,60,54,128,20,19,24,58,19,62,61,134,29,29,20,13,8,20,18,130,23,35,22,61,13,64,78,1069,142,105,113,62,21,56,69,107,23,21,20,83,38,86,108,1800,87,137,86,85,20,84,96,2396,80,155,135,784,87,457,388,694,822,72,1847,150,122,73,2471,101,91,15,87,85,100,116,1168,139,72,23,48,22,27,23,45,75,69,19,85,110,63,109,437,120,106,30,102,38,42,19,152,22,24,4,17,19,38,30,118,115,88,12,84,29,26,21,116,102,93,20,211,127,113,131,833,1010,1684,94,2179,67,72,60,625,111,93,26,114,74,68,88,458,120,74,34,64,23,22,31,77,128,78,20,102,71,69,112,304,2559,2486,93,1260,77,83,72,497,130,116,33,134,92,100,202,719,2788,831,136,562,84,75,113,408,1305,563,168,967,520,451,769,3018
Datasets/wang/Images/train/class5/547.jpg,21370,1033,1329,786,1362,234,997,648,1381,168,162,115,1016,134,3010,808,1075,127,192,83,215,36,157,109,786,93,121,98,723,81,798,409,958,166,182,144,222,45,149,150,152,44,38,42,135,43,129,171,670,101,136,81,241,33,174,111,837,104,138,141,1095,118,725,527,1327,230,256,221,202,48,128,137,186,55,56,76,115,39,78,114,201,28,44,35,46,11,38,28,176,37,53,42,99,29,115,130,711,155,147,195,118,45,102,121,152,60,38,47,82,49,94,139,727,101,160,118,105,41,125,149,855,125,195,194,597,131,544,618,916,711,185,798,225,196,124,856,153,165,39,155,145,159,119,664,182,97,36,103,54,35,45,117,149,91,35,140,174,137,164,567,140,138,37,162,64,49,30,201,30,42,9,38,33,39,36,190,123,109,46,123,53,53,46,215,120,118,48,250,199,197,217,1178,710,759,156,1067,116,129,110,622,142,186,28,257,83,102,107,566,188,112,48,125,44,37,31,144,157,146,51,244,128,157,155,707,849,891,126,782,85,136,118,588,111,198,37,238,110,183,179,821,778,529,176,594,143,130,162,698,773,572,228,1196,549,683,832,4772
Datasets/wang/Images/train/class5/519.jpg,6024,1539,587,848,1111,164,683,1151,768,175,90,106,825,201,1095,1588,1749,257,179,97,151,16,169,94,1153,130,92,81,1236,102,1448,732,846,175,113,97,182,21,113,136,143,35,25,16,123,35,120,200,1181,114,115,94,197,22,129,104,2082,112,120,99,2461,91,1167,565,1413,152,157,160,182,17,89,74,177,23,25,27,95,17,79,52,195,20,29,16,20,8,16,18,233,16,31,27,102,17,66,74,1060,223,128,136,105,20,69,97,122,34,17,29,107,42,123,158,1791,108,162,85,133,25,97,90,3496,112,236,183,1483,141,842,570,730,897,124,1382,164,200,113,1936,113,100,14,90,93,135,113,1015,187,104,36,82,26,13,27,89,123,74,23,83,123,85,170,522,106,113,17,134,25,38,16,212,30,29,8,22,23,31,23,185,147,89,30,123,34,31,26,157,151,122,26,248,192,155,133,945,938,1329,112,2362,92,105,89,1005,116,160,30,180,91,85,127,653,219,98,32,91,20,22,33,99,155,82,27,137,100,93,158,404,1419,1899,111,1208,79,89,133,722,150,173,31,154,131,179,351,1372,1923,994,214,769,91,104,165,538,1633,759,195,1225,890,531,1556,4064
Datasets/wang/Images/train/class5/507.jpg,19316,1117,1699,1264,1121,191,1191,1193,1234,130,116,94,1091,149,2228,1137,1077,136,155,76,167,23,137,82,871,82,111,67,890,74,1084,501,979,136,129,108,143,34,137,156,119,34,31,19,94,41,106,161,788,91,111,77,163,23,143,118,799,78,114,102,836,79,791,491,1037,169,133,142,130,37,79,84,160,33,21,31,92,26,58,91,190,27,36,20,24,11,26,23,155,23,37,34,76,20,93,88,894,152,131,177,99,19,88,92,121,34,21,30,77,32,89,147,944,83,146,119,88,12,102,104,892,80,162,135,498,86,484,511,1501,1400,159,2895,163,152,119,1513,135,119,21,124,130,144,133,867,145,78,39,58,39,28,36,84,150,85,25,99,140,88,121,540,118,98,20,112,29,36,28,161,27,17,10,42,28,35,34,163,104,83,23,99,39,38,37,148,100,99,42,192,136,133,140,808,1018,1183,113,1425,78,95,86,505,128,152,34,161,83,109,98,510,165,75,35,85,30,24,37,84,157,103,37,140,106,100,130,470,1889,1610,115,991,62,102,100,570,132,176,21,191,97,142,239,870,1540,680,163,556,76,87,138,519,861,542,179,867,537,506,871,3644
Datasets/wang/Images/train/class5/524.jpg,13690,1345,1246,948,1306,220,894,937,1355,197,169,132,963,188,1103,1002,1297,191,171,119,228,44,208,108,952,105,124,115,959,121,1172,627,1263,198,140,114,231,47,150,154,193,49,41,32,125,42,124,169,852,117,148,77,221,29,170,122,1092,104,134,136,1203,98,753,527,1418,239,234,245,206,43,100,107,196,57,53,65,106,39,96,136,206,51,61,40,29,11,34,29,158,27,59,54,110,29,105,120,905,198,143,197,110,38,102,125,117,47,34,49,89,38,114,179,927,127,144,107,109,28,96,133,1100,85,166,196,582,132,552,577,1158,924,213,1356,230,190,150,1222,160,128,41,144,126,162,120,769,203,122,48,96,46,39,57,127,133,107,28,140,167,136,207,591,172,170,47,143,40,56,42,204,42,34,8,58,33,40,45,192,146,113,37,132,55,54,43,204,129,126,41,311,234,220,198,1165,899,1077,167,1392,120,133,116,759,136,176,37,233,92,117,132,636,201,122,49,116,34,36,53,170,176,139,47,226,107,133,194,690,1396,1445,174,933,106,121,138,649,135,189,49,230,149,206,283,1153,1257,809,190,686,114,135,199,723,771,586,200,1177,566,638,1019,4913
Datasets/wang/Images/train/class5/515.jpg,8822,1350,949,757,1507,249,865,905,1016,219,182,150,918,210,1259,1185,1367,270,217,122,256,58,208,141,850,137,138,134,946,141,1149,737,1038,241,158,171,223,50,144,190,152,56,43,29,145,43,158,232,927,150,166,120,234,42,160,151,927,103,150,136,1221,126,864,742,1639,271,226,236,234,42,117,124,234,52,43,62,125,31,114,157,279,57,52,30,36,15,33,31,226,31,49,48,111,32,134,147,1100,244,137,205,135,35,108,120,146,45,36,67,107,39,142,194,1037,151,208,142,122,32,137,160,1147,128,236,203,722,108,701,720,1014,811,149,731,236,212,119,982,147,148,40,138,159,191,138,897,248,126,38,119,50,47,40,127,147,111,31,145,184,149,216,769,240,190,38,133,52,52,35,211,48,30,9,40,42,46,51,227,203,156,38,131,71,48,49,196,158,137,41,245,240,219,244,1278,1004,907,140,976,129,142,111,564,153,213,29,228,122,127,148,653,280,164,44,115,38,31,37,124,196,135,48,230,151,117,154,690,1343,1314,190,879,154,203,162,689,169,239,48,235,147,220,286,1274,1364,1026,245,858,168,198,219,804,1105,931,293,1404,712,839,1269,5746
Datasets/wang/Images/train/class5/503.jpg,7399,1224,866,1048,1812,199,1037,1283,857,165,137,127,1048,175,1165,1232,1168,181,155,132,210,42,191,106,913,120,152,104,1306,106,1344,793,847,157,150,171,233,38,138,182,114,39,27,22,129,42,105,152,910,104,148,126,261,30,165,146,1219,119,153,172,1717,118,1182,817,1671,235,231,249,289,32,149,128,212,31,42,47,142,27,102,117,209,37,25,29,37,8,36,28,209,16,38,29,100,27,96,102,951,190,140,175,138,20,135,99,109,40,25,41,100,26,104,157,1174,101,171,147,97,31,123,109,1583,115,224,207,838,105,706,577,798,971,124,1414,212,244,142,1830,136,149,26,162,159,165,148,1144,169,95,40,111,37,31,33,132,134,129,29,147,197,138,198,832,134,124,30,162,43,40,23,225,26,26,7,39,19,37,31,233,118,102,29,142,51,34,32,202,153,138,44,330,220,237,235,1526,985,1424,118,1874,112,125,95,973,148,163,24,297,110,129,127,800,174,98,29,132,28,29,36,101,169,122,35,220,139,110,167,628,1187,1412,132,1251,113,94,121,748,161,185,27,247,150,154,211,1073,1164,792,165,811,93,87,140,563,1085,806,237,1409,719,599,1042,5043
Datasets/wang/Images/train/class5/526.jpg,10318,1231,1860,1016,1460,264,1250,1093,1468,222,241,165,1076,207,1573,1173,1093,180,258,115,292,31,201,113,898,103,146,108,982,140,1131,553,1114,215,219,176,258,75,167,202,182,71,64,60,164,45,150,208,726,104,172,97,271,42,184,128,854,88,165,135,1100,129,774,599,1347,308,287,268,245,61,133,154,238,66,68,103,125,37,91,131,251,65,54,42,61,18,45,69,215,41,61,69,136,62,121,177,713,251,166,229,123,49,136,149,131,67,46,72,98,66,126,211,738,134,190,159,140,45,160,190,791,116,247,259,542,196,548,848,1008,763,222,964,248,259,166,1089,199,156,56,158,175,193,164,736,232,125,67,92,67,59,67,149,152,98,46,143,193,168,235,645,206,125,52,171,69,72,62,252,56,56,18,70,64,58,44,273,165,92,48,130,74,59,72,280,155,144,62,264,297,239,282,1307,767,842,178,1164,129,134,108,652,188,216,46,306,116,172,119,590,230,137,62,149,52,60,64,187,166,170,51,300,162,207,214,928,760,958,150,742,98,167,99,619,163,249,57,264,112,212,185,1014,820,599,263,629,137,178,230,844,644,614,280,1219,623,945,995,5897
Datasets/wang/Images/train/class5/542.jpg,8442,1586,1110,899,1277,248,974,993,1273,217,188,126,1021,210,1378,1305,1449,268,259,160,242,43,241,131,879,120,138,110,1217,134,1782,841,977,265,174,149,206,53,159,189,166,48,44,34,112,66,163,196,779,124,151,113,208,35,194,127,758,93,130,110,1134,126,860,628,1357,294,234,220,181,31,106,122,208,57,71,61,107,29,107,125,222,39,51,31,41,22,48,48,192,43,39,42,113,38,130,141,871,263,162,194,113,37,96,137,115,57,29,76,120,55,133,240,917,138,182,135,103,41,117,145,1000,127,177,215,594,120,621,592,960,852,209,1059,220,236,141,1165,171,169,41,164,142,172,143,814,219,123,78,94,53,53,59,112,131,100,37,133,189,119,261,658,171,157,40,161,48,53,44,230,36,41,19,36,45,61,57,255,161,115,37,123,46,50,54,216,118,121,53,233,208,190,257,1118,950,1048,149,1323,122,121,130,879,136,209,42,265,109,139,161,788,212,147,51,151,38,35,58,184,168,141,44,212,143,154,249,782,1299,1666,159,964,122,128,142,738,154,277,54,267,140,250,305,1354,1502,890,240,729,124,155,214,805,877,691,222,1199,633,740,1248,5465
Datasets/wang/Images/train/class5/553.jpg,20907,1654,1416,949,815,136,1155,1078,1338,166,110,93,1250,162,2793,1545,1529,292,192,91,152,31,201,89,863,101,90,90,1037,98,2050,700,1441,228,111,83,119,32,108,107,113,41,18,19,77,30,134,171,965,109,121,71,107,17,123,71,992,62,79,88,720,56,808,405,885,146,107,94,94,20,66,52,98,29,27,29,62,21,75,75,135,36,30,12,18,5,22,14,127,20,31,23,55,12,85,76,1108,191,135,139,72,13,74,75,95,35,26,22,88,36,160,166,877,78,117,83,57,15,83,73,716,69,80,85,334,57,509,334,1554,1023,114,1056,112,114,94,901,100,99,20,73,106,146,136,801,198,105,28,58,19,16,32,58,119,69,19,63,118,82,201,453,116,107,21,76,34,29,24,105,21,21,9,14,16,26,27,124,110,97,30,68,28,22,29,107,72,81,21,145,100,92,157,596,1200,1109,83,869,58,59,78,346,144,132,23,83,68,88,142,516,197,72,32,53,11,15,29,56,133,65,24,95,88,77,183,338,2556,1959,164,1062,88,77,145,503,150,198,20,144,137,199,450,1368,1542,853,167,474,90,84,191,354,873,472,141,666,504,363,1323,3251
Datasets/wang/Images/train/class6/678.jpg,42101,385,2073,1130,507,27,1087,867,1473,23,59,23,983,24,3097,911,292,13,41,14,20,1,34,9,675,9,32,10,817,6,1150,127,1390,33,45,38,51,1,29,14,44,4,4,2,24,6,27,21,662,9,29,11,67,5,44,12,1877,8,38,27,1605,18,479,128,523,40,56,78,39,7,17,15,42,2,11,5,14,1,7,12,16,3,2,1,3,1,5,3,36,4,7,2,11,6,10,18,1024,39,30,51,12,0,12,5,19,6,3,4,14,1,12,21,718,9,20,18,12,4,18,16,885,13,28,32,150,10,76,57,2597,1672,83,4073,63,50,30,1356,34,34,4,59,21,26,34,469,24,8,5,16,8,2,6,12,33,18,5,48,33,19,27,139,69,35,8,66,14,13,7,42,6,3,0,12,2,4,4,19,23,18,3,38,11,6,6,41,57,35,7,156,49,48,25,286,1442,1954,38,2676,11,28,28,214,34,42,2,58,19,12,11,91,32,11,7,16,3,6,6,17,33,19,7,44,14,15,34,84,2961,1322,45,716,7,9,21,152,34,41,4,32,16,22,65,173,1115,140,31,117,10,14,19,58,350,91,21,326,92,79,125,603
Datasets/wang/Images/train/class6/606.jpg,13666,849,1401,1321,684,54,1428,2479,1229,58,93,54,1238,71,3948,3597,713,43,61,26,48,6,74,29,1168,17,53,40,2094,20,3107,513,1061,58,70,60,64,6,47,63,86,12,5,2,56,9,80,68,1042,28,51,25,67,5,52,37,3117,30,76,42,2804,19,1002,246,678,60,67,77,40,5,17,23,63,12,7,9,31,4,27,29,36,4,12,9,4,0,3,4,64,2,11,11,27,5,19,21,982,72,52,69,27,1,31,29,50,6,3,5,47,13,49,50,1920,31,56,29,30,10,36,28,2882,38,68,54,534,25,281,149,1328,1330,107,3117,64,87,65,2903,71,48,9,79,54,59,91,1174,67,24,11,21,11,5,9,32,53,35,5,41,39,28,58,268,72,54,5,63,7,10,7,84,8,7,1,10,9,8,12,53,52,38,9,31,11,9,7,49,90,46,17,116,86,63,36,382,1227,2339,55,2497,29,25,42,543,62,54,5,61,38,21,66,275,73,35,16,36,6,2,18,38,73,26,4,50,28,28,57,148,3220,3359,84,1102,27,40,46,346,73,83,8,55,50,50,159,461,2748,470,66,261,30,22,46,160,1020,267,65,386,296,168,434,1094
Datasets/wang/Images/train/class6/621.jpg,16837,841,1409,1231,716,47,1214,1969,1322,83,81,49,1167,65,3228,2166,858,56,85,45,64,5,103,34,1059,32,67,29,2043,32,2705,378,1209,84,71,70,72,9,76,70,89,13,16,10,59,10,90,79,1075,34,69,42,82,3,102,44,2195,27,65,49,1988,35,861,247,688,70,78,70,41,9,28,35,74,10,18,12,28,7,35,27,62,4,9,11,7,0,9,13,80,12,19,10,33,5,37,32,1171,107,68,83,30,5,35,48,64,20,9,13,42,8,58,86,1885,35,75,38,36,8,33,17,2008,31,68,60,386,36,277,166,1269,1206,88,3183,72,93,61,2419,83,71,9,61,66,83,98,916,92,46,13,30,7,8,11,20,72,38,11,40,81,41,91,255,92,56,6,85,13,14,6,100,9,7,5,12,4,13,11,59,67,38,6,62,20,9,9,51,78,38,5,171,92,55,88,418,1307,2096,74,2679,26,40,38,493,72,80,10,78,46,61,46,323,100,46,7,42,7,13,18,21,81,44,5,58,41,30,81,195,3924,3426,98,1101,42,42,84,365,96,123,9,72,70,91,160,602,2857,574,90,371,42,42,76,192,1013,354,67,471,346,179,514,1400
Datasets/wang/Images/train/class6/667.jpg,10562,729,1066,1198,672,40,1020,1889,1049,46,82,44,1103,52,3669,2861,720,30,53,20,60,1,79,21,1052,26,60,35,2725,19,4878,394,1077,56,76,62,52,5,75,41,72,3,5,5,43,10,77,47,1038,32,63,21,79,1,49,29,2636,20,58,48,3635,29,1232,211,710,56,68,69,37,0,21,20,58,4,9,2,24,2,11,16,43,1,4,1,0,2,2,5,64,3,8,6,24,3,30,16,1183,77,62,64,23,0,30,31,36,9,8,5,21,7,55,46,1993,21,50,23,11,4,24,15,2201,15,35,35,452,23,251,108,1252,1171,117,2900,49,82,68,2591,75,46,5,73,62,61,84,980,49,28,11,15,2,3,6,15,43,31,7,43,75,36,69,228,91,45,7,71,9,9,5,50,13,6,2,11,9,8,5,40,59,34,4,62,7,7,6,39,76,74,5,170,54,42,66,303,1254,2932,62,3566,20,20,43,509,52,71,3,69,24,26,56,271,62,28,4,23,2,9,4,16,61,42,14,47,36,27,39,115,4247,5467,99,1414,24,21,61,261,69,79,13,41,74,58,163,411,3597,535,52,265,15,23,55,114,1010,235,47,363,233,121,374,935
Datasets/wang/Images/train/class6/650.jpg,19868,536,1363,1173,455,14,1150,1872,1886,33,75,34,1343,41,4078,2415,513,18,31,9,20,2,35,9,1601,14,27,12,2524,7,3007,232,1669,35,59,24,26,5,47,38,87,4,6,4,34,5,61,34,1337,13,40,21,27,4,35,16,4826,12,56,33,3013,10,724,139,530,29,41,28,21,1,16,5,41,2,4,4,11,2,10,10,28,0,4,1,2,2,2,0,33,3,3,2,10,2,13,10,1365,41,48,48,12,0,14,18,41,7,2,5,24,5,31,26,1831,14,23,16,8,2,18,8,2073,16,34,28,255,11,118,59,1878,1370,78,3235,35,27,22,2195,56,24,3,61,38,44,53,695,35,15,4,9,3,2,7,10,35,18,3,37,27,17,35,126,98,39,8,61,9,6,4,30,5,3,0,4,6,4,6,35,41,32,1,50,2,7,6,23,63,33,8,93,35,24,32,182,1525,2175,34,2363,11,6,29,255,27,47,6,32,19,24,37,121,29,14,6,9,0,1,7,9,39,16,3,25,14,9,30,59,5470,2608,73,823,18,9,38,169,76,30,7,23,34,30,155,253,2453,286,45,135,15,19,29,68,715,154,36,208,157,63,229,560
Datasets/wang/Images/train/class6/628.jpg,19043,786,1190,1059,572,28,1132,1855,1575,50,81,30,1388,45,3836,2872,703,41,52,11,31,1,66,11,1346,12,41,28,1864,18,2574,334,1707,68,65,36,55,6,48,61,93,10,6,2,35,8,67,42,1399,23,37,26,54,7,54,18,2901,16,55,39,1933,13,820,172,688,33,61,58,25,2,13,23,61,5,6,11,15,5,16,15,39,5,6,3,3,2,2,5,49,6,5,7,12,1,14,20,1695,64,68,65,21,4,19,24,39,6,1,6,33,4,53,52,2546,25,55,31,20,3,28,14,1979,15,56,37,320,16,201,85,1230,1006,80,2299,50,56,47,1908,60,54,3,62,53,48,79,839,69,16,7,27,7,3,7,13,50,21,4,34,50,33,62,170,115,52,6,56,14,7,7,59,1,5,1,4,3,2,13,39,63,42,5,48,9,8,5,52,68,48,4,91,73,47,33,276,1321,1936,50,2193,21,16,31,344,61,60,7,61,17,33,54,235,56,17,8,27,3,3,17,15,57,22,4,49,33,16,50,82,5409,3298,106,892,28,25,64,255,109,70,8,31,60,57,206,399,3878,464,59,198,18,22,44,111,1007,264,53,342,245,109,400,843
Datasets/wang/Images/train/class6/670.jpg,18422,892,1575,1304,830,82,1427,2062,1466,117,127,78,1380,90,3902,2953,976,53,83,40,54,8,101,36,1329,36,73,52,1985,43,3118,553,1301,91,102,63,68,10,77,89,123,17,21,8,79,18,133,93,1119,19,87,40,84,12,91,49,2351,41,84,44,1921,35,1059,338,712,76,91,84,44,9,34,38,78,17,20,13,26,5,41,33,99,5,8,8,6,2,7,7,81,6,14,19,31,11,39,55,1063,114,66,68,36,8,39,51,73,11,17,12,44,26,81,89,1563,38,75,49,27,12,59,42,1660,45,72,64,412,42,337,230,1391,1113,102,2601,68,98,66,2048,79,76,10,94,91,82,116,1070,102,34,26,36,14,5,24,33,91,30,11,55,99,54,88,303,112,62,13,96,10,19,14,77,13,14,1,23,16,13,15,74,75,39,12,50,16,16,13,58,78,44,12,158,76,76,62,474,1112,1654,72,1949,24,47,46,398,75,83,12,79,35,46,69,344,96,46,27,33,6,16,17,50,96,51,14,58,45,41,68,210,2531,2052,101,941,34,35,78,279,100,96,16,70,72,77,195,567,2327,387,107,268,34,48,92,236,850,233,77,434,300,228,607,1538
Datasets/wang/Images/train/class6/636.jpg,15181,1034,1203,1295,1057,82,1246,1848,1151,79,79,76,1278,97,2561,2231,1036,58,90,41,71,6,122,48,1278,30,71,61,1875,40,2134,609,1155,90,92,108,101,4,93,111,101,17,11,5,69,19,108,130,1138,39,97,51,112,4,101,57,2337,50,116,75,2003,45,1233,441,1127,73,92,116,75,9,43,44,106,11,21,12,44,7,54,38,80,8,7,1,6,1,16,5,101,5,10,19,45,4,44,47,1171,115,90,126,48,6,49,62,62,8,7,13,59,25,74,60,1922,36,94,64,46,5,63,50,2162,48,82,87,603,43,468,250,1160,1202,95,2268,110,115,89,2190,89,101,12,117,114,101,103,1219,110,43,18,41,7,8,14,34,98,46,11,83,101,62,88,447,98,74,7,123,17,15,14,123,10,10,3,18,10,17,21,81,67,52,15,95,9,12,10,95,112,56,16,197,117,80,102,714,1298,2118,83,2204,57,38,69,632,86,120,9,106,41,59,64,467,103,52,8,33,5,5,15,43,120,53,16,95,63,33,92,227,2345,2267,94,1393,53,40,70,458,97,100,6,87,66,81,132,643,2188,641,101,518,48,45,86,231,1246,521,87,755,406,219,614,1840
Datasets/wang/Images/train/class6/669.jpg,8167,679,981,1268,619,39,1074,2286,901,43,84,53,1071,57,3340,3027,644,36,53,21,38,5,57,21,969,19,35,28,2350,25,3346,478,1100,56,56,55,54,6,38,62,76,3,6,3,55,9,73,65,1200,23,49,31,64,3,64,30,3348,20,68,58,2942,29,886,246,734,49,51,58,28,2,23,26,55,6,0,6,22,3,17,22,38,2,6,3,1,1,1,1,83,3,8,7,17,3,20,14,1279,60,46,52,22,3,27,31,53,7,2,5,43,11,48,31,2602,18,64,43,29,1,31,19,3520,18,81,39,523,19,267,117,1238,1441,74,4316,64,60,42,3130,62,49,11,57,39,70,66,1046,56,22,8,17,6,1,8,14,49,24,3,35,47,29,55,244,85,67,4,80,6,10,5,55,5,4,2,9,5,8,7,51,55,26,3,53,7,8,2,51,75,46,10,128,52,57,37,339,1454,3171,58,3712,34,20,23,545,51,65,4,57,24,17,45,244,78,32,7,20,2,1,11,19,54,29,6,40,26,21,40,120,4957,4275,74,1203,25,27,56,327,78,57,2,63,49,41,128,427,3590,518,81,324,15,23,53,148,1226,254,50,432,287,153,386,921
Datasets/wang/Images/train/class6/618.jpg,17693,805,1585,1245,636,36,1324,1807,1508,38,77,56,1410,44,4188,2761,726,23,50,24,33,0,55,13,1334,12,44,27,2104,19,3296,388,1394,52,66,69,49,2,52,60,77,2,6,5,38,4,81,61,1268,22,67,21,58,3,83,21,3197,13,68,42,2205,14,997,196,742,29,55,49,21,2,18,15,33,5,2,4,16,1,13,26,28,3,2,5,3,1,2,3,60,5,8,4,11,7,21,10,1396,85,60,71,13,2,29,18,42,4,6,3,23,5,53,39,2224,20,48,17,8,1,32,11,2227,12,52,29,278,13,206,96,1482,1293,81,2904,44,63,41,1986,71,59,6,75,61,60,89,910,64,17,9,24,5,5,6,18,60,17,4,43,46,19,42,225,88,60,7,89,5,1,5,57,3,4,0,6,3,3,2,36,47,26,5,42,7,4,3,43,67,48,9,165,53,34,34,331,1324,2188,56,2077,17,25,29,306,54,58,3,46,34,27,55,211,68,12,5,17,3,0,4,21,64,31,11,21,29,6,42,76,4242,3351,98,1027,21,20,50,233,99,54,7,44,46,36,170,425,3176,402,62,240,15,18,50,79,1020,234,44,329,255,72,367,725
Datasets/wang/Images/train/class6/634.jpg,11635,828,1361,1163,711,44,1180,2059,1291,57,96,48,1294,82,3445,3033,914,47,56,30,45,2,87,19,1382,23,63,35,2420,19,3670,431,1329,75,86,63,76,7,49,39,102,13,5,5,52,10,93,56,1366,27,56,34,85,6,65,27,3271,28,79,44,2995,17,1141,234,811,53,71,68,35,4,16,11,70,5,6,10,22,1,20,26,64,4,5,4,9,0,5,5,80,5,6,12,20,4,12,25,1394,101,57,70,21,7,27,37,50,11,4,8,42,10,63,44,2389,21,64,31,20,5,27,23,2585,18,49,43,503,15,277,109,1313,1179,80,3011,55,70,48,2365,67,77,4,74,62,79,85,923,64,31,12,30,10,2,8,20,68,25,15,49,64,30,69,202,102,57,5,90,12,11,9,44,14,13,3,17,10,9,13,49,55,39,5,51,9,14,7,45,92,58,19,155,66,47,55,390,1304,2394,41,2746,31,20,39,377,72,65,2,47,35,30,52,226,82,19,13,25,5,4,8,17,73,29,3,37,30,16,47,109,3676,3605,95,1094,23,16,47,270,119,64,13,47,60,49,188,418,3574,549,69,270,35,29,50,134,1236,316,51,429,371,138,470,1050
Datasets/wang/Images/train/class6/662.jpg,24646,718,1544,1200,541,47,1293,1629,1742,54,90,38,1512,48,4378,1843,685,33,60,18,43,4,63,20,1270,18,52,24,1882,31,2486,375,1510,51,68,57,47,5,49,42,83,8,8,5,62,12,89,54,1215,19,47,21,52,7,55,24,3014,20,78,38,1818,23,786,195,650,48,47,51,29,6,19,19,51,3,11,8,24,2,24,20,39,3,7,2,3,4,4,5,57,4,11,6,35,5,30,28,1353,74,68,61,24,4,16,24,52,11,7,5,37,9,54,36,1814,19,43,14,24,7,20,26,1846,15,43,37,295,19,212,119,1505,1196,86,3106,59,61,45,1694,62,47,7,66,51,61,76,721,48,17,9,21,6,4,12,30,55,27,4,54,49,22,68,186,88,44,11,67,9,5,8,45,9,8,3,12,7,13,10,44,41,37,5,45,10,13,10,40,76,48,11,129,58,37,39,273,1256,1797,53,1777,24,18,23,293,58,48,4,48,15,25,46,200,71,11,7,26,10,7,9,26,41,27,11,38,25,19,37,114,4010,2452,84,828,19,26,49,201,81,52,10,54,47,46,181,349,2329,330,41,196,22,20,34,113,810,177,33,295,213,128,416,916
Datasets/wang/Images/train/class6/648.jpg,34094,1074,1093,889,723,59,914,1187,1093,110,66,59,881,104,2014,1534,1101,69,95,48,72,7,146,55,917,38,59,41,1330,56,1969,462,954,118,88,95,63,7,77,93,71,15,14,13,61,25,89,131,925,42,76,39,88,6,98,53,1531,32,73,57,1290,28,847,345,654,86,75,75,52,5,31,33,72,11,5,14,39,12,42,44,71,2,11,9,5,2,7,7,75,6,12,8,42,9,39,32,921,104,71,99,41,7,49,62,48,19,7,11,44,15,72,101,1465,32,100,40,34,7,50,32,1417,48,90,60,378,27,370,210,905,868,88,1413,66,79,63,1180,73,86,13,84,73,78,91,828,97,47,14,30,12,3,17,35,72,42,16,56,99,48,147,342,79,51,6,70,10,15,7,61,10,10,3,9,9,16,15,87,57,35,10,56,10,12,13,59,76,55,5,146,97,56,94,426,846,1210,56,1240,26,32,49,410,72,82,3,83,51,61,89,363,122,50,22,39,4,5,15,40,84,46,19,61,58,43,88,222,2034,2025,84,879,34,35,83,376,90,127,9,96,78,108,206,772,2097,513,127,317,29,27,79,183,961,322,77,416,360,220,835,1687
Datasets/wang/Images/train/class6/645.jpg,21251,901,1621,1266,768,95,1202,1636,1249,124,117,65,986,112,2679,2044,792,66,92,44,75,19,103,34,1039,34,68,47,1435,53,1884,454,1310,107,82,83,76,13,69,68,108,19,15,15,65,20,99,110,1080,43,68,37,94,8,86,45,2166,30,90,67,1721,30,686,296,802,85,85,80,52,9,53,27,84,23,16,13,39,9,36,42,74,9,18,7,9,5,14,15,88,8,17,18,27,12,34,45,1041,75,71,96,47,7,45,51,63,17,8,21,44,13,73,115,1345,45,82,56,41,17,44,43,1383,40,85,83,361,47,328,235,2344,1690,127,2941,89,105,68,1730,76,62,11,83,74,98,81,891,87,43,15,34,10,5,26,49,72,45,14,51,80,41,103,289,143,77,21,85,18,17,12,86,17,10,8,15,16,25,13,73,69,51,12,68,11,23,16,95,83,65,13,129,96,79,96,479,1589,2223,63,2047,46,42,50,463,76,93,14,93,36,65,73,310,108,56,27,39,11,9,24,54,91,49,14,69,59,37,98,214,3185,2300,83,1016,36,48,69,341,92,98,16,83,64,98,190,582,1753,569,129,344,41,58,110,237,788,319,82,548,300,260,592,1862
Datasets/wang/Images/train/class6/642.jpg,19833,793,1609,1183,728,63,1154,1640,1493,84,97,60,1105,94,2575,2281,848,67,89,24,69,11,83,41,1116,35,52,25,1694,33,2256,370,1446,97,89,79,77,16,69,65,102,24,8,7,59,20,78,91,1191,29,74,30,83,4,94,33,2787,28,79,62,2416,31,837,259,815,82,79,79,47,2,31,32,62,15,19,13,30,7,19,31,84,4,11,10,12,1,10,4,79,10,15,5,32,12,31,35,1251,92,64,73,33,10,32,48,63,16,7,11,40,21,62,74,2096,34,78,47,40,9,52,37,2878,43,81,80,443,42,277,207,1463,997,95,2592,88,81,48,2222,75,55,13,78,63,74,82,884,86,32,14,26,15,7,9,27,46,35,12,52,83,46,109,260,110,53,9,93,22,12,12,94,9,12,5,15,10,14,13,70,78,42,12,51,11,15,7,71,92,60,11,139,100,87,80,469,1175,1896,57,2294,27,35,35,376,60,71,7,83,34,55,65,288,100,42,22,47,9,9,22,29,94,45,9,71,40,41,72,182,2766,2554,83,946,30,47,41,264,89,84,18,73,53,69,140,504,2589,439,88,335,40,43,80,223,999,334,84,512,300,202,525,1407
Datasets/wang/Images/train/class6/602.jpg,12479,815,1514,1263,757,50,1569,2290,1564,74,135,59,1371,67,5648,3872,788,50,86,24,62,6,91,28,1209,27,61,33,1976,33,3511,409,1262,59,82,73,72,10,53,58,93,10,14,9,59,10,94,64,1112,26,57,30,88,3,63,31,2541,12,82,42,1920,24,922,218,777,65,70,94,50,6,24,22,70,9,10,5,23,9,23,25,57,5,11,6,4,1,4,7,73,5,13,10,18,5,25,43,1128,98,62,71,17,6,33,33,50,11,9,8,32,13,58,59,1946,23,47,22,29,4,29,29,2172,23,48,49,350,23,237,146,1283,1292,104,3353,79,92,66,2539,84,71,11,100,81,67,104,1039,77,22,11,26,6,5,12,27,59,31,15,56,50,27,69,256,95,56,12,73,20,15,6,55,10,7,5,17,9,6,17,62,46,28,9,59,7,14,6,57,84,44,6,166,61,45,58,381,1109,2406,65,3306,23,25,33,415,78,68,7,54,32,34,65,279,72,28,13,16,4,3,10,29,88,37,12,60,33,26,62,131,3136,2887,93,1164,19,30,58,265,108,75,14,49,65,64,205,408,2876,408,79,255,31,40,61,154,995,256,55,400,265,148,405,1139
Datasets/wang/Images/train/class6/616.jpg,22168,662,1732,1322,574,43,1087,1795,1438,45,62,30,1023,46,2498,1552,630,35,31,15,38,0,52,11,1336,11,31,26,1803,9,1878,195,1922,56,71,57,50,3,50,50,68,8,3,3,29,5,48,36,1316,15,47,21,66,0,68,25,3779,22,60,27,2646,11,795,144,787,41,52,69,28,2,24,20,58,2,8,6,26,2,9,10,43,3,6,3,3,5,3,2,72,3,6,6,11,2,8,10,1510,58,67,70,15,4,24,25,50,8,3,3,22,9,45,32,1628,23,49,32,29,3,30,24,2005,23,52,39,265,22,149,79,2144,1691,86,4360,61,63,44,2106,78,67,9,51,55,48,71,753,50,16,9,23,4,3,11,13,57,24,4,43,55,22,51,180,98,54,9,80,10,4,4,59,10,2,1,4,7,5,10,35,56,34,9,46,4,8,10,47,82,45,8,186,68,44,32,329,1536,2440,66,2613,11,25,24,293,67,57,1,54,25,26,43,173,59,13,10,15,3,8,9,12,89,25,6,37,21,25,38,78,3836,2264,85,974,31,22,49,216,68,52,6,51,49,43,132,308,2024,337,67,232,15,13,39,99,875,233,40,412,232,102,327,835
Datasets/wang/Images/train/class6/600.jpg,15989,780,1342,1251,668,48,1315,1979,1403,74,82,65,1225,57,3537,2889,805,37,62,29,46,3,72,23,1222,30,65,29,1772,12,2176,350,1453,80,65,61,59,7,59,70,99,22,8,6,62,6,89,68,1311,23,64,23,68,1,67,28,2923,15,59,44,2082,19,922,193,739,66,64,64,34,4,22,21,60,12,9,10,19,4,18,23,59,11,5,4,9,0,2,6,62,4,13,10,10,4,18,28,1337,87,76,90,28,8,15,28,66,8,2,10,35,16,42,59,2257,28,82,28,31,7,37,24,2146,21,46,41,353,32,267,122,1360,1317,102,3273,53,85,57,2249,66,61,6,92,49,67,81,963,79,27,10,26,6,6,9,21,52,31,7,44,62,41,75,268,115,63,8,80,11,13,6,74,16,4,1,8,6,10,13,39,74,33,6,37,16,14,6,45,82,52,8,151,73,48,46,337,1296,2359,60,2720,23,28,48,494,45,67,2,80,28,37,51,255,100,37,17,31,4,5,7,38,70,21,10,55,38,34,76,133,3645,3107,83,1278,27,37,65,331,82,93,5,62,53,65,175,514,3279,642,91,320,39,43,62,178,1225,316,53,421,305,160,470,1057
Datasets/wang/Images/train/class6/627.jpg,27616,865,1539,1126,809,54,1268,1419,1618,92,137,64,1317,85,3522,2018,799,45,82,29,59,5,107,33,1284,33,64,39,1515,32,2271,449,1229,84,99,69,81,6,64,54,109,22,11,8,56,11,102,95,1004,30,74,27,81,8,109,29,2827,24,75,52,1800,34,938,267,681,69,83,87,46,12,23,34,69,10,11,17,32,11,26,38,51,10,10,7,7,1,6,6,50,9,11,13,26,9,31,41,959,102,69,84,28,6,23,44,43,6,7,10,32,22,50,80,1166,21,57,29,27,5,42,32,1530,23,65,50,310,26,256,195,1441,1083,86,2777,58,76,50,1704,115,85,8,80,72,62,94,907,77,23,23,33,12,9,18,27,70,33,3,54,65,44,95,304,74,49,10,89,12,9,8,67,6,7,6,15,7,9,19,76,47,32,2,46,14,14,10,51,59,45,11,166,72,49,56,448,1067,1545,62,2034,29,23,37,348,58,69,8,67,32,36,51,290,82,22,16,22,7,5,15,25,74,39,11,51,41,34,73,171,2010,1748,76,984,22,23,47,268,79,61,14,63,51,67,180,481,1832,348,67,286,25,23,71,169,782,191,59,429,235,154,488,1268
Datasets/wang/Images/train/class6/652.jpg,10006,700,1099,1207,730,62,1235,2322,1138,56,87,54,1355,99,4244,2887,735,42,65,32,71,6,72,33,1252,26,60,38,2564,28,3594,455,1290,69,73,60,75,11,41,72,103,17,8,5,53,17,95,56,1405,24,82,40,118,1,83,27,3597,30,93,52,2899,29,979,294,770,65,77,99,46,3,35,32,73,4,13,10,25,2,23,30,64,6,8,9,1,2,8,3,74,3,11,11,29,5,28,34,1276,101,52,90,43,5,39,35,79,16,6,7,47,13,51,42,2635,36,77,38,33,7,33,29,2907,25,75,61,502,39,301,155,1120,1216,87,3565,77,72,57,2972,88,56,15,82,55,69,74,1026,61,21,14,27,9,3,12,38,59,30,5,60,78,50,75,288,103,56,15,86,14,10,9,63,8,8,4,14,6,4,8,52,60,44,9,47,22,18,9,70,102,75,10,122,92,73,79,413,1182,2019,58,2576,19,40,41,495,66,67,3,91,34,34,50,292,84,35,14,36,5,6,10,26,74,48,7,50,41,39,57,174,3619,2767,87,984,42,42,48,325,104,79,8,83,58,67,154,422,2818,580,94,278,40,51,56,190,1213,353,60,495,345,225,456,1336
Datasets/wang/Images/train/class6/643.jpg,11919,525,1113,1019,563,43,1233,2150,1128,31,65,43,1114,40,4623,3124,553,18,31,17,23,1,57,11,1172,11,35,19,2162,12,3130,330,1161,47,66,58,30,0,31,50,70,2,3,4,37,3,77,38,1142,22,54,33,53,2,54,18,4191,17,79,34,3201,22,910,183,690,37,39,52,16,1,12,10,36,1,4,4,17,4,12,10,17,1,3,1,2,0,0,1,52,1,3,2,14,1,10,5,1287,40,38,55,13,0,22,18,30,2,2,5,19,7,49,30,2582,10,51,21,13,1,14,11,3326,12,40,42,347,7,160,65,1416,1172,62,3977,31,50,41,2907,59,47,6,66,49,43,65,852,40,11,7,18,1,2,4,13,43,24,2,30,44,28,50,193,81,52,4,94,3,9,2,56,6,1,0,7,5,6,3,43,54,31,6,50,4,2,5,31,82,52,9,167,41,34,40,295,1627,3040,38,3305,18,13,18,341,50,41,3,41,18,26,45,163,49,23,4,14,0,0,6,9,44,27,4,41,24,5,22,72,4927,4211,60,1147,17,9,36,176,61,45,5,38,39,28,93,259,3155,410,42,226,12,12,30,85,1051,215,29,335,181,75,250,626
Datasets/wang/Images/train/class6/630.jpg,17438,994,1221,1283,943,77,1251,2144,1190,120,107,72,1180,147,2709,2595,961,60,102,46,78,2,138,42,1150,48,73,49,2005,35,2505,572,1211,90,82,96,96,6,87,139,92,17,10,8,61,14,90,133,1173,22,97,41,94,12,125,54,2910,38,89,62,2319,34,1073,368,927,72,99,109,53,8,34,38,83,9,11,16,25,10,34,39,77,6,9,8,7,4,7,12,93,3,18,15,33,9,39,37,1093,108,95,104,42,5,46,61,68,10,13,8,42,15,84,75,1871,48,126,54,40,9,50,41,2342,32,92,70,510,38,329,203,1089,1070,86,2227,98,99,88,2173,91,81,13,96,85,125,105,1247,112,41,22,38,8,8,22,34,93,45,6,77,105,54,80,384,89,64,4,97,15,12,5,107,13,9,1,17,6,10,8,94,58,40,3,65,21,12,8,80,88,66,25,190,94,74,95,605,1102,1736,80,1963,41,33,46,546,107,101,11,89,58,52,64,403,127,49,13,45,3,5,17,34,115,59,17,89,62,28,82,194,2257,2134,97,1022,48,31,70,392,95,79,10,78,72,79,182,658,2219,478,110,392,38,36,84,229,1059,381,89,576,366,208,652,1711
Datasets/wang/Images/train/class6/641.jpg,22641,797,1074,977,551,39,776,1287,1449,71,69,38,1105,62,2236,2204,779,33,67,17,45,7,70,20,1273,16,38,23,1526,18,2540,269,1850,88,90,68,71,8,62,52,108,10,8,5,65,11,67,62,1475,19,60,29,94,6,64,29,3501,26,58,42,2096,25,764,187,730,78,70,59,27,12,16,25,58,12,4,8,18,5,18,19,57,5,10,9,5,1,6,4,62,4,14,5,17,5,22,21,1469,97,76,77,17,1,37,27,69,16,6,10,39,19,43,58,2040,24,61,29,30,8,41,17,2421,29,64,42,381,30,241,131,1562,1208,90,2623,52,70,42,1580,62,56,10,55,62,52,68,684,80,27,12,21,10,5,14,15,85,37,9,43,60,27,66,171,106,84,15,69,10,12,8,71,9,7,2,4,10,8,12,54,64,37,10,47,15,17,5,54,80,59,8,123,79,58,48,303,1451,2293,60,2051,26,19,33,383,61,78,8,65,30,44,48,206,102,38,22,36,7,9,10,34,72,33,9,36,41,31,52,126,3759,2922,96,1015,34,21,55,272,98,89,9,63,63,64,174,461,2594,448,78,294,25,28,63,173,1045,280,50,417,313,159,476,1157
Datasets/wang/Images/train/class6/605.jpg,5619,1083,893,1369,670,48,1200,2846,758,73,87,66,1073,82,3382,3626,826,55,52,28,58,2,97,42,1127,19,59,26,2359,31,3850,641,733,77,83,73,46,5,47,60,85,20,13,3,49,15,96,70,1200,22,49,24,64,3,75,20,3009,29,71,44,3040,22,1233,264,714,53,53,79,53,7,23,26,53,5,8,5,26,2,21,24,47,7,6,6,2,5,1,7,45,3,7,8,24,6,32,26,1172,88,69,77,24,3,24,35,72,11,9,9,39,17,53,49,2556,20,61,32,19,5,29,29,3171,23,60,36,595,29,312,150,872,1279,100,3443,44,49,50,3696,76,65,15,91,63,49,107,1358,64,30,14,32,6,4,13,21,51,25,7,52,68,38,100,307,75,50,2,74,9,13,5,79,10,4,2,13,3,7,7,52,55,41,8,57,7,9,7,35,72,50,8,134,76,50,63,371,1204,2948,68,3596,32,35,46,725,74,71,9,76,36,28,54,368,100,30,8,30,5,7,14,28,60,28,10,57,31,37,62,165,3545,3913,100,1573,36,33,63,412,101,92,7,58,59,80,148,556,3886,699,95,321,19,30,73,166,1364,317,47,402,367,159,516,1059
Datasets/wang/Images/train/class6/637.jpg,24129,820,1045,859,729,62,828,1296,1239,106,94,56,1102,130,2056,1820,842,66,103,22,62,9,126,22,990,19,62,22,1748,36,1926,299,1320,120,126,70,114,16,49,67,106,23,13,11,51,23,81,73,1044,24,64,38,131,11,83,29,2738,31,81,47,2480,26,864,219,940,67,107,130,43,11,23,21,112,8,23,12,29,9,24,30,74,13,11,7,3,1,7,6,137,6,20,11,34,12,43,32,1215,145,66,76,27,6,36,33,47,22,14,14,40,18,47,87,1886,50,77,48,30,4,44,39,2463,38,92,73,335,50,203,208,1384,975,96,2470,98,126,61,1707,115,72,14,80,69,71,94,713,119,32,21,33,9,7,19,35,83,35,8,42,66,38,76,198,128,69,13,91,18,30,10,106,17,14,6,14,13,14,17,73,73,40,12,41,23,22,10,84,94,57,12,132,103,71,57,488,1180,1721,57,2236,33,31,41,327,67,75,9,77,26,34,51,249,135,42,23,36,5,12,18,40,89,44,8,83,41,37,83,171,3335,2758,100,949,27,36,47,245,93,85,14,71,49,90,207,485,2440,451,86,299,45,50,88,204,916,311,73,514,276,217,492,1539
Datasets/wang/Images/train/class6/622.jpg,28916,852,1379,842,581,67,959,1239,1934,120,96,40,1333,136,2933,2580,796,79,123,19,73,7,139,31,1158,18,57,36,1721,25,2413,490,1565,150,91,59,68,8,45,40,103,13,13,6,54,20,92,96,947,28,50,24,121,3,81,26,1963,16,61,35,1793,42,918,243,536,65,62,82,56,7,21,24,69,10,10,7,23,8,20,42,51,12,9,4,0,0,2,6,59,5,9,5,25,5,36,33,1103,196,49,82,24,13,22,34,63,17,7,14,25,12,42,80,1140,29,47,38,24,9,27,41,1337,18,54,61,369,32,270,166,1817,926,94,1594,61,76,53,1234,61,56,14,54,64,64,87,736,133,23,14,26,8,5,10,33,51,24,6,32,66,24,107,212,132,49,13,59,8,16,10,78,11,13,1,8,13,9,7,67,73,40,8,39,12,6,15,53,73,36,9,99,71,56,66,305,1248,1385,51,1299,26,47,36,367,62,60,3,60,26,55,50,270,165,47,23,38,5,15,23,31,72,40,7,40,37,52,80,197,3038,2474,103,830,29,43,45,251,98,125,12,68,39,114,193,568,1945,506,104,281,43,57,95,260,721,298,56,376,283,232,532,1358
Datasets/wang/Images/train/class6/647.jpg,31605,773,1353,930,575,60,979,1164,1358,64,78,31,921,75,2417,1897,707,46,66,20,53,5,61,20,1053,27,36,29,1388,14,2021,291,1421,70,76,43,77,7,70,62,86,14,3,15,45,12,62,84,1127,18,58,30,68,3,63,33,2503,21,44,38,1571,19,648,192,651,59,60,62,34,3,15,19,53,11,5,8,25,8,15,25,52,7,8,3,4,2,4,5,63,7,14,9,22,3,15,23,1109,84,64,67,24,6,27,27,68,12,13,10,33,10,44,69,1427,19,63,39,34,3,30,22,1868,35,63,57,351,19,213,138,1405,1041,70,2021,59,65,58,1410,56,45,6,49,39,70,76,640,75,23,12,16,10,0,13,19,48,25,8,35,65,24,91,174,89,42,12,64,17,7,8,65,13,10,1,7,8,6,14,52,50,39,7,45,12,6,6,48,66,45,14,149,61,65,49,359,1203,1593,42,1920,10,23,28,285,54,63,5,69,28,30,54,208,83,23,7,15,1,9,8,25,55,27,3,64,35,25,76,136,3636,2720,81,841,26,30,44,208,77,80,9,47,59,77,182,458,2642,405,71,220,28,38,67,151,823,234,58,412,231,170,469,1001
Datasets/wang/Images/train/class6/633.jpg,26638,618,1322,1021,541,22,1064,1610,1114,35,58,29,950,42,2907,2601,555,30,48,17,26,2,57,13,1046,15,30,11,2148,10,2746,302,1155,51,67,48,28,4,36,52,64,5,3,5,36,5,49,42,1066,15,41,23,36,4,33,16,3464,8,47,30,2769,9,742,137,597,27,44,49,30,0,14,11,22,2,3,3,19,1,13,15,23,6,3,0,0,1,2,2,31,1,3,3,6,1,12,12,1068,67,38,53,8,2,15,23,39,8,5,1,26,7,32,35,2333,24,41,18,6,2,19,11,3177,7,39,35,369,11,156,79,1118,990,62,2661,36,42,38,1869,63,48,3,52,47,43,67,834,58,13,5,14,4,3,9,16,35,21,3,45,43,17,47,194,79,49,6,68,4,1,5,57,5,3,0,7,3,6,5,29,43,28,6,41,2,4,8,45,69,40,5,133,40,31,30,273,978,1905,36,2503,22,19,21,353,51,44,5,55,19,21,33,195,50,22,18,24,1,2,9,15,50,14,1,32,22,13,36,72,3065,2455,76,905,26,24,39,258,75,55,5,37,33,44,122,324,2955,424,65,257,18,15,44,100,1048,234,41,342,218,91,331,608
Datasets/wang/Images/train/class6/614.jpg,19340,606,1720,1303,536,35,1331,2350,1070,40,71,38,1065,37,3085,2524,580,34,46,17,34,6,58,21,942,18,44,31,1651,22,2775,451,930,44,44,44,46,7,40,58,68,3,3,4,49,9,65,57,934,21,36,22,58,3,45,23,2799,26,56,30,2277,22,796,243,619,49,49,42,28,6,20,25,39,6,6,5,25,3,23,9,43,5,11,3,1,1,1,2,55,6,7,4,27,3,20,17,1089,37,40,65,24,3,27,35,64,8,4,5,28,5,42,38,2571,25,77,25,30,4,30,33,3044,26,73,57,469,24,277,133,1385,1157,66,2916,54,57,34,3062,45,40,7,50,47,42,57,967,48,26,5,22,2,3,7,17,46,31,5,40,51,24,59,226,57,41,4,67,8,6,7,89,7,6,2,10,10,7,11,49,47,34,4,47,9,6,2,49,62,44,8,108,85,64,41,313,1227,2195,54,2803,15,28,34,395,54,58,8,70,27,26,41,237,44,19,6,27,2,5,4,16,54,25,3,47,25,22,35,125,3755,3436,69,1047,22,35,47,239,73,67,9,48,53,40,110,355,3001,452,67,287,28,21,42,145,1082,267,63,416,324,158,410,912
Datasets/wang/Images/train/class6/615.jpg,30554,761,1006,865,680,84,823,1250,1310,71,68,61,1074,85,2202,1709,833,61,70,32,57,3,74,28,1090,30,61,41,1402,30,1988,359,1351,74,70,89,90,6,66,85,88,15,6,4,43,12,90,111,1188,37,75,35,73,10,74,40,2174,27,76,36,1794,29,824,292,851,65,67,77,62,4,23,32,78,9,18,8,28,8,24,26,78,6,11,4,2,2,4,6,78,4,13,7,28,6,31,20,1093,89,80,98,35,3,45,39,74,19,8,6,37,13,49,61,1586,30,82,46,43,10,44,36,1738,41,81,71,458,34,280,178,1397,1002,73,1647,75,82,60,1412,80,63,8,62,65,86,65,860,71,38,17,34,13,7,11,20,64,40,8,57,75,52,81,266,78,61,12,56,11,14,6,97,6,9,5,10,6,11,13,65,56,43,8,56,15,19,7,82,76,58,12,126,83,72,62,452,1203,1688,56,1559,35,32,36,344,71,67,11,81,38,44,46,322,95,31,12,32,8,6,17,28,81,46,11,54,36,27,62,154,2364,2297,76,1010,34,47,59,362,77,102,12,71,70,59,169,455,2083,522,112,352,37,34,74,207,1042,326,96,536,373,192,541,1393
Datasets/wang/Images/train/class6/677.jpg,29235,420,3294,1913,517,21,1977,1949,2357,40,95,31,1438,36,3983,1843,393,16,31,11,37,2,43,9,1271,12,24,12,1254,8,1570,147,1890,36,56,43,61,3,29,37,76,11,1,4,27,2,43,21,1075,8,37,17,61,0,36,22,3334,10,52,32,2000,15,510,102,681,43,55,72,51,4,9,11,46,3,10,9,16,2,10,12,30,2,3,4,2,0,3,0,47,2,10,7,9,3,7,13,1146,43,31,45,20,3,23,12,37,8,5,7,22,8,21,16,1101,6,26,16,16,2,21,13,1490,16,46,53,242,16,121,77,1944,1182,114,4475,50,45,34,2152,40,31,5,59,37,54,41,731,24,12,5,15,6,0,8,9,36,20,7,41,37,20,24,145,66,39,2,63,9,7,1,35,6,9,2,7,6,6,6,30,37,20,1,43,7,15,2,49,61,46,7,183,40,41,27,316,1148,1174,35,2128,18,11,21,255,40,34,3,63,16,20,27,100,36,10,9,13,5,9,12,23,48,20,4,40,19,28,30,89,3184,1286,47,560,9,13,25,115,49,36,5,19,24,34,81,183,1227,157,19,148,10,22,29,76,532,158,23,332,110,80,178,652
Datasets/wang/Images/train/class6/655.jpg,22921,771,1420,1141,805,46,1212,1544,1175,65,82,58,1111,74,3197,1877,773,32,56,26,54,5,72,31,963,33,59,31,1360,24,2060,342,1450,59,77,58,96,9,54,66,113,15,9,6,56,10,92,63,1154,23,65,33,96,2,77,37,2610,27,84,59,2021,31,795,305,863,48,76,111,46,8,23,33,76,5,11,16,26,2,20,32,60,1,9,3,4,2,5,2,86,2,11,10,31,5,25,30,1323,52,63,74,22,4,35,25,46,12,10,11,51,12,66,58,2225,21,58,26,36,9,32,26,2589,25,88,66,443,38,289,174,1278,1061,83,2916,68,75,53,2516,66,49,8,71,78,71,78,934,56,36,16,24,10,3,11,35,62,30,12,54,52,40,50,268,85,50,14,70,12,8,3,61,13,8,5,10,8,7,12,58,45,39,8,63,12,8,12,57,77,57,15,187,78,62,60,526,1129,1688,55,2705,27,21,47,448,70,55,5,78,22,31,56,259,83,24,12,31,5,5,10,32,75,31,6,66,33,20,56,169,3437,2040,81,901,22,23,55,265,75,61,7,54,48,53,268,429,2503,362,63,248,24,19,50,133,928,285,48,473,252,169,470,1171
Datasets/wang/Images/train/class6/674.jpg,9262,660,792,876,724,52,921,2260,907,51,79,38,1107,65,3067,3571,651,44,71,25,46,2,63,28,1151,13,60,27,2339,17,3375,498,933,65,64,56,51,6,57,53,81,6,5,5,54,5,66,58,1065,19,34,21,74,1,52,23,4273,28,83,70,3983,25,1171,279,795,40,60,83,45,1,21,27,62,9,10,6,21,2,19,23,52,2,1,2,3,2,3,3,74,4,5,18,28,3,24,25,1143,72,33,58,19,1,22,33,49,8,0,5,36,6,43,33,2676,26,52,39,31,4,21,15,4238,24,60,51,591,20,235,122,893,1027,58,3102,75,82,39,3552,65,49,8,77,46,61,67,1074,53,14,6,21,1,4,16,22,60,30,6,55,53,25,54,282,87,41,11,73,11,9,4,61,7,4,4,5,5,6,6,51,52,28,7,58,13,9,3,47,73,45,8,177,75,47,45,420,1076,2887,57,3589,32,30,28,531,57,55,2,49,17,25,35,268,73,22,9,28,4,4,8,26,56,30,2,46,27,27,39,128,3527,3845,79,1285,21,21,41,308,76,58,5,41,50,40,148,369,3550,575,62,333,20,37,40,139,1246,277,49,418,273,140,393,979
Datasets/wang/Images/train/class6/646.jpg,9256,902,1125,1218,850,84,1296,2401,1219,83,87,68,1374,119,3336,3094,1010,68,92,31,46,13,100,36,1340,41,63,38,2100,39,2486,538,1290,97,86,73,56,9,68,109,117,16,12,11,58,19,79,132,1371,42,82,33,61,14,99,45,3081,32,97,79,2180,27,1103,346,860,67,72,67,54,10,31,29,68,4,6,11,23,9,34,49,65,3,9,6,10,3,5,5,86,9,6,5,30,6,31,28,1628,98,74,86,33,10,33,55,78,27,9,12,48,21,63,91,2619,41,126,60,38,6,57,50,2895,44,103,78,597,40,355,207,1182,1229,88,2560,66,84,68,2541,102,92,6,87,87,91,98,1316,101,30,18,32,9,3,18,49,84,42,5,62,87,47,88,331,96,53,10,92,10,9,12,111,9,13,1,12,8,7,14,94,83,43,13,72,12,7,11,65,92,59,15,202,75,66,65,481,1390,1974,49,1854,33,34,42,535,76,81,13,85,55,39,59,362,122,30,17,29,6,5,15,37,91,40,12,59,45,41,81,195,3796,2612,98,990,25,34,60,330,101,92,6,60,57,98,169,653,3864,708,114,380,26,51,102,204,1511,419,92,540,414,209,680,1552
Datasets/wang/Images/train/class6/654.jpg,5794,1081,797,939,739,113,1038,2575,772,140,92,53,947,175,2935,4200,1062,76,112,52,89,9,152,39,842,35,73,48,1881,37,3489,627,807,132,105,87,82,14,94,110,90,23,18,9,60,16,101,134,1004,36,97,41,128,9,89,53,2190,37,75,44,2680,40,1069,361,845,92,105,107,58,7,34,50,117,10,16,19,34,7,42,54,102,8,10,11,6,3,11,13,146,10,17,21,37,8,45,54,1038,161,82,107,43,8,39,60,70,23,14,21,44,15,69,107,2328,58,114,64,45,14,75,57,2967,48,122,80,593,50,383,300,852,989,87,2120,115,151,85,3024,109,93,13,91,69,101,103,1361,160,40,20,32,10,4,25,47,83,35,13,59,107,56,122,362,123,86,20,84,32,15,8,145,11,7,5,21,8,7,19,114,85,42,7,70,14,15,19,100,72,40,14,156,113,80,102,494,1065,2213,79,2385,35,49,56,603,80,116,13,111,39,56,72,411,232,58,17,48,5,15,16,51,125,55,14,89,61,55,108,272,3386,3778,117,1368,39,49,84,470,96,146,17,87,73,121,184,709,4974,851,164,487,64,67,112,333,1443,428,86,565,396,284,717,1917
Datasets/wang/Images/train/class6/617.jpg,35283,834,1075,780,593,70,765,903,1077,96,68,49,790,94,1930,1673,854,61,93,32,59,8,96,32,765,28,54,22,1137,26,1788,282,1122,119,86,62,68,15,61,69,91,26,8,10,49,18,81,88,868,30,73,25,73,4,86,39,1626,23,51,33,1206,33,693,180,979,80,59,59,45,7,31,32,53,21,17,16,23,4,21,23,73,12,10,8,7,3,7,12,58,5,10,16,23,12,24,31,1175,129,83,101,37,5,32,48,53,19,10,9,35,22,50,88,1460,41,69,32,27,14,50,36,1243,39,56,54,274,34,236,167,1188,887,84,1758,79,80,38,1056,75,68,11,63,64,67,88,615,106,28,21,35,9,3,19,21,58,27,9,47,81,33,95,154,115,74,13,111,23,17,6,76,12,12,6,7,8,7,11,52,65,45,9,55,16,16,10,68,67,62,11,116,91,51,74,326,1151,1509,67,1327,25,33,37,230,52,86,5,73,32,40,46,235,104,32,23,34,9,7,25,37,92,50,13,60,39,39,97,166,2494,2658,83,985,42,49,50,267,111,135,17,49,73,103,178,506,2549,804,135,447,38,45,97,238,1062,447,62,592,305,242,533,1316
Datasets/wang/Images/train/class6/668.jpg,10182,824,1347,1434,709,56,1308,2723,1027,70,95,71,1075,71,3113,3027,725,45,67,31,58,7,86,31,1085,20,57,39,1853,26,2567,447,1134,79,68,75,64,9,67,55,70,5,8,7,68,11,94,66,1185,39,72,34,89,3,64,29,2538,37,67,53,2309,27,882,241,805,84,63,58,39,6,25,37,49,11,11,15,32,6,27,32,57,10,7,5,6,2,5,9,97,5,8,4,23,4,22,31,1422,86,65,89,43,4,46,48,75,21,5,12,32,16,58,61,2606,42,69,43,32,7,36,16,2418,34,60,58,421,31,304,147,1476,1353,90,3735,69,70,61,3550,81,77,12,76,55,90,86,1045,79,32,14,41,5,5,16,22,66,44,8,51,66,38,79,283,113,72,9,86,11,14,8,75,10,8,2,10,11,6,15,66,65,44,5,51,8,10,18,75,86,62,9,137,62,64,64,388,1583,2828,66,3223,37,28,43,458,78,70,8,74,35,50,66,315,87,33,18,26,4,6,11,32,81,43,12,59,35,39,55,163,4118,3067,87,1131,37,20,55,336,101,81,10,81,68,64,141,492,3584,535,79,341,32,31,71,175,1076,340,62,486,319,186,488,1402
Datasets/wang/Images/train/class6/673.jpg,10348,1017,958,1152,1076,95,1164,2116,1005,133,131,72,1162,124,2516,2689,1099,58,113,40,101,3,140,39,1076,43,84,54,1954,53,2773,738,991,125,118,119,138,13,98,105,123,16,13,15,87,22,101,126,1072,54,110,47,163,12,126,69,1982,44,110,88,2578,53,1212,435,1046,103,154,148,67,6,52,48,116,7,16,22,59,12,49,53,101,12,14,5,8,1,9,10,140,8,21,18,43,8,66,47,1149,150,108,113,41,12,63,65,76,18,11,13,46,23,73,93,1976,48,116,55,62,15,72,40,2210,52,150,96,655,55,455,251,970,1093,106,2434,120,122,78,2886,100,84,13,106,110,140,86,1283,129,38,26,53,21,11,25,40,105,52,11,76,125,68,142,413,113,52,18,91,28,19,12,139,16,14,4,23,12,9,13,93,70,59,15,73,22,20,16,92,101,73,16,181,145,99,112,697,1172,1915,79,2477,51,41,54,708,113,128,16,136,62,56,55,449,150,65,23,49,11,11,17,45,102,70,20,101,79,48,108,279,2462,2740,100,1330,44,46,90,416,91,136,13,106,70,110,208,713,2815,712,125,490,47,51,87,279,1297,496,112,756,439,277,718,2127
Datasets/wang/Images/train/class6/679.jpg,38408,637,1224,982,591,42,873,1164,1063,32,62,34,875,32,3007,1658,464,30,44,17,37,4,46,5,633,14,36,16,929,7,1416,216,928,38,48,43,35,6,46,35,49,8,2,11,22,5,36,37,647,15,45,29,51,3,54,28,1908,12,44,40,1715,13,614,131,652,36,52,55,23,4,16,11,36,5,6,9,16,2,9,10,28,1,3,2,2,3,3,1,41,1,3,8,10,2,14,7,803,49,47,66,20,2,22,23,26,6,3,7,17,5,21,30,985,24,52,26,23,1,17,14,2190,12,49,44,218,12,121,70,1787,1249,61,3400,48,78,48,2230,64,49,3,64,56,73,59,670,39,17,4,20,2,1,7,15,35,22,4,45,43,24,43,202,70,38,9,83,9,5,8,65,5,2,1,5,1,5,9,44,42,28,3,51,6,7,6,34,59,32,10,163,37,35,28,340,1234,1758,54,2449,16,11,22,413,41,56,5,39,21,32,45,232,48,16,8,21,3,1,2,19,60,23,6,44,18,16,30,83,2595,1895,60,1036,15,16,33,251,48,29,6,42,43,25,127,325,1121,340,61,276,16,12,30,108,685,202,47,397,162,81,270,774
Datasets/wang/Images/train/class6/639.jpg,26251,712,1275,922,597,43,811,1072,993,70,66,28,891,68,2193,1445,693,41,58,16,52,3,94,15,1002,26,47,30,1329,40,2016,274,2027,80,56,52,78,5,53,81,44,8,9,1,50,11,60,57,1211,32,57,35,79,4,86,51,2405,24,62,43,1835,25,788,240,775,49,69,64,54,1,23,19,63,8,5,9,31,7,17,19,53,4,2,2,1,0,2,8,74,2,15,6,18,1,25,17,1676,101,68,92,23,4,30,49,43,13,5,10,31,9,35,61,1718,24,76,41,25,4,29,26,1600,28,67,61,312,18,233,119,2497,1906,71,3153,61,86,27,1513,47,58,1,49,73,72,59,662,72,36,17,26,1,4,13,18,55,32,4,43,69,32,88,205,83,63,5,66,17,13,6,74,7,7,1,2,3,7,8,54,53,32,7,47,10,11,8,68,72,57,6,159,71,71,50,379,1529,2159,36,2535,33,25,31,306,60,76,3,74,29,31,43,214,114,40,8,27,6,4,11,16,83,32,6,52,49,32,55,133,3462,2332,66,1129,30,26,43,288,65,101,10,57,53,67,145,479,2461,475,72,358,28,25,54,155,881,280,45,481,255,156,464,1170
Datasets/wang/Images/train/class6/623.jpg,14381,879,1414,1233,652,61,1236,1897,1469,70,105,40,1390,71,4995,2785,793,47,59,28,65,7,81,29,1193,26,44,31,2210,17,3378,380,1389,69,77,53,59,6,77,66,91,13,8,7,48,14,95,57,1072,28,50,24,63,1,67,33,2534,17,62,46,2091,28,894,230,617,66,53,84,44,7,22,28,62,10,8,19,29,3,23,32,50,6,12,6,3,2,4,3,52,4,11,8,16,5,20,23,1271,99,61,93,36,5,36,33,60,12,3,5,32,14,52,61,1728,21,59,45,16,1,34,21,1531,22,55,37,344,18,238,120,1482,1381,107,3144,63,48,41,2162,69,56,12,63,55,81,97,973,85,29,12,22,9,5,18,27,50,36,9,33,73,36,91,250,106,53,10,85,11,9,12,53,7,3,3,9,4,6,6,47,49,37,6,35,11,4,9,62,70,42,6,101,67,49,64,326,1492,2825,75,2519,24,28,29,387,51,76,7,55,23,34,63,297,96,34,15,22,10,10,13,20,58,38,6,54,40,46,59,164,4423,3965,91,1108,26,29,63,309,79,89,5,53,50,79,152,486,2983,466,81,268,23,30,62,160,775,214,41,377,242,138,474,1106
Datasets/wang/Images/train/class6/603.jpg,24267,791,1243,1056,740,50,1219,1864,1377,75,114,60,1288,81,4033,2646,796,58,77,27,61,2,97,25,1081,28,57,32,2014,31,2666,423,1086,96,82,61,54,10,60,56,96,17,10,8,70,18,107,81,946,25,68,33,103,3,94,29,2257,27,77,57,2336,24,964,281,754,69,85,87,45,2,19,25,69,6,14,9,37,4,44,32,57,7,6,3,5,3,4,9,80,10,14,11,29,7,31,36,993,111,76,78,35,3,42,28,57,12,10,8,37,13,56,56,1461,29,62,39,28,4,39,23,1686,31,65,55,432,23,257,164,1083,980,83,2098,77,101,54,1921,77,50,16,68,69,83,78,917,81,21,13,33,6,6,13,27,61,39,7,55,58,33,70,231,113,64,8,78,12,5,8,71,9,8,3,7,6,9,9,57,50,33,4,66,7,18,10,71,75,61,8,165,68,64,71,405,1026,1613,63,1909,31,26,40,437,75,76,9,74,29,41,59,271,123,27,16,37,4,8,10,22,68,41,14,48,36,30,57,144,2901,2447,89,1062,35,45,58,322,92,80,11,65,50,54,151,452,2157,534,57,305,29,37,63,181,855,288,78,451,290,169,428,1335
Datasets/wang/Images/train/class6/660.jpg,51813,607,693,544,439,54,520,750,753,49,64,46,551,68,1352,1396,618,34,59,26,45,6,58,30,568,20,36,25,576,20,1028,318,662,48,39,35,45,9,36,51,52,13,9,1,45,9,55,79,614,29,35,23,56,5,52,17,1210,21,35,25,1027,25,480,123,530,44,40,45,30,7,28,33,51,5,14,10,17,5,21,15,48,4,6,2,5,1,4,4,51,4,5,5,18,5,29,23,691,66,51,36,22,6,23,23,35,7,3,4,27,5,40,70,1135,27,57,36,25,3,29,24,1377,28,57,31,312,21,182,143,717,613,40,1280,49,48,40,1025,51,42,7,41,47,44,56,564,46,15,6,16,7,7,13,18,45,24,2,29,51,26,64,164,47,49,4,44,8,9,6,75,6,2,0,3,9,9,7,42,66,29,3,33,7,7,5,36,43,31,5,84,76,37,39,291,686,1071,46,1273,21,21,28,303,47,43,5,57,21,28,50,241,70,23,5,17,0,3,11,29,51,29,11,40,22,29,65,129,2174,1842,50,715,27,30,40,223,67,77,11,44,56,51,168,421,2029,582,80,274,25,16,61,159,796,282,52,350,244,131,411,920
Datasets/wang/Images/train/class6/666.jpg,17971,609,1152,1123,629,34,1044,2003,1194,44,74,42,1182,55,3501,3190,497,26,53,32,54,3,77,18,1134,21,60,27,2309,22,3215,446,1336,41,60,48,47,9,56,52,64,14,3,6,49,11,63,71,1131,17,50,20,56,6,61,40,3064,32,79,38,2866,31,960,239,554,50,57,76,32,1,21,29,49,10,10,14,23,4,24,30,38,3,7,5,2,0,4,4,64,5,7,1,15,4,27,26,1123,54,57,73,21,2,23,32,46,12,4,7,29,9,38,36,1764,22,52,38,30,1,33,24,2308,23,59,45,377,18,234,159,1066,1160,69,3387,58,55,58,2428,59,48,5,72,44,47,61,997,37,19,5,32,8,3,12,38,46,24,5,52,74,40,64,303,66,53,7,62,14,5,2,80,4,8,4,9,5,6,7,57,45,33,6,41,15,9,8,63,62,27,3,108,73,64,65,392,1105,2658,61,3667,27,46,30,551,48,58,4,104,21,35,36,278,46,38,5,26,1,5,6,39,45,37,8,61,40,29,53,159,3036,3150,69,1169,27,21,43,326,63,61,11,62,33,48,113,403,2458,502,67,337,25,26,49,163,819,275,44,377,247,154,333,1001
Datasets/wang/Images/train/class6/651.jpg,15198,1004,1335,1200,694,66,1356,1901,1296,70,97,60,1299,87,4478,2664,880,47,75,24,51,5,91,29,1162,19,53,39,2517,25,3275,411,1144,84,101,74,66,4,56,79,70,12,15,5,58,15,92,70,1004,33,63,34,63,5,57,41,2510,25,72,49,2566,19,1031,247,703,65,78,88,44,12,25,35,68,12,12,12,27,4,31,35,52,8,12,7,5,3,5,11,81,4,12,10,23,6,26,24,1025,108,74,78,33,11,36,51,49,11,6,11,35,16,65,65,1748,24,72,29,22,1,34,41,2199,25,67,57,348,26,305,167,1340,1183,106,2824,87,103,63,2336,96,66,10,83,64,71,85,1033,82,37,16,27,7,8,12,39,71,24,12,57,68,38,72,244,74,61,16,91,9,15,11,113,11,9,2,11,6,11,20,81,58,32,9,46,6,15,7,71,67,43,6,147,67,60,48,436,1130,2042,53,2425,28,26,40,483,61,62,8,86,27,30,65,277,105,35,15,31,7,9,17,56,73,40,14,59,45,32,63,209,3617,3230,100,1148,27,27,66,358,91,75,11,63,62,58,225,574,2987,455,103,298,24,33,82,203,914,247,56,431,275,171,477,1213
Datasets/wang/Images/train/class6/671.jpg,17493,1101,1507,1191,972,119,1219,1721,1454,156,158,116,1225,173,2375,2490,1066,84,138,54,119,16,152,65,1162,46,99,48,1488,69,2234,679,1324,136,135,91,122,20,97,113,126,28,21,30,86,17,121,172,1072,46,99,46,129,11,118,72,2016,43,115,49,1693,76,1014,390,1010,104,113,126,92,11,59,65,112,22,28,31,37,19,45,69,103,15,23,16,14,9,8,16,110,17,32,26,67,9,70,103,1088,161,99,126,49,16,54,62,90,22,22,17,50,35,88,134,1511,46,90,64,50,11,70,65,1769,63,107,100,498,85,388,391,1449,1053,158,1989,133,152,92,1851,138,108,22,121,99,121,134,1059,147,52,25,54,27,10,41,73,93,47,16,91,94,64,120,395,121,89,29,103,27,21,13,119,19,18,12,19,17,23,25,118,94,60,13,61,24,23,26,107,103,64,24,197,124,91,128,637,1130,1376,86,1567,28,57,54,518,85,86,13,120,66,63,73,423,162,62,22,52,14,12,23,96,108,67,28,122,58,70,134,347,2208,1756,110,892,48,52,71,366,127,119,20,116,93,104,194,740,1969,499,153,360,59,72,130,373,987,371,108,647,386,380,792,2408
Datasets/wang/Images/train/class6/665.jpg,25331,408,1424,1058,555,39,1064,1589,1688,33,74,45,1301,50,2992,1820,453,27,28,12,37,1,48,20,1311,16,47,30,2397,30,2249,367,1293,34,33,29,45,3,45,36,58,10,6,3,41,9,47,48,984,16,34,20,51,6,49,26,3077,14,55,32,2687,22,882,231,565,44,44,62,31,1,26,13,25,10,6,5,11,5,19,28,42,2,3,5,8,0,7,3,47,3,6,8,14,1,23,22,964,38,39,40,22,5,21,28,35,5,3,2,30,8,44,32,1558,16,51,26,27,6,14,21,1887,25,58,50,414,20,208,115,1891,1427,69,3402,36,49,34,2101,44,28,5,55,46,42,50,734,18,18,9,23,3,2,8,25,36,18,7,35,52,29,59,225,71,51,4,73,7,11,5,59,9,2,3,10,4,4,7,56,44,27,5,42,3,3,4,49,51,29,6,90,60,38,33,353,1404,2856,42,2965,14,26,21,490,39,57,4,69,24,29,38,195,30,22,4,25,2,4,1,20,42,23,6,51,27,21,43,132,2729,2920,64,1136,21,17,28,213,45,54,3,45,20,31,114,266,1579,435,43,256,30,18,41,114,802,221,46,383,202,109,292,861
Datasets/wang/Images/train/class6/664.jpg,44047,606,1208,766,744,58,780,849,1270,117,119,50,782,94,1640,1118,648,60,82,35,73,14,95,26,857,33,47,39,981,38,1056,277,1203,69,106,66,109,16,54,77,110,30,16,10,62,18,61,90,809,31,59,27,124,11,81,47,1608,39,83,57,1640,41,611,239,787,70,98,90,67,9,38,30,115,21,26,16,26,10,32,34,83,12,15,9,5,4,11,13,100,17,23,18,43,8,33,40,775,75,66,86,41,12,27,42,52,27,12,19,38,25,45,71,826,31,67,42,48,22,56,55,1186,46,76,107,402,54,237,267,1292,806,79,1508,83,106,50,972,87,45,17,72,66,67,73,541,82,37,15,22,17,10,17,32,66,25,12,41,79,51,79,227,83,60,11,58,22,15,13,95,17,11,8,11,8,21,4,67,73,37,6,48,19,25,12,84,77,68,14,140,118,92,76,501,797,963,54,1163,28,38,37,247,62,73,7,92,29,44,40,223,99,36,19,51,18,14,17,47,80,57,23,88,54,62,80,214,1482,1072,67,593,35,40,45,222,70,85,18,89,30,68,158,426,940,259,95,278,38,56,78,215,615,255,96,519,276,237,433,1661
Datasets/wang/Images/train/class6/613.jpg,37486,813,1212,925,712,77,920,1424,1148,112,127,53,863,126,2131,2240,713,59,111,33,80,5,124,43,833,29,74,42,1338,32,2078,554,1117,87,85,63,58,11,64,78,87,17,16,3,38,24,86,113,740,24,62,20,102,13,74,32,1571,21,77,37,1673,34,838,289,613,75,92,108,48,10,31,31,95,8,14,12,25,12,31,57,74,8,16,13,7,2,12,18,81,5,9,15,38,13,53,67,716,104,57,93,20,9,33,46,63,10,5,14,34,17,44,99,979,31,73,31,31,13,37,45,1073,20,66,66,255,42,282,239,1231,861,92,1673,75,84,70,1442,76,68,15,93,65,91,88,892,118,34,19,27,9,5,19,45,53,26,8,55,69,44,98,332,82,48,18,66,15,19,11,77,11,11,3,5,2,7,4,81,39,27,15,51,14,17,18,53,55,35,13,123,80,70,80,448,767,1063,48,1322,34,32,38,384,51,71,9,89,31,63,53,312,122,36,23,31,10,6,15,49,64,43,12,82,45,46,96,239,1622,1580,76,744,30,38,47,279,52,79,12,73,37,69,141,551,1581,363,106,253,38,45,86,229,619,236,66,386,226,200,501,1491
Datasets/wang/Images/train/class6/672.jpg,9934,916,1013,1138,951,71,1094,2281,977,90,74,59,1151,114,2654,2972,955,72,84,38,63,3,83,41,1131,38,57,42,2199,27,2928,612,844,95,75,85,115,7,84,103,93,13,12,12,61,14,100,89,1029,26,84,29,138,3,99,44,2702,26,97,69,2991,35,1294,341,991,75,107,120,54,7,32,47,98,8,14,22,33,6,35,34,86,4,10,7,5,1,3,8,115,11,16,11,38,5,37,35,1080,119,89,114,29,3,42,52,55,10,6,7,34,14,73,76,2042,26,96,66,48,5,45,31,2775,40,78,88,608,46,398,195,964,1115,88,2774,96,116,53,3305,110,91,14,96,78,90,79,1371,105,43,21,44,4,4,8,42,95,43,13,73,99,45,80,386,71,74,11,102,12,10,10,113,7,6,2,18,10,10,19,73,68,43,10,73,8,15,13,65,97,64,17,208,120,83,79,610,1167,2421,60,2960,34,44,39,676,89,98,12,80,27,49,64,339,122,31,16,41,5,7,12,42,100,45,13,74,61,39,55,198,2653,3373,118,1468,37,45,54,430,108,96,12,89,65,54,151,569,3106,711,115,433,37,34,93,258,1274,400,96,605,419,221,583,1499
Datasets/wang/Images/train/class6/610.jpg,11317,730,1196,1227,695,36,1258,2816,1331,52,93,40,1278,59,4022,4110,646,31,56,17,35,3,71,21,1151,17,59,28,2552,15,3353,449,1038,51,78,46,41,6,54,46,74,6,6,7,43,5,70,56,1088,24,51,25,57,4,55,25,3105,16,78,43,3725,14,1160,235,747,40,53,46,27,2,20,18,55,4,5,5,22,3,23,17,42,4,2,4,5,0,2,4,35,2,7,5,11,0,20,20,1098,58,53,61,18,0,29,27,40,9,6,5,21,12,58,52,2178,18,49,18,16,3,29,15,3128,17,49,46,397,15,203,86,1157,1150,82,3458,46,60,55,2719,62,58,5,76,61,67,78,1061,46,17,12,19,7,0,7,16,66,21,3,38,58,24,64,231,72,50,6,74,9,11,8,58,3,4,2,6,4,5,6,46,36,36,3,44,4,8,6,45,84,57,10,166,42,41,55,335,1172,2779,50,3308,12,15,29,393,57,64,4,36,30,25,51,248,59,25,5,23,2,2,8,19,59,23,9,39,31,12,37,117,3212,4106,69,1173,25,16,43,263,76,61,12,49,59,49,142,402,3124,434,78,249,27,20,44,115,957,250,45,382,203,97,368,815
Datasets/wang/Images/train/class6/644.jpg,22481,932,1279,1151,739,71,1163,1594,1568,115,112,69,1401,107,2818,2110,966,75,107,45,79,11,124,40,1335,31,75,48,1920,37,2340,448,1466,106,98,83,80,12,81,90,136,28,9,15,79,23,125,92,1229,34,78,53,74,11,87,57,2867,29,77,56,1810,30,968,264,725,72,71,70,55,10,38,25,86,17,18,22,33,10,32,42,62,10,16,8,3,4,13,11,74,16,17,18,27,12,51,44,1176,95,81,82,35,8,49,52,74,17,12,22,54,21,70,121,1747,44,72,42,27,9,55,33,1995,32,56,64,368,40,299,231,1407,1149,120,2586,85,61,70,1749,103,72,16,82,73,101,102,871,103,37,25,36,17,8,27,35,79,34,22,55,86,58,106,289,133,60,13,74,15,18,7,62,11,16,7,15,12,16,18,95,57,50,10,52,18,16,13,65,68,56,18,146,85,71,71,411,1147,1631,62,1654,35,30,54,347,89,87,9,70,40,35,63,255,87,35,19,35,12,10,27,50,98,42,19,58,56,43,97,218,2519,1802,97,740,26,38,63,319,91,113,20,92,74,111,199,628,2085,376,122,268,40,39,90,223,844,266,72,434,311,222,680,1634
Datasets/wang/Images/train/class6/620.jpg,15651,794,1366,1205,831,68,1314,2183,1544,64,107,61,1484,73,3457,2800,827,55,81,24,76,3,84,33,1363,32,68,38,2057,29,2865,607,1321,71,83,85,77,8,85,90,91,9,9,3,65,14,85,83,1326,34,85,40,91,6,108,42,2748,31,99,59,2286,33,1217,351,818,60,78,79,49,6,22,35,85,6,12,4,33,6,31,34,78,8,5,5,5,3,6,8,82,7,9,15,31,6,32,23,1188,95,84,96,44,4,43,51,63,8,6,6,44,6,55,67,2168,42,80,52,39,6,47,25,2832,33,101,73,511,24,333,178,1128,1062,85,2599,72,91,62,2717,69,85,7,85,99,82,73,1259,67,30,15,21,11,4,6,27,72,41,5,63,78,39,116,323,96,62,11,91,12,10,5,90,12,9,3,12,6,10,12,59,62,39,9,59,10,17,9,65,97,68,13,141,90,53,70,481,1061,1785,63,2263,25,29,30,594,86,91,7,69,37,51,64,305,69,28,13,33,2,8,13,34,97,38,8,54,43,35,71,187,2440,2136,86,1117,33,29,55,355,99,91,12,87,67,71,129,493,2317,510,90,323,19,27,65,184,1223,313,80,501,380,180,499,1384
Datasets/wang/Images/train/class6/638.jpg,13654,1013,1247,1114,797,72,1090,1740,1280,80,96,55,1051,95,2630,2324,1075,64,98,30,67,8,111,35,1159,38,50,30,1614,41,2183,385,1437,111,92,92,86,8,80,99,120,22,12,7,64,25,98,119,1347,44,86,37,85,3,104,40,2493,30,78,56,1915,35,839,279,1015,72,66,80,57,7,30,32,98,15,10,11,33,8,32,46,69,5,12,12,3,3,7,11,117,11,14,13,26,8,23,27,1425,139,76,89,46,9,40,66,95,15,11,10,63,23,58,110,2602,55,131,56,40,10,52,54,2915,47,113,97,614,49,340,193,1412,1251,112,2607,105,109,67,2290,104,78,11,95,91,102,91,1032,113,39,28,33,11,10,16,39,107,44,8,56,84,47,66,317,115,63,21,88,26,28,12,131,18,12,2,10,16,9,14,83,100,49,10,57,20,13,8,94,100,65,9,183,90,64,71,542,1303,1956,62,1889,37,41,59,486,104,94,9,80,36,55,64,327,145,38,12,34,6,11,17,47,114,45,11,72,55,33,90,203,3010,2800,101,1099,28,34,72,351,108,104,11,61,88,73,204,641,3604,657,149,417,51,45,98,246,1551,457,93,649,476,242,674,1716
Datasets/wang/Images/train/class6/612.jpg,20550,595,1415,1231,685,64,1238,1964,1247,54,91,48,1040,78,2897,2485,618,20,56,27,63,4,84,45,1094,33,59,41,1468,35,1975,542,1581,63,68,49,85,6,52,67,87,18,7,6,60,16,65,84,1495,23,56,33,100,3,68,33,2909,39,82,45,2152,43,907,356,708,47,66,75,40,6,27,48,76,3,7,9,32,7,25,33,65,6,12,4,10,3,6,6,95,7,15,15,52,8,41,40,1432,69,54,73,39,4,26,30,70,13,9,7,40,11,49,64,2166,44,79,45,51,9,34,30,2542,37,97,75,601,56,353,225,1306,1115,113,2722,75,71,74,2365,61,55,9,75,44,76,77,982,59,39,8,31,11,9,13,40,57,28,7,51,74,34,80,292,99,67,18,73,17,12,4,110,12,8,3,15,6,7,7,64,87,40,12,45,8,8,7,62,91,61,6,128,110,81,76,437,1169,1803,67,1875,36,51,38,550,56,67,5,77,36,42,54,317,93,37,12,52,6,10,9,42,68,31,8,68,32,38,53,184,3256,2085,79,925,38,47,51,316,63,88,15,79,41,66,103,383,2175,575,81,356,57,47,66,267,1148,412,71,495,385,222,398,1286
Datasets/wang/Images/train/class6/675.jpg,18916,591,1333,972,562,43,1107,1525,1425,53,82,35,1096,50,3194,2399,517,25,55,13,43,4,60,20,1166,12,33,17,2103,15,3869,301,1658,48,42,37,73,12,41,60,76,7,6,2,36,4,48,62,1094,12,31,14,70,3,50,20,2771,13,54,25,2503,15,783,165,633,46,76,75,45,5,20,21,53,9,12,7,16,5,17,30,33,5,7,3,5,1,7,5,69,4,12,11,11,4,24,24,1429,66,38,57,10,7,17,22,41,6,6,9,21,9,26,56,2167,18,48,41,20,4,25,28,1986,25,62,45,275,24,166,146,1373,1097,88,3417,61,59,44,2367,56,51,6,66,33,46,52,675,51,21,11,21,8,5,8,18,54,16,2,36,50,24,68,205,100,39,8,70,6,7,5,81,13,5,3,6,4,7,6,47,46,26,7,28,8,17,6,46,52,34,1,131,50,39,34,314,1371,2308,61,2594,18,36,26,383,47,62,9,66,25,22,37,210,67,32,13,21,5,8,12,38,52,27,8,50,29,19,39,130,5391,3383,62,946,28,28,39,264,66,73,9,55,35,48,107,373,3351,446,62,273,23,30,38,179,783,212,46,370,173,139,276,894
Datasets/wang/Images/train/class6/626.jpg,17218,828,1419,1175,650,46,1209,2009,1161,96,79,41,1102,106,3510,3267,727,59,87,27,48,2,128,29,1078,21,46,28,2272,23,3353,421,995,93,85,64,62,8,69,61,86,13,11,7,54,15,78,77,971,20,62,28,62,5,75,28,2660,24,65,39,2889,17,982,242,675,58,61,83,36,3,15,18,63,4,12,11,25,6,22,22,39,4,3,4,0,3,4,4,82,5,5,7,20,10,19,23,1023,105,79,79,28,2,22,29,49,18,4,5,30,9,54,56,1801,15,75,25,20,3,39,33,2353,21,54,37,412,20,271,128,1181,1089,92,2803,59,77,57,2489,73,62,10,79,52,77,94,983,85,33,16,20,7,3,19,26,61,30,3,49,69,36,90,224,85,58,9,69,6,5,2,72,14,5,0,7,15,8,14,51,49,24,8,45,5,5,8,53,77,44,7,107,71,47,61,371,1095,2164,62,2768,21,31,36,518,65,66,4,73,32,38,50,282,90,20,13,29,5,3,14,29,66,33,10,48,32,28,56,146,3408,3712,96,1228,31,26,45,288,89,69,11,51,45,62,152,460,2506,541,75,278,34,27,70,145,1056,286,49,371,261,139,439,1144
Datasets/wang/Images/train/class6/629.jpg,20305,738,1005,947,560,50,952,1763,1182,71,94,54,1084,87,2712,3524,744,60,82,32,58,8,97,36,1120,25,56,31,2007,18,3144,433,1221,84,66,55,66,7,50,51,91,21,11,10,71,18,79,73,1086,28,67,32,67,8,84,33,2659,28,66,48,2636,35,981,264,637,51,61,72,31,4,25,23,56,5,11,9,23,6,39,27,53,5,8,5,7,1,3,12,54,5,10,12,35,3,36,25,1067,106,66,68,24,2,28,36,39,18,12,8,33,11,58,76,2052,28,73,27,27,10,43,24,2419,20,61,47,445,40,266,142,981,982,80,2595,65,56,51,2715,71,65,11,79,56,68,68,891,75,21,10,21,6,10,8,20,51,22,6,53,69,47,77,273,84,58,8,65,6,12,8,53,13,5,1,11,10,7,13,74,55,44,10,34,17,12,9,62,76,49,13,117,68,53,58,329,999,1929,40,2705,20,35,33,454,77,62,8,70,35,32,59,267,87,37,11,25,7,6,14,32,66,32,13,49,38,29,56,176,2923,3290,72,1010,38,34,42,271,91,69,10,81,58,50,183,430,2882,496,78,299,39,33,61,183,947,297,83,366,277,180,436,1274
Datasets/wang/Images/train/class6/656.jpg,32856,565,1340,963,461,36,959,1354,1356,51,54,44,1065,56,2758,2229,618,37,43,10,28,2,60,15,1029,25,29,20,1369,15,1745,264,1690,49,53,55,42,9,43,56,72,10,7,2,43,7,60,75,1169,17,39,18,42,2,61,25,2556,14,56,27,1969,17,701,162,603,33,48,49,24,7,11,12,49,8,11,8,20,1,11,17,35,6,5,0,5,0,0,3,38,3,5,7,11,3,26,21,1270,51,39,38,21,5,24,24,51,9,2,6,24,2,31,69,2034,22,66,30,29,2,24,22,2014,24,60,53,297,12,161,106,1517,1130,61,2513,45,34,41,1436,54,31,7,60,47,47,52,667,54,22,12,22,10,5,11,18,26,25,2,24,42,36,51,175,79,39,8,58,7,3,3,60,7,8,0,6,10,4,3,34,45,25,4,36,10,11,5,37,54,40,6,92,50,48,37,288,1048,1555,42,1931,16,22,21,292,40,52,3,59,17,29,36,165,71,15,10,23,5,5,8,17,50,27,7,29,32,13,50,103,3025,2327,62,715,27,21,36,183,57,58,6,42,38,48,151,336,2662,327,71,190,12,16,55,146,854,172,43,317,203,108,343,884
Datasets/wang/Images/train/class6/608.jpg,11530,998,1241,1112,938,89,1159,2039,1129,88,105,66,1049,124,3025,2693,1035,62,99,32,89,4,114,37,1074,31,68,30,1901,26,2315,341,1452,91,121,93,126,11,83,76,121,15,15,13,86,14,90,61,1190,40,88,46,157,8,101,62,2698,38,87,62,2884,37,932,253,985,82,149,150,76,17,46,58,118,17,20,21,31,6,35,31,86,7,11,6,13,6,9,9,150,14,20,28,28,11,33,34,1342,110,89,116,30,6,39,60,75,17,5,12,47,28,68,60,2181,33,75,56,38,11,44,40,2550,33,97,85,437,53,292,179,1397,1175,124,2846,140,162,77,2822,116,87,20,133,110,113,95,967,106,29,16,44,12,15,17,49,92,43,14,91,96,48,89,290,141,65,10,125,23,26,11,114,18,11,4,22,16,20,11,90,71,34,10,84,15,20,13,100,101,51,6,197,99,105,81,590,1346,2013,80,2711,53,42,54,501,90,103,15,114,42,61,61,311,128,42,17,42,5,12,17,54,107,48,12,110,56,50,64,225,3836,2640,103,1044,38,34,70,365,108,73,12,99,67,62,188,539,2925,407,85,326,33,41,70,247,1034,294,68,646,337,212,542,1769
Datasets/wang/Images/train/class6/658.jpg,30804,732,1496,1038,539,34,1040,1170,1644,64,79,44,1091,56,2460,1691,698,38,63,16,33,2,61,22,1129,19,49,21,1290,17,1481,195,1580,62,68,49,49,1,60,49,109,11,5,8,32,11,69,70,1153,19,49,33,57,3,51,32,2485,21,68,35,1445,26,712,143,625,29,42,55,28,4,11,15,51,7,9,11,18,5,18,35,44,6,12,8,0,4,4,6,46,8,6,11,17,0,21,17,1223,56,56,74,22,4,22,30,53,16,7,7,43,12,39,56,1719,25,59,20,20,5,25,30,1677,27,55,45,305,27,217,119,1515,1147,77,2444,63,39,46,1458,60,48,8,55,56,42,73,679,72,24,11,20,8,5,14,15,47,25,8,33,71,33,54,169,81,44,6,83,8,9,1,60,11,6,2,6,5,12,4,39,52,34,6,36,12,11,11,50,75,36,5,117,57,51,58,305,1196,1852,49,1774,18,22,29,303,47,67,6,56,23,30,52,172,67,27,8,19,3,2,10,16,65,34,10,42,30,23,53,132,3690,3246,66,965,26,28,53,251,64,70,6,50,38,48,170,404,2825,422,61,236,23,25,56,127,910,235,54,341,234,144,365,897
Datasets/wang/Images/train/class6/619.jpg,7152,978,906,1417,1045,61,1392,2574,895,83,85,79,1310,102,3246,3322,1021,64,88,40,70,6,124,36,1218,53,72,46,2298,26,3241,692,786,84,92,95,97,13,113,113,91,18,20,5,58,15,106,85,1084,46,78,43,114,5,113,58,2436,51,100,65,2703,46,1345,403,966,70,101,87,67,6,37,41,77,11,16,10,60,5,44,33,70,8,8,8,4,2,8,10,104,7,15,16,40,4,41,33,1061,91,93,104,43,2,59,49,64,14,11,19,67,16,74,69,2190,44,108,50,36,7,49,41,2783,44,120,83,662,42,409,247,796,1197,79,2981,86,102,68,3203,80,99,13,105,115,100,126,1518,83,45,12,38,3,8,10,41,80,55,12,73,100,49,108,463,72,69,14,95,20,15,11,98,7,9,0,10,15,10,15,82,70,42,11,55,14,19,15,81,92,72,11,170,103,88,96,690,1206,2342,75,2775,26,45,49,760,89,94,14,121,47,58,70,442,101,32,11,40,7,2,10,34,88,51,16,73,70,24,64,216,2663,3121,107,1376,48,44,81,474,92,80,8,70,92,61,164,613,2875,640,115,394,40,41,71,219,1409,412,95,642,433,187,633,1674
Datasets/wang/Images/train/class6/624.jpg,9586,788,1143,1210,809,48,1147,2479,985,74,84,57,1144,78,3739,3350,744,47,79,22,55,5,93,34,1082,31,67,35,2260,24,3844,506,920,69,84,63,71,4,63,71,105,10,8,3,50,11,91,59,1061,32,65,26,111,7,77,32,3365,27,89,55,3211,27,1080,284,837,52,70,72,68,5,27,29,82,14,8,10,29,3,26,26,57,2,8,8,8,3,2,5,114,5,7,11,33,5,32,34,1039,107,76,64,25,8,36,35,66,10,9,9,40,8,53,56,2264,32,72,44,32,6,37,19,3373,40,90,73,548,43,305,160,1056,1129,80,3224,77,80,48,2950,84,65,14,68,53,56,80,1014,83,40,12,28,10,6,9,32,65,37,6,46,92,30,81,260,88,46,9,83,9,15,9,85,9,7,2,12,15,4,11,50,57,43,10,49,16,10,8,53,96,71,8,163,83,58,61,450,1145,2522,57,2973,25,31,32,452,61,65,7,74,34,33,54,236,107,30,14,25,9,4,14,24,80,34,13,41,45,32,71,134,3563,3187,85,1136,28,40,54,308,94,102,8,54,59,62,158,471,3640,548,71,290,35,24,75,141,1182,359,65,489,322,192,497,1255
Datasets/wang/Images/train/class6/632.jpg,14409,851,1384,1226,772,90,1259,2058,1462,91,133,68,1282,94,2985,2610,811,53,79,42,78,11,112,35,1308,38,86,44,2020,28,2174,562,1377,97,92,72,89,18,77,78,125,16,24,13,79,19,91,98,1212,37,75,30,90,12,84,38,2818,38,84,59,2271,54,983,373,785,73,96,89,64,10,27,38,87,13,15,25,36,17,35,38,79,12,14,5,20,5,10,8,102,5,18,11,33,18,37,71,1254,84,62,88,38,11,35,43,71,25,12,14,46,17,60,102,2132,34,78,31,30,10,43,44,2381,27,97,66,484,48,356,276,1304,1201,114,2795,98,110,87,2667,105,67,7,84,82,101,86,1093,100,34,22,33,9,14,27,42,83,30,19,64,73,48,103,325,108,69,16,80,15,22,9,95,16,15,3,8,12,11,19,70,61,64,15,43,20,18,11,77,89,55,20,155,78,67,70,469,1180,2002,77,2496,31,46,39,540,95,76,8,86,44,45,51,318,98,36,20,44,7,15,19,62,70,49,12,73,40,51,71,255,3129,2363,106,1104,36,40,60,371,91,70,13,93,60,73,136,501,2934,575,105,330,37,63,88,274,1069,332,83,437,321,229,499,1570
Datasets/wang/Images/train/class6/635.jpg,16900,816,1370,1148,764,68,1177,1635,1857,99,107,72,1522,99,3712,2131,813,56,116,51,72,13,106,39,1272,37,68,45,1890,41,2343,427,1341,104,76,65,105,10,84,98,108,25,13,8,64,16,87,119,1211,36,66,52,74,6,93,51,2943,24,82,53,2159,18,878,329,801,80,88,86,60,15,42,42,93,19,10,18,36,10,33,42,88,12,11,13,9,3,12,12,90,9,31,14,39,10,42,47,1080,104,80,75,36,9,47,49,80,15,10,17,45,15,57,91,1810,35,88,58,44,11,55,66,2252,41,100,69,356,44,280,242,1438,1347,92,3847,86,111,64,1987,66,63,13,80,76,98,86,796,89,33,11,36,15,6,20,46,54,51,13,45,105,56,121,328,64,61,19,80,20,28,4,102,10,13,4,19,5,8,16,77,61,45,9,57,17,19,12,82,90,57,14,153,96,89,82,502,1061,1755,62,2406,40,33,41,406,63,92,11,116,55,50,64,307,111,39,22,26,12,11,8,38,84,53,16,97,52,56,91,240,2762,2343,94,857,32,40,79,304,89,114,9,94,68,104,179,588,2055,416,111,281,33,44,71,266,867,286,97,561,290,248,568,1824
Datasets/wang/Images/train/class6/657.jpg,9756,920,1221,1345,702,50,1308,2236,1378,71,123,57,1417,71,3806,2881,1003,43,77,25,58,6,85,23,1377,32,47,47,2607,21,3225,509,1214,70,89,72,77,11,72,59,103,11,9,5,79,14,109,52,1318,32,65,40,72,5,95,22,3284,25,89,46,2718,32,1205,248,746,57,52,60,37,3,24,24,44,11,8,11,24,6,28,23,52,2,4,5,4,3,3,5,76,5,6,9,25,8,30,27,1303,96,73,83,29,2,43,33,68,10,10,7,43,13,74,52,2536,30,73,28,28,11,38,21,2732,19,49,45,452,26,293,139,1226,1455,99,3456,53,62,62,2526,85,77,15,74,68,76,111,1036,84,27,11,23,9,6,7,20,79,34,12,36,57,29,74,258,90,67,11,85,14,4,7,63,10,8,4,7,13,9,12,57,60,28,6,39,9,5,9,21,97,47,13,100,53,51,47,309,1346,2766,63,2675,24,29,42,460,57,68,6,54,34,32,74,279,67,25,14,26,7,7,9,27,77,39,13,35,44,23,51,114,3897,3291,107,1241,24,25,64,328,109,80,20,48,80,64,225,526,2940,503,67,258,34,19,47,122,1237,224,63,315,317,130,555,1129
Datasets/wang/Images/train/class6/604.jpg,32961,886,1470,1059,653,51,1079,1347,1394,66,109,53,1043,60,2444,1746,789,39,69,20,41,3,88,26,992,19,56,31,1180,21,1587,330,1397,82,73,53,45,5,56,62,88,10,8,7,51,12,82,59,1047,30,69,22,57,9,73,28,2200,25,84,51,1376,24,747,215,712,61,54,72,29,5,28,18,63,6,14,11,25,5,24,24,49,3,12,9,3,5,4,6,67,2,12,11,23,12,20,30,1123,74,52,67,25,5,17,35,57,16,11,13,37,14,52,52,1319,33,76,34,17,6,25,26,1672,23,59,58,301,40,231,150,1509,1160,96,2227,70,57,68,1687,78,58,12,68,62,68,80,793,75,19,14,17,9,7,15,16,54,26,9,59,51,23,63,219,100,53,10,75,10,12,9,81,18,8,4,9,7,6,6,56,47,35,7,48,15,10,9,49,64,42,9,134,61,65,49,388,1186,1519,65,1711,15,31,35,381,58,67,14,55,46,29,51,244,60,31,21,28,14,5,18,41,65,24,13,54,29,23,73,148,2562,2096,99,863,36,28,57,311,100,79,12,64,65,60,212,462,1854,434,78,302,22,32,66,165,861,257,63,405,272,142,462,1090
Datasets/wang/Images/train/class6/640.jpg,26316,849,1742,1098,722,79,1232,1128,1565,108,119,70,1118,107,2610,1732,833,79,103,21,80,9,133,35,1020,28,68,33,1233,36,1804,339,1912,153,88,66,106,13,82,82,90,18,9,13,59,15,97,114,1035,32,81,45,121,8,84,44,1790,36,70,62,1322,29,784,246,829,100,101,99,59,8,35,33,103,11,13,12,29,8,36,39,73,8,6,11,7,3,7,11,104,4,20,15,31,5,32,46,1410,152,80,117,43,6,38,48,69,19,11,17,39,20,70,89,1207,38,97,53,31,8,59,44,1278,37,92,71,400,47,294,211,1687,1007,98,1787,79,119,70,1276,65,63,14,57,80,93,90,720,110,45,21,33,9,14,17,39,62,38,10,52,95,43,89,262,120,66,11,85,22,15,13,87,20,7,5,13,10,12,20,79,71,44,16,51,22,20,17,78,85,70,12,235,115,90,70,468,1316,1445,56,1297,33,34,45,370,83,81,5,90,38,51,73,280,133,51,18,39,12,8,13,52,107,52,13,78,46,53,81,215,3872,2223,107,948,27,49,78,367,121,123,12,115,75,100,165,576,1976,533,141,354,47,46,105,285,855,332,74,586,306,274,559,1788
Datasets/wang/Images/train/class6/649.jpg,39095,836,1262,845,725,80,886,987,1377,106,111,68,929,109,1873,1301,776,68,116,36,89,17,112,48,959,44,70,34,1185,40,1671,369,1370,110,83,68,81,14,64,66,89,24,19,12,76,21,90,111,872,35,69,30,76,8,77,47,1730,32,66,55,1239,39,697,259,697,62,95,90,53,14,37,35,77,23,29,13,27,10,37,34,62,6,13,11,7,9,12,20,75,19,26,24,29,5,51,67,928,79,55,69,29,9,35,55,74,22,6,17,50,24,75,104,1013,41,70,42,33,10,47,47,1036,36,91,88,325,54,267,285,1323,893,96,1543,72,85,58,1064,68,60,23,84,69,83,82,631,87,38,22,30,22,9,24,46,72,41,22,54,78,51,108,251,99,47,12,77,12,13,15,98,11,10,9,14,16,21,27,79,57,29,12,43,13,13,12,75,66,41,14,122,111,89,84,439,899,1048,55,1077,32,31,41,331,80,67,16,72,33,53,62,267,72,39,19,46,11,14,16,76,82,56,15,75,35,43,106,294,1896,1343,80,647,39,33,56,294,79,93,16,93,53,88,213,543,1374,360,128,258,35,56,82,269,642,259,76,465,238,212,529,1609
Datasets/wang/Images/train/class6/663.jpg,33835,618,1645,1014,535,38,1030,1314,1704,52,77,33,1174,61,2928,1705,639,25,60,12,34,1,80,19,1053,18,44,25,1437,14,1646,222,1920,57,66,49,88,6,43,34,82,12,11,4,50,11,64,40,1235,13,46,14,102,2,62,24,2743,19,60,37,1858,28,660,146,649,35,59,78,37,3,3,10,59,7,4,11,13,3,15,19,36,1,6,5,0,0,3,5,62,4,13,8,22,7,17,12,1339,80,43,54,15,2,16,25,39,9,4,8,24,11,49,45,1533,15,43,13,15,7,15,23,1530,23,48,42,258,34,157,105,1782,1136,70,2519,60,85,36,1505,80,51,1,63,32,50,60,645,58,18,9,16,5,2,10,8,42,15,6,35,44,33,40,137,86,47,7,87,14,10,7,35,11,4,4,9,8,7,6,29,56,24,6,39,10,11,4,49,83,55,11,138,60,41,36,286,1201,1624,45,1461,12,24,22,210,45,41,5,36,20,21,38,128,80,14,13,19,0,1,11,14,61,22,7,40,25,16,42,81,3159,1817,81,754,19,22,37,194,74,52,7,46,46,42,179,340,1918,282,49,170,12,20,50,98,738,181,43,332,184,117,359,786
Datasets/wang/Images/train/class6/631.jpg,29417,726,1491,1210,565,41,1218,1518,1832,71,97,44,1319,72,3388,2459,728,48,83,23,37,2,94,33,1193,23,48,24,1795,22,3085,376,1111,75,55,45,43,6,62,61,75,17,4,6,50,12,69,54,919,19,48,21,45,3,53,27,2537,15,82,50,1937,19,937,235,531,50,44,50,40,3,18,18,42,5,11,11,20,3,20,24,36,2,3,1,0,0,4,7,56,0,8,3,19,4,26,21,829,82,47,58,13,4,24,30,49,11,8,10,30,14,34,57,1307,16,57,29,15,4,43,18,1644,25,51,43,346,20,249,115,1264,1012,73,2705,42,66,47,2157,55,50,2,54,50,60,78,801,66,26,10,15,5,5,4,14,52,18,6,33,76,43,95,218,56,44,8,60,4,12,6,56,5,10,1,8,5,6,2,37,41,20,6,41,6,5,5,37,50,30,8,137,50,40,52,341,910,1593,42,1951,17,19,24,357,42,70,6,55,31,32,45,276,70,27,17,21,2,3,13,25,55,30,10,39,41,23,72,115,2005,2398,72,908,24,26,40,242,71,79,6,38,53,58,156,407,1965,366,70,231,12,18,51,129,694,213,51,298,225,118,469,975
Datasets/wang/Images/train/class6/676.jpg,6179,676,837,1069,632,31,1029,2501,856,54,71,40,1027,41,4417,3718,669,39,41,17,37,3,52,27,1000,24,57,27,2911,23,5131,509,880,48,60,39,66,4,54,52,84,7,10,9,35,7,77,57,1141,20,45,25,88,2,74,24,3243,27,58,54,3178,34,1019,188,605,56,55,87,62,3,22,25,69,12,19,18,25,4,23,22,36,4,14,5,3,4,3,9,68,4,16,17,23,5,25,23,1112,44,44,54,25,5,23,33,39,6,5,10,30,11,49,49,2575,22,51,30,22,7,22,35,2666,26,72,74,460,25,226,136,947,1059,81,3982,54,82,52,3346,59,52,8,84,39,49,56,962,38,14,11,29,8,2,7,22,46,29,9,42,57,28,72,244,62,38,10,65,18,15,8,95,10,4,2,9,7,9,6,58,43,25,10,52,10,7,10,55,71,49,8,123,63,61,46,369,1096,2930,53,3642,26,31,35,611,49,45,11,72,26,22,51,252,61,30,8,17,8,9,10,28,54,27,7,41,21,31,47,170,4842,4999,84,1090,22,26,51,299,69,52,13,46,46,34,138,370,4094,461,54,257,21,37,40,157,1010,211,54,381,248,156,381,968
Datasets/wang/Images/train/class6/625.jpg,47643,597,1156,843,536,40,843,1109,969,60,72,36,721,62,1920,1599,568,50,60,24,50,8,71,19,699,9,45,28,1092,15,1431,265,1038,58,63,53,82,13,53,60,74,6,9,4,44,7,54,39,709,21,45,25,71,8,54,22,1274,21,41,36,1285,27,630,159,579,62,89,89,37,4,16,35,60,6,14,11,22,6,19,24,48,3,6,7,4,6,4,10,52,8,15,7,15,1,15,26,774,83,54,63,20,9,14,22,41,12,1,6,20,11,30,57,817,23,56,28,21,4,34,32,1173,20,57,49,233,21,170,126,1004,735,82,1799,59,68,48,1277,74,43,7,53,47,36,50,646,49,21,15,16,16,5,11,21,36,23,6,37,58,25,78,182,77,38,16,72,16,12,13,59,4,7,1,5,5,5,7,51,36,21,7,33,11,11,9,65,46,36,8,128,82,63,56,351,737,1193,40,1516,14,29,27,240,50,73,9,79,20,28,39,214,49,19,11,31,5,3,14,37,52,41,14,64,31,32,63,164,1815,1452,57,688,21,27,35,203,60,76,10,46,36,57,136,371,1272,253,64,207,36,28,63,161,568,191,41,392,192,161,317,970
Datasets/wang/Images/train/class6/601.jpg,6270,802,1079,1269,736,61,1315,2741,835,84,94,63,1075,96,4056,3636,617,38,75,30,70,4,93,34,1021,15,53,35,2487,24,4188,633,917,78,80,66,69,11,57,55,109,15,12,6,53,11,84,58,999,27,51,25,94,5,67,24,2963,14,72,49,3593,41,1227,279,824,60,88,110,52,8,29,37,56,15,12,10,24,3,25,38,48,9,11,6,5,6,7,8,68,3,3,14,25,3,36,34,1066,105,62,66,24,12,27,32,63,16,11,10,35,16,41,48,2282,26,58,43,28,11,37,25,2915,28,54,43,558,44,278,155,891,1087,91,3547,77,97,67,3342,50,61,16,93,59,72,115,1292,68,23,14,35,10,5,16,28,55,26,9,54,51,35,96,308,101,58,12,88,12,16,9,68,11,9,6,11,10,9,9,62,57,40,11,54,17,9,6,62,71,51,13,165,79,57,58,464,1220,2747,56,3798,27,28,31,613,68,62,8,96,28,30,63,309,79,37,15,36,8,10,11,36,82,34,9,63,31,36,55,201,3426,3505,84,1369,31,25,55,290,74,84,13,57,50,67,113,413,3597,679,85,338,33,53,59,187,1195,320,55,520,289,211,360,1233
Datasets/wang/Images/train/class6/607.jpg,12967,800,966,1026,532,37,921,2247,990,50,33,42,1003,54,3664,3024,829,44,50,17,34,3,57,18,1096,19,32,23,2141,24,3930,554,855,62,53,59,55,6,56,59,64,10,2,9,40,6,64,61,1090,28,46,27,65,1,68,37,3069,34,58,46,2930,20,969,265,704,38,43,64,29,1,21,19,47,3,5,5,15,4,22,15,47,4,7,0,4,0,0,1,56,3,2,6,31,3,23,17,1175,62,49,67,33,5,42,34,54,3,6,1,33,7,47,50,2736,32,87,42,18,0,25,12,3578,32,78,47,546,21,337,116,1158,1121,68,2998,54,62,32,3808,47,45,7,40,42,76,41,1033,60,24,4,34,4,3,7,13,58,21,7,36,54,30,61,254,49,48,3,65,8,4,5,59,1,6,0,3,3,7,7,39,59,43,4,51,9,8,6,46,76,60,6,119,62,46,44,350,1088,2193,42,3026,38,23,30,476,64,57,5,56,27,29,32,253,70,28,4,13,4,4,6,15,88,20,2,46,29,13,57,90,3858,3330,62,1024,35,25,34,278,84,77,6,39,62,46,164,471,3586,492,73,298,24,17,60,135,1294,332,66,440,371,154,514,996
Datasets/wang/Images/train/class6/661.jpg,22644,926,1202,1071,972,81,959,1581,1109,125,108,62,910,107,1869,1869,908,74,98,34,96,13,123,43,924,35,77,52,1313,35,1762,363,1294,133,126,105,120,14,87,91,139,24,17,18,75,19,105,88,1006,49,109,59,123,15,108,60,1860,37,105,67,1765,30,836,305,1140,114,108,126,76,14,34,36,116,20,30,11,35,18,33,51,103,13,24,11,16,6,12,19,116,7,20,27,46,15,60,49,1110,139,107,139,45,16,39,63,77,26,16,21,51,26,91,104,1500,36,87,74,48,17,59,52,1780,65,97,107,422,70,319,268,1343,1127,124,2123,121,114,82,1874,121,94,26,111,106,99,113,864,124,35,25,39,26,17,21,43,97,58,17,61,93,62,111,336,140,81,11,121,24,26,9,119,22,14,6,25,15,26,23,101,78,50,16,70,30,25,31,95,106,76,33,182,117,103,101,620,1201,1872,76,2016,47,57,50,440,110,117,24,133,35,72,61,315,137,67,30,58,17,15,28,69,121,64,23,121,69,78,116,297,2430,2248,121,1134,55,59,87,323,113,136,21,112,75,114,175,639,1982,555,118,438,54,72,118,314,868,407,85,717,324,318,598,2068
Datasets/wang/Images/train/class6/659.jpg,32982,781,1509,1087,739,60,1039,1336,1594,76,71,63,1097,81,2162,1506,746,43,63,31,73,6,86,30,1106,23,45,29,1383,26,1448,295,1436,72,74,53,62,5,62,62,83,8,8,9,54,7,77,81,976,25,43,33,78,3,70,35,2112,32,74,36,1623,22,797,265,743,54,57,66,41,4,23,30,56,12,12,11,22,1,33,22,46,7,7,3,2,1,3,6,77,4,9,7,18,5,31,24,1095,64,59,87,27,6,26,39,62,10,6,8,34,10,58,65,1371,29,63,29,23,5,39,35,1579,23,83,65,380,24,251,156,1754,1275,78,2324,93,85,52,1704,77,64,8,75,53,71,72,842,84,39,11,15,7,4,13,28,47,30,9,43,72,30,50,233,104,55,10,72,9,7,3,66,10,9,1,11,9,9,11,73,65,43,6,52,12,15,8,47,68,50,11,178,77,63,56,463,1216,1563,48,1752,28,19,38,320,72,61,9,74,33,30,45,215,74,23,14,21,6,3,12,23,77,33,5,67,36,25,60,135,2596,1703,91,841,26,32,56,293,64,66,10,60,65,54,195,396,1596,329,81,253,32,33,53,173,721,249,62,454,247,162,421,1221
Datasets/wang/Images/train/class6/653.jpg,30126,868,1342,1053,757,66,1037,1684,1186,107,112,60,1022,104,2530,2350,745,45,100,21,61,9,116,30,895,17,65,26,1365,46,1961,384,1088,86,94,86,95,11,70,77,88,17,13,11,57,19,93,103,821,26,72,23,102,8,88,40,1973,10,83,34,1708,38,808,233,664,76,101,114,44,8,25,38,79,18,23,12,27,14,13,33,61,5,6,11,6,2,5,8,86,3,17,16,28,8,25,47,901,101,68,77,17,9,23,45,52,10,12,11,34,22,63,75,1412,23,67,37,25,8,41,42,1942,33,73,75,287,37,232,213,1301,1002,134,2400,80,112,51,2135,93,78,15,81,50,89,83,969,101,16,12,18,16,10,21,43,56,23,7,59,81,37,109,230,96,47,10,89,11,16,10,100,11,8,5,12,14,10,10,93,39,25,14,32,14,23,13,77,69,38,12,149,82,59,59,450,959,1455,54,1884,23,31,40,378,63,82,7,87,32,37,62,256,123,37,18,45,12,11,20,67,74,35,14,72,40,37,89,212,2426,2009,63,734,20,19,49,240,77,82,13,53,43,74,211,550,2028,291,66,229,23,60,78,209,816,197,59,427,211,192,525,1334
Datasets/wang/Images/train/class6/611.jpg,28100,871,1543,1110,767,55,1151,1627,1598,85,123,60,1261,123,3634,2352,864,52,93,23,50,7,98,29,1141,24,64,28,1547,24,2875,412,1389,87,80,52,72,8,72,62,104,16,11,8,49,11,95,93,1077,26,51,33,86,2,89,34,2283,20,63,39,1482,32,816,240,730,58,80,81,43,3,22,19,71,7,11,11,16,10,29,27,44,5,8,4,3,4,4,12,73,4,11,13,21,8,40,24,1016,81,67,72,28,0,28,37,40,11,12,10,34,11,58,64,1522,23,59,32,28,6,35,34,1844,26,68,68,329,23,258,167,1448,1008,113,2172,71,69,39,1839,86,58,8,72,61,77,93,836,72,23,15,31,12,4,18,30,67,31,6,37,55,39,110,213,103,49,21,81,9,9,13,69,9,12,5,8,3,12,4,66,52,23,10,55,17,18,9,65,80,50,6,164,68,55,65,401,1090,1276,63,1513,19,21,36,343,56,66,8,84,26,37,60,249,80,27,16,39,6,11,17,34,77,41,12,63,40,29,83,171,2334,1782,88,713,26,23,54,243,73,69,14,56,41,81,207,558,1901,331,80,245,26,28,61,162,863,225,50,426,241,167,508,1275
Datasets/wang/Images/train/class6/609.jpg,26136,884,1365,1200,634,36,1222,1604,1642,74,91,41,1473,63,3713,2353,749,40,77,28,35,8,85,24,1256,24,53,24,2084,25,2721,344,1113,64,71,57,55,8,66,56,78,6,7,7,40,9,83,62,944,16,48,31,56,7,77,30,2332,17,56,43,1965,15,848,187,625,61,60,69,33,8,30,16,60,8,10,13,17,1,24,24,45,6,5,6,4,0,5,5,50,2,14,1,15,3,26,19,1007,89,55,80,23,5,25,34,36,10,7,11,33,7,60,54,1470,21,50,34,19,6,27,27,1454,18,42,37,301,20,198,120,1331,1153,99,2721,82,83,57,1779,57,60,9,67,53,68,85,854,70,22,17,31,11,8,9,23,51,23,7,48,66,41,80,236,97,55,6,75,20,8,7,72,8,6,1,7,6,9,14,52,40,32,4,49,10,7,9,53,51,33,8,99,60,42,56,317,1070,2021,53,2340,19,34,53,403,79,75,7,71,34,42,62,291,58,23,13,28,4,5,13,29,63,28,6,42,38,28,58,146,2653,2378,83,992,27,30,48,245,89,70,9,58,44,56,190,479,2386,391,64,277,22,29,54,163,752,226,50,335,260,105,395,1011
Datasets/wang/Images/train/class1/144.jpg,15031,1668,883,638,797,291,700,785,1088,279,169,120,831,342,2536,2132,1679,266,199,106,164,53,210,140,667,134,128,73,578,131,1304,749,1082,222,157,122,136,58,137,165,153,38,32,39,118,57,212,290,714,121,142,68,128,35,129,114,547,74,103,74,463,113,595,543,879,181,115,163,100,37,70,94,157,32,35,45,81,23,86,134,264,52,51,31,27,15,32,37,185,29,44,25,92,29,121,131,987,253,134,130,75,44,119,162,115,50,40,38,96,39,170,277,1100,137,150,112,98,38,129,140,870,100,187,160,396,139,609,773,1088,625,136,463,156,189,101,554,205,144,43,95,122,174,180,747,286,132,58,73,43,31,39,91,159,80,41,58,122,113,208,482,184,126,47,108,50,57,27,162,46,38,16,40,34,60,49,254,167,106,37,75,44,34,41,121,109,78,30,122,128,147,170,647,873,648,119,512,77,88,76,375,144,117,41,139,66,113,149,552,328,151,67,95,32,29,45,136,180,116,61,140,92,110,179,586,3735,1554,222,703,108,130,164,632,248,210,49,175,165,244,587,1447,3191,978,350,667,169,167,237,872,1055,630,268,739,575,615,1494,4704
Datasets/wang/Images/train/class1/162.jpg,13640,923,1264,628,612,69,1555,1080,2922,88,173,58,3567,81,14680,2573,846,106,100,39,97,15,94,48,880,41,69,54,1697,46,5154,582,784,115,78,42,89,14,69,58,79,13,20,10,51,14,126,80,618,37,62,27,65,10,69,30,915,39,56,42,1018,42,870,284,624,95,78,74,72,12,47,33,78,16,23,18,30,14,42,44,100,16,8,10,15,5,13,11,63,15,12,13,34,16,52,59,881,118,69,83,43,15,41,41,71,22,14,20,50,23,86,87,895,51,73,44,62,8,47,62,786,51,63,75,338,49,322,268,934,713,78,814,68,76,51,788,83,51,18,60,64,68,103,663,104,58,13,33,20,15,24,40,56,43,15,35,59,54,75,273,124,103,15,54,26,14,18,70,19,18,7,23,11,18,29,83,86,55,13,61,29,21,11,58,60,47,20,94,83,81,73,409,1038,1057,71,774,55,38,47,290,74,68,17,74,32,45,80,245,106,57,13,45,12,13,13,54,75,59,17,64,36,43,101,240,4856,2844,143,650,52,68,89,288,131,112,20,91,89,77,293,628,1924,540,107,291,61,88,82,278,638,280,90,444,334,323,683,1892
Datasets/wang/Images/train/class1/121.jpg,20875,2687,1003,677,717,129,872,668,1032,292,119,104,919,258,2452,2060,2599,471,351,129,171,33,300,102,705,132,84,78,776,96,2030,756,933,326,139,119,120,27,150,99,81,71,27,22,99,64,188,232,652,128,131,57,97,19,136,65,532,53,58,56,628,59,797,403,687,183,118,99,78,19,62,45,85,49,30,28,47,33,92,83,113,44,40,25,17,6,26,11,53,20,16,20,39,27,86,81,661,309,128,155,63,25,99,101,68,53,7,47,77,55,203,281,632,103,131,60,34,21,103,70,365,52,53,75,304,66,474,327,937,628,87,573,110,49,83,506,110,137,24,64,119,122,181,709,321,123,71,63,42,21,53,44,109,102,22,59,160,83,272,416,115,81,23,48,18,25,12,59,14,23,10,10,21,31,50,140,90,79,32,43,36,15,39,89,50,54,15,109,129,92,155,533,821,668,84,475,53,46,96,314,101,154,18,111,93,118,192,521,234,106,61,57,23,20,41,62,125,80,31,113,113,89,306,400,2951,2227,195,730,84,85,209,524,185,265,41,153,190,294,945,2401,1928,889,226,373,75,76,282,325,642,379,124,559,550,422,2508,4016
Datasets/wang/Images/train/class1/150.jpg,10567,1994,3079,1464,852,142,2521,2280,847,174,182,115,879,187,4544,4122,1616,275,217,95,151,29,236,111,682,85,112,85,1088,86,2548,1044,814,207,126,103,110,21,105,77,88,32,19,11,67,20,161,158,751,88,91,55,92,14,102,76,648,39,67,48,699,40,800,376,801,161,103,131,98,19,47,50,94,26,19,31,49,12,70,88,127,25,26,19,12,10,17,13,78,14,14,21,36,22,65,78,861,210,116,133,61,15,71,73,72,33,16,24,43,25,132,160,893,80,74,66,35,21,59,54,853,56,72,89,327,52,431,331,913,998,139,1118,110,86,90,1250,118,96,18,87,100,121,192,1185,196,92,30,60,24,12,47,58,96,55,24,54,105,75,198,406,121,100,21,73,17,35,27,104,19,10,11,19,16,20,51,137,83,72,19,73,22,16,30,80,70,55,16,139,99,90,134,568,936,1416,107,1268,55,72,93,477,100,123,13,92,70,60,168,578,170,104,32,64,20,19,23,74,113,63,20,104,64,90,193,439,2788,3050,207,1058,87,90,137,518,182,215,38,160,141,201,649,1629,2343,918,154,411,81,86,177,360,709,411,115,529,478,348,1474,3136
Datasets/wang/Images/train/class1/137.jpg,18466,1720,1509,959,922,84,1272,1013,1523,195,133,68,1357,158,3983,2563,1743,208,143,57,90,21,163,62,1044,72,84,46,1196,49,2581,778,1469,151,114,87,71,12,91,90,118,26,16,8,73,28,173,129,1010,61,94,40,58,11,91,45,1235,48,74,60,1047,43,896,365,849,84,74,58,56,12,43,29,77,12,21,23,43,15,81,56,85,16,15,7,9,4,11,4,112,11,12,13,25,5,48,57,1216,152,85,131,45,11,49,52,70,20,18,7,66,25,144,151,1171,52,94,66,39,9,53,41,1222,38,80,71,416,35,453,267,1516,1062,93,1181,77,77,72,965,132,95,19,78,110,115,163,824,182,59,35,33,10,11,23,32,100,37,13,42,76,37,141,316,115,79,16,81,16,13,11,75,14,16,5,9,8,16,39,102,86,47,15,58,16,12,14,63,67,53,14,109,73,59,113,455,1327,1213,68,963,30,35,46,292,98,78,8,66,75,50,145,411,214,51,21,27,7,7,26,36,112,40,19,69,63,41,134,230,3782,2371,185,902,72,57,137,395,178,153,29,79,135,143,622,1243,2601,784,146,323,65,66,168,270,898,363,113,472,442,250,1283,2292
Datasets/wang/Images/train/class1/132.jpg,14064,1266,1745,731,1190,175,1583,936,1442,214,207,112,1373,253,9303,2922,1213,226,259,81,167,25,278,88,719,84,110,85,976,82,2202,690,814,231,188,104,173,45,101,98,125,81,35,29,89,62,138,168,635,70,101,55,177,17,151,83,886,51,106,89,1002,67,809,463,1018,152,174,169,172,34,60,82,217,31,55,74,84,23,78,111,149,27,32,19,18,8,16,27,204,24,61,67,66,29,82,129,641,239,84,110,68,27,73,87,79,117,33,43,63,74,118,186,812,78,126,83,72,29,77,118,1063,73,204,201,455,106,441,543,851,563,151,806,207,223,104,963,161,110,26,104,109,130,141,777,200,59,58,61,54,20,95,73,88,68,29,93,137,67,246,436,128,87,27,92,78,71,20,202,29,29,10,42,29,35,36,150,89,63,26,74,58,59,46,185,101,80,27,202,174,159,143,890,690,907,116,863,67,77,75,410,119,111,21,175,73,77,94,434,192,71,60,84,26,30,87,110,124,78,32,185,81,134,228,572,1399,1496,115,643,70,77,116,411,99,211,32,160,92,215,316,990,1265,582,169,370,94,103,159,561,647,385,164,872,419,616,1047,4020
Datasets/wang/Images/train/class1/158.jpg,15313,2355,1324,883,785,150,1085,970,1235,279,191,122,1052,292,3741,2598,2203,425,297,121,127,44,263,143,831,123,121,100,958,135,2623,1019,1125,276,133,100,79,34,97,108,121,43,25,21,91,40,194,252,827,115,80,68,82,14,113,91,819,49,56,50,609,57,813,412,727,147,95,87,68,24,45,52,89,26,21,24,52,22,88,113,140,40,31,16,21,9,18,20,94,20,21,18,48,22,98,128,936,227,118,113,49,18,70,92,80,47,27,25,66,39,165,259,816,116,109,72,39,26,69,61,696,44,88,67,313,63,513,410,1149,945,118,852,97,78,103,702,138,110,29,61,108,110,198,814,289,114,59,51,29,20,46,61,106,47,17,51,99,65,274,436,144,106,28,65,34,22,29,88,26,20,14,24,20,26,59,152,90,71,21,48,25,24,33,72,54,56,24,97,70,79,146,526,1025,1019,98,722,69,38,62,316,106,102,20,79,72,90,199,534,223,121,43,58,18,23,55,73,131,73,27,75,81,72,274,435,3081,2347,169,843,82,85,188,496,202,231,61,153,182,235,807,1988,2039,895,233,455,73,110,249,449,797,381,153,498,435,412,1877,3661
Datasets/wang/Images/train/class1/155.jpg,13078,2178,992,823,1119,157,1077,731,1603,249,132,123,1618,199,3780,1377,2376,339,290,127,193,34,270,100,1136,135,118,102,1207,94,2634,823,1147,308,170,187,143,31,187,165,111,61,30,25,116,40,207,186,1098,134,183,107,115,17,197,89,819,73,89,78,675,77,1093,503,1207,161,122,89,112,20,71,38,150,22,21,22,82,18,97,81,147,26,28,25,16,8,18,14,103,27,21,23,47,13,92,87,1167,287,186,203,88,19,124,100,91,47,28,35,99,48,180,203,1062,114,192,97,64,14,117,56,627,74,97,104,392,66,632,356,865,824,78,575,148,105,69,496,144,137,17,71,175,195,154,765,246,122,29,56,29,22,50,46,164,110,17,84,161,97,282,489,132,124,17,89,44,22,28,104,19,24,3,18,17,34,48,154,120,109,25,97,32,25,25,71,107,86,20,163,124,111,169,790,927,869,71,517,96,47,86,292,199,180,19,113,99,110,194,533,232,89,34,58,28,13,31,50,220,106,26,87,120,59,253,387,2254,1983,187,942,100,80,153,523,217,285,59,185,197,245,677,1801,1558,875,195,539,107,77,181,347,1000,579,152,863,665,431,1941,4060
Datasets/wang/Images/train/class1/130.jpg,11777,2227,1284,1097,402,69,1201,1314,697,160,108,76,749,143,6474,4722,1794,216,191,61,129,23,227,59,482,71,70,50,676,48,2990,706,1233,195,116,76,51,14,106,52,75,39,10,16,49,25,172,125,724,83,86,28,69,9,94,33,289,33,26,23,300,26,549,228,472,106,67,59,31,9,34,23,41,18,12,17,36,12,46,46,67,23,15,11,13,9,14,5,36,12,11,9,15,17,52,53,1239,228,104,97,37,12,59,72,57,45,11,20,50,21,149,121,855,82,76,41,31,16,50,32,328,35,29,36,169,49,343,171,1784,1099,117,860,48,37,58,547,79,73,16,39,93,62,214,808,188,50,39,29,28,11,30,25,75,52,16,35,92,51,179,238,121,73,22,41,12,10,7,23,14,9,6,9,18,15,33,62,79,44,20,29,38,15,30,25,42,39,8,36,68,59,115,266,1775,1353,77,570,29,23,55,246,77,104,22,58,59,64,191,454,176,62,22,27,24,15,29,26,81,61,10,47,58,58,158,268,9569,4409,223,927,60,73,189,405,220,252,31,113,181,213,1126,1551,3696,814,159,260,80,78,167,210,672,317,71,303,443,381,1539,2254
Datasets/wang/Images/train/class1/157.jpg,13817,2392,1325,826,977,108,1547,1079,1634,226,182,87,1891,240,8912,3575,2488,411,250,112,92,25,272,83,892,99,104,86,1202,92,4077,1079,680,191,76,97,79,12,107,76,69,25,12,9,56,17,222,252,685,87,99,48,89,13,92,48,668,54,67,58,689,35,924,374,872,103,94,73,159,6,46,38,80,13,17,18,44,20,91,77,102,28,17,9,7,2,10,7,70,6,14,15,35,9,56,54,734,170,85,95,57,10,55,59,63,19,17,17,56,34,213,229,910,69,75,36,38,10,52,30,628,54,67,63,279,42,470,258,572,613,60,586,90,81,47,594,68,97,13,74,92,89,196,876,176,84,26,30,18,16,33,45,95,41,20,68,92,51,252,387,83,72,10,72,20,15,11,67,12,18,6,15,11,21,44,132,70,63,8,63,15,12,18,82,55,49,14,251,62,68,115,649,695,855,54,727,39,43,55,311,81,83,7,71,68,56,200,415,159,68,27,32,13,2,21,40,86,50,18,75,72,32,228,286,2191,2005,140,689,61,60,133,377,145,180,24,109,156,188,1037,2025,2159,829,173,322,58,51,180,234,676,349,92,687,375,233,1965,2993
Datasets/wang/Images/train/class1/134.jpg,7779,2444,779,809,752,232,786,822,863,320,167,124,853,349,2487,2108,2763,512,367,191,257,60,377,153,842,153,130,122,901,179,2435,1190,1000,383,146,150,128,37,143,173,127,65,29,31,125,42,236,322,956,169,158,89,131,24,182,109,446,90,92,83,497,115,827,577,817,227,132,110,69,22,70,77,116,33,33,17,69,32,118,119,211,57,40,33,18,11,33,27,120,30,13,27,75,25,148,145,935,433,133,173,77,30,108,121,130,80,42,35,127,50,217,320,1017,198,164,108,75,26,152,102,582,118,123,121,392,105,690,620,847,759,125,412,118,93,102,391,141,146,38,75,151,148,239,741,342,190,54,69,46,31,56,91,159,103,36,70,174,109,333,576,171,175,33,83,28,35,27,92,32,42,9,27,25,44,66,228,156,121,30,83,28,30,51,99,105,85,25,88,135,102,221,591,851,901,104,446,50,65,85,323,160,154,26,104,100,136,217,618,328,189,53,73,31,31,53,101,173,136,44,99,121,133,318,620,2211,2101,218,864,162,132,194,701,264,401,64,237,271,376,929,2371,2284,1179,364,648,151,175,332,686,1001,740,233,652,822,716,2548,5460
Datasets/wang/Images/train/class1/172.jpg,18225,1850,2260,810,936,154,1862,865,1169,225,200,139,997,194,5937,2589,1816,372,292,113,175,51,278,120,558,107,132,99,613,111,2348,777,823,279,129,112,121,35,136,106,116,51,42,44,89,45,182,184,495,112,107,74,102,32,115,82,432,49,81,84,348,68,512,386,695,173,114,105,119,28,48,44,114,59,49,40,59,30,91,103,114,47,40,33,26,9,36,31,95,38,36,41,67,39,114,119,641,222,96,133,60,28,81,87,91,58,37,66,79,57,153,218,473,110,98,83,55,24,92,86,421,78,71,111,218,87,382,484,734,509,124,493,104,73,76,478,113,100,42,78,100,108,192,562,209,88,44,62,41,30,62,60,92,66,36,72,112,99,254,362,139,101,26,73,36,29,39,81,27,33,21,38,40,56,60,151,111,74,21,72,31,37,57,102,68,71,36,157,108,122,166,640,545,499,73,364,65,47,70,229,98,136,35,96,72,108,187,384,163,124,32,70,34,31,49,83,117,75,57,118,93,142,278,600,3151,2890,158,460,90,88,169,371,175,262,60,209,184,266,802,1556,2482,780,178,356,99,109,215,453,418,339,156,593,394,559,1673,4178
Datasets/wang/Images/train/class1/153.jpg,6628,1727,827,958,1621,206,838,913,637,185,128,127,679,164,1006,1080,1851,309,243,102,239,29,246,124,663,97,119,96,901,129,1467,731,819,226,145,161,187,34,124,142,140,36,19,27,111,36,161,182,788,123,156,106,208,14,137,123,1079,100,137,159,1348,118,833,578,1548,255,186,265,469,43,111,128,312,41,31,44,155,34,81,107,194,32,35,22,33,8,13,31,266,26,38,30,131,34,95,106,755,263,134,155,112,31,86,103,151,54,32,53,101,42,143,219,767,120,130,133,106,31,95,105,2366,166,275,236,850,118,595,636,722,785,156,2008,294,322,166,3099,143,139,35,198,118,165,146,899,167,85,32,142,37,28,49,174,111,85,27,145,156,124,245,676,134,120,44,198,40,45,35,329,27,33,15,60,33,38,44,215,127,102,37,183,47,31,40,283,131,134,67,384,204,189,263,1385,735,877,132,1743,125,163,100,1722,115,144,33,236,106,130,147,861,181,118,34,120,33,28,46,181,161,118,29,217,143,140,217,817,936,1317,149,836,101,118,128,753,160,256,57,237,135,226,417,1650,1158,699,184,615,110,125,211,675,721,665,233,1346,688,720,1508,5553
Datasets/wang/Images/train/class1/140.jpg,8813,1968,914,632,1100,215,710,713,936,305,208,147,766,280,1580,1830,2070,482,310,159,252,73,317,149,696,146,157,130,814,173,2003,952,1077,306,194,122,193,58,128,143,185,85,45,31,112,80,196,273,752,145,126,85,187,33,155,113,704,90,101,101,856,113,774,535,1089,234,186,189,196,30,98,96,180,55,52,48,115,36,146,152,202,67,50,40,39,14,44,27,151,41,47,57,92,39,117,162,977,296,149,162,103,27,109,117,124,77,45,68,119,72,190,264,816,133,125,118,115,55,128,143,945,113,160,164,508,167,576,645,935,715,167,606,168,130,102,749,164,131,44,102,113,151,154,726,325,144,66,78,52,26,72,109,142,108,44,100,169,113,258,538,228,120,55,109,48,45,34,136,47,37,26,40,52,54,64,210,157,103,51,104,48,52,49,168,113,120,47,247,187,194,227,928,880,927,117,960,84,94,105,504,132,153,47,164,101,129,169,596,291,153,64,113,49,51,71,151,145,128,53,168,136,142,280,665,2811,2114,219,838,135,136,182,603,218,287,84,235,203,297,672,1824,2167,1104,303,576,120,164,318,679,741,586,226,993,642,752,1825,5552
Datasets/wang/Images/train/class1/146.jpg,11960,2985,662,737,695,170,751,729,714,335,127,97,734,350,1722,2107,3008,589,335,146,164,44,314,112,775,154,102,94,749,122,1990,1081,1130,368,122,135,94,36,134,132,107,55,12,20,76,60,188,321,821,155,147,88,83,10,172,83,403,64,49,72,366,60,761,500,793,169,93,85,73,16,47,39,99,35,13,18,54,21,109,85,169,49,42,17,13,4,22,15,79,17,13,15,54,17,95,79,1287,316,135,165,67,23,98,124,91,47,17,25,78,52,211,316,954,119,164,100,52,17,116,72,544,72,91,82,301,50,745,404,984,714,85,404,97,100,92,497,121,125,12,49,126,146,203,760,350,173,73,67,25,23,49,51,139,94,21,61,151,64,294,465,142,97,25,54,32,17,17,81,14,16,8,15,25,28,41,150,107,106,30,66,21,19,28,65,66,62,12,88,94,96,148,586,1012,838,82,414,70,45,73,306,146,147,17,77,121,122,205,671,331,143,48,50,16,16,56,50,184,83,19,72,155,57,296,371,5352,2442,199,851,123,104,175,692,225,316,44,171,209,282,898,2790,2648,1117,329,507,104,95,296,418,946,490,186,602,694,440,2762,4395
Datasets/wang/Images/train/class1/107.jpg,12243,1342,1686,672,959,243,1805,898,1229,284,205,120,1213,335,14971,3015,1283,371,172,112,142,38,170,120,618,116,107,81,647,107,1668,824,666,139,130,114,125,42,87,149,92,46,29,28,89,47,135,295,539,117,96,63,138,28,111,59,514,69,85,69,717,75,612,475,725,151,147,123,128,23,73,70,134,42,22,19,56,24,71,107,208,48,38,25,28,9,28,34,139,25,31,28,70,25,78,103,639,176,94,124,77,34,82,115,83,46,28,22,66,34,121,231,857,115,158,86,90,30,107,135,659,91,103,145,387,91,471,553,792,534,111,519,112,121,92,616,173,138,31,92,112,161,117,726,277,131,53,73,36,25,30,96,100,71,22,66,101,72,160,500,139,116,33,84,22,37,22,123,27,22,6,34,19,39,39,167,112,73,24,75,28,24,39,110,90,84,33,156,126,114,161,701,529,569,87,711,55,68,82,421,104,118,29,108,46,87,116,504,312,140,49,91,29,28,56,97,162,105,29,139,104,106,146,441,1079,1039,150,636,90,88,141,545,114,150,47,168,122,177,428,1382,1830,872,303,448,104,114,247,654,827,507,210,679,528,481,1305,4098
Datasets/wang/Images/train/class1/113.jpg,8754,2880,920,786,648,225,972,1038,969,361,178,160,972,361,3806,3892,2874,578,297,151,138,51,270,150,852,139,128,118,804,141,2541,1444,689,281,96,106,81,44,101,153,77,43,32,29,97,67,229,406,733,149,112,65,63,18,119,92,413,58,54,57,291,53,614,484,607,152,71,61,56,13,52,55,85,35,26,24,45,26,115,111,204,46,41,23,15,8,31,28,99,27,26,27,44,20,97,118,747,260,116,124,59,22,87,110,79,46,35,42,61,57,244,363,1062,160,181,90,55,22,136,123,420,62,83,95,227,76,531,586,795,813,91,330,54,85,83,307,129,140,35,58,108,160,235,779,340,157,51,70,32,32,44,65,137,85,31,44,127,104,257,429,161,128,28,60,21,27,35,79,25,30,10,14,28,38,71,227,133,117,20,50,17,20,34,106,47,58,22,76,64,69,157,482,782,780,104,306,47,42,76,204,136,124,24,88,84,100,238,574,363,168,52,72,21,15,64,79,119,99,41,73,112,85,304,442,2871,2623,234,644,134,132,249,582,248,288,76,191,250,292,1074,2635,3878,1566,386,508,120,139,372,635,831,476,202,445,535,468,2442,4770
Datasets/wang/Images/train/class1/178.jpg,11941,2101,1168,635,769,151,1404,889,1599,265,145,128,1596,316,8241,3172,2264,512,181,108,98,30,180,100,953,140,99,94,1139,115,2722,970,835,176,88,68,62,20,80,101,117,47,24,25,103,53,212,269,1071,141,84,46,76,12,103,70,986,119,64,59,795,62,754,415,710,102,74,54,251,28,74,46,73,25,14,10,48,17,85,85,182,42,29,13,18,10,12,17,65,13,11,11,28,13,81,79,946,141,95,82,83,22,82,88,92,34,27,19,138,40,228,276,1479,127,103,57,67,18,79,70,750,62,56,62,517,71,533,387,641,605,93,613,58,63,74,360,94,69,15,57,88,116,156,733,281,146,45,99,18,12,29,60,95,55,21,65,81,53,181,367,112,91,15,50,14,11,22,61,27,12,5,20,20,24,54,159,124,91,18,44,17,10,26,57,80,83,17,276,57,70,112,585,630,569,69,480,55,45,87,448,96,77,10,49,51,63,147,418,300,100,36,60,17,10,44,55,120,61,24,56,65,59,201,341,2395,1373,180,502,85,82,186,457,188,165,46,117,180,185,727,1842,3510,895,297,390,111,95,260,368,1077,397,170,584,626,367,1936,4072
Datasets/wang/Images/train/class1/103.jpg,14011,1876,1254,869,869,164,1315,962,1636,245,169,109,1703,224,6496,2663,1865,226,238,86,128,29,237,93,959,89,104,82,1228,95,3907,1029,798,189,109,120,114,20,121,144,94,37,13,16,71,29,216,214,759,99,112,52,105,21,127,61,612,46,57,58,752,51,1007,513,812,129,105,88,79,14,51,51,115,21,23,18,62,14,82,89,160,25,31,10,15,6,21,14,92,17,15,20,42,13,73,78,858,199,141,140,60,26,84,103,79,39,17,25,80,31,154,184,937,81,132,83,55,9,107,61,802,58,105,77,370,41,581,358,898,821,101,639,100,119,82,719,148,123,19,69,142,160,193,967,218,90,45,50,20,17,26,51,122,72,19,65,140,77,175,474,84,74,21,77,27,19,18,126,12,13,6,14,20,13,26,155,95,80,13,62,15,20,23,72,66,54,5,108,87,83,135,610,937,923,87,631,67,58,92,423,133,130,14,96,82,83,160,599,229,86,31,56,13,8,36,49,147,99,11,81,82,68,186,365,2706,2363,175,946,60,56,152,561,153,168,25,132,161,151,724,1531,1818,701,192,486,67,70,197,394,1033,468,136,651,580,311,1420,3025
Datasets/wang/Images/train/class1/116.jpg,14536,2073,1070,880,1054,229,990,1075,903,325,175,114,740,292,2390,2636,1958,484,226,141,164,64,209,135,651,131,125,111,628,121,1485,960,810,242,101,83,125,43,104,143,110,42,24,25,99,50,174,281,662,116,88,70,101,29,103,73,631,70,86,94,677,60,515,547,1116,164,135,102,234,35,92,72,123,26,30,25,93,22,123,120,181,43,38,18,37,5,21,30,107,20,39,31,62,32,82,136,801,205,112,113,99,29,80,107,91,44,26,31,89,48,167,278,793,112,114,101,82,27,79,122,726,91,129,122,469,86,551,507,1131,779,134,787,134,134,118,784,127,119,26,113,116,173,187,867,294,143,55,86,25,25,44,73,100,81,36,108,106,79,201,475,161,118,29,112,42,38,21,121,36,27,10,23,24,30,66,193,129,103,24,89,24,37,28,135,96,93,31,329,126,122,161,902,986,794,106,877,91,81,101,565,111,104,24,140,79,102,163,565,296,135,51,76,23,29,41,92,119,91,40,142,77,59,245,458,3211,1914,164,741,124,103,197,558,176,206,65,154,157,206,716,1937,2264,1083,284,551,113,142,284,544,745,530,188,949,502,477,1829,4633
Datasets/wang/Images/train/class1/139.jpg,9415,1966,939,718,1105,194,814,588,939,248,184,114,870,267,1640,1346,2168,439,373,187,309,59,364,144,737,155,161,139,1004,156,2102,1060,1216,391,184,178,182,49,140,142,163,85,39,36,113,60,202,183,860,212,190,117,181,39,209,101,637,95,99,105,843,100,1027,646,1060,281,204,176,201,31,110,93,172,61,40,34,89,40,123,122,187,67,31,41,40,13,37,28,115,26,36,39,94,35,133,128,1095,388,163,217,112,30,123,122,115,65,31,59,118,68,180,215,782,167,129,102,96,25,144,107,581,97,87,122,476,135,709,529,821,716,112,536,130,108,101,516,144,157,19,95,142,157,180,781,285,166,67,90,52,38,68,95,158,112,36,101,194,134,342,772,176,153,37,102,46,27,30,107,22,42,19,34,38,42,52,172,124,110,36,87,42,39,66,126,94,111,27,162,177,149,273,956,835,910,116,873,99,84,91,520,136,196,43,176,107,132,222,781,270,160,49,89,22,37,56,115,171,139,44,141,131,123,303,704,2133,1947,206,1075,120,116,184,674,216,371,66,294,232,302,522,1972,1635,1099,244,639,154,155,233,578,901,831,176,935,819,735,2102,5380
Datasets/wang/Images/train/class1/111.jpg,13336,1243,1429,946,1536,133,1335,983,1786,157,201,130,1829,178,7253,2228,1163,190,205,59,185,25,205,89,813,73,115,95,1214,71,3247,780,1095,156,154,104,186,27,127,126,123,26,34,24,88,36,143,161,773,79,98,51,216,17,158,67,923,44,112,104,1130,72,791,487,1131,152,198,222,180,25,80,82,156,35,37,62,80,22,76,93,135,24,30,26,25,8,14,14,152,28,39,38,67,25,84,110,941,153,99,117,77,30,67,64,88,45,24,37,78,31,122,176,799,77,80,76,66,28,74,83,988,84,163,148,381,94,351,418,1071,809,155,1158,168,162,111,1201,135,109,21,134,112,109,149,796,147,81,38,63,39,26,49,97,80,58,29,109,111,85,157,533,158,86,26,107,40,45,23,139,23,19,14,22,26,32,40,142,97,66,23,99,62,35,34,151,111,93,38,286,190,151,167,1231,848,948,90,1075,82,67,79,532,109,105,27,186,57,68,100,499,154,88,32,73,22,28,43,94,117,75,31,191,77,92,162,560,1960,1328,147,727,70,87,106,445,116,163,37,157,110,194,352,924,1590,597,165,408,87,123,159,471,621,418,130,945,394,493,867,3575
Datasets/wang/Images/train/class1/122.jpg,11743,3015,1034,882,660,120,1004,832,1162,301,138,99,1052,293,3475,2833,3000,482,353,136,186,27,343,115,883,116,96,88,1115,111,3763,1141,927,321,140,107,83,19,109,105,106,37,15,21,79,35,224,244,812,90,98,59,105,12,146,55,643,48,60,61,711,62,931,372,590,161,97,110,68,21,51,57,72,33,13,24,38,18,92,90,120,36,22,15,18,7,16,12,72,22,11,19,32,14,90,77,913,338,97,140,45,26,78,79,81,34,16,30,61,35,193,291,796,107,92,51,56,22,76,47,478,43,53,59,294,62,578,346,807,764,112,607,82,72,87,519,94,105,24,63,106,116,195,818,273,105,43,55,21,13,42,64,104,65,16,48,131,61,329,445,132,105,19,68,16,16,28,67,18,22,10,12,19,20,52,128,104,96,29,45,37,12,31,53,59,59,22,87,101,73,170,443,748,968,78,640,53,49,61,317,106,125,20,93,77,107,195,574,269,106,41,59,24,25,42,71,102,74,31,84,115,67,317,435,2698,3438,191,855,82,86,191,532,217,326,41,172,224,316,1146,2643,2591,1015,260,368,63,98,269,342,705,400,134,428,489,416,2718,3792
Datasets/wang/Images/train/class1/127.jpg,10621,3086,1065,934,899,176,1150,1071,986,314,160,136,1133,285,4735,3224,2946,374,308,130,136,29,292,136,886,119,117,93,1015,115,2860,1015,789,245,119,113,89,28,126,139,105,49,16,21,85,35,255,273,809,109,137,72,70,15,156,74,598,46,74,69,746,52,909,428,684,118,85,84,82,17,54,48,72,34,18,16,58,14,100,87,133,37,26,10,4,5,21,11,92,18,20,23,45,16,95,83,840,248,116,139,56,28,98,79,110,36,15,27,87,32,236,279,835,68,130,76,54,13,90,55,837,59,114,94,422,61,649,401,842,804,74,609,102,88,99,756,113,128,15,67,159,142,284,980,234,86,53,41,26,14,32,60,110,61,24,63,153,87,287,474,89,83,15,51,17,12,14,82,18,17,3,18,19,29,48,153,105,73,16,43,18,16,20,73,54,59,22,129,82,86,122,574,836,810,92,566,65,42,79,386,121,123,20,94,95,97,243,694,251,89,32,54,15,13,47,67,152,73,15,92,96,60,268,342,3278,2204,216,813,95,77,256,662,202,240,41,132,200,231,1335,2735,2187,717,234,347,57,66,229,334,752,347,148,515,613,342,2634,3542
Datasets/wang/Images/train/class1/177.jpg,25916,1310,1389,814,1155,135,1096,948,988,219,189,141,826,209,1810,1477,1275,240,204,97,156,38,206,103,730,114,110,104,720,106,1176,689,952,201,126,113,145,37,113,125,121,47,22,32,77,51,134,186,689,107,127,81,107,24,139,115,1010,60,103,85,705,79,625,433,1038,142,168,120,151,24,86,86,119,48,45,43,83,25,91,108,156,30,39,18,21,9,32,23,144,33,35,38,82,31,80,109,730,169,127,161,79,26,82,84,109,52,38,50,102,49,115,184,721,88,132,95,65,31,101,104,659,81,130,148,419,79,407,536,1360,873,127,1103,154,126,92,839,127,123,35,108,119,151,134,776,178,110,45,74,36,16,42,76,132,71,39,98,131,115,183,479,114,96,27,95,36,44,37,144,31,41,12,37,26,50,36,178,133,97,30,83,45,37,48,131,100,93,47,284,113,159,182,988,962,868,83,946,78,84,82,509,120,126,31,141,84,98,108,479,169,80,41,66,39,19,40,85,173,94,37,125,100,121,173,503,1567,1112,144,682,94,86,126,404,125,136,42,166,109,163,390,1049,1124,731,181,395,83,105,199,449,544,430,164,858,423,519,1100,4147
Datasets/wang/Images/train/class1/171.jpg,12522,1707,958,672,1092,183,807,662,1369,240,173,130,1037,263,2002,1235,1954,343,299,110,248,56,276,126,1012,107,154,111,1100,120,2080,819,1044,297,184,161,191,37,154,130,151,58,34,32,102,48,205,207,856,134,157,89,171,37,198,117,802,107,128,102,862,101,964,558,1219,233,181,185,215,41,72,64,171,46,38,48,93,26,108,115,217,55,54,27,28,22,33,36,166,32,39,51,87,25,115,127,897,286,153,187,107,28,93,130,120,63,38,42,94,62,161,209,848,150,173,122,115,27,139,121,692,89,161,172,487,122,666,593,929,791,130,580,176,184,102,548,170,134,26,98,132,177,169,663,239,144,38,86,53,36,56,118,132,77,35,79,192,115,254,511,199,160,39,123,44,52,36,144,43,45,13,47,45,48,51,212,131,116,37,116,56,30,62,144,150,102,43,205,144,143,225,853,860,892,105,690,102,92,83,428,158,177,39,157,101,143,156,601,281,143,47,86,28,34,46,107,178,126,31,158,129,138,245,617,2092,1940,201,944,116,161,154,644,210,273,59,231,179,277,573,1555,1486,967,245,664,114,155,208,684,878,623,215,1037,671,723,1788,5050
Datasets/wang/Images/train/class1/129.jpg,9647,2376,914,839,948,232,1099,1023,1102,334,155,128,1250,388,3746,2740,2261,392,292,139,183,37,288,148,912,172,149,121,964,134,2718,1248,827,272,115,144,119,44,125,175,103,48,22,24,95,46,248,345,740,141,138,88,95,16,150,99,613,90,84,74,617,53,949,641,863,148,108,93,116,21,70,72,106,33,26,14,79,24,133,131,216,36,33,24,21,5,23,24,133,17,34,21,57,19,98,93,863,212,148,157,73,25,102,113,92,35,33,31,79,61,214,304,1018,115,143,97,59,16,141,91,637,66,125,107,425,76,669,549,884,826,107,565,138,119,92,580,157,153,24,65,141,163,199,960,389,148,35,84,27,17,50,74,149,93,31,71,149,108,249,568,127,129,33,71,22,30,21,104,20,21,4,21,23,30,61,178,126,114,28,76,24,22,40,97,68,85,21,137,88,78,161,684,1002,839,83,532,70,54,74,370,143,144,26,101,92,126,204,631,358,119,43,60,16,17,55,68,171,88,33,97,116,90,262,419,2213,2262,221,812,114,107,210,666,174,252,36,180,174,247,652,2023,2624,1186,318,634,118,110,338,527,952,511,187,677,551,475,2065,4564
Datasets/wang/Images/train/class1/138.jpg,24079,1898,1651,755,482,89,1572,787,2372,155,177,71,2191,151,12517,2608,1634,265,169,79,66,11,171,54,661,62,78,47,803,62,2887,677,709,199,72,52,48,12,56,69,65,14,7,7,38,20,155,135,548,70,63,47,38,6,70,38,345,28,41,25,274,18,586,212,386,94,48,36,25,5,21,19,52,8,9,9,29,9,48,57,100,20,13,15,9,5,6,11,46,12,12,8,25,7,50,56,729,173,73,88,36,13,51,55,54,24,16,13,45,31,117,142,628,59,68,39,32,8,38,36,210,35,38,40,125,24,280,216,857,732,79,482,49,41,59,322,59,66,15,40,53,67,160,632,181,73,24,24,15,8,26,30,65,33,10,29,63,37,146,233,104,77,11,48,16,11,7,31,13,12,7,14,13,18,28,83,73,59,17,27,17,10,12,35,41,25,12,43,37,41,77,245,877,791,65,292,26,32,51,156,63,80,12,46,41,53,145,355,183,83,28,22,8,11,21,25,86,34,14,33,57,36,162,211,2695,2514,182,682,66,60,161,409,147,175,24,86,154,171,738,1591,1901,815,199,334,58,51,172,255,550,289,77,275,325,244,1324,2097
Datasets/wang/Images/train/class1/117.jpg,14460,2217,1232,585,731,177,1174,645,1569,313,211,96,1439,263,6924,2038,2352,594,358,154,196,49,314,151,811,143,144,109,887,153,2893,1109,833,365,112,110,91,34,101,112,109,53,18,28,96,52,190,245,659,141,131,91,86,32,141,70,486,78,70,64,415,93,726,443,665,210,105,67,77,24,60,31,118,43,23,18,63,30,113,91,178,47,36,24,20,16,25,28,62,23,23,19,51,28,127,118,727,326,89,156,64,25,66,91,88,43,37,35,85,60,201,263,600,159,115,74,46,23,89,84,445,84,95,81,275,86,542,479,765,584,122,376,84,78,111,372,126,107,27,52,110,97,172,540,277,138,56,76,45,37,60,61,94,67,21,49,137,75,302,419,153,112,30,67,34,22,31,80,42,26,13,25,37,34,86,146,119,110,36,71,24,24,47,78,52,60,22,108,81,69,187,558,673,639,81,429,68,52,84,268,119,141,22,81,81,102,198,496,268,144,47,73,35,30,69,91,105,82,46,85,104,94,347,534,1903,2307,186,672,130,99,173,454,201,336,65,187,202,330,827,2001,1582,1061,253,473,93,144,234,496,617,516,166,574,556,562,2219,4538
Datasets/wang/Images/train/class1/145.jpg,8653,3519,662,888,616,144,898,1041,713,269,114,87,950,320,3755,4069,3475,519,293,119,121,22,316,117,854,136,88,78,1002,103,3780,1443,722,288,78,92,58,17,98,106,70,34,14,15,54,28,248,320,874,131,123,61,59,6,130,52,574,34,47,34,490,39,998,477,584,122,59,47,49,10,29,31,58,6,11,10,37,14,91,66,120,21,14,6,6,1,14,7,90,8,12,7,34,3,70,52,917,297,98,131,49,10,81,91,68,25,9,16,59,28,234,238,1176,97,132,45,40,6,85,39,712,40,63,53,307,47,653,333,748,879,72,545,71,79,60,490,103,105,10,59,112,139,195,983,271,116,30,33,15,4,24,31,114,49,11,39,138,42,284,397,86,99,7,52,13,14,11,63,14,14,0,5,7,16,35,108,107,89,13,43,12,10,16,55,61,41,12,75,47,50,101,375,862,1158,74,577,40,33,58,292,103,93,14,56,64,73,208,614,324,91,26,44,5,18,39,21,138,67,16,47,81,27,296,254,3005,3469,231,1026,91,70,275,671,225,301,26,84,240,285,1322,3259,3303,1210,257,399,74,58,238,317,1063,444,165,424,681,275,3156,3269
Datasets/wang/Images/train/class1/154.jpg,11127,1783,880,887,865,173,996,1247,1087,248,115,113,1077,312,2259,2566,1926,288,189,99,135,17,195,110,1074,119,105,75,1349,92,2137,975,1391,180,106,111,113,19,100,140,141,33,24,23,97,37,162,269,1253,92,127,82,131,14,128,85,1446,73,98,61,1165,71,1036,567,866,136,95,116,97,17,44,68,108,29,28,25,56,13,75,99,160,27,30,15,18,7,16,9,130,12,29,15,73,21,86,93,1358,212,100,118,77,21,75,94,110,28,23,23,72,39,148,217,1734,107,123,80,80,18,113,75,1459,58,120,107,598,93,687,487,1143,959,116,1049,118,153,81,1076,104,100,15,96,102,161,154,1012,257,107,43,49,23,15,30,64,110,65,17,73,124,72,159,483,149,74,28,81,17,27,21,116,21,19,8,23,20,31,39,142,101,78,18,55,36,21,25,91,89,80,38,150,133,115,157,790,1100,1169,92,986,61,61,72,504,111,102,15,129,73,96,127,567,300,89,26,55,9,19,31,67,157,76,27,105,84,77,142,398,2893,1961,160,934,81,88,126,548,140,198,38,130,133,154,390,1489,3055,910,224,473,110,93,219,452,1233,483,176,703,629,440,1652,3601
Datasets/wang/Images/train/class1/120.jpg,14605,2341,914,788,858,169,966,805,1146,292,165,125,1247,274,2824,2079,2638,511,281,123,149,37,277,87,1087,135,101,86,1242,109,2589,952,1188,301,119,125,87,23,122,144,128,49,26,16,81,57,216,244,981,121,137,84,86,20,168,83,891,82,70,61,631,47,1016,463,818,140,79,77,106,19,60,37,82,29,20,18,67,24,111,82,159,36,26,22,17,9,10,14,88,20,20,17,50,20,86,94,1134,303,127,140,64,16,100,108,93,37,28,31,98,53,220,278,1029,101,128,76,51,13,90,67,555,47,83,84,324,53,624,378,895,819,82,622,104,75,70,425,160,139,24,62,112,134,183,772,284,113,58,67,25,22,35,37,130,62,20,60,136,76,226,405,145,117,21,68,21,27,21,83,23,21,6,18,22,34,49,168,103,94,22,67,23,21,30,70,74,69,19,134,68,80,175,592,1032,950,86,470,65,46,86,272,121,126,20,61,88,113,202,526,272,93,59,58,22,19,49,58,144,74,31,65,94,46,258,351,2900,2268,185,818,95,102,191,549,255,253,42,152,228,235,798,2012,2437,994,253,421,79,99,245,389,907,454,180,651,580,386,2133,4002
Datasets/wang/Images/train/class1/142.jpg,12309,1469,1282,690,817,121,1302,819,1841,172,218,93,2225,177,13352,2103,1614,220,223,80,178,33,215,84,793,90,133,81,1210,82,5433,856,690,220,125,93,96,37,101,104,108,50,27,33,88,43,181,153,632,91,109,73,103,15,127,84,458,56,75,74,560,51,841,396,745,152,115,108,76,17,73,66,107,34,29,30,67,22,95,81,128,35,27,15,16,12,21,17,88,26,31,24,66,15,106,84,715,202,125,136,67,24,65,81,93,45,29,46,69,35,146,174,662,87,95,100,60,24,77,90,391,59,99,78,261,78,471,426,635,630,108,403,101,111,87,427,111,107,32,90,115,109,166,601,159,84,39,46,27,17,42,60,119,66,24,65,141,99,184,401,131,99,29,71,16,15,37,81,26,18,4,28,27,30,45,137,98,69,26,64,31,17,37,102,70,62,29,104,112,102,159,551,698,758,90,480,58,55,80,284,120,140,26,116,78,88,142,456,164,90,38,65,32,21,41,85,126,103,35,110,94,90,205,453,2411,2350,163,634,90,93,125,460,170,205,42,211,153,193,558,1138,1577,730,167,449,89,105,173,436,527,376,138,599,426,515,1241,3383
Datasets/wang/Images/train/class1/164.jpg,8535,3452,949,959,872,293,879,1125,917,452,148,160,827,459,1566,2597,3002,469,473,168,227,57,395,191,792,154,129,112,684,183,1722,970,800,372,189,198,117,56,154,244,112,69,35,46,99,91,201,434,695,140,167,95,113,30,192,123,277,68,71,77,271,82,687,565,803,210,140,128,83,28,95,78,128,52,44,42,84,45,106,134,233,56,48,28,31,17,38,39,98,41,35,40,58,28,115,127,679,362,159,195,77,29,129,165,82,78,36,59,107,71,221,479,781,145,220,142,63,35,139,141,417,80,136,122,268,101,726,676,869,822,178,373,154,121,128,450,188,194,54,79,182,262,254,1089,426,140,95,76,41,31,92,83,168,110,45,86,177,136,355,584,126,143,39,70,45,45,28,126,50,35,13,35,37,51,77,268,126,103,34,63,29,51,65,127,70,83,31,105,104,110,174,690,774,728,138,429,80,76,94,354,175,222,37,113,133,160,205,855,395,156,85,80,41,29,100,127,211,139,65,145,156,120,407,650,1305,1642,202,839,85,92,225,705,189,325,62,201,219,367,754,3181,1754,821,408,549,121,142,420,680,800,502,244,696,574,535,2861,5714
Datasets/wang/Images/train/class1/156.jpg,23936,1741,1554,662,967,97,1257,603,1565,193,162,72,1309,160,7565,1850,1759,372,263,102,108,28,275,103,640,77,68,70,654,64,2683,612,882,253,85,66,86,22,67,73,102,35,20,15,36,40,115,122,527,87,85,41,88,12,76,50,690,53,64,44,500,51,593,233,788,108,78,71,123,15,39,38,104,25,31,23,49,23,47,44,110,36,25,15,10,6,11,12,77,16,17,17,44,19,56,68,780,241,71,80,40,12,64,51,69,37,19,25,48,46,106,153,537,67,71,52,38,18,58,51,532,47,101,85,241,62,307,241,977,571,94,561,106,108,65,551,88,69,19,56,77,80,138,561,164,88,39,39,20,17,33,38,70,39,23,39,79,49,204,268,118,84,18,50,22,20,23,85,17,14,6,15,16,19,33,93,58,51,15,52,25,20,24,75,49,45,14,229,67,66,109,703,840,709,61,472,45,46,48,203,68,67,26,50,64,67,131,323,142,94,31,48,23,9,31,50,75,50,26,63,52,48,199,291,4097,3144,128,563,67,73,100,323,152,194,25,104,145,222,700,1631,1717,580,126,308,59,59,155,286,481,315,107,701,349,322,1577,2922
Datasets/wang/Images/train/class1/128.jpg,10494,2131,1079,864,1246,192,1042,937,1038,249,191,146,946,243,3020,2255,1862,367,243,126,189,45,234,123,777,89,128,107,867,95,2181,1026,937,245,140,113,164,44,136,133,150,43,33,34,125,60,218,215,758,130,123,70,149,26,147,103,1069,74,125,112,1082,76,772,558,1191,179,168,163,213,36,100,106,172,49,38,39,122,27,132,131,175,35,47,21,23,6,26,33,160,25,29,41,78,30,99,138,843,229,132,151,89,22,106,88,101,44,29,40,99,58,152,220,807,93,108,86,71,23,81,110,1182,93,168,128,654,110,514,552,922,776,153,1129,171,166,144,1371,152,107,40,124,137,135,234,873,229,99,60,74,33,29,65,86,115,83,30,128,128,85,236,622,146,124,41,132,43,30,34,162,35,33,17,41,24,55,50,209,106,76,27,120,34,36,48,179,108,102,45,352,147,147,201,1115,801,878,115,1158,103,87,127,796,114,121,32,168,103,108,190,631,245,99,54,84,26,32,65,134,130,82,45,142,100,105,219,650,1952,1942,172,837,97,125,166,541,171,222,48,222,178,219,657,1639,1720,845,216,504,106,116,208,562,811,473,184,963,506,563,1588,4265
Datasets/wang/Images/train/class1/168.jpg,23517,1204,1773,810,1051,234,1280,731,1180,217,188,134,823,195,3628,1291,1179,224,250,108,242,49,205,98,689,101,113,102,674,91,837,473,960,200,168,140,202,77,146,156,172,56,34,52,124,59,128,187,627,88,153,94,191,44,160,104,614,93,110,76,730,123,603,463,1041,209,226,171,146,46,109,119,179,59,54,62,77,44,93,99,219,41,69,43,35,22,48,39,151,44,60,46,93,49,105,128,628,199,134,166,108,38,83,128,129,70,39,72,84,61,117,204,563,114,169,132,71,39,132,152,628,102,149,181,431,145,496,658,1020,672,162,723,204,164,113,710,164,158,42,120,133,161,128,671,205,91,53,78,64,50,54,123,144,92,39,141,160,135,169,495,154,106,55,129,55,52,58,170,70,55,16,49,48,59,49,206,112,91,45,115,55,45,63,179,90,113,45,189,173,202,214,891,698,698,147,766,91,102,96,451,137,183,30,193,112,119,111,504,162,99,68,103,41,48,64,148,147,162,58,215,132,171,184,671,912,654,138,622,95,116,120,514,139,207,45,236,120,222,270,1035,657,435,201,467,125,148,221,683,506,483,224,883,454,697,991,4933
Datasets/wang/Images/train/class1/110.jpg,15049,1567,1299,795,972,169,1122,752,1706,209,208,118,1523,192,4333,1538,1907,340,268,124,256,57,275,122,949,131,131,81,1117,126,2994,931,1009,236,182,106,163,35,129,126,178,48,38,31,114,42,217,185,725,117,133,82,161,23,177,80,682,86,103,85,867,89,970,487,823,243,135,169,118,29,86,93,126,35,39,36,93,34,100,108,173,49,29,27,31,10,24,32,111,35,36,27,91,29,125,130,860,272,113,141,72,24,86,107,123,63,27,41,107,41,178,185,731,110,103,84,83,38,105,93,687,87,97,135,485,109,555,469,825,688,148,613,123,128,111,663,147,120,32,122,106,139,184,725,199,121,40,72,39,19,48,79,110,76,31,70,144,94,237,520,176,135,42,114,38,38,32,99,32,38,18,31,36,44,51,160,96,82,30,91,32,32,42,125,104,97,31,166,158,131,212,796,709,799,139,818,94,88,82,540,101,134,37,156,85,98,145,576,195,130,35,93,23,34,42,122,111,94,33,125,107,118,232,578,1645,1670,179,841,92,130,139,582,209,215,59,223,190,225,493,1356,1341,887,165,507,114,154,220,560,720,549,183,763,629,626,1458,4445
Datasets/wang/Images/train/class1/160.jpg,8181,1908,836,739,1277,244,795,778,900,327,175,153,819,262,1708,1974,1909,482,257,158,205,49,226,139,808,149,139,133,789,145,1849,1124,882,287,146,146,152,43,134,170,154,43,36,37,131,53,187,257,755,134,138,81,168,23,157,109,858,98,113,109,1036,111,834,612,1170,232,199,175,222,51,100,105,162,49,51,45,97,36,126,129,223,60,44,39,45,22,34,29,203,33,43,34,90,37,131,140,836,276,152,205,101,27,97,124,136,57,29,46,110,48,196,247,941,142,175,122,91,31,121,112,898,115,148,188,646,116,696,688,987,767,158,833,184,178,142,1146,146,141,37,131,118,160,160,847,278,159,51,108,39,28,52,89,138,94,31,112,148,113,223,550,199,156,30,133,41,39,40,201,34,36,18,28,32,46,82,220,171,131,33,102,38,50,43,189,106,96,44,269,168,155,197,1083,956,925,112,821,106,85,103,629,149,169,34,170,116,136,175,632,278,136,61,104,27,26,53,139,175,120,39,166,134,118,237,646,2248,2108,184,912,150,124,184,718,185,240,67,236,183,240,638,1727,2037,1297,246,656,125,139,248,674,935,602,256,1018,673,648,1708,5383
Datasets/wang/Images/train/class1/152.jpg,8867,2444,910,1005,1306,161,1077,1079,889,214,107,113,1091,254,1779,1763,2524,289,284,139,177,25,298,95,1112,130,128,104,1209,106,1997,756,911,294,169,192,163,40,199,215,110,64,26,27,94,69,186,217,1167,124,203,112,142,23,254,92,995,81,115,100,1005,61,1172,600,1320,182,139,140,139,22,76,73,152,48,38,37,104,17,106,79,177,35,29,12,8,9,21,20,123,21,33,28,57,16,98,87,1158,272,219,208,113,28,118,115,100,49,25,32,102,39,202,209,1184,116,178,101,66,23,144,89,1109,67,154,136,476,73,704,420,815,1103,94,762,179,121,94,774,167,177,21,95,199,232,175,1077,278,130,52,97,36,15,49,54,194,103,23,95,210,104,257,590,146,122,28,94,34,40,22,125,24,25,9,23,19,39,48,184,114,108,21,118,32,24,28,111,123,87,17,205,141,115,208,897,1075,1171,98,1025,110,60,104,429,206,203,29,126,148,138,192,701,272,94,49,82,27,13,39,53,210,119,38,133,144,84,273,389,1743,1931,187,1189,103,89,179,703,196,273,43,185,209,234,517,1981,1827,788,233,586,83,86,216,420,1175,684,187,979,740,414,1971,4211
Datasets/wang/Images/train/class1/115.jpg,9216,1704,1021,924,838,179,1078,1331,1059,227,134,112,964,294,3276,3001,1822,229,184,96,116,27,163,102,895,92,117,99,1091,92,2722,897,1049,211,137,125,148,39,113,148,130,43,24,25,89,51,187,254,932,89,103,67,124,15,139,94,878,62,112,63,895,72,827,482,973,161,140,114,120,23,67,70,137,27,26,29,56,31,88,104,186,47,31,20,22,11,22,28,141,24,31,31,65,15,92,104,1205,220,129,135,67,18,97,103,102,44,23,36,76,30,150,201,1280,125,159,102,84,28,126,122,914,73,125,135,491,79,658,566,1112,960,130,899,141,134,96,991,154,131,30,100,132,161,179,952,259,95,41,55,21,18,38,58,140,59,24,79,138,86,163,483,182,151,23,118,32,35,27,136,26,28,7,37,21,38,39,185,137,99,20,79,30,39,31,117,92,70,33,137,112,112,150,636,1172,1265,83,901,69,83,86,448,121,119,28,109,73,81,137,557,297,123,51,73,17,29,36,101,161,103,38,103,95,92,185,443,3585,2957,198,919,108,126,142,598,211,212,34,163,139,206,549,1389,2852,1002,264,595,132,113,215,557,1071,593,206,721,585,491,1462,3748
Datasets/wang/Images/train/class1/151.jpg,17547,1638,1607,1018,809,187,1382,1523,1278,245,171,138,1084,240,3613,3257,1389,183,188,71,129,36,153,100,871,81,87,85,898,83,1711,800,1051,162,133,102,95,41,111,125,107,33,26,26,70,38,158,179,859,80,96,71,84,24,98,65,853,40,67,66,673,62,802,447,750,114,104,82,87,14,77,60,108,38,23,23,68,18,66,104,160,35,43,21,19,8,23,19,108,23,20,25,62,19,62,80,1030,163,98,118,55,20,82,93,89,43,32,30,81,35,124,187,1339,81,117,84,68,17,84,80,959,70,97,77,376,66,449,380,1341,918,132,955,104,117,98,946,148,93,35,89,105,136,197,1072,189,97,45,52,41,17,27,61,95,70,23,76,100,73,135,470,135,67,25,81,19,29,18,89,33,19,10,28,23,35,30,174,86,53,20,63,23,25,24,94,87,68,16,131,81,92,113,623,1076,996,86,632,67,46,68,413,105,98,21,99,83,77,128,525,209,67,36,48,28,22,33,70,156,62,25,75,71,60,136,384,3693,1811,164,818,70,65,140,497,163,113,45,104,137,150,677,1245,2969,647,181,427,79,68,189,400,991,408,156,585,466,371,1116,3077
Datasets/wang/Images/train/class1/101.jpg,13105,1457,1337,687,901,177,1449,988,2510,211,215,123,2722,222,10635,2692,1364,273,227,104,157,57,177,121,952,87,104,73,1616,107,4359,821,803,138,107,88,112,33,108,131,121,38,38,26,76,36,179,213,617,89,101,66,79,24,89,98,701,63,76,59,905,90,961,509,732,134,126,92,107,31,71,71,148,27,32,35,67,32,85,99,200,47,44,27,20,13,27,25,123,25,45,20,67,21,98,132,667,151,117,110,69,18,66,98,99,21,24,32,65,47,154,190,733,87,111,104,67,32,72,81,807,74,111,91,382,85,522,509,825,567,112,494,127,131,101,676,141,104,32,96,130,172,171,894,211,95,36,57,33,27,36,85,120,66,31,70,102,73,148,447,135,86,19,63,37,30,23,125,32,29,5,9,17,35,33,184,98,88,25,68,21,24,22,102,81,50,24,105,89,93,128,632,611,544,95,571,65,58,69,306,123,102,20,98,77,77,134,460,165,102,47,65,32,27,38,76,134,84,30,103,72,75,172,408,1538,1186,152,562,77,81,137,485,141,136,46,113,122,148,531,1260,1372,588,159,506,84,111,175,454,781,396,197,617,451,390,1318,3329
Datasets/wang/Images/train/class1/149.jpg,16781,1970,929,823,574,90,938,974,2430,197,120,67,1896,211,4912,2332,2224,314,162,70,88,19,201,65,1326,75,90,64,1480,78,3128,833,1414,178,91,99,61,12,96,82,90,25,11,11,80,27,163,199,1290,72,93,51,61,13,102,55,1429,28,53,40,781,34,1027,325,554,113,59,41,41,6,27,28,53,12,13,8,30,13,59,50,103,24,14,14,7,0,10,10,60,6,16,12,38,6,54,50,1376,169,84,112,41,17,64,64,90,24,15,18,70,25,126,181,1759,85,102,47,38,12,80,42,1007,40,59,39,285,34,500,241,1015,855,54,847,58,59,59,581,90,80,12,40,81,101,143,747,172,72,20,27,8,5,22,19,94,44,16,37,96,37,170,332,97,80,10,60,19,14,19,53,20,11,1,9,12,14,26,107,80,47,20,42,12,11,15,45,57,58,15,77,51,50,103,324,928,1009,65,566,42,47,49,244,86,83,10,54,58,82,140,434,209,68,26,28,9,10,31,36,101,37,8,47,71,34,146,235,3351,2048,160,778,71,54,115,454,161,183,41,102,166,171,739,1735,3335,845,185,312,57,68,152,252,1097,380,101,373,531,241,1877,2417
Datasets/wang/Images/train/class1/112.jpg,15164,1530,1896,977,1031,175,2163,1348,1211,163,192,123,1281,189,10692,3874,1299,182,164,94,125,20,186,78,747,89,119,70,839,69,1951,703,625,153,99,90,110,27,97,111,123,38,25,25,81,28,127,167,602,92,102,72,109,18,100,89,676,80,108,87,642,63,668,419,934,108,114,84,171,20,62,76,157,34,24,29,64,27,85,97,124,17,18,20,24,8,10,17,198,16,32,32,77,13,62,79,689,161,73,110,67,19,71,87,87,40,21,24,76,31,126,167,892,58,115,101,78,16,88,80,1040,63,159,138,465,92,447,430,751,706,114,754,172,170,109,1020,87,79,18,86,127,136,174,881,155,89,38,73,28,13,35,87,105,68,29,91,103,77,147,450,127,77,13,100,28,44,30,137,22,27,13,38,16,42,36,179,124,71,26,82,25,34,32,156,98,73,22,179,99,107,123,722,791,771,101,590,69,70,83,432,101,101,25,91,86,92,150,474,183,82,33,60,17,17,42,89,137,65,31,92,72,83,140,387,1784,1461,154,675,81,57,154,467,125,119,25,131,110,157,513,1254,1543,584,172,425,69,87,176,446,689,420,157,760,399,374,1077,3411
Datasets/wang/Images/train/class1/131.jpg,13838,1897,1176,749,671,89,1211,938,2679,210,165,79,2373,203,7310,3002,2207,155,236,65,135,18,281,54,1368,50,97,50,2031,52,5140,826,1199,195,142,125,82,14,135,86,138,38,16,7,93,39,259,173,958,56,118,50,73,8,126,41,1034,24,55,40,828,33,1288,290,553,119,93,99,25,6,41,27,58,29,16,17,35,14,63,57,89,15,14,5,5,4,15,11,56,7,17,22,23,11,48,68,1062,199,115,143,20,5,68,68,72,36,10,27,53,45,187,151,970,45,101,52,22,8,60,34,460,21,37,57,253,27,497,240,786,733,75,541,63,57,60,413,131,100,14,62,113,109,181,804,141,52,44,24,20,11,50,27,91,45,10,41,154,73,274,354,98,70,12,63,13,19,9,53,12,15,8,7,10,16,29,87,60,34,14,35,22,16,18,47,30,30,6,48,68,44,108,372,814,1013,70,706,32,41,44,264,111,131,20,96,88,79,139,539,172,52,19,28,13,10,39,51,128,57,17,59,78,54,186,340,3111,2554,161,1004,59,56,133,443,195,181,18,122,158,182,755,1452,2359,613,143,326,48,55,118,215,850,287,74,356,484,228,1583,2164
Datasets/wang/Images/train/class1/123.jpg,7419,3244,663,959,834,150,870,1208,670,293,72,101,934,282,2547,3409,3189,391,263,117,130,21,270,115,1047,138,79,105,1281,99,2725,1245,673,269,91,147,80,14,130,155,88,30,7,12,85,32,232,301,1054,103,133,65,83,16,138,57,748,65,62,69,1035,40,1103,498,803,141,75,96,81,15,71,59,73,23,20,10,52,13,95,68,150,24,16,14,6,3,11,6,84,10,12,5,62,9,58,47,929,273,129,139,63,11,99,105,77,36,12,16,79,35,258,264,1322,81,166,69,54,10,109,54,1020,44,85,65,570,43,769,314,643,989,73,660,86,70,93,785,95,134,8,78,135,145,192,1095,266,126,33,61,15,14,34,46,148,58,16,72,177,74,268,476,86,105,10,57,14,10,19,99,10,21,2,7,11,20,31,140,83,96,14,48,11,8,7,80,56,66,11,144,113,88,133,684,930,1328,73,957,53,52,87,490,157,141,17,100,97,93,216,772,284,91,32,50,10,8,26,37,165,67,19,74,86,56,251,314,2600,2900,204,1213,103,64,241,748,193,304,14,110,222,237,946,2742,3094,1161,291,504,69,60,287,321,1190,458,157,662,803,300,2789,3462
Datasets/wang/Images/train/class1/108.jpg,7661,2376,943,828,850,157,862,937,877,285,148,123,867,271,1997,2350,2434,361,407,165,232,42,399,142,879,143,156,109,1101,146,2962,1089,893,345,156,140,136,40,168,194,137,70,32,40,104,62,200,283,792,147,162,100,132,28,218,130,453,82,96,97,838,83,937,578,872,220,152,134,79,28,66,47,108,45,37,43,60,39,118,107,203,45,41,32,19,10,40,27,110,27,33,34,79,39,145,130,870,350,137,189,79,29,105,118,121,65,30,49,94,61,192,275,1015,134,154,111,59,30,111,120,694,79,115,123,361,113,627,597,885,868,117,527,122,122,85,598,151,133,39,80,151,163,228,774,294,136,51,64,48,28,58,79,148,78,26,76,198,102,390,568,174,157,34,88,36,28,30,114,30,40,13,17,31,53,53,181,150,131,35,68,34,44,53,115,73,76,32,104,151,136,245,677,930,1285,103,985,69,74,92,387,149,166,38,134,100,133,203,643,301,136,50,103,24,40,55,109,155,122,60,116,130,136,367,641,2134,3252,189,1043,120,134,192,649,219,388,63,243,238,386,623,2052,2182,1078,318,579,113,140,283,556,798,579,185,672,662,649,2144,4991
Datasets/wang/Images/train/class1/179.jpg,13100,2396,965,796,852,190,1080,1105,1112,324,174,107,1221,311,4287,3136,2510,456,290,144,154,51,251,133,962,139,141,120,1108,129,3372,1147,829,239,132,120,81,24,116,137,82,40,26,25,81,37,264,321,735,121,111,76,72,22,113,81,683,57,76,57,608,46,869,506,680,128,93,71,64,16,60,49,104,30,38,17,59,27,126,83,185,42,23,23,14,9,17,18,94,27,32,15,30,14,103,108,808,235,131,104,50,25,93,93,83,52,33,51,79,37,223,238,978,114,124,78,44,27,118,83,701,79,100,94,317,54,588,435,843,755,96,509,82,82,81,583,138,121,27,74,133,158,209,868,283,132,38,60,25,26,38,53,117,82,23,68,124,92,244,422,154,99,25,62,32,22,26,84,21,17,9,23,31,26,70,182,115,85,29,44,32,18,27,92,74,53,19,114,85,64,128,556,793,773,86,520,54,49,82,278,128,134,27,64,86,97,179,544,288,120,59,61,23,30,44,64,137,76,48,68,95,70,265,417,2410,2055,187,670,106,88,205,518,201,226,52,150,176,254,924,2097,2333,1005,295,472,98,109,268,483,786,408,174,556,500,407,2258,4076
Datasets/wang/Images/train/class1/119.jpg,16682,1773,1639,850,1150,193,1513,898,1216,267,237,112,1144,235,4439,2100,1750,432,269,143,176,64,206,109,796,148,124,113,833,103,1528,1018,836,233,143,148,133,43,114,149,111,54,31,19,103,43,157,211,685,111,141,92,119,24,167,99,578,81,86,106,631,72,765,516,1104,205,132,120,140,25,81,70,117,49,52,31,82,24,119,106,200,50,40,35,30,13,29,23,120,31,31,32,60,26,102,112,837,230,148,184,74,28,98,108,108,48,24,49,80,60,176,219,775,128,171,105,74,32,110,95,542,102,120,98,387,104,599,459,871,749,98,627,148,105,84,560,139,158,31,114,148,192,150,835,216,142,61,84,47,25,48,83,170,92,28,113,152,98,208,509,178,136,35,106,36,37,30,104,29,22,13,30,32,36,53,199,120,104,33,103,25,34,47,125,87,87,33,174,120,115,212,800,860,844,103,609,107,77,113,404,159,166,22,106,102,109,176,558,213,124,52,85,36,15,56,90,181,111,44,107,112,95,222,501,1631,1226,158,825,104,101,172,610,159,226,58,187,137,200,491,1551,1238,820,197,612,93,122,226,530,834,572,190,882,561,514,1474,4564
Datasets/wang/Images/train/class1/125.jpg,15678,2535,1233,827,670,96,1209,1141,1613,234,122,102,1324,271,5301,3637,2531,312,253,87,98,23,252,102,1103,117,113,62,1191,97,3445,1082,750,224,103,100,59,17,98,118,72,23,17,14,75,25,250,258,849,96,91,54,62,9,125,46,651,34,60,45,658,54,995,385,556,103,74,72,29,4,29,35,71,18,20,16,48,12,101,76,121,16,14,8,5,1,14,8,90,13,14,14,38,10,77,59,800,246,98,107,42,16,79,87,65,31,13,18,67,27,214,258,997,81,116,59,29,11,71,40,857,37,65,64,285,45,575,309,718,644,69,402,68,64,59,538,93,92,10,40,120,105,242,925,189,69,35,41,12,6,34,34,95,50,13,47,103,56,238,410,108,77,22,35,13,16,14,53,15,14,6,9,11,11,31,108,94,70,22,34,20,6,17,59,52,51,12,69,74,41,115,403,737,762,67,472,31,35,47,223,104,108,10,80,72,73,200,488,253,79,24,40,20,13,25,40,119,53,11,52,80,56,235,282,2955,2316,160,765,74,76,168,473,213,213,35,110,188,225,1107,2126,2888,929,230,355,77,66,214,249,893,367,127,424,553,315,2263,2827
Datasets/wang/Images/train/class1/105.jpg,6011,1016,823,1019,993,140,915,1683,787,109,87,72,919,145,1489,1811,1025,89,135,58,120,7,164,68,1062,55,86,44,1685,58,1877,547,910,154,124,132,115,16,125,132,110,25,21,19,98,11,104,130,1193,55,123,88,154,7,134,69,4521,67,115,92,5082,58,1151,439,1037,142,129,162,91,18,43,56,155,14,20,23,52,14,44,48,123,9,27,10,12,1,12,9,168,14,24,21,68,7,60,52,1082,165,109,164,58,6,54,73,77,28,17,31,68,31,82,111,2036,61,132,87,66,9,79,66,3952,52,160,129,992,57,478,312,805,976,106,2567,157,177,91,3338,108,112,12,101,114,156,93,1199,141,55,36,43,22,15,28,68,101,66,15,69,154,81,127,395,112,89,15,108,20,25,15,164,16,11,4,18,13,13,12,115,92,62,23,74,17,24,20,145,134,94,20,199,173,137,142,797,1071,1733,73,3342,56,64,67,874,133,126,18,148,65,80,62,453,127,54,24,64,23,11,29,64,152,89,26,118,85,65,114,372,1779,2227,116,1210,54,52,88,516,100,172,14,120,81,125,167,729,2403,597,144,490,60,59,124,305,1260,491,135,851,475,366,726,2617
Datasets/wang/Images/train/class1/166.jpg,17226,1831,1044,842,888,149,1004,980,1620,197,153,115,1228,214,2471,1611,2120,347,235,113,166,48,240,95,1148,111,130,91,1349,99,2474,897,916,212,124,133,110,33,130,136,103,37,22,19,99,34,191,222,865,109,115,74,124,23,168,81,1060,62,75,61,1042,42,1063,519,818,173,97,116,90,19,69,49,106,21,28,25,61,12,77,81,131,47,32,14,20,11,20,12,85,11,26,18,56,13,103,97,914,201,128,145,83,13,86,99,83,40,22,19,75,43,186,185,1036,115,129,96,56,14,86,74,827,79,103,82,437,66,638,464,717,722,86,628,127,104,84,733,129,107,18,89,138,141,179,797,205,104,34,72,21,27,45,62,105,71,24,78,176,63,230,483,111,129,23,83,28,28,27,107,21,22,4,17,24,33,54,161,98,88,19,91,27,16,26,75,59,66,22,109,101,97,176,604,884,980,67,829,69,72,80,429,129,145,26,121,85,108,156,565,217,87,35,70,14,18,33,60,153,80,27,94,116,98,231,412,2153,1874,183,953,109,97,132,532,195,241,42,170,157,213,743,1642,2089,984,221,541,85,104,193,443,995,567,159,706,603,457,1762,3646
Datasets/wang/Images/train/class1/135.jpg,19423,1499,2922,1694,916,109,1770,1925,1255,129,171,88,1185,159,4195,2913,1105,182,130,45,119,22,150,66,787,69,107,87,1288,75,2354,822,669,121,113,79,137,15,82,89,86,26,11,12,81,26,125,134,640,48,87,33,151,14,120,61,765,36,75,53,1262,50,859,381,731,106,144,140,67,10,46,62,111,21,25,37,37,12,56,66,95,16,30,8,13,4,15,13,115,14,23,41,55,15,63,72,622,122,75,94,36,7,46,64,50,15,16,21,38,23,90,120,765,58,68,54,43,13,60,66,841,44,98,94,383,60,378,354,968,909,130,2341,111,90,81,1570,82,90,20,92,103,91,138,1131,142,65,31,44,26,14,35,44,83,35,18,63,107,61,115,418,93,56,18,66,23,26,17,96,14,16,2,12,13,15,26,100,77,57,10,47,36,32,25,109,62,41,16,147,165,136,102,706,779,1181,90,1168,43,48,55,397,89,91,19,175,50,72,98,404,140,54,17,49,13,16,17,57,67,60,22,136,58,70,103,351,2408,2794,136,760,54,66,110,373,101,116,18,102,89,110,513,1052,2127,687,134,279,70,57,122,305,560,288,104,516,319,338,941,2498
Datasets/wang/Images/train/class1/176.jpg,10240,2645,1201,1033,998,172,1307,1107,951,300,197,127,1075,309,2926,2286,2460,479,367,169,211,38,403,156,832,155,142,109,1056,135,2519,1168,888,307,160,160,116,38,160,138,104,54,21,33,74,45,218,259,746,134,138,75,136,23,191,80,509,73,80,95,638,83,979,541,830,217,120,120,84,15,81,73,110,46,34,45,76,33,130,110,133,42,34,18,18,7,23,17,86,31,21,20,65,22,119,110,852,312,146,195,65,27,108,110,98,56,18,51,97,50,219,261,659,135,140,82,60,17,103,68,515,77,98,95,346,78,632,394,811,815,115,608,96,92,103,575,128,132,30,86,152,167,253,1018,238,128,44,75,45,19,70,79,126,73,27,65,175,104,332,651,138,125,25,87,28,24,29,91,27,26,8,30,27,18,60,178,120,90,23,74,18,31,36,94,70,58,19,143,106,86,216,704,857,891,106,625,67,73,94,344,143,164,23,131,120,120,247,771,237,127,47,73,30,19,52,81,131,108,34,111,142,105,317,603,2803,2277,228,882,97,108,194,602,254,299,49,226,210,275,972,2221,1695,973,239,498,84,114,244,439,769,535,159,666,581,558,2258,4662
Datasets/wang/Images/train/class1/163.jpg,8199,3175,810,870,521,127,977,1154,779,244,132,133,981,280,6079,4624,3063,389,257,108,115,23,271,109,904,107,119,87,1022,73,4311,1250,818,229,86,94,51,26,124,98,79,28,15,17,78,30,312,249,864,97,90,54,40,8,110,54,357,42,46,32,409,35,791,383,482,103,45,43,38,10,53,24,62,17,12,14,58,11,111,95,107,21,18,11,7,4,9,11,50,10,10,12,31,6,79,86,1122,298,93,93,39,15,79,69,58,27,15,14,76,38,299,265,1075,89,97,48,25,5,63,42,414,31,53,39,218,38,549,309,752,813,74,355,51,47,57,421,82,90,14,39,127,111,293,908,246,102,40,37,16,3,34,42,94,54,10,34,90,53,304,361,125,108,16,46,13,22,12,44,11,25,8,12,17,23,50,116,93,79,20,40,20,16,16,40,41,37,14,49,40,52,112,360,1042,1033,67,321,31,29,60,200,131,106,18,45,76,88,285,565,258,100,28,25,10,10,28,21,118,42,19,35,77,26,259,277,5031,3420,256,833,96,74,219,461,273,231,32,101,210,243,1503,2456,3711,1125,249,381,98,79,259,301,902,358,132,380,544,301,2425,3099
Datasets/wang/Images/train/class1/143.jpg,12903,1551,981,699,469,59,1050,867,1610,159,94,70,1668,133,5866,2544,1719,136,129,47,69,9,149,37,1069,47,58,36,1302,36,3300,511,1680,160,83,77,38,12,101,67,90,10,12,12,51,10,190,110,1165,38,87,35,49,10,82,29,1204,30,47,32,628,21,780,194,512,67,28,32,28,0,20,18,42,5,8,3,21,7,46,36,66,7,11,5,5,2,9,7,38,5,7,5,11,5,37,26,1962,166,94,92,32,9,55,58,59,16,10,5,58,21,136,99,1813,58,72,38,19,3,60,18,732,16,38,24,236,17,354,121,1088,723,65,496,45,35,44,304,99,77,6,33,98,90,146,632,145,60,8,20,7,3,17,17,68,37,6,23,80,31,128,212,136,57,11,37,10,4,11,35,6,8,6,11,15,16,26,59,77,34,4,33,14,9,10,32,50,41,10,52,33,21,70,229,1309,983,56,332,24,21,41,165,118,78,7,38,56,45,119,330,151,50,20,16,4,3,23,20,87,28,12,43,46,22,101,152,11681,3557,191,728,48,33,166,352,234,150,16,72,173,126,884,1127,6164,797,145,278,41,38,122,178,1137,273,70,284,436,203,1174,1519
Datasets/wang/Images/train/class1/124.jpg,13381,2218,1000,854,742,126,1099,985,1153,236,142,80,1012,242,4679,3408,2173,332,245,95,123,33,270,78,747,91,93,82,1124,76,3995,1179,1145,251,93,105,80,21,95,87,83,33,8,17,62,22,195,213,786,108,120,60,77,14,135,54,692,50,62,43,849,55,931,425,679,148,79,94,72,7,38,50,72,22,13,15,41,17,80,71,121,28,16,9,14,7,15,9,68,13,18,13,41,10,84,61,1080,269,103,123,47,15,57,88,66,35,13,12,82,28,185,206,979,98,107,55,47,17,54,33,579,37,60,41,374,36,489,255,730,745,92,626,66,77,66,607,90,99,12,67,86,102,163,888,230,94,26,47,19,20,38,41,104,64,18,65,101,56,244,455,112,99,11,49,18,13,16,73,14,14,8,12,14,11,33,109,101,92,13,39,25,9,25,68,55,53,11,82,80,63,122,445,836,1057,62,871,58,43,79,380,91,114,14,104,67,74,168,605,284,89,31,58,20,12,22,56,117,53,16,66,71,58,213,333,3143,3625,150,1006,86,94,163,499,185,267,38,133,175,215,761,1931,3316,1109,238,461,87,77,217,339,819,469,108,512,611,366,1876,3044
Datasets/wang/Images/train/class1/100.jpg,8518,1580,893,727,1583,183,795,934,1036,208,180,118,979,201,1897,1628,1680,400,202,97,180,35,226,85,813,113,114,117,1075,92,1853,857,774,194,118,103,221,30,116,110,148,44,31,31,116,41,169,191,808,111,102,71,203,21,128,81,1431,121,125,145,2337,112,821,553,1566,182,199,210,429,42,120,100,180,32,50,42,99,23,108,74,190,29,31,21,38,6,27,26,178,18,46,34,102,30,113,116,773,213,74,118,116,16,68,97,94,43,25,40,120,38,133,202,871,96,109,88,106,37,76,86,1407,88,169,184,965,113,570,557,875,780,155,1531,198,162,98,1687,120,102,31,169,87,115,150,782,207,101,44,106,29,16,36,98,102,68,27,162,122,103,178,546,151,110,27,139,33,43,30,168,29,33,14,33,31,33,49,195,123,101,26,138,38,34,37,166,149,127,47,593,202,195,188,1328,823,955,109,2318,108,107,104,1098,85,126,35,202,68,88,154,523,209,111,43,116,33,31,42,153,122,78,40,218,86,83,184,583,1603,1853,167,898,105,88,130,589,156,192,48,202,154,186,684,1408,1868,942,197,568,89,110,218,546,741,586,173,1322,510,578,1436,4890
Datasets/wang/Images/train/class1/118.jpg,7449,2938,668,822,735,150,747,954,680,303,106,96,769,302,2100,2590,2776,621,297,142,147,54,294,108,720,126,130,89,1104,136,2931,1019,780,386,139,118,66,33,111,128,104,61,20,24,82,48,166,267,944,147,118,75,76,11,138,65,685,105,84,69,666,63,866,454,837,151,86,77,178,24,59,60,92,27,15,14,67,29,106,100,177,45,23,22,19,12,17,14,79,11,19,20,43,19,83,74,937,331,115,135,73,23,92,95,80,63,19,24,127,54,183,289,1105,127,124,66,77,17,102,69,659,82,82,101,499,85,591,370,784,917,93,758,80,82,71,632,112,127,26,82,120,122,191,879,320,139,56,78,28,14,63,56,138,70,17,69,131,71,267,442,150,97,22,62,22,19,25,85,22,22,10,26,15,37,54,145,105,112,23,72,18,28,30,69,77,64,22,212,66,81,162,624,903,1387,86,774,70,72,109,490,112,134,30,81,80,113,203,641,352,138,51,65,27,22,59,81,133,63,24,73,101,66,266,391,3085,4301,232,1102,121,96,224,649,255,342,62,159,239,298,1000,2604,3239,1284,329,528,107,118,321,477,965,564,152,659,691,450,2301,4667
Datasets/wang/Images/train/class1/133.jpg,10873,1677,1013,820,1076,154,911,803,1321,213,185,129,1220,217,3179,1697,2114,226,187,86,204,32,211,93,1116,95,130,74,1296,88,2488,656,1281,268,179,139,175,42,169,120,168,43,37,32,125,44,192,174,1181,105,162,81,155,25,173,97,1027,63,108,83,1074,70,1045,441,1066,203,160,132,118,38,59,60,151,40,37,34,87,22,99,84,176,32,53,42,26,12,20,24,133,28,31,35,87,23,84,111,1281,246,168,191,63,24,67,110,135,55,38,53,100,47,176,165,1338,107,167,107,76,27,114,116,819,73,116,142,495,96,588,501,940,839,110,575,148,125,89,522,186,123,27,93,129,153,161,731,195,102,43,61,40,32,41,78,138,87,33,67,166,104,195,458,185,130,44,114,33,39,30,123,37,32,13,32,42,46,59,168,134,97,34,99,31,58,35,135,106,96,42,142,157,118,171,720,949,899,107,581,80,83,88,369,172,144,30,144,96,130,149,529,214,106,47,77,25,26,49,109,162,130,44,131,109,118,185,517,3455,1988,184,820,103,121,163,545,259,226,53,224,213,223,701,1427,2876,781,208,528,111,142,207,563,1091,525,197,828,656,613,1579,3956
Datasets/wang/Images/train/class1/136.jpg,10982,1959,1509,1001,906,157,1798,1718,1502,239,220,109,1678,295,8423,4106,1652,290,274,96,125,29,258,120,878,90,125,109,1168,78,3220,962,697,175,106,94,106,24,118,129,99,31,28,22,81,37,169,244,686,76,112,61,79,21,134,92,649,49,107,66,677,59,885,480,650,99,97,70,79,15,55,39,91,35,28,22,57,15,95,78,143,31,39,17,15,7,18,28,94,16,37,22,51,14,95,66,755,199,89,116,42,11,75,81,69,33,17,33,65,26,186,221,938,96,116,84,38,13,89,61,629,51,95,95,280,54,486,368,886,773,93,729,88,91,75,876,130,105,19,72,132,144,210,1219,221,94,40,61,29,20,40,52,109,56,30,60,100,74,231,457,109,94,20,55,19,17,14,85,20,24,9,14,25,41,50,176,91,65,23,49,20,21,17,73,65,47,24,72,51,66,138,525,869,973,74,642,53,41,69,321,114,105,19,72,89,75,156,507,202,93,28,58,31,17,49,66,128,66,34,68,85,65,196,338,2615,2585,184,812,75,68,143,499,164,191,34,122,142,196,556,1640,2413,810,179,380,76,66,184,401,760,321,156,467,415,324,1498,3216
Datasets/wang/Images/train/class1/102.jpg,15471,1717,1735,1091,757,134,1397,1488,2197,199,168,110,1827,208,4678,3237,1569,279,166,110,135,30,171,77,1172,92,94,69,1613,84,2723,949,647,172,80,71,89,20,123,101,84,34,17,20,81,34,134,184,767,92,94,74,73,16,106,71,925,52,74,62,936,57,1024,424,639,119,63,82,91,8,41,52,74,11,10,17,52,13,63,64,140,20,13,12,15,6,21,13,77,14,27,10,45,8,70,78,767,166,94,111,53,17,67,78,65,24,24,28,75,28,134,171,1285,106,110,74,57,13,84,49,1005,51,77,70,418,64,549,290,742,780,94,787,64,82,75,823,80,90,7,72,104,131,153,977,207,109,25,57,30,17,23,49,100,60,11,50,108,68,147,429,110,88,14,71,23,13,16,88,15,16,2,14,14,23,27,128,83,71,20,51,21,19,28,49,78,74,17,104,73,69,100,484,872,1103,73,773,63,40,91,377,89,111,17,80,57,70,123,524,223,97,38,40,13,10,36,41,123,56,19,66,79,48,126,291,2778,2371,157,861,97,67,153,534,150,168,31,133,135,160,501,1386,2724,1000,198,490,76,67,188,350,979,444,138,510,535,307,1360,3000
Datasets/wang/Images/train/class1/174.jpg,9078,2046,1028,822,1048,232,907,891,928,290,213,157,843,251,1949,1902,2037,423,344,164,234,53,316,124,870,131,166,122,951,138,2207,1067,1014,298,182,136,165,40,145,151,138,62,41,42,126,54,209,265,911,187,132,95,200,30,194,100,657,97,118,82,816,99,894,593,1135,238,172,160,170,26,91,77,158,55,33,44,95,29,127,158,183,40,47,32,27,12,33,29,142,37,41,44,69,33,133,148,1063,322,153,199,110,33,101,120,124,47,49,35,110,60,183,256,953,146,159,124,74,36,116,115,814,98,130,150,483,97,671,583,990,852,145,661,161,148,105,705,151,142,39,95,141,160,208,842,295,135,62,84,47,36,66,82,141,92,32,86,171,125,327,648,181,120,40,104,43,33,30,150,26,37,16,30,30,47,85,183,155,105,28,96,44,34,52,125,97,108,31,165,163,127,201,858,936,1095,118,934,79,84,90,449,151,174,38,146,100,135,188,670,271,142,61,103,27,25,54,113,161,146,40,125,118,132,283,646,1912,2112,201,1016,129,148,158,621,232,319,70,274,186,311,610,1729,1758,1054,250,659,118,146,265,577,942,713,201,906,655,701,1866,5100
Datasets/wang/Images/train/class1/161.jpg,29936,1453,1323,1044,532,67,861,820,1257,87,88,46,949,91,4641,1815,1397,110,106,37,58,9,95,40,910,36,65,44,919,36,3195,570,1183,92,73,70,62,8,63,44,90,11,11,9,71,20,141,75,827,46,49,27,59,9,68,31,1384,32,51,41,827,33,724,223,594,55,61,59,63,11,23,30,48,13,8,15,40,7,29,31,49,6,7,6,8,5,9,8,46,4,6,11,25,7,24,35,1045,100,64,71,33,8,48,37,48,7,7,9,64,10,127,69,878,41,46,31,23,7,45,26,859,27,57,38,315,31,366,163,1391,848,89,1444,62,59,66,1123,71,41,14,41,79,87,146,646,95,38,12,34,5,7,14,36,50,20,11,36,60,29,102,204,102,56,8,47,13,12,6,77,11,9,5,7,11,12,28,68,46,49,10,37,15,11,11,50,45,38,11,114,64,49,68,337,1027,982,52,775,35,33,52,408,83,64,10,56,35,39,117,308,115,37,14,31,6,6,13,42,84,36,10,55,44,24,102,195,4327,2915,139,668,33,51,110,369,145,108,16,65,144,101,980,1120,1744,521,85,242,29,35,84,200,658,253,67,362,336,180,1041,1489
Datasets/wang/Images/train/class1/170.jpg,8714,2077,1012,806,937,202,950,902,1171,288,171,149,1166,263,2793,1836,2100,409,307,155,218,55,322,158,953,129,179,117,1430,148,2914,1017,956,280,178,167,179,38,155,172,121,59,37,28,99,50,185,247,847,167,159,90,136,30,194,107,601,87,102,85,832,86,1000,599,1016,260,149,151,112,28,100,75,137,50,42,52,74,31,110,125,190,50,42,29,40,6,29,24,124,28,47,28,83,39,135,160,906,321,152,229,106,30,116,137,129,64,30,39,87,51,190,267,879,182,166,128,90,42,126,116,589,117,125,133,350,109,622,598,898,828,132,605,142,142,116,622,149,146,40,78,132,175,183,861,262,150,57,66,64,31,45,112,131,105,25,79,181,113,294,577,211,171,36,91,40,43,23,128,48,47,6,37,45,55,48,216,138,113,38,71,44,45,52,146,98,84,34,129,138,139,232,738,965,1114,112,718,84,87,95,426,160,177,36,133,125,149,191,645,283,153,46,122,40,34,57,125,204,135,58,156,125,126,287,652,1699,2033,184,925,139,127,165,628,190,295,66,279,191,277,513,1845,1593,982,249,687,105,143,271,689,741,680,209,828,665,660,1896,5316
Datasets/wang/Images/train/class1/165.jpg,17449,2281,799,753,693,155,973,906,982,300,158,110,1024,255,3894,2411,2462,444,258,111,147,32,244,90,862,122,98,85,890,101,2675,989,1008,201,122,124,94,31,112,149,103,40,27,17,62,36,250,244,890,112,115,68,79,24,140,68,533,58,68,62,452,52,789,424,675,122,89,62,62,22,56,44,74,28,28,26,52,24,79,77,155,30,28,11,12,9,14,18,59,11,22,18,42,15,93,97,970,247,123,150,60,20,76,108,75,43,19,19,78,48,214,260,918,99,115,82,61,14,100,70,468,56,60,68,272,57,565,331,875,742,78,452,70,64,78,479,103,138,17,51,136,143,199,778,259,102,45,50,27,23,42,48,118,58,16,45,135,61,243,426,129,93,17,51,31,14,21,72,13,15,12,17,20,23,63,126,115,72,21,51,12,21,19,80,42,52,14,108,84,64,138,481,836,809,63,564,45,44,58,305,116,121,15,77,92,105,182,519,287,90,34,43,16,21,36,55,158,72,27,67,91,53,234,335,4222,2147,178,734,88,79,201,519,242,203,37,131,223,224,1366,2132,2377,876,271,420,84,72,274,334,881,422,132,480,507,385,2242,3476
Datasets/wang/Images/train/class1/141.jpg,14869,1424,1805,722,692,136,1907,865,1945,159,223,104,2006,187,14827,3016,1614,234,176,83,167,31,212,91,760,79,120,73,1001,96,3641,896,649,163,93,91,75,31,100,83,90,37,22,31,72,23,205,154,617,80,79,70,66,21,106,82,376,47,65,47,442,53,789,371,593,119,74,60,51,10,51,43,81,22,26,19,44,20,87,75,132,26,23,7,11,7,15,15,83,17,18,21,46,15,81,101,645,163,101,99,52,23,64,82,81,32,19,30,60,23,186,159,700,68,103,72,38,16,78,80,378,55,70,89,250,62,441,356,612,557,92,357,77,84,66,402,99,103,35,61,109,108,202,646,164,92,27,41,19,16,25,46,84,59,17,53,100,76,176,410,119,81,15,74,19,29,24,80,23,21,8,8,19,26,57,109,101,69,14,49,23,22,27,74,58,50,15,63,83,76,125,418,596,709,72,431,55,68,64,231,109,114,29,93,58,60,140,390,160,89,38,70,23,22,30,60,106,67,24,90,81,76,192,413,2160,1935,172,605,80,93,147,426,172,182,39,157,172,173,684,1148,2067,776,177,410,93,97,177,400,620,393,150,443,415,415,1308,2929
Datasets/wang/Images/train/class1/109.jpg,10114,1881,1167,851,987,211,926,795,1012,292,193,161,865,233,1970,1661,1993,377,246,140,273,51,287,127,817,150,127,93,941,146,2003,1003,1257,251,201,173,168,62,167,135,199,59,45,30,148,65,219,228,860,128,148,105,183,41,184,109,637,96,92,87,894,112,832,540,1011,282,180,200,132,30,107,126,145,68,38,43,100,32,104,136,182,56,43,34,40,17,42,36,124,30,36,41,100,49,112,175,981,296,158,204,98,44,110,132,123,47,39,66,133,68,183,283,870,142,160,115,106,50,117,125,680,111,126,154,449,159,606,629,1000,866,175,640,177,130,138,604,157,144,33,125,146,149,205,742,267,148,76,96,74,34,64,111,157,103,33,104,187,128,268,597,217,169,38,114,40,35,44,134,49,37,22,44,41,49,67,212,128,127,42,85,52,34,62,172,135,98,42,178,188,171,277,841,949,1063,147,884,99,98,108,512,142,186,49,213,106,146,161,693,248,168,54,108,40,38,78,165,161,130,55,188,132,172,250,771,1958,1821,215,896,153,154,199,628,219,298,68,259,168,269,576,1518,1734,911,234,607,135,156,280,721,849,658,237,909,686,822,1640,4951
Datasets/wang/Images/train/class1/167.jpg,7631,2315,857,825,1065,195,858,845,817,336,190,137,924,332,1947,1731,2457,369,326,158,253,55,370,174,864,152,134,113,1022,165,2234,1160,910,356,164,147,160,40,146,183,142,54,31,34,133,57,239,270,980,168,171,114,176,31,203,110,606,93,102,95,709,103,945,648,1227,240,158,150,117,32,83,76,151,43,37,42,96,21,114,135,215,60,37,27,31,15,28,31,165,32,34,26,84,26,125,146,937,345,159,213,104,30,121,140,117,53,39,54,111,60,222,311,967,174,192,123,92,40,121,108,629,87,161,163,463,106,703,685,889,899,125,607,148,162,104,596,117,181,28,92,146,170,193,775,349,156,57,93,43,33,58,95,144,109,37,101,198,150,347,668,183,165,34,96,44,41,38,139,39,37,6,36,31,45,66,228,183,139,39,111,51,28,46,139,112,102,36,159,177,167,249,844,923,1017,139,675,97,82,115,471,150,209,36,194,125,159,210,673,299,152,50,110,39,36,50,110,215,112,38,150,161,146,335,629,1395,1733,209,896,127,125,216,711,235,359,61,203,231,328,571,2074,1776,967,328,708,134,133,333,625,889,721,231,973,746,672,2153,5613
Datasets/wang/Images/train/class1/175.jpg,10119,1496,1636,858,1183,228,1676,1141,1165,197,189,107,1111,245,5294,2544,1507,272,176,117,181,27,213,131,830,111,123,81,902,100,1825,841,715,192,142,120,159,44,127,152,135,38,29,31,88,53,148,213,758,101,128,98,158,21,141,107,769,75,117,104,851,110,748,559,1176,176,155,183,173,22,97,87,190,30,36,39,91,28,81,112,246,22,50,33,27,12,29,26,215,29,44,36,111,29,108,87,746,188,132,143,95,35,75,106,122,36,31,41,88,50,141,211,961,112,161,114,118,33,102,135,1062,111,208,178,573,135,587,668,861,754,152,773,188,217,107,1087,178,126,34,147,128,155,145,860,216,113,49,85,30,29,45,103,136,82,29,92,153,93,194,491,154,145,36,146,33,47,25,228,33,31,6,49,38,47,45,240,114,104,33,114,36,40,46,187,129,116,58,219,154,165,209,897,810,833,113,1060,115,109,84,625,130,146,34,167,70,118,118,575,257,120,41,121,35,45,34,123,149,113,44,174,116,124,169,565,1492,1772,153,768,88,109,142,646,161,226,39,190,151,217,472,1338,1902,976,241,641,121,131,207,729,840,565,223,1019,564,609,1380,4668
Datasets/wang/Images/train/class1/114.jpg,8754,1464,984,823,1267,272,898,945,1385,235,224,139,1133,316,1634,1372,1517,245,250,125,237,57,288,137,974,123,160,130,1184,127,1725,864,1127,246,222,142,218,44,149,193,195,52,46,42,163,92,170,256,865,124,159,103,230,41,189,136,910,94,152,134,1168,151,904,632,1296,238,201,229,170,37,91,106,248,60,56,58,98,38,111,140,259,35,65,32,42,11,32,36,232,32,47,47,121,32,149,164,921,288,139,170,125,25,88,128,156,65,38,53,117,71,161,234,1076,140,151,135,140,43,152,187,1004,149,245,221,651,200,623,897,1043,807,169,753,198,258,134,916,192,177,44,140,166,203,155,768,269,111,47,77,42,44,62,90,147,111,39,122,180,140,244,540,209,159,43,127,43,45,44,216,51,57,19,62,51,66,73,236,164,78,46,116,55,52,56,227,154,138,68,226,225,213,287,1062,858,931,136,1029,110,109,101,585,159,168,54,192,93,142,136,575,258,116,66,135,40,53,64,160,204,136,74,190,119,147,297,800,1436,1604,155,771,87,134,109,619,164,234,62,230,124,238,326,1263,1428,726,248,635,162,151,224,846,842,647,294,1080,618,851,1281,5503
Datasets/wang/Images/train/class1/169.jpg,26128,1161,2037,705,975,193,1405,804,1278,210,182,132,882,194,4890,1750,1064,203,227,90,183,51,202,122,610,96,91,71,532,94,1167,538,924,209,141,123,170,58,123,135,167,70,44,33,117,56,106,150,539,79,137,79,148,38,125,117,654,80,100,97,589,90,492,371,978,175,144,134,147,41,67,84,155,48,46,69,106,48,85,89,191,38,38,30,43,11,31,37,125,33,35,37,95,43,102,138,663,173,116,115,82,43,67,140,96,70,35,55,73,45,104,183,527,79,139,101,75,42,103,135,749,111,158,161,411,111,353,541,1021,591,164,725,169,145,107,749,145,133,34,102,130,135,112,663,204,113,60,78,49,37,50,87,110,79,31,69,119,86,180,387,140,109,50,120,50,37,33,155,42,39,16,41,44,40,53,176,100,81,44,94,47,37,54,168,105,104,29,202,137,149,170,750,740,582,103,694,82,81,72,414,110,126,39,120,71,111,115,416,167,100,63,95,41,46,50,134,137,107,58,168,104,124,182,570,1217,925,127,529,70,94,101,391,111,149,55,198,108,218,314,1006,920,409,180,408,108,139,188,598,512,448,169,852,433,540,974,4308
Datasets/wang/Images/train/class1/147.jpg,9925,1468,1450,665,1133,256,1446,1000,1205,281,243,144,1050,350,8327,3050,1472,245,252,111,178,39,244,150,704,107,119,86,788,128,1652,795,756,220,165,126,196,60,136,181,159,66,39,32,147,67,169,334,650,106,145,82,211,25,157,124,750,72,122,85,910,116,694,547,1030,182,181,210,204,28,74,77,256,41,39,51,94,36,54,106,254,39,43,25,40,10,35,41,289,31,58,38,107,42,111,123,594,266,120,132,86,28,72,98,100,61,29,33,80,51,127,304,866,98,153,115,83,26,133,155,1214,101,218,230,558,140,591,720,854,610,155,575,266,284,114,961,190,137,49,97,145,178,157,788,283,94,55,95,59,30,46,95,136,77,39,94,133,101,230,466,137,124,38,127,35,60,20,262,32,27,10,36,27,46,46,217,127,77,33,83,32,41,53,207,134,110,35,255,200,181,192,973,625,621,116,840,90,92,60,483,142,135,32,163,82,119,139,523,291,114,79,92,30,21,62,110,183,91,43,179,111,121,255,594,1079,1137,150,616,81,101,143,480,123,248,37,157,113,223,546,1414,1531,618,281,503,113,122,290,705,744,484,195,922,517,600,1403,4901
Datasets/wang/Images/train/class1/159.jpg,19694,2000,984,595,741,194,866,703,2090,363,174,133,1729,349,5505,2322,2020,536,293,153,145,63,222,131,686,154,89,95,682,154,2127,927,936,243,103,92,95,36,116,127,96,71,31,39,74,51,181,322,584,127,99,66,67,22,116,83,442,57,48,43,287,56,546,465,665,160,78,62,91,19,54,59,93,34,21,24,62,22,98,128,183,46,45,23,18,13,21,19,71,22,17,21,29,29,83,111,899,203,121,152,64,24,102,126,86,55,21,37,78,56,195,328,730,134,137,91,47,25,105,75,335,71,87,79,189,70,497,437,792,521,94,297,77,77,76,277,110,106,22,50,125,169,175,677,355,174,56,59,33,28,46,60,134,56,23,67,99,79,233,449,166,100,36,42,22,32,28,86,23,34,7,14,20,32,55,163,132,112,25,57,31,10,35,75,48,49,13,92,58,66,141,554,728,465,71,206,63,38,54,188,116,103,19,50,82,96,162,506,307,138,72,59,33,17,64,66,151,78,41,73,94,70,240,402,2723,1410,200,516,106,96,191,464,185,240,65,169,153,238,643,1963,2172,1000,354,489,127,130,346,483,694,488,170,565,490,431,1866,4338
Datasets/wang/Images/train/class1/173.jpg,21005,2679,1035,753,626,97,1083,876,1021,260,130,93,1104,264,4514,3360,2649,416,266,125,104,21,288,112,826,87,101,65,968,77,3540,1234,777,249,80,108,47,15,75,107,69,39,10,18,49,38,224,286,699,91,92,49,43,5,96,46,495,31,41,41,359,35,818,399,563,94,45,43,55,11,34,23,68,13,7,15,35,17,102,77,93,17,11,7,9,4,6,8,51,12,8,11,24,9,93,66,819,220,86,112,35,12,63,66,30,25,14,12,45,34,178,262,749,87,100,38,24,12,64,45,388,31,62,48,183,29,494,298,846,755,67,506,70,62,58,443,79,81,18,51,95,99,232,780,236,79,27,33,12,15,28,33,98,48,11,32,103,54,295,388,84,88,9,58,22,13,16,69,6,15,2,6,16,17,26,99,66,59,8,42,7,8,12,41,47,38,8,71,43,26,101,381,892,773,51,381,37,26,58,201,104,78,19,47,59,62,232,501,222,81,31,33,11,7,34,34,91,48,13,36,60,35,269,285,2979,2711,170,702,66,52,166,415,176,240,28,109,184,249,1140,2318,2343,969,236,317,49,45,235,257,695,310,84,345,391,237,2308,2847
Datasets/wang/Images/train/class1/148.jpg,13294,1969,1200,639,736,151,1231,678,1369,250,200,107,1563,228,10499,2567,2221,339,327,117,190,43,295,110,774,132,137,84,907,109,4305,920,950,268,142,104,100,27,116,105,105,47,22,35,77,24,276,208,606,110,147,77,91,23,119,70,402,52,53,46,483,72,870,427,701,156,90,80,64,32,45,48,91,29,29,21,60,18,100,81,156,39,35,28,11,10,21,23,77,25,24,21,53,20,84,86,782,233,95,155,50,21,75,89,77,39,21,29,61,50,205,225,583,122,109,87,46,33,95,72,383,64,74,72,240,61,561,321,856,609,85,427,113,69,81,403,113,99,27,51,125,108,266,677,226,102,48,49,29,24,40,61,78,50,24,52,106,66,265,495,133,107,29,64,25,23,16,76,21,21,15,12,26,24,30,129,105,87,17,47,27,8,25,69,39,41,22,82,83,84,160,477,797,737,80,457,57,58,67,282,113,119,20,84,79,86,233,571,193,121,44,69,23,18,49,69,138,84,25,65,107,71,250,429,3086,1709,174,776,98,92,163,480,210,246,32,162,208,217,1094,1698,1399,723,204,470,82,87,208,376,628,472,111,487,578,400,1969,3413
Datasets/wang/Images/train/class1/126.jpg,23827,1775,3947,1175,479,72,3266,1488,1069,164,134,67,1079,153,9452,3960,1310,165,123,48,67,22,126,59,487,48,52,20,413,35,1394,449,625,131,92,74,50,14,75,80,43,17,4,7,25,21,104,150,515,59,64,30,46,12,98,43,356,24,28,29,244,15,431,210,448,76,41,48,28,8,26,16,41,15,5,6,20,11,51,47,72,17,14,7,4,2,10,6,28,7,14,9,14,7,24,31,629,146,81,97,23,14,47,46,24,22,9,11,32,10,88,149,450,60,69,46,19,8,50,29,262,26,38,26,150,27,267,149,2127,916,87,867,53,42,53,489,68,68,10,30,69,90,143,929,208,63,23,29,12,10,14,34,67,39,7,27,85,31,93,223,94,61,15,53,6,7,10,35,10,7,0,5,13,18,19,73,66,36,13,31,9,6,16,41,31,31,13,66,38,22,62,248,1858,1006,64,401,41,34,54,167,67,79,12,48,34,51,116,352,169,72,23,27,6,7,25,29,88,52,11,36,55,34,125,177,3957,2657,168,726,53,59,139,391,124,141,28,89,116,138,561,1498,1716,523,199,252,57,43,182,209,540,269,70,274,343,198,1174,1755
Datasets/wang/Images/train/class1/104.jpg,10921,2246,1217,967,1078,270,1006,945,1226,381,217,158,1084,347,1797,1661,2283,419,294,150,237,52,233,138,1006,164,155,115,902,161,1342,796,1119,285,179,138,171,54,182,179,185,76,47,40,149,82,214,320,932,165,167,97,142,25,197,152,891,103,96,87,661,110,823,587,1026,205,152,142,145,37,95,84,199,66,34,50,95,40,125,117,250,56,61,32,30,17,37,38,153,33,44,47,88,39,110,138,872,217,175,178,92,26,129,154,139,56,39,66,119,70,209,348,939,165,177,145,93,52,172,148,786,112,154,162,411,129,645,654,973,781,147,722,167,164,127,619,214,177,39,116,161,206,201,788,356,155,63,92,68,36,61,107,184,119,31,113,178,123,241,580,177,148,36,86,43,41,51,139,45,42,12,40,54,44,85,263,152,111,45,97,34,46,60,141,112,106,50,175,137,149,199,747,831,685,105,577,89,77,128,361,175,159,44,153,117,118,213,617,319,137,77,103,45,39,64,99,207,126,58,151,139,132,297,629,1288,1330,201,695,130,113,223,578,200,238,79,208,214,293,573,1934,1328,791,322,545,135,165,339,710,842,565,271,795,629,625,1976,5605
Datasets/wang/Images/train/class1/106.jpg,11036,2164,1307,683,828,105,1520,729,1365,195,184,81,1728,168,14803,2282,2121,500,215,96,139,32,218,84,649,89,98,91,737,80,3178,903,758,236,89,110,88,16,88,99,79,33,14,17,65,33,197,187,688,106,109,48,68,12,132,41,643,131,51,59,493,40,690,322,832,129,78,64,358,27,51,29,57,26,19,12,39,16,82,64,107,47,25,16,30,9,13,17,63,11,14,21,31,17,71,76,829,231,102,130,45,19,68,66,64,39,16,15,66,34,160,150,701,88,93,47,40,25,72,55,353,41,46,63,406,44,429,265,749,690,77,907,80,55,74,431,122,85,15,63,113,121,185,681,210,114,42,100,24,22,30,36,88,41,19,55,99,51,194,308,138,95,15,60,16,14,19,59,19,18,9,20,17,16,46,114,97,76,18,49,19,17,26,58,61,63,22,321,56,59,117,542,866,872,85,588,49,55,68,495,125,99,15,53,79,105,141,463,213,76,35,48,16,17,36,59,140,60,23,51,75,41,195,291,2412,2178,172,865,69,58,169,447,186,239,45,131,168,204,797,1832,1820,959,167,419,62,90,169,323,713,399,129,564,484,319,1921,3424
Datasets/wang/Images/train/class8/817.jpg,26787,1259,1455,791,885,166,1170,971,1956,209,186,135,1548,224,4098,1679,1232,189,221,90,170,27,203,95,947,95,123,86,1044,101,1899,636,936,193,129,104,106,32,104,127,125,37,41,27,75,40,144,199,724,89,99,67,101,25,150,94,735,59,111,83,626,73,831,432,763,133,102,118,80,17,55,52,123,30,29,24,54,26,68,84,179,41,26,24,27,6,21,31,131,28,26,20,66,21,86,104,786,192,117,153,56,24,80,123,96,52,19,35,77,32,117,166,834,91,119,81,73,29,84,104,607,67,124,129,319,108,491,476,873,662,100,693,89,122,80,565,137,109,32,88,107,143,138,704,174,83,41,55,36,28,38,73,117,57,22,68,123,80,205,445,142,126,35,76,32,23,30,107,46,24,8,29,37,33,44,149,87,75,29,65,28,20,35,117,89,70,20,108,103,108,168,607,753,791,94,511,55,41,72,283,119,119,35,107,82,96,118,447,193,81,39,81,17,22,50,88,137,104,32,101,92,90,218,471,1138,1307,112,668,65,118,109,417,135,181,39,170,115,182,289,906,1251,672,165,401,86,107,180,466,645,424,166,648,436,474,970,3639
Datasets/wang/Images/train/class8/867.jpg,31046,1198,1238,801,901,94,964,708,1311,148,113,69,977,113,2791,977,1161,135,185,48,136,9,164,53,806,57,71,63,991,48,1400,329,1398,166,134,111,110,18,97,97,114,26,22,18,74,38,97,113,870,62,106,53,116,16,141,68,1092,44,80,68,784,42,703,274,960,126,106,105,87,17,46,42,97,33,24,18,64,15,40,48,107,19,22,16,8,4,22,13,101,11,26,19,41,14,68,46,1124,166,96,154,50,14,69,76,77,36,30,23,63,29,71,116,941,58,100,70,41,16,68,57,718,42,96,89,265,48,294,269,1402,903,103,1188,116,109,62,684,117,93,14,66,103,109,94,512,154,63,40,43,30,17,32,37,94,71,15,60,138,80,143,279,142,87,19,75,27,30,19,95,19,18,5,19,19,24,23,110,77,65,12,86,23,24,31,101,69,81,23,173,116,96,132,582,1136,1345,81,1018,51,51,64,294,115,118,15,113,58,73,84,340,151,63,29,59,19,10,23,54,137,78,32,110,81,70,161,281,2819,1853,101,889,55,74,89,384,114,155,29,139,95,147,294,898,1515,555,124,386,52,60,143,316,626,372,98,673,362,330,982,2604
Datasets/wang/Images/train/class8/824.jpg,10552,1612,758,670,1325,188,802,700,2243,253,199,97,2193,265,3960,1586,1701,381,225,121,173,38,193,102,979,135,117,92,1227,95,2533,792,896,222,117,138,182,30,134,152,146,64,23,25,109,34,166,196,880,144,145,116,175,25,140,120,781,107,113,126,714,83,724,488,1506,192,137,122,197,25,88,63,203,32,37,27,108,29,105,83,242,41,38,27,34,8,25,23,214,27,39,34,80,19,89,109,1035,234,141,148,115,37,120,131,119,59,30,41,109,49,153,215,1085,106,176,141,122,26,131,101,976,115,207,207,496,130,525,506,879,737,133,631,198,197,97,688,140,125,33,94,140,150,132,599,239,116,41,84,32,28,28,84,145,111,37,107,120,108,176,432,163,146,40,161,49,51,33,169,40,35,12,30,26,52,44,189,144,124,49,139,59,51,38,173,162,168,54,250,167,143,195,953,975,920,127,737,99,80,91,412,171,118,28,123,104,115,144,421,257,101,62,71,30,36,55,106,185,122,50,143,117,72,163,465,1532,1843,153,836,145,113,156,552,192,221,51,198,165,199,448,1384,1716,919,245,656,143,168,225,614,952,763,225,1312,595,686,1461,4879
Datasets/wang/Images/train/class8/841.jpg,14692,1292,1903,910,1038,195,1226,1070,1647,262,281,141,1091,195,2636,1468,1341,231,343,96,260,64,337,121,862,107,141,80,975,102,1765,615,1404,301,292,183,197,63,173,159,227,79,70,43,105,45,168,196,762,96,171,91,182,52,226,113,912,65,106,66,749,97,869,444,938,264,208,194,128,40,91,82,187,80,51,67,71,56,71,113,203,56,68,39,51,39,43,62,134,40,55,57,71,65,108,160,807,335,195,227,78,48,80,125,121,81,56,93,90,80,112,238,766,137,171,129,75,57,128,174,775,98,130,160,335,162,463,657,1265,776,210,995,184,171,121,801,216,154,64,98,157,169,156,854,295,102,88,73,77,36,77,114,142,91,43,82,222,147,324,563,245,117,66,117,53,65,62,144,63,38,31,41,50,64,48,170,125,66,52,84,70,59,81,186,81,68,48,129,202,166,224,700,767,932,112,880,92,78,57,408,145,219,48,161,105,148,114,535,203,131,65,94,45,65,80,155,182,151,68,174,171,260,261,836,961,1203,152,867,65,126,118,480,146,321,53,242,101,272,254,1086,1048,561,185,451,101,188,239,700,671,528,186,725,529,853,1081,4943
Datasets/wang/Images/train/class8/856.jpg,21301,1035,2458,691,873,146,2693,807,1043,131,185,81,966,152,9300,3047,996,136,141,74,132,22,148,91,574,90,84,58,613,64,999,432,847,125,101,87,105,42,86,92,118,45,24,15,84,48,122,118,657,75,107,50,119,15,96,73,717,65,72,67,619,60,473,297,994,145,106,97,166,21,70,44,109,33,19,36,50,27,55,59,130,22,38,35,28,11,23,19,100,14,31,32,57,12,63,84,907,158,100,111,55,17,70,74,85,38,17,38,83,44,91,151,703,85,101,76,68,24,77,87,642,78,113,111,430,76,386,438,1059,721,129,750,121,112,83,609,120,87,33,79,83,105,104,530,160,64,46,58,27,17,52,60,90,59,17,81,109,65,115,313,141,107,25,99,28,30,35,128,33,27,11,30,33,37,38,143,93,72,31,63,22,34,42,108,99,77,31,210,132,115,121,680,1132,872,93,664,78,56,79,426,82,106,16,90,79,74,77,337,179,65,30,62,16,28,49,89,112,76,30,108,79,99,124,401,3942,1946,136,636,79,71,95,356,110,124,36,137,80,144,232,757,1365,591,145,411,78,94,123,394,631,379,176,673,424,401,847,3226
Datasets/wang/Images/train/class8/814.jpg,9340,1726,983,882,1072,207,1004,1199,1063,259,157,107,955,285,1906,2590,1641,201,246,94,208,35,260,93,931,102,125,75,1269,96,2747,929,1104,268,180,154,168,40,163,176,122,69,28,27,104,58,132,257,1040,113,153,92,146,33,199,112,831,68,105,98,996,85,1185,586,1239,197,143,136,100,28,83,64,156,38,36,30,82,29,81,114,216,25,41,22,18,10,21,18,151,22,37,31,68,23,100,107,1139,275,177,195,105,38,111,115,141,53,29,40,78,52,152,244,1445,118,219,126,93,35,131,137,1150,91,186,143,556,97,647,547,1098,946,141,777,167,181,117,909,177,169,37,76,149,217,167,1123,284,97,55,73,48,23,60,77,184,107,34,77,178,114,235,627,169,148,47,110,41,33,31,197,24,36,15,33,35,53,45,168,134,78,36,107,39,46,35,170,127,111,36,157,144,146,178,847,1044,1135,122,801,95,76,76,464,164,201,30,136,106,108,152,567,280,98,59,85,26,25,54,82,234,121,38,129,143,109,210,544,1786,1919,161,994,108,117,137,614,181,218,35,193,141,202,308,1306,2373,782,287,617,103,107,226,627,1270,621,217,910,651,589,1289,4315
Datasets/wang/Images/train/class8/835.jpg,10085,1809,1290,758,926,125,1471,1086,1289,230,180,115,1534,213,12092,3991,1631,174,199,64,116,17,230,63,779,77,100,60,1219,60,4348,856,827,190,130,109,115,32,110,132,126,35,17,17,53,33,197,189,674,62,92,44,116,14,151,57,838,35,65,62,801,47,934,384,735,126,111,140,68,22,53,56,132,27,29,19,41,13,62,49,120,19,26,14,8,7,14,14,126,13,28,34,45,25,64,63,783,206,98,140,51,18,66,74,65,38,26,35,66,38,171,182,838,58,141,61,49,12,85,78,829,49,92,118,297,62,479,330,906,709,108,759,126,144,63,993,134,104,25,81,131,135,220,893,196,59,36,50,30,22,36,45,104,49,12,60,106,76,163,412,122,58,23,66,41,30,18,114,24,12,3,20,20,24,32,136,86,47,19,57,24,24,29,90,67,55,20,101,110,89,110,579,804,961,73,1028,51,53,59,387,118,109,23,105,53,79,171,483,211,67,36,45,15,20,34,59,117,74,18,88,83,65,172,329,2869,2329,162,882,59,66,124,454,173,152,37,122,124,144,748,1381,1771,599,183,358,63,71,147,354,747,360,111,555,439,344,1345,2715
Datasets/wang/Images/train/class8/804.jpg,18426,1311,3277,1563,1379,169,2412,1736,1368,192,237,129,1279,177,3728,2433,1113,147,177,70,201,24,228,70,896,73,116,95,1099,89,1523,533,895,151,202,123,188,34,139,145,118,27,26,28,129,28,147,154,665,80,145,69,262,21,173,78,843,56,127,84,1053,85,918,503,1016,220,190,223,142,22,97,93,153,38,28,51,72,13,71,78,144,31,30,33,27,11,17,28,128,27,28,37,73,28,76,102,666,213,127,194,79,30,76,115,100,40,36,49,67,19,102,146,542,71,128,77,70,21,96,94,619,79,149,129,455,82,439,407,865,812,155,1243,143,160,120,1216,145,125,48,192,138,179,146,1270,138,71,32,74,42,26,43,88,105,100,28,111,163,122,179,565,98,89,31,104,32,25,31,156,25,14,10,43,18,32,34,153,97,66,21,104,38,26,49,155,114,87,35,210,192,169,184,886,654,854,116,939,79,105,80,543,113,177,28,220,72,106,124,533,151,83,39,71,20,29,45,100,139,112,37,177,100,126,144,602,776,839,138,845,67,102,107,496,109,155,27,209,92,144,234,942,637,463,156,414,92,106,141,477,610,450,137,820,471,572,817,3683
Datasets/wang/Images/train/class8/868.jpg,20036,1588,1384,1144,633,98,1241,1575,1088,158,96,59,1069,178,3117,3232,1453,151,112,47,78,14,152,50,845,54,44,44,1141,49,2314,693,1160,129,128,133,74,13,114,116,87,28,12,14,63,23,148,134,999,60,102,32,79,13,127,58,969,38,55,37,763,40,861,310,677,97,67,92,39,9,24,38,65,17,7,14,29,7,46,49,117,16,14,10,5,5,7,13,61,11,14,8,21,10,36,34,1203,160,130,161,42,12,68,72,69,29,10,17,49,26,107,127,1348,59,122,63,42,16,71,45,755,31,72,52,341,39,363,216,1373,1134,91,1541,56,68,70,1081,125,94,18,55,130,147,158,1028,195,69,20,29,16,9,25,35,99,51,7,42,102,60,136,313,125,70,19,76,22,15,14,70,19,20,1,10,16,13,19,93,112,51,9,45,9,12,21,53,72,68,17,80,89,57,101,388,1231,1590,81,1150,36,44,55,366,129,138,8,67,49,81,127,461,189,55,22,45,11,12,25,42,162,54,15,49,62,48,120,226,3327,2905,142,1198,61,70,136,479,160,148,23,109,107,137,407,1098,3138,809,208,400,67,79,172,273,1012,432,121,460,485,270,1059,2191
Datasets/wang/Images/train/class8/860.jpg,7064,2074,735,821,971,182,812,1149,722,270,139,120,833,279,1876,2862,2155,378,245,139,176,34,270,120,835,143,139,105,944,107,2038,1006,826,294,112,114,135,30,133,145,122,39,39,35,112,50,164,278,902,147,131,84,130,24,145,100,768,90,107,90,735,89,761,478,1107,169,127,111,135,27,77,83,144,33,40,32,72,24,117,95,204,47,38,20,21,7,30,25,155,27,26,27,88,19,121,110,930,246,121,147,109,31,89,112,115,52,27,40,105,49,177,264,1400,148,171,112,95,27,100,72,997,102,155,136,506,83,644,526,813,919,112,767,133,125,97,897,111,141,26,89,143,148,170,927,283,135,40,88,35,24,33,92,135,80,39,83,134,98,235,491,174,133,29,96,30,38,27,135,40,23,6,23,27,37,50,203,134,99,40,123,35,41,42,121,109,94,34,159,132,119,190,827,1026,1274,104,926,90,93,101,480,139,172,32,132,83,97,188,529,292,138,44,66,33,33,43,97,145,108,39,128,114,102,224,481,3388,2976,192,991,119,124,172,686,198,235,45,199,179,249,594,1803,3920,1162,303,622,132,141,283,590,1055,611,226,1009,633,577,1953,4697
Datasets/wang/Images/train/class8/815.jpg,10718,1979,1103,881,753,207,883,1106,1230,303,155,132,945,312,2596,2664,2080,328,229,99,164,35,230,91,923,105,115,78,1003,107,2375,808,1162,247,147,121,117,49,138,132,142,55,41,38,109,69,168,276,949,69,117,64,126,23,131,102,1042,51,74,79,852,85,893,427,777,152,107,101,68,21,58,67,107,42,40,35,58,42,63,95,184,44,43,23,30,18,30,40,155,30,32,25,59,28,93,128,1099,213,115,137,55,26,73,79,81,54,35,42,71,62,161,241,1107,117,157,79,77,53,121,143,782,72,125,92,346,98,540,564,1273,931,153,1129,113,116,120,896,170,130,38,72,123,146,156,891,279,92,75,62,41,30,54,78,130,59,34,70,106,83,221,406,171,143,50,75,25,43,34,121,51,40,14,31,31,46,43,181,124,73,31,54,34,30,47,111,85,76,29,100,79,89,138,551,1115,1125,92,838,62,68,80,381,118,143,32,87,66,102,148,505,307,101,62,74,15,36,58,114,149,78,38,101,92,119,226,525,4002,2459,166,852,84,110,144,533,202,221,45,157,148,208,737,1739,2966,877,284,458,103,121,238,596,935,400,176,552,580,503,1771,3933
Datasets/wang/Images/train/class8/870.jpg,8651,1242,1214,1111,1572,165,1104,1236,1063,183,163,131,950,159,1295,1227,1247,123,196,82,245,33,192,79,989,85,120,83,1293,84,1246,489,1211,175,239,181,249,34,183,202,191,45,64,32,121,45,144,140,1128,73,154,105,280,30,213,123,1482,74,155,150,1364,103,909,533,1704,226,242,259,190,36,123,116,256,64,50,70,121,24,85,92,180,27,49,29,34,9,38,37,235,29,44,43,141,35,85,113,1144,228,151,194,104,27,82,135,155,44,40,60,86,36,116,146,1473,72,204,128,109,44,111,140,1432,100,189,235,579,111,519,579,1051,1059,174,1475,253,215,154,1447,212,197,39,178,181,206,144,948,192,78,43,94,54,39,54,129,189,96,45,133,171,123,169,574,158,133,53,200,51,59,44,250,32,31,16,56,42,49,48,214,126,103,42,139,52,56,49,232,172,166,44,323,277,236,238,1265,1132,1362,137,1378,127,140,93,638,174,178,36,263,111,167,88,536,173,79,42,95,35,26,37,141,167,110,58,263,140,151,193,702,1752,1475,121,1003,100,96,107,597,131,168,35,214,117,165,202,860,1678,562,160,564,114,125,160,619,1085,597,229,1298,541,694,940,4732
Datasets/wang/Images/train/class8/863.jpg,11657,1693,1548,1054,955,179,1375,1198,1434,276,184,126,1358,240,4504,2239,1592,228,251,115,222,39,242,110,989,130,110,76,1294,128,2253,664,1144,257,160,147,156,55,128,193,138,58,31,24,107,64,179,229,859,115,133,97,133,33,194,100,800,67,90,70,722,63,812,460,936,212,141,133,85,23,62,65,155,48,42,41,56,22,92,91,206,36,49,31,19,13,30,33,142,23,33,30,69,27,89,141,944,270,157,183,67,36,124,125,95,50,36,47,58,61,176,255,910,120,180,129,66,29,125,141,591,69,120,138,298,82,441,475,1306,972,157,1115,142,132,113,648,185,164,42,71,166,169,162,803,265,114,61,70,51,31,60,60,161,109,39,71,187,125,220,483,185,132,41,60,43,47,29,120,37,30,10,30,38,45,54,183,118,90,29,90,41,33,55,127,85,62,32,100,134,130,208,678,1093,1203,124,892,65,85,93,323,158,171,48,138,112,131,154,497,274,125,71,98,28,31,54,103,160,117,42,138,108,148,224,547,2285,1807,184,825,86,102,153,524,167,237,46,240,170,246,397,1433,1410,626,239,522,116,136,269,604,736,514,212,701,520,557,1321,4484
Datasets/wang/Images/train/class8/834.jpg,16604,1147,2109,1068,1063,111,2243,1466,1859,169,256,109,2010,211,9866,3437,1162,120,150,69,140,21,190,83,988,73,133,76,1517,74,3595,840,908,121,143,103,95,24,147,90,109,44,19,13,71,19,177,124,685,55,91,49,149,17,137,59,833,40,82,79,939,66,1080,403,677,136,98,145,55,12,57,49,93,23,26,26,56,16,56,70,114,12,21,15,15,6,13,14,92,15,26,23,52,19,70,54,767,135,113,124,59,16,63,58,75,36,21,22,64,16,114,137,843,70,80,71,55,14,71,55,676,54,96,91,333,84,396,294,778,633,102,827,101,69,78,838,111,108,22,86,121,129,174,1016,139,56,22,41,31,23,30,53,101,60,26,82,129,70,174,433,102,66,19,79,20,22,19,83,23,20,14,24,11,27,28,111,89,44,17,64,32,20,27,93,65,58,17,131,129,100,147,603,709,901,74,741,36,49,44,358,89,106,20,144,69,103,119,410,152,58,17,58,17,13,17,64,118,83,22,112,62,87,145,370,1856,1345,117,710,52,56,93,368,107,134,38,142,90,137,308,856,1586,494,131,331,76,80,132,323,692,329,122,497,415,398,820,2670
Datasets/wang/Images/train/class8/869.jpg,11862,1638,1488,841,1066,209,1155,835,1210,312,227,168,935,222,2773,1438,1615,238,312,141,306,65,317,120,747,156,174,109,974,132,1261,582,1342,305,251,194,204,71,171,155,187,81,59,63,155,84,205,208,930,111,162,113,205,47,202,137,642,83,114,95,717,132,746,505,1031,307,203,206,119,43,115,95,193,83,65,74,78,64,122,106,211,49,60,45,52,29,43,52,147,46,63,53,103,56,132,167,905,298,193,210,85,50,133,150,135,94,51,87,104,102,167,317,791,143,173,145,102,42,147,177,554,108,123,197,400,194,520,669,1047,703,209,532,175,171,140,498,220,145,60,108,166,170,151,631,295,133,69,94,68,61,89,89,160,112,60,98,225,181,274,550,216,149,54,112,68,51,67,139,73,65,35,45,62,76,79,188,173,106,72,118,67,66,93,160,117,110,52,132,176,213,263,787,779,1004,139,801,100,115,101,360,144,207,39,202,122,148,166,535,221,127,79,128,58,56,84,178,186,198,73,202,165,185,310,839,1318,1288,166,807,102,157,157,551,178,315,66,291,159,338,470,1425,1254,608,264,550,127,232,292,786,685,585,214,859,585,860,1424,5914
Datasets/wang/Images/train/class8/847.jpg,10323,1571,1317,877,1050,195,1225,1087,1035,226,192,138,901,240,5264,3454,1650,182,237,85,197,36,206,91,787,72,109,97,828,106,1969,703,1209,223,186,142,167,38,144,141,181,53,33,34,103,44,169,250,939,84,134,57,185,33,192,99,822,64,100,85,820,85,835,457,1041,178,174,198,168,26,78,63,177,43,40,37,73,35,83,87,196,34,50,25,32,17,30,29,196,33,30,41,73,36,93,109,1078,245,135,166,83,36,88,105,123,53,27,35,83,48,135,220,1092,89,153,118,71,29,103,126,1064,92,195,157,475,109,538,543,1159,825,159,865,187,194,117,876,192,137,49,121,158,174,190,936,252,91,49,59,46,21,50,93,125,81,33,91,172,85,192,464,172,94,40,119,50,48,34,168,31,31,16,34,26,50,39,186,140,76,31,72,39,41,39,166,121,88,35,198,165,162,183,761,988,872,103,883,86,84,80,467,142,156,29,163,79,103,141,527,225,79,55,83,20,42,43,125,158,109,40,140,101,143,218,559,2885,1725,162,801,75,95,159,512,202,199,47,160,149,215,512,1300,2133,655,238,442,111,106,221,583,949,494,158,833,535,583,1344,4007
Datasets/wang/Images/train/class8/866.jpg,15473,1520,1410,838,923,193,1163,1053,1535,217,171,135,1275,235,4735,2354,1536,306,204,127,122,47,204,125,899,116,127,98,903,117,2325,945,1248,207,125,101,108,32,126,154,118,33,30,24,107,54,182,200,787,112,99,111,95,18,123,93,734,58,77,70,484,70,720,547,901,153,96,75,66,16,67,46,150,24,26,40,63,22,106,116,209,34,29,25,16,8,19,20,105,20,34,26,52,18,109,111,1121,207,127,134,70,20,88,72,107,38,38,28,73,50,175,191,1012,118,132,91,71,23,106,107,604,71,113,108,285,66,553,518,1204,768,102,720,113,112,88,589,141,115,24,71,135,176,178,769,237,115,31,61,38,21,26,81,114,56,24,64,99,76,180,462,178,127,34,82,27,35,25,106,22,25,11,15,31,49,52,168,137,98,24,74,29,27,32,104,82,68,32,111,90,71,141,632,1141,926,78,468,91,65,75,262,133,130,26,99,74,92,167,489,225,116,52,67,24,29,40,66,147,92,26,97,102,71,188,430,3527,2409,158,802,98,109,155,496,150,191,49,135,150,184,492,1217,2170,998,211,538,95,132,198,479,860,526,177,714,431,462,1266,3835
Datasets/wang/Images/train/class8/808.jpg,25326,1798,1358,905,611,80,1207,916,1907,147,150,70,1478,149,4646,2041,1833,264,190,76,99,14,172,82,986,70,87,71,1163,69,2482,696,895,162,90,78,69,21,98,79,82,22,14,12,53,21,126,172,771,88,72,49,74,20,88,53,830,38,53,49,619,19,769,287,584,119,81,81,44,10,43,29,58,15,15,27,33,7,57,46,86,20,18,11,10,7,8,7,52,9,13,16,33,4,51,50,1003,179,97,112,40,10,54,42,46,18,16,20,48,28,129,168,1059,64,92,51,24,10,60,42,486,35,55,53,205,34,368,203,1048,926,85,938,65,65,67,523,72,70,14,58,75,82,139,668,158,92,21,38,17,8,25,35,73,53,16,37,91,57,163,305,88,90,11,75,19,16,20,56,8,20,4,18,9,17,26,77,94,60,11,35,19,19,23,66,47,51,15,115,58,48,100,423,905,1146,67,761,34,40,48,232,67,100,13,57,63,65,122,372,179,96,30,46,9,11,26,45,109,59,19,53,68,37,204,285,2811,2319,162,763,78,68,152,421,158,215,28,128,165,185,556,1330,2686,825,172,367,56,50,171,280,678,332,98,451,368,306,1387,2561
Datasets/wang/Images/train/class8/849.jpg,9237,1557,1012,863,964,216,1065,1499,1054,292,188,121,1007,272,2964,3733,1634,302,215,97,176,45,188,113,966,115,100,86,1360,100,2900,1147,911,213,177,139,147,37,144,145,107,45,40,25,98,38,169,244,894,105,140,87,150,23,173,106,989,68,95,81,981,65,1162,652,981,153,158,140,109,33,81,74,150,54,36,39,75,28,94,104,201,59,31,21,20,10,23,25,177,27,22,30,77,25,92,107,910,214,140,146,76,28,100,115,101,41,39,40,83,35,143,225,1382,103,183,106,72,29,112,95,1301,68,156,129,524,78,734,495,930,731,118,771,190,160,106,1012,151,145,27,115,146,185,152,1283,267,111,41,74,46,29,47,65,138,79,26,84,148,93,184,577,149,105,28,84,41,43,33,161,32,27,13,29,26,37,48,198,120,104,22,73,34,36,50,119,106,100,28,96,126,119,159,720,856,910,85,939,69,79,81,481,141,134,32,159,86,106,105,624,285,139,39,75,23,33,44,107,178,116,36,135,107,104,183,489,1976,1674,152,965,85,130,131,586,169,206,34,128,117,197,319,1352,2979,1003,252,656,115,125,211,574,1226,556,182,804,607,503,1407,4033
Datasets/wang/Images/train/class8/822.jpg,11454,1549,1135,1056,1150,138,1293,1307,1246,197,140,80,1357,195,3900,2164,1626,199,173,93,142,26,183,61,1017,101,96,79,1200,59,1959,645,1029,194,120,131,136,27,114,141,88,38,19,16,103,26,124,183,1089,95,130,82,119,18,167,91,1280,67,98,82,986,39,940,419,1329,169,158,115,119,13,61,57,140,20,18,16,72,9,84,62,146,21,33,15,8,5,15,18,124,18,18,22,52,13,68,50,1280,200,142,174,70,14,89,108,102,37,16,20,100,43,122,169,1454,98,155,103,68,13,91,67,1235,57,123,99,430,60,480,305,983,1124,109,1388,134,123,81,1118,129,124,25,121,125,180,117,1035,224,107,35,64,23,12,24,52,128,82,22,91,138,78,158,473,165,124,30,120,27,27,29,118,20,26,5,19,17,34,28,161,131,100,22,110,29,25,29,109,120,124,11,254,133,131,140,763,1218,1464,105,1485,85,74,101,516,136,159,21,113,66,69,106,484,211,103,30,76,18,9,31,58,190,110,27,110,99,62,142,322,2332,2148,173,1236,93,89,148,633,120,192,26,159,151,178,344,1178,2182,950,214,624,90,97,214,410,1224,650,145,1002,532,388,1253,3442
Datasets/wang/Images/train/class8/823.jpg,8972,1475,892,958,1251,200,918,1041,935,204,140,110,896,200,831,1046,1550,177,219,102,221,30,225,90,907,104,131,77,1051,104,1014,465,1300,244,198,159,210,57,165,186,167,54,35,32,138,56,154,181,1261,128,179,111,189,30,190,136,1276,86,126,128,1033,101,734,466,1490,227,204,200,145,27,107,85,160,54,30,44,81,27,98,78,209,35,40,38,33,15,28,26,177,36,41,42,95,23,95,108,1410,256,196,236,109,49,130,153,145,46,31,46,94,50,128,206,1670,116,215,137,117,33,144,139,1424,107,165,217,602,120,522,550,1132,1124,164,1193,196,195,116,994,194,169,44,137,197,199,133,763,238,107,47,107,64,30,67,99,185,120,41,114,202,109,184,539,223,180,47,178,38,62,50,173,51,38,16,46,40,59,53,212,157,141,43,126,46,49,62,182,177,133,55,241,177,208,207,974,1244,1470,161,1372,91,131,114,630,215,220,42,205,126,140,144,551,266,119,50,108,42,26,55,131,233,154,50,191,143,134,208,563,1907,1700,192,1140,128,136,134,613,179,260,42,248,147,239,289,1190,1803,786,238,730,140,165,241,678,1250,734,224,1260,618,691,1238,5005
Datasets/wang/Images/train/class8/850.jpg,9388,1536,925,1009,936,105,1100,1525,769,154,94,87,1016,161,2719,2878,1457,152,170,82,133,17,147,75,959,79,86,67,1525,56,2411,702,1113,170,94,151,103,22,123,117,99,26,19,10,70,31,119,151,1084,58,128,65,116,14,142,73,1230,65,85,78,1204,52,1128,436,1004,139,101,94,80,13,53,53,92,20,17,11,57,15,58,51,120,11,11,14,9,5,11,9,117,19,16,13,57,12,49,32,1368,171,128,159,61,5,94,92,83,21,7,29,63,29,118,168,1828,72,159,74,49,12,74,45,1348,57,96,101,497,41,558,260,1299,1327,80,1549,101,114,70,1164,129,144,13,80,126,160,117,1042,173,89,31,50,20,9,30,39,120,83,14,68,156,73,152,441,105,89,8,95,31,18,19,108,16,14,6,21,15,18,24,133,94,82,15,74,24,21,23,78,78,75,20,140,103,100,119,654,1590,2201,104,1698,60,59,74,479,126,143,16,104,99,110,108,531,156,65,20,49,14,10,20,32,174,76,18,88,79,45,126,260,4024,3963,125,1468,74,68,116,587,146,198,21,123,119,157,253,1100,3209,1039,201,599,72,44,154,321,1293,545,147,767,539,333,1069,2811
Datasets/wang/Images/train/class8/832.jpg,17631,1182,1261,760,1148,194,1103,844,3258,206,262,127,2601,215,5294,1328,1281,155,209,68,171,39,206,94,1218,105,154,87,1659,99,2714,548,1062,185,165,129,175,41,112,154,194,56,38,49,125,44,172,177,828,97,144,87,164,46,133,117,1017,89,121,124,827,89,817,410,1062,169,169,142,134,22,69,69,188,44,57,45,99,41,93,97,205,31,49,34,38,16,32,23,162,34,54,34,81,43,91,130,849,144,121,164,87,36,82,124,111,56,42,55,80,64,119,212,795,110,150,122,77,43,104,136,714,88,162,170,403,139,421,626,938,750,166,719,159,156,130,581,156,142,46,113,146,138,126,545,180,87,53,76,49,31,51,82,128,85,37,94,153,125,172,389,171,105,50,116,44,58,37,176,47,32,13,52,50,53,68,179,108,82,51,94,56,51,61,161,110,101,53,228,155,160,193,783,697,685,75,613,80,69,98,350,134,129,47,136,96,113,130,374,199,77,46,87,43,40,69,116,150,107,54,167,125,120,201,609,1029,678,106,448,67,96,89,357,130,135,56,196,113,194,273,928,943,399,191,400,93,131,183,595,573,353,190,766,395,570,995,4447
Datasets/wang/Images/train/class8/825.jpg,11616,1699,962,936,1141,215,888,1017,1074,181,145,104,1006,190,2472,1636,1517,237,165,112,165,34,145,90,875,98,107,73,886,90,1533,580,1025,200,159,137,151,35,141,158,177,44,29,30,126,48,160,176,986,93,129,100,169,29,141,122,947,89,114,128,702,95,638,437,1454,170,180,144,133,15,83,66,181,31,35,36,81,25,77,78,219,30,38,19,19,7,19,26,203,28,36,29,71,27,77,93,1214,172,151,171,97,28,91,110,125,46,31,37,107,46,142,181,1225,108,186,110,106,28,123,131,973,115,154,143,469,124,517,508,1566,1421,156,1410,177,196,111,848,171,141,23,112,140,177,131,730,198,128,45,97,34,35,42,83,140,76,21,94,144,80,146,379,196,174,33,161,54,40,38,170,39,34,14,51,34,55,41,195,138,105,30,128,44,35,40,176,140,137,47,246,151,152,180,853,1551,1891,127,1540,103,90,87,464,147,156,37,141,97,111,134,473,216,106,45,87,28,29,47,94,172,115,53,155,92,91,150,454,2459,2085,208,1289,123,123,186,594,166,181,47,189,134,169,482,1297,1716,785,211,662,118,131,215,588,964,616,208,1130,550,567,1225,4141
Datasets/wang/Images/train/class8/843.jpg,20755,1063,1831,1123,1400,125,1333,966,1462,141,162,93,1191,107,2500,1108,1036,112,159,58,206,12,158,59,1008,73,99,78,1144,59,1161,411,1352,145,159,120,243,31,150,135,110,24,17,23,100,28,105,108,1032,73,126,64,254,19,178,84,1330,71,122,107,1427,74,938,492,1433,194,268,261,165,16,89,79,173,31,34,37,86,17,69,57,102,9,29,17,19,8,16,17,149,15,28,33,64,18,53,50,1092,151,138,177,87,14,85,109,95,32,19,33,72,24,92,117,1072,64,113,107,79,9,99,77,999,65,121,109,485,70,423,296,1104,949,135,1403,167,135,85,928,124,136,20,162,127,148,106,736,150,64,26,97,28,24,38,66,126,95,18,133,167,124,145,460,126,92,18,138,43,27,21,145,24,19,8,29,20,27,29,128,101,94,21,140,36,29,37,135,128,132,31,302,223,183,193,1061,1011,1106,112,1529,86,82,77,565,126,166,24,230,74,86,89,458,115,74,31,80,15,18,26,73,143,84,27,216,127,110,134,526,1582,1077,110,1019,68,73,80,475,104,153,18,217,75,149,191,764,1274,414,148,493,72,81,132,399,804,497,138,1141,483,440,731,3445
Datasets/wang/Images/train/class8/859.jpg,11104,1798,2186,1052,1033,172,2039,1435,1011,257,186,140,885,245,4025,3523,1485,254,258,93,186,37,250,97,641,88,110,79,841,91,2023,633,985,246,166,136,156,45,112,134,133,66,32,25,105,50,126,198,706,93,123,58,156,38,147,88,804,73,103,67,980,82,657,405,1226,198,202,196,187,23,77,69,146,42,36,40,73,34,71,91,156,34,42,34,34,17,31,32,127,26,32,41,69,22,85,99,754,296,120,174,70,26,54,104,107,53,38,46,75,49,114,256,736,99,110,80,83,37,83,95,961,92,135,155,469,111,405,476,1007,854,205,1198,170,169,120,1178,132,128,39,125,124,105,175,887,298,80,67,97,48,26,64,77,100,66,34,105,131,90,267,431,176,122,46,114,35,31,42,143,43,34,17,34,26,47,49,168,128,84,37,103,43,47,44,147,121,84,39,289,138,158,193,789,793,1151,135,1380,101,98,115,557,105,141,33,170,76,123,144,530,235,116,76,89,25,34,72,137,104,89,47,188,121,157,242,601,1293,1705,157,877,99,125,131,557,135,259,43,200,109,250,394,1434,1978,731,219,525,110,176,236,578,657,491,163,947,452,601,1271,4365
Datasets/wang/Images/train/class8/831.jpg,16738,1003,1415,1675,1193,66,1422,2340,1016,72,87,69,1054,58,2315,1915,842,72,74,40,61,11,62,26,957,42,45,45,1123,21,1242,418,1511,75,94,99,91,12,86,83,91,12,17,9,47,9,86,70,1205,39,88,40,105,12,69,51,1981,39,110,90,1317,30,811,343,1202,66,121,123,143,8,52,43,104,8,8,17,41,5,25,32,69,14,10,3,4,7,5,7,83,2,11,10,30,6,33,30,1432,55,79,94,46,4,43,40,69,13,6,12,43,8,80,42,1426,29,74,53,48,10,33,28,1525,33,92,69,410,18,277,141,2024,1847,121,4089,109,113,87,2897,106,81,8,112,93,92,105,1393,63,47,8,77,17,7,15,42,87,49,9,89,76,47,65,425,110,80,17,149,17,13,5,100,5,7,3,14,8,5,22,96,99,50,10,107,15,17,11,81,94,86,20,255,89,72,74,765,1722,2405,77,2943,54,39,72,745,88,72,13,113,48,40,77,355,65,36,13,45,6,4,17,31,93,41,11,100,41,19,53,163,3183,2065,98,1273,48,36,66,383,104,65,19,93,64,57,151,555,1442,436,64,419,25,33,55,185,950,323,76,725,286,163,511,1683
Datasets/wang/Images/train/class8/807.jpg,20036,1164,1971,1207,1057,128,1852,1606,1468,150,137,102,1378,161,4770,2612,1137,111,126,72,113,16,133,62,1029,66,102,84,1322,54,2047,707,767,126,112,131,88,14,129,113,72,31,17,14,69,25,114,135,860,72,104,70,95,7,129,87,1032,46,79,86,1065,37,1006,477,865,112,103,105,58,15,62,56,100,27,22,21,52,16,46,54,136,15,13,11,11,7,11,8,85,9,20,16,55,13,52,51,1008,134,145,139,52,13,70,88,73,32,9,28,46,22,92,109,1152,67,133,83,60,9,89,68,834,57,94,65,354,49,460,299,896,880,103,1207,90,119,70,1189,114,121,14,86,107,170,123,1249,140,82,32,47,17,16,22,43,112,55,18,82,105,90,139,508,101,74,12,90,12,15,9,111,17,18,1,12,22,22,24,131,92,72,13,76,22,13,12,99,83,68,10,125,90,84,84,629,1106,1179,71,879,77,53,65,407,110,132,15,100,89,89,107,474,155,74,27,44,12,11,18,39,161,79,30,83,73,50,110,241,2484,1860,113,950,62,47,85,450,107,126,27,125,101,111,237,854,1941,763,146,497,72,50,116,351,964,505,135,707,469,285,865,2625
Datasets/wang/Images/train/class8/803.jpg,9286,1761,866,910,1093,212,938,1017,855,248,164,115,937,249,1414,1287,1728,229,240,126,224,29,217,121,849,127,121,104,1054,118,1292,608,1092,272,157,179,177,31,177,196,132,41,33,40,121,57,166,217,1126,145,184,132,197,25,203,130,813,103,99,116,846,113,840,565,1279,232,167,185,122,22,77,76,140,45,25,32,97,22,110,97,242,33,40,24,26,6,24,22,154,27,28,32,90,29,100,95,1277,312,188,210,96,25,125,155,145,66,34,40,126,42,167,217,1420,150,206,138,121,23,159,127,939,118,153,145,537,94,613,564,1057,1064,128,784,152,148,116,724,133,171,24,107,159,199,147,734,283,138,42,106,40,26,49,86,183,117,32,114,195,133,231,592,202,172,26,135,35,37,26,158,31,31,3,29,38,54,40,212,175,138,43,143,52,43,42,161,142,147,41,157,188,166,232,832,1230,1367,117,986,122,98,110,542,206,224,39,190,133,172,118,660,280,154,39,99,24,17,48,84,221,137,45,146,139,129,230,560,2172,1976,200,1123,119,131,157,783,202,278,49,283,196,255,396,1541,1933,945,285,761,144,137,242,670,1227,849,263,999,796,656,1521,5232
Datasets/wang/Images/train/class8/848.jpg,13809,1384,1533,1003,1390,240,1287,1099,1459,219,154,139,1195,211,2213,1251,1359,155,224,113,196,44,220,105,1139,121,143,98,1168,106,1270,507,939,176,180,172,213,34,195,207,154,41,40,37,150,49,133,202,860,91,173,119,204,41,212,127,1194,110,155,127,1074,128,970,660,1345,192,226,215,149,36,123,105,200,43,47,43,127,38,102,109,209,26,44,24,32,10,37,44,213,30,43,48,105,35,100,83,805,201,179,229,115,33,122,129,132,47,42,65,110,64,134,195,886,103,190,144,116,21,136,123,950,97,214,176,614,108,672,625,989,889,190,986,211,197,112,1042,173,171,29,150,188,220,119,872,214,100,56,93,50,28,58,90,169,156,37,134,195,142,175,621,118,116,39,135,48,48,31,188,36,34,17,23,39,42,47,211,102,103,30,123,49,44,43,180,159,122,40,228,201,188,227,1064,888,1138,139,1257,95,103,103,530,163,194,36,185,127,139,130,645,182,105,65,99,24,34,50,130,205,157,43,191,160,129,190,548,903,1044,117,965,90,105,133,635,120,205,29,220,111,177,223,1152,755,502,186,647,94,101,183,603,821,617,211,1102,602,613,1084,4882
Datasets/wang/Images/train/class8/821.jpg,9033,1373,1076,1001,1144,167,969,1341,1044,188,132,108,1091,180,1739,1562,1288,138,182,83,177,21,192,77,940,63,108,73,1431,76,1930,639,1023,192,170,126,145,36,134,176,163,36,24,38,105,31,133,155,986,87,123,84,156,17,143,104,1241,56,115,98,1304,47,1003,504,1161,199,141,191,127,24,58,80,187,24,36,34,87,18,57,76,187,22,33,29,21,11,25,29,168,25,34,29,93,26,79,103,1114,192,126,175,86,17,77,119,117,53,34,36,78,29,89,126,1525,74,176,110,82,21,106,120,1601,96,202,182,606,93,531,490,1074,1108,163,1743,181,225,104,1612,197,128,38,122,154,163,155,1017,165,81,40,67,26,33,38,63,145,80,20,81,162,90,199,504,144,100,31,145,31,40,25,218,23,26,20,28,24,33,30,182,98,86,18,104,32,32,38,166,126,94,24,182,146,115,159,828,1174,2058,125,1823,81,109,91,745,136,158,17,141,116,113,109,594,173,91,44,87,29,26,39,107,182,128,31,125,109,98,158,514,2700,3123,160,1483,84,91,114,623,168,206,39,175,133,171,275,1027,2330,869,173,608,96,91,163,532,1141,597,198,922,559,554,953,3595
Datasets/wang/Images/train/class8/811.jpg,30842,781,2395,1294,792,75,1530,1547,1396,103,121,54,1120,90,3450,1866,677,57,104,40,91,14,95,49,842,37,57,39,1036,39,1246,400,936,83,89,74,84,15,76,78,81,26,14,7,52,20,70,75,684,40,97,53,104,16,106,59,1199,35,102,53,1195,40,789,303,727,100,99,98,66,7,49,48,72,16,16,18,45,7,43,47,84,6,18,6,12,4,8,7,83,10,18,15,35,12,48,33,954,111,70,129,64,11,46,56,55,17,12,22,50,15,62,56,1128,38,72,52,70,12,46,69,1078,45,80,79,501,45,318,244,1013,859,98,1831,81,99,60,1668,84,71,18,81,77,106,83,932,100,47,11,33,22,5,22,32,88,54,17,70,102,70,91,309,95,85,13,91,31,18,9,104,25,18,6,13,13,17,10,87,54,49,13,62,22,18,22,78,92,49,18,142,124,95,92,523,937,1243,79,1247,39,39,50,564,77,99,17,104,47,54,64,343,95,58,17,42,10,5,24,49,102,68,13,75,64,56,77,222,1995,1422,78,956,39,48,57,435,60,109,9,94,45,103,140,509,1679,591,89,434,38,42,71,289,773,415,102,577,382,335,471,1941
Datasets/wang/Images/train/class8/800.jpg,11178,1543,1511,915,1090,219,1161,918,1235,305,215,127,1032,269,2455,1878,1610,214,299,100,280,43,417,110,860,101,156,80,1202,119,1972,710,1053,329,272,179,176,45,184,172,172,77,44,46,156,85,188,259,752,120,152,111,240,31,229,124,716,68,114,103,1439,104,1032,527,1030,258,195,231,130,35,76,95,129,48,40,47,87,35,85,112,200,51,47,36,32,8,44,21,133,28,38,36,100,47,111,132,813,355,147,217,108,45,99,139,122,84,31,65,94,64,150,295,750,109,172,102,91,47,156,164,551,101,146,112,440,144,537,638,1010,788,173,816,164,115,103,646,179,155,33,110,163,176,145,724,264,104,62,65,52,28,87,86,166,97,43,105,232,145,373,526,154,120,31,136,44,25,24,113,48,46,11,40,38,50,57,176,121,87,39,102,59,37,72,129,104,105,30,204,255,198,296,870,817,1256,157,1209,80,87,106,479,124,225,42,250,100,155,124,597,306,119,67,114,30,38,69,144,170,157,42,214,152,214,304,774,1197,1801,164,1061,73,112,145,488,166,362,57,280,126,302,343,1325,1492,609,260,532,126,141,254,638,633,577,183,892,582,875,1261,5085
Datasets/wang/Images/train/class8/806.jpg,10685,1638,939,849,1034,218,933,1050,1163,236,166,134,1086,279,2367,2108,1698,334,235,130,144,37,207,125,985,132,159,94,1215,114,2228,1114,1042,194,116,139,135,40,141,186,117,32,31,25,85,46,181,249,1043,127,112,104,116,23,176,105,1098,77,119,101,956,81,1052,622,1055,172,135,97,110,18,75,72,128,40,34,16,78,21,113,94,239,40,43,24,15,5,30,20,141,22,39,37,72,25,118,106,1142,226,161,155,81,30,93,122,109,55,20,39,71,40,171,225,1436,117,180,102,86,28,140,99,919,75,150,111,479,80,590,512,1148,960,103,714,130,138,79,677,169,158,28,93,140,164,175,946,269,121,39,74,27,18,41,68,161,79,24,90,145,88,203,542,164,155,27,108,33,27,29,117,26,24,9,24,20,40,34,197,151,109,26,89,22,34,43,122,88,93,31,138,129,109,185,760,1226,1199,113,761,99,76,81,388,139,140,24,114,97,112,142,560,314,116,48,70,22,23,43,75,179,109,34,95,120,88,188,492,2738,2357,172,1109,111,107,154,638,195,232,37,179,162,201,399,1416,2251,1097,266,690,105,113,221,544,1194,681,196,813,612,525,1415,4252
Datasets/wang/Images/train/class8/830.jpg,8229,1601,1112,894,1420,236,1123,1179,948,194,174,133,1021,223,2748,1892,1505,275,212,106,189,29,221,110,865,122,157,110,984,110,1774,917,815,206,113,155,187,51,119,177,105,50,20,37,119,31,159,198,845,124,134,90,195,31,158,104,883,108,130,138,1024,103,828,582,1628,229,191,190,217,27,120,109,201,33,40,42,126,22,98,105,232,43,32,24,30,11,22,28,211,17,46,43,93,19,115,114,1050,195,154,190,103,30,109,118,114,45,31,37,100,40,145,194,1127,119,191,122,102,26,131,126,1057,99,206,188,570,101,553,605,944,918,135,893,223,210,127,1045,147,143,29,128,150,164,169,903,213,138,39,85,33,33,36,102,134,104,38,120,137,111,180,580,170,158,30,138,56,48,28,202,36,36,13,31,35,48,41,253,167,140,33,130,52,39,30,198,145,117,45,241,199,200,189,1154,1057,1105,123,1072,121,125,93,551,158,153,30,194,109,114,153,572,243,131,44,87,15,19,34,105,188,136,56,187,102,104,185,503,1795,2032,166,975,150,148,147,683,157,221,42,226,153,212,429,1283,1853,1194,238,835,147,152,195,692,938,827,225,1350,664,607,1351,4991
Datasets/wang/Images/train/class8/829.jpg,12442,1465,1545,930,1580,207,1272,965,1104,185,176,96,911,154,2287,1801,1441,257,189,111,187,34,153,92,801,110,100,83,785,84,1174,610,1023,206,151,165,222,50,142,139,143,51,25,47,106,42,113,142,950,106,156,108,213,41,156,94,1051,87,125,123,996,76,605,453,1709,240,221,206,207,49,88,87,187,42,43,44,93,22,75,92,234,40,41,30,30,10,33,27,193,35,46,45,87,34,81,69,1044,195,140,220,104,36,108,110,139,56,31,44,100,57,120,179,1138,105,168,138,105,47,107,102,1131,106,202,159,535,110,457,474,1040,1000,159,1134,189,199,116,1039,148,149,33,139,151,165,105,734,220,125,53,99,45,38,54,95,142,103,29,121,136,102,138,482,200,161,27,167,59,63,23,230,57,39,12,51,36,51,42,189,155,126,25,159,58,50,46,220,160,154,37,322,201,216,183,1185,1148,1148,144,1224,123,132,116,603,156,188,35,217,88,125,111,514,228,89,45,115,31,32,40,119,175,124,55,224,112,80,180,534,1339,1208,148,980,140,127,156,588,161,210,46,245,130,193,417,1227,1402,711,210,733,126,143,238,656,969,740,218,1430,566,624,1154,4707
Datasets/wang/Images/train/class8/851.jpg,12725,1415,2029,1021,950,185,1934,1270,1160,258,220,149,1028,187,4353,2373,1344,206,229,121,225,58,284,105,712,118,121,100,978,137,1531,616,1012,289,207,191,138,45,162,148,178,50,56,39,110,60,144,219,789,112,160,98,148,29,161,118,610,60,116,82,743,95,681,442,1041,291,151,210,110,36,88,99,154,65,33,38,77,33,89,111,185,59,47,44,22,22,38,30,125,31,42,37,89,39,118,155,831,306,180,207,91,45,100,119,130,67,38,73,91,52,120,225,947,148,157,130,82,35,136,159,696,117,124,134,362,141,446,570,951,817,163,738,165,140,117,721,181,157,51,119,134,139,173,731,206,128,63,80,48,34,71,99,147,97,40,85,185,134,245,517,204,156,59,131,48,38,52,150,60,50,15,53,38,56,68,178,167,104,44,111,47,46,62,173,112,91,39,156,173,165,219,715,865,1056,152,937,88,119,89,458,157,209,40,183,75,130,126,501,221,157,55,118,40,61,62,129,171,142,47,174,134,194,251,759,1004,1400,161,871,118,140,139,532,170,264,79,233,132,265,311,1164,1367,734,230,599,134,189,233,779,778,582,225,868,488,856,1169,5056
Datasets/wang/Images/train/class8/876.jpg,24848,920,1643,825,1208,115,1507,926,1348,105,144,72,1230,108,8372,1587,821,98,109,50,146,17,147,64,651,51,56,39,770,45,1362,347,578,116,97,94,135,17,86,93,106,25,23,12,68,24,86,87,571,58,75,58,122,16,111,76,1137,76,105,107,1284,64,570,313,1421,138,137,155,302,20,76,78,122,24,17,29,77,13,45,41,125,22,23,14,28,8,8,11,124,12,19,18,72,7,45,46,629,135,85,108,79,20,51,81,82,25,11,26,73,21,71,125,803,52,104,69,68,16,75,50,1272,72,135,113,738,65,312,312,594,696,105,1425,112,145,99,1338,80,76,20,105,80,112,81,630,86,72,28,77,13,13,34,50,81,60,17,105,106,62,115,340,80,51,15,106,21,18,19,125,19,12,1,33,13,29,28,106,77,42,17,82,25,21,21,121,88,110,32,722,124,134,111,1030,738,906,95,1963,66,92,64,861,79,109,18,155,64,78,78,417,102,55,27,60,10,6,23,85,83,68,22,124,63,78,116,363,932,931,101,661,50,64,89,435,83,126,23,125,82,99,238,757,1085,388,122,385,67,50,112,351,652,394,117,1221,375,371,688,3120
Datasets/wang/Images/train/class8/852.jpg,19408,1026,2595,806,613,84,2440,1170,1988,120,155,72,1483,128,7736,3076,1048,98,124,53,57,20,117,41,1108,51,80,47,1167,40,1910,466,1309,111,61,68,77,22,80,74,105,22,19,11,74,21,111,122,963,57,67,26,58,10,92,47,1297,34,57,64,780,30,675,243,675,66,75,60,44,13,24,29,76,19,15,13,33,9,53,45,122,15,11,8,8,4,6,10,74,7,19,14,23,12,40,50,1163,127,86,92,39,12,38,43,54,22,17,20,65,20,84,100,1180,50,102,43,34,5,56,40,825,46,59,53,262,38,295,256,1139,770,90,860,71,69,60,548,92,73,13,48,76,95,95,685,138,61,15,29,13,14,20,36,70,37,10,51,61,40,98,231,148,70,24,51,29,17,12,65,23,14,9,13,15,21,24,84,85,63,14,47,21,25,18,56,61,48,19,105,54,49,64,369,1283,1087,44,604,35,30,47,227,78,78,12,51,49,59,88,241,154,51,23,34,11,13,15,39,92,43,31,39,42,38,89,205,6096,3861,93,720,65,64,83,283,124,124,31,79,96,91,301,661,2440,710,128,286,64,62,122,293,778,273,99,402,310,240,701,1879
Datasets/wang/Images/train/class8/861.jpg,20446,1121,2553,1214,1211,213,1592,1508,2098,197,161,83,1372,225,2721,1557,1057,134,150,69,142,26,151,77,973,77,98,68,1144,67,1169,391,862,141,141,131,165,45,112,158,175,41,31,21,117,43,110,165,766,83,128,90,179,33,142,117,1009,74,131,104,959,98,763,498,1127,143,173,127,149,32,91,75,212,35,35,26,88,28,74,86,217,31,38,25,28,12,30,32,214,26,42,43,100,30,70,100,825,160,125,163,78,36,87,106,126,40,24,29,78,38,93,156,992,92,170,131,112,33,116,130,1085,87,215,158,516,128,506,602,925,786,121,1185,188,207,95,1297,180,120,27,126,157,157,107,958,190,79,35,74,36,30,42,79,133,86,23,101,115,102,129,458,140,96,33,119,44,51,22,218,30,31,8,36,28,42,30,195,106,66,33,105,35,40,36,178,133,88,44,223,163,150,182,931,827,806,94,819,68,92,86,459,128,138,28,148,95,102,83,446,208,96,46,98,27,29,40,89,212,101,31,125,93,97,127,420,936,805,114,711,81,104,88,496,117,142,35,150,96,137,164,835,958,504,182,513,96,101,143,558,873,501,219,1008,507,467,821,3851
Datasets/wang/Images/train/class8/874.jpg,10146,1808,1090,924,1114,195,1048,1133,1075,284,178,115,1114,235,2833,2017,1675,255,228,136,196,45,241,102,913,129,131,85,988,107,1820,737,1162,256,161,159,140,36,135,177,132,57,26,21,104,45,154,259,979,129,146,102,119,31,178,113,800,76,94,95,752,75,819,534,1189,195,166,134,143,27,86,89,155,41,41,40,64,34,120,125,212,42,40,38,29,12,28,24,133,32,46,43,60,40,98,98,1080,281,162,199,105,22,103,117,104,48,31,42,91,41,147,227,1185,116,190,119,87,31,133,110,698,81,150,108,405,106,552,590,1235,1036,152,784,160,118,110,701,162,163,30,105,147,187,150,974,277,131,58,80,45,22,42,89,159,107,42,97,178,113,216,517,184,156,39,100,48,46,35,143,38,26,12,27,37,34,43,199,137,122,32,104,48,41,34,159,117,90,35,151,136,124,186,825,1133,1378,120,831,106,82,101,400,150,166,40,137,115,115,167,588,264,120,51,96,31,30,54,99,181,121,52,147,120,107,202,539,2436,2375,213,1064,125,127,167,675,192,253,46,228,156,248,436,1384,2000,906,228,616,144,142,268,602,1018,688,215,909,648,576,1352,4605
Datasets/wang/Images/train/class8/840.jpg,11287,1378,2489,1235,966,234,2237,2224,1803,245,243,128,1530,273,3538,2567,1469,206,266,93,231,56,336,106,917,107,145,93,1241,138,1952,606,1134,295,232,144,171,50,156,162,200,61,48,36,127,81,145,240,831,101,145,100,176,33,174,110,847,80,121,92,788,82,736,446,924,209,149,134,93,38,76,83,175,51,49,49,74,52,70,119,230,43,65,41,31,20,30,41,182,33,47,56,79,34,108,150,749,303,156,194,74,38,87,149,159,68,40,53,80,60,136,262,859,135,195,121,91,55,142,201,807,84,181,191,349,154,501,682,1005,652,165,699,158,179,127,906,208,164,52,104,162,173,137,928,249,99,65,61,46,48,69,93,148,86,39,76,179,132,259,452,179,125,45,95,47,54,42,166,53,50,20,32,42,74,57,237,147,90,44,69,53,40,71,163,105,86,44,135,164,174,223,725,674,787,133,661,74,78,101,328,133,172,27,120,101,151,128,462,270,137,63,95,31,46,53,129,196,138,59,174,142,175,267,714,947,1135,143,645,78,129,117,468,173,287,54,218,133,249,290,1058,1073,627,263,446,132,159,266,712,653,501,225,792,510,739,1175,4867
Datasets/wang/Images/train/class8/836.jpg,9020,1744,1195,1335,1063,145,1394,1720,939,195,118,96,1089,214,2962,3336,1715,214,207,130,171,11,243,84,1037,88,102,81,1588,76,2900,926,860,209,149,166,129,26,145,167,107,34,12,29,97,36,158,182,1065,86,174,88,129,9,183,83,1002,76,104,74,1097,50,1259,599,1056,189,109,129,98,14,82,56,130,19,24,18,79,20,80,89,147,20,17,16,5,4,9,13,109,17,16,18,75,10,90,68,1009,232,145,220,82,15,122,124,97,41,23,23,81,33,143,148,1287,93,173,90,62,16,98,64,1040,60,115,108,536,50,659,363,865,1122,95,1180,123,130,96,1230,111,149,10,108,153,161,166,1376,187,90,25,66,25,14,34,72,150,76,21,80,181,104,225,662,96,112,14,110,20,17,21,121,18,13,6,17,12,20,27,161,101,76,19,81,21,16,25,77,104,83,20,119,134,116,205,834,1017,1410,103,1084,90,89,74,608,159,177,15,149,101,145,150,754,219,87,22,63,16,7,22,52,184,101,25,92,106,82,133,426,2047,2212,151,1309,84,102,142,655,152,254,26,164,136,194,324,1294,2242,845,198,644,70,73,148,339,1150,614,151,803,686,435,1366,3453
Datasets/wang/Images/train/class8/854.jpg,11775,1207,1561,888,1059,270,1615,1179,1376,222,243,156,1287,248,5806,2394,1221,162,194,100,204,34,211,126,906,104,140,108,1141,135,1933,693,850,176,142,134,170,58,128,172,162,38,41,37,127,39,161,211,759,90,148,68,171,22,151,114,836,87,109,92,1014,108,927,619,1020,183,169,174,142,29,102,106,160,38,43,47,102,29,107,84,219,30,49,28,16,21,25,39,200,32,52,49,95,32,117,129,767,159,126,160,85,23,92,138,109,46,41,41,96,39,132,221,1063,92,179,121,105,39,100,121,1041,105,208,143,599,131,654,679,938,838,148,759,184,200,121,1028,171,117,35,126,120,158,161,957,203,94,42,86,39,23,43,117,146,102,36,94,159,111,184,569,157,152,22,124,32,56,24,189,33,39,15,38,35,47,41,211,141,97,28,85,45,32,51,150,142,93,56,145,187,133,183,817,768,992,145,1137,93,88,70,577,134,137,34,183,85,120,135,584,231,143,43,109,34,32,37,147,166,120,44,164,117,149,171,547,1055,1341,158,873,82,110,111,625,127,193,31,194,110,188,241,1083,1334,756,215,609,107,129,212,712,909,599,216,868,607,598,1062,4346
Datasets/wang/Images/train/class8/879.jpg,12372,1591,1922,787,1173,217,1593,990,1240,260,223,139,967,231,4203,2437,1588,291,271,124,203,61,278,120,696,132,137,114,849,104,1913,833,1040,265,185,168,192,49,134,149,162,66,41,25,113,57,177,216,693,100,143,81,176,45,180,106,675,78,119,109,726,100,777,514,1092,237,213,150,236,38,95,85,163,56,38,43,90,32,92,136,200,47,51,33,47,13,38,31,154,37,33,32,97,28,124,138,748,282,144,170,95,49,82,115,108,63,24,44,80,54,134,228,686,108,132,106,86,28,121,145,804,93,148,143,504,121,553,601,994,693,149,743,168,154,107,714,172,136,32,116,136,158,137,771,249,112,67,86,49,24,61,103,103,94,44,109,179,110,270,565,176,137,39,111,52,41,36,132,36,51,10,38,44,48,49,204,136,85,28,85,40,48,34,158,115,102,32,260,166,156,212,980,749,896,114,858,97,78,82,499,143,163,42,181,89,138,131,567,245,132,75,113,49,38,61,117,154,125,48,168,106,122,248,645,1303,2081,168,875,81,113,160,514,143,276,55,237,125,264,428,1296,1384,868,238,570,99,156,222,606,658,537,184,869,535,657,1324,4865
Datasets/wang/Images/train/class8/844.jpg,24679,809,3221,1384,1115,74,2503,1370,1268,85,165,120,1094,100,4939,2208,667,55,171,49,228,13,214,56,674,49,106,48,1079,72,1805,444,868,134,178,118,174,23,108,109,85,27,16,22,98,18,69,61,607,46,119,67,207,15,142,69,805,58,84,83,1299,60,933,358,861,231,177,257,108,28,67,76,103,36,26,36,58,23,51,64,89,16,27,20,19,3,14,18,76,7,20,26,78,24,65,72,614,194,139,187,73,19,55,72,92,41,19,43,46,17,66,82,602,65,91,76,73,25,55,50,669,54,98,115,456,63,295,323,850,689,140,1366,104,142,114,1225,99,93,28,143,109,125,113,936,75,39,27,51,44,8,25,73,80,48,22,92,166,121,195,517,72,84,28,109,24,14,20,135,29,15,3,34,16,24,18,96,64,44,18,66,38,23,34,127,90,90,25,167,227,146,186,779,682,1071,118,1571,52,95,72,606,108,159,25,247,60,118,85,499,69,65,17,70,15,19,29,88,93,108,17,177,98,161,135,606,952,1213,102,902,46,74,70,389,71,198,27,214,60,101,134,597,667,364,84,420,50,74,76,397,525,440,78,789,374,573,493,2866
Datasets/wang/Images/train/class8/857.jpg,17538,1538,1783,923,1019,233,1538,998,1839,253,219,132,1606,238,6358,1825,1453,181,226,108,165,39,213,91,937,111,142,97,945,121,1594,534,887,204,141,158,130,48,109,176,177,57,35,31,131,60,132,220,865,119,169,98,126,32,147,132,736,87,111,91,620,74,669,412,928,160,114,120,101,33,91,77,178,52,42,35,90,31,97,87,211,39,44,34,26,14,39,29,162,35,42,42,80,33,92,117,695,160,117,146,86,48,112,137,142,67,46,62,105,70,144,222,861,110,172,110,91,40,126,127,767,119,146,153,396,129,477,582,905,821,168,811,160,148,136,690,159,152,36,91,153,172,153,704,229,100,63,85,54,29,56,85,155,99,42,89,139,109,157,384,119,123,44,107,37,57,44,144,45,43,15,43,58,69,54,196,116,87,50,109,47,49,46,149,117,96,46,144,122,145,187,706,763,728,143,705,96,84,93,406,138,156,41,147,108,146,139,422,174,91,72,95,34,41,72,133,137,99,65,119,121,121,239,533,832,766,148,602,97,94,134,518,142,160,63,194,128,207,305,1161,837,426,195,481,101,138,204,643,691,433,208,784,489,597,1148,4672
Datasets/wang/Images/train/class8/878.jpg,7997,1723,1370,657,667,130,1829,760,1126,201,215,107,1526,217,18582,3254,1703,282,320,118,174,35,371,115,579,94,119,74,891,112,3943,958,681,316,114,102,90,36,90,91,103,58,18,20,87,37,186,220,558,110,85,54,88,14,125,64,350,59,60,59,490,56,733,440,566,157,88,102,52,14,42,47,90,29,25,34,50,30,69,88,115,26,27,19,18,5,22,25,78,17,20,16,50,27,112,96,612,374,87,134,45,21,60,70,74,54,21,31,65,43,132,199,598,114,104,72,57,20,72,60,420,66,83,84,292,79,507,447,638,553,94,335,102,88,70,406,88,92,25,53,109,96,156,694,178,83,52,52,25,18,55,71,95,47,22,49,125,85,342,397,137,115,19,51,27,31,19,82,21,18,6,23,31,29,45,138,93,80,20,46,20,22,37,88,52,57,18,58,108,87,170,461,618,808,54,595,41,55,48,266,95,130,24,99,61,90,149,459,211,92,44,68,20,21,44,83,115,70,24,96,93,115,309,537,1854,2816,152,771,72,110,127,448,168,342,49,178,140,323,496,1453,1495,936,202,401,90,119,173,478,600,424,119,420,444,531,1430,3533
Datasets/wang/Images/train/class8/875.jpg,11470,1644,1035,648,1063,184,931,737,3408,228,235,127,3535,197,6598,1386,1585,384,239,147,202,44,259,111,824,136,143,97,1437,102,4029,705,795,255,131,107,150,50,95,118,127,50,34,37,104,59,149,224,654,123,118,105,143,35,160,85,563,87,84,107,591,72,710,445,1115,211,153,138,173,26,85,80,164,47,51,44,94,32,114,118,163,56,52,31,32,13,42,28,147,31,39,30,77,49,104,141,714,252,110,153,83,38,71,78,110,42,41,49,81,49,152,220,662,115,109,82,73,36,93,127,628,82,136,149,341,108,425,558,789,648,135,538,155,143,102,549,131,109,28,91,105,131,151,561,263,136,47,85,49,33,59,78,125,103,35,91,144,109,223,443,177,161,41,118,39,49,28,122,34,27,17,27,33,47,61,191,120,121,28,95,48,38,61,164,104,111,33,197,127,147,223,772,703,734,118,607,90,83,79,351,103,142,35,128,92,118,132,433,236,126,48,77,37,31,46,108,119,94,49,135,104,132,231,535,1150,1384,166,721,125,117,156,490,172,258,70,194,160,280,483,1462,1415,774,240,545,105,152,251,637,551,507,188,872,418,668,1375,4852
Datasets/wang/Images/train/class8/805.jpg,12411,1073,1749,743,1149,183,2019,1053,1581,195,261,144,1960,199,11793,2596,1110,124,269,97,228,39,278,89,806,85,147,84,1237,71,2854,690,711,240,161,172,145,37,137,157,106,54,32,28,105,42,152,169,547,96,151,90,163,42,195,118,529,61,106,87,731,86,927,568,879,217,156,128,109,31,71,68,170,48,35,39,81,39,90,79,192,27,56,28,27,18,27,28,157,30,45,28,81,26,115,95,615,227,135,191,82,31,80,112,97,42,33,46,73,39,110,163,663,104,180,122,95,47,138,140,730,81,166,140,391,133,500,522,690,591,126,512,140,173,94,768,191,140,25,102,144,183,155,769,185,74,43,52,48,25,54,96,136,88,35,92,201,112,238,585,130,135,33,89,38,44,32,142,31,35,9,38,26,50,37,147,96,73,29,80,34,40,41,128,105,81,31,118,150,129,226,773,676,794,103,678,79,85,90,424,130,184,31,160,91,128,120,492,190,93,48,79,20,26,33,102,178,130,50,142,130,136,218,568,627,1146,145,781,54,95,87,542,127,261,34,199,108,215,226,964,769,546,159,567,84,124,175,592,586,531,188,798,508,597,969,4089
Datasets/wang/Images/train/class8/812.jpg,21421,1006,2341,803,1218,195,1872,958,2498,170,229,114,1948,170,5237,1753,987,125,167,74,187,36,182,98,928,88,109,71,1059,101,1772,498,854,173,153,131,170,71,143,150,121,43,43,43,91,47,108,143,549,84,150,99,193,35,166,123,596,69,111,89,665,81,785,449,1101,182,180,159,129,41,108,85,182,58,39,56,93,27,71,80,215,33,55,32,40,14,29,32,167,40,53,47,90,29,75,86,648,174,142,157,104,39,105,116,110,46,40,57,78,36,99,157,615,106,180,116,90,33,123,131,536,90,159,149,331,112,408,604,832,516,128,568,201,171,96,533,163,144,41,117,127,133,108,677,167,94,39,72,61,39,37,93,144,110,42,112,153,138,173,464,150,107,39,119,45,55,42,171,42,42,14,47,33,66,38,192,117,91,52,105,53,56,68,171,123,115,46,182,194,184,194,861,671,671,114,590,100,82,75,312,147,160,36,146,75,128,86,425,174,98,44,85,24,37,49,105,141,123,49,178,143,140,153,556,623,807,104,616,99,117,98,434,136,168,35,205,98,172,198,810,712,527,148,521,121,153,158,611,584,523,211,902,457,644,798,4352
Datasets/wang/Images/train/class8/871.jpg,19617,627,793,705,1210,205,775,1026,4623,128,130,82,1837,141,1711,780,767,47,100,39,96,15,73,55,2909,45,73,61,2141,54,1304,250,1019,87,114,84,145,32,73,122,203,20,31,30,113,41,90,124,992,42,93,67,128,16,80,96,5084,74,159,110,3287,90,992,411,1071,90,140,129,141,22,66,89,200,25,25,26,83,23,44,74,194,19,27,16,26,9,21,29,259,18,49,32,99,16,51,68,652,52,74,104,92,17,68,81,121,21,26,34,63,31,64,107,1127,48,154,81,108,20,78,128,2905,90,252,210,856,112,461,525,715,631,159,1362,185,258,101,2364,159,101,28,121,112,149,77,800,112,58,21,73,20,11,28,84,105,54,23,100,92,67,63,384,95,66,31,100,37,48,21,213,22,15,6,43,19,33,22,177,74,37,23,98,29,32,18,206,138,110,37,233,154,133,115,918,546,534,91,1031,76,69,52,628,105,76,24,121,51,80,53,336,132,48,37,66,24,15,25,102,121,63,40,124,70,70,65,336,510,301,76,389,45,46,49,345,82,68,19,87,54,84,106,443,691,244,146,351,64,87,116,480,853,385,181,835,387,395,529,3038
Datasets/wang/Images/train/class8/845.jpg,15166,1187,1224,896,1204,278,1042,1053,1440,279,187,142,1053,275,2060,1273,1270,172,182,116,221,39,165,107,940,125,136,94,908,96,896,512,880,200,158,131,226,67,140,202,168,52,41,41,152,53,169,231,857,120,127,116,238,46,210,141,881,110,126,108,965,100,721,591,1270,211,213,210,183,41,106,137,196,49,40,59,103,38,102,121,291,26,60,31,40,12,35,27,259,35,45,35,100,34,101,142,824,148,146,162,133,34,111,147,171,47,47,51,108,62,134,238,1041,140,238,136,109,38,170,138,1010,146,241,193,565,113,680,767,924,839,176,826,230,225,126,1020,184,165,38,147,136,223,129,905,239,135,46,106,41,38,43,109,183,130,46,120,147,149,162,565,151,154,38,136,64,46,51,229,43,45,21,46,41,48,35,278,160,110,44,107,58,44,42,192,161,126,56,188,199,202,197,1000,792,780,119,971,97,118,88,583,159,170,43,191,86,130,112,565,284,118,57,125,47,38,41,125,214,120,59,199,150,126,157,597,837,892,155,748,103,120,126,732,144,185,46,199,146,163,240,1100,1191,706,236,708,134,165,253,781,1037,698,270,1076,671,746,1113,5236
Datasets/wang/Images/train/class8/827.jpg,11160,976,1615,1134,1211,149,1239,1325,1096,143,182,103,1048,105,2796,1656,902,79,166,63,189,29,234,66,826,56,126,71,1299,68,2164,464,1296,138,164,140,195,28,115,99,166,40,37,32,101,31,93,88,979,52,111,60,209,28,170,79,1362,56,106,89,1366,78,737,323,1253,239,193,253,187,42,81,96,152,45,38,43,86,21,64,76,127,28,22,27,20,13,19,36,150,24,31,38,89,19,85,96,1187,216,138,177,88,37,75,75,103,48,30,38,79,39,58,99,1147,94,96,87,91,32,80,87,1361,78,125,160,513,103,372,408,1509,1201,183,1915,170,180,123,1246,152,100,36,139,113,117,114,718,134,79,32,88,53,43,39,84,95,71,26,121,156,102,167,398,153,135,55,155,46,48,35,146,43,25,24,51,37,41,36,127,84,65,30,120,43,39,50,184,122,114,44,256,200,188,182,920,1468,2004,143,1945,90,117,82,620,102,145,33,242,78,107,71,469,131,73,38,124,28,42,43,130,112,114,44,219,93,144,136,602,3748,2613,135,1078,73,105,98,471,129,173,45,229,92,153,164,682,1614,502,95,465,86,129,130,531,664,478,118,1086,436,641,632,3820
Datasets/wang/Images/train/class8/837.jpg,8519,1734,984,787,1045,337,820,1133,1175,336,216,159,823,409,1279,2010,1710,248,247,107,184,75,233,140,823,133,128,101,683,149,962,714,1033,242,159,180,190,68,150,270,170,71,49,50,132,81,167,409,784,110,169,102,135,32,151,157,560,81,109,82,478,117,720,611,1068,192,167,139,116,40,84,103,225,54,47,42,106,36,86,176,321,43,78,43,34,16,36,51,244,50,71,34,97,46,112,186,885,230,152,198,88,43,118,196,130,58,29,50,89,71,151,347,1277,139,290,174,96,53,195,227,1086,128,275,183,429,134,673,923,1465,984,182,733,242,247,136,1033,286,215,50,122,209,260,195,1131,365,115,65,83,51,40,65,113,202,108,44,84,168,135,208,617,205,138,56,115,35,62,32,300,57,52,17,47,23,64,58,352,158,97,28,92,38,41,52,227,103,79,34,126,131,147,171,855,1148,930,145,746,83,115,106,537,190,157,38,131,112,139,137,679,407,150,84,108,48,41,77,170,283,128,65,146,130,152,219,681,2081,1423,183,854,96,117,162,714,198,202,65,157,152,240,356,1485,2373,735,442,715,146,159,338,994,1189,558,324,927,570,614,1441,5309
Datasets/wang/Images/train/class8/816.jpg,14628,1620,1304,1036,1133,138,1276,1246,1458,175,171,118,1374,177,4381,2122,1579,215,199,87,159,33,216,78,980,97,105,101,1231,82,2392,697,1017,199,129,122,162,39,171,124,83,51,26,17,92,31,136,156,898,103,113,91,152,27,142,81,870,68,81,111,827,58,827,391,1168,181,162,132,98,24,75,48,114,36,26,33,77,18,91,86,142,31,27,22,17,8,21,14,112,28,27,33,40,16,86,73,1026,218,151,161,96,29,83,87,92,42,37,33,81,43,130,172,1165,81,135,104,64,24,86,86,700,74,102,94,320,78,442,381,917,923,119,958,132,108,89,797,143,116,28,93,133,130,159,790,202,103,38,71,35,16,41,59,128,90,16,111,142,89,186,452,140,141,33,89,43,31,23,100,38,27,9,24,28,43,41,140,105,93,33,98,39,39,39,132,104,106,27,198,138,120,159,847,1096,1263,106,894,81,82,80,362,118,153,23,154,72,106,138,478,179,92,37,65,23,21,36,80,149,109,33,157,109,90,182,429,2584,2372,149,882,112,114,142,442,162,227,42,184,149,188,473,1304,1846,712,193,458,87,108,195,456,789,470,171,914,458,478,1284,3759
Datasets/wang/Images/train/class8/826.jpg,12377,2155,1274,1045,822,166,1119,1237,1090,313,163,102,1024,270,3236,2588,2076,295,267,95,144,37,221,91,831,108,100,81,1090,109,2216,842,1089,273,146,139,113,37,121,142,129,49,31,35,82,60,208,259,928,99,133,59,85,21,145,66,689,59,70,60,528,62,717,430,884,148,106,105,73,15,48,48,86,29,24,19,47,24,74,82,209,40,27,22,9,7,16,25,86,19,17,25,38,24,72,108,1114,262,121,160,67,34,89,94,94,53,26,39,87,51,172,244,1183,128,159,83,58,26,107,112,637,60,75,94,247,85,461,425,1391,1048,116,1044,87,85,99,681,140,111,23,83,127,144,212,873,309,108,52,61,40,20,43,63,119,75,28,70,158,95,189,404,209,109,27,91,40,40,30,103,22,30,12,20,18,43,58,164,138,100,17,74,27,33,45,85,84,89,23,113,99,76,150,526,1211,1160,91,752,61,49,75,280,146,129,16,91,97,105,165,476,344,114,49,55,17,29,58,73,168,99,34,110,97,84,219,436,3445,2256,209,879,93,100,216,495,197,228,63,168,207,254,773,1607,2882,920,299,475,131,129,291,471,926,467,188,591,488,462,1687,3897
Datasets/wang/Images/train/class8/810.jpg,61378,542,924,461,430,74,528,402,1507,82,62,36,741,89,1099,483,561,60,90,38,86,16,84,38,727,33,49,17,633,35,721,180,628,90,76,45,63,15,54,59,75,23,15,10,41,21,56,64,409,42,60,31,82,10,86,33,1003,23,53,30,556,40,427,169,464,89,69,90,49,9,25,21,65,16,14,9,30,8,25,33,71,24,11,9,13,5,7,11,56,5,10,10,32,10,29,30,426,95,64,75,41,14,38,58,38,15,8,21,18,16,47,52,364,47,68,53,24,10,40,36,324,27,47,53,182,42,204,198,642,394,78,636,50,46,28,321,61,42,11,65,49,66,53,296,68,41,14,30,15,14,18,40,53,40,5,45,73,49,61,170,89,61,14,53,14,11,14,53,14,19,4,15,13,15,10,76,35,28,11,46,16,10,19,60,54,40,15,73,62,57,91,271,432,541,43,482,36,35,43,200,63,62,12,71,39,51,47,207,82,50,18,45,14,12,21,40,76,51,17,58,41,49,77,238,725,622,63,448,35,44,44,221,67,94,19,98,54,72,111,426,533,297,65,281,37,56,81,242,328,214,70,334,217,229,425,1597
Datasets/wang/Images/train/class8/873.jpg,9673,1158,791,602,754,187,857,847,1718,210,163,113,2667,218,10691,2219,1214,143,193,80,148,32,166,97,748,91,103,61,1578,88,6906,753,961,206,154,137,103,41,115,166,119,51,25,34,84,51,127,213,731,87,127,70,98,23,104,100,519,61,97,64,460,78,691,413,899,122,116,113,74,23,61,63,134,36,27,27,65,27,71,76,194,38,38,23,31,10,27,25,145,15,30,25,56,22,80,105,989,179,125,149,77,32,74,122,110,39,24,34,67,49,113,200,1119,102,205,104,81,39,121,135,720,87,166,150,315,99,465,533,1066,728,132,633,147,143,82,654,165,133,34,78,135,166,130,660,195,89,49,55,33,23,29,74,147,62,27,76,124,97,146,347,160,112,46,102,32,27,26,130,32,34,11,27,26,42,30,188,145,67,31,61,35,28,44,135,93,76,32,126,87,107,129,596,864,875,98,558,80,79,73,309,149,127,25,96,73,120,102,363,285,102,53,76,27,35,33,102,196,96,51,82,95,86,153,388,2558,1840,160,683,83,96,105,461,181,168,39,130,111,189,244,932,2094,732,228,531,96,115,226,602,925,543,213,659,461,529,936,3630
Datasets/wang/Images/train/class8/842.jpg,21048,1287,959,968,1089,145,966,1062,1959,121,114,58,1539,122,1901,962,1194,108,133,71,154,18,144,64,1450,68,76,53,1864,51,1635,435,936,128,158,178,161,12,146,155,102,15,26,10,73,32,98,112,996,59,148,92,151,10,209,101,1593,62,116,101,1603,47,1209,428,1192,133,142,158,88,14,79,65,116,28,20,17,79,13,60,38,127,19,33,10,11,5,13,16,139,11,23,20,52,11,57,54,1105,162,159,219,81,17,74,117,100,24,14,20,77,20,90,93,1142,67,166,99,59,13,110,55,993,58,118,103,536,52,452,297,939,1059,99,1173,131,118,77,860,114,147,16,98,156,158,118,839,121,64,25,60,19,16,29,66,136,104,19,87,190,99,132,457,88,111,12,110,20,34,21,117,11,19,3,26,15,26,26,126,79,68,38,86,24,23,33,100,97,92,24,171,173,128,173,788,1139,1893,84,1413,84,72,71,511,136,185,23,162,86,110,89,499,128,72,19,57,11,11,16,54,169,101,27,131,111,69,142,334,1421,1950,114,1412,62,74,114,553,111,183,24,189,104,125,217,883,1034,620,110,556,57,50,117,334,946,552,139,894,535,361,889,3081
Datasets/wang/Images/train/class8/862.jpg,8189,1706,790,637,602,183,714,826,889,358,172,112,885,381,3115,2807,1678,254,235,110,137,43,234,124,706,126,94,75,898,128,2714,840,952,245,142,106,95,29,109,136,137,46,22,27,65,59,177,354,711,106,101,77,93,32,121,87,503,67,60,45,459,67,744,493,646,130,82,80,61,25,58,51,92,33,23,25,53,18,94,110,186,39,49,18,24,9,29,32,110,27,25,15,53,29,100,108,1046,241,106,141,47,21,85,116,86,62,24,30,79,69,137,302,1044,113,159,78,69,29,96,96,508,58,103,91,312,70,493,522,1079,751,114,466,80,81,106,431,132,115,28,57,124,132,151,738,340,103,52,57,23,18,54,64,103,65,22,55,101,84,218,363,180,107,38,58,35,25,27,94,25,27,6,18,17,48,49,167,159,74,36,45,19,27,42,76,78,50,17,71,73,77,122,503,1274,1042,95,540,65,58,56,305,110,108,18,74,72,89,138,454,368,122,52,65,22,20,50,75,155,70,32,70,99,93,199,452,10760,5039,186,750,98,98,144,544,177,226,48,132,138,221,461,1451,3852,956,334,491,128,130,330,569,877,498,201,571,567,519,1446,3851
Datasets/wang/Images/train/class8/833.jpg,13501,964,1702,1201,868,103,1570,1845,1516,126,172,78,1495,125,5906,3398,879,64,110,53,135,21,121,54,1017,43,93,48,1576,47,3011,613,1187,115,143,84,101,29,111,88,150,27,30,14,68,44,108,104,928,44,96,54,124,14,119,77,1325,34,100,70,1141,55,855,311,827,120,118,112,83,23,52,50,110,31,28,25,51,26,29,52,112,14,38,18,21,11,19,26,129,18,26,34,40,21,39,72,1258,123,99,116,61,22,54,52,67,26,15,36,44,28,81,97,1623,41,105,77,46,24,53,80,1246,55,117,111,379,92,308,357,1243,989,114,1750,118,108,64,1281,130,98,25,83,97,111,104,991,130,45,26,30,17,19,27,44,80,42,17,54,100,61,112,318,143,99,28,79,27,37,34,126,33,17,13,17,16,26,29,126,85,64,20,59,35,24,31,103,77,61,33,133,137,109,111,540,1216,1763,84,1179,47,45,52,385,105,111,22,109,52,63,85,320,123,54,22,40,13,27,30,63,113,77,27,100,75,95,93,333,3875,3065,130,920,59,59,89,336,125,92,31,121,71,102,221,608,2554,536,109,314,68,95,114,362,889,361,119,582,334,367,611,2413
Datasets/wang/Images/train/class8/839.jpg,9382,1452,1100,1043,1168,238,1169,1938,1298,225,143,127,1213,282,2016,3048,1473,104,149,77,149,16,181,89,1095,80,103,79,1140,70,1510,673,1092,171,179,165,152,26,168,242,119,33,18,24,102,48,146,303,1142,76,171,90,143,21,186,127,1371,62,106,89,1194,78,1051,621,1235,141,148,157,99,18,74,72,184,31,26,33,68,18,68,105,235,25,43,14,20,5,26,19,225,16,32,29,75,19,60,89,1214,174,160,187,96,24,93,126,120,38,32,22,83,37,117,215,1927,89,249,126,91,14,139,123,1865,82,215,173,575,82,647,553,1106,978,146,1143,166,191,129,1726,253,172,26,116,169,274,166,1607,223,71,34,56,37,13,43,82,183,81,18,92,142,102,170,540,112,99,29,131,25,30,20,246,22,23,7,23,26,31,28,207,135,69,17,86,31,24,22,134,108,94,30,141,140,151,110,832,1061,998,113,1061,71,60,69,513,160,138,23,124,75,115,104,580,274,76,39,63,16,24,37,81,250,94,38,109,114,78,131,427,1870,1323,123,952,77,80,95,595,150,155,34,131,112,126,249,1043,2640,621,277,574,94,79,183,561,1650,560,226,901,619,457,1104,3370
Datasets/wang/Images/train/class8/865.jpg,15615,2130,998,996,807,114,1075,1040,821,185,85,78,969,150,2105,1573,2015,258,237,93,151,18,249,69,958,112,74,58,1205,64,2254,673,1293,224,134,151,89,9,118,114,72,27,14,17,63,31,159,169,1053,99,139,68,80,9,177,58,911,44,53,70,738,30,1079,382,869,146,80,78,71,16,53,41,88,11,16,11,51,10,77,51,99,19,17,12,13,2,7,4,52,5,12,12,34,7,49,43,1400,284,153,168,60,11,104,101,69,29,11,12,66,30,154,145,1227,69,117,68,41,9,87,28,662,35,70,51,320,32,548,197,1127,1125,67,1060,90,70,67,686,117,116,9,68,147,159,178,951,181,93,22,49,21,12,22,28,135,69,14,67,163,55,238,456,85,101,9,61,14,10,10,73,17,9,3,10,13,18,17,104,90,82,13,58,19,15,17,58,62,59,15,101,92,67,138,547,1366,1673,71,919,52,34,62,383,134,186,11,83,104,90,171,562,192,106,25,39,14,4,20,33,168,77,21,60,101,62,141,259,4827,3702,190,1309,94,72,163,612,190,224,27,172,185,214,547,1649,3024,919,204,492,52,53,173,253,1045,485,114,587,583,291,1634,2753
Datasets/wang/Images/train/class8/877.jpg,10838,1384,1885,1261,877,183,1692,1756,1506,225,203,122,1551,203,5406,3081,1493,313,214,73,179,47,224,90,993,106,109,91,1648,115,3063,947,995,204,150,129,126,43,141,126,158,40,43,35,105,51,157,188,801,96,144,49,125,29,133,99,974,70,84,92,954,85,886,445,822,206,109,127,106,31,72,83,116,41,32,37,57,27,87,100,182,47,48,24,33,13,32,26,119,25,32,44,80,34,91,115,848,220,142,151,80,27,84,125,126,62,38,61,92,55,153,215,884,132,127,104,72,28,106,110,738,95,105,118,447,116,470,501,934,778,170,1308,133,109,98,1069,149,117,26,94,122,123,133,880,219,104,57,84,51,32,45,80,127,68,27,77,169,111,204,426,142,99,36,103,31,34,31,106,33,37,27,35,31,32,48,163,132,89,40,73,36,29,55,119,110,86,34,179,113,112,184,675,740,880,108,857,71,76,88,464,129,141,30,136,80,129,123,489,196,123,48,107,27,28,49,106,139,109,46,125,123,134,231,628,1430,1321,161,675,84,94,152,465,154,208,51,204,123,209,463,1171,1747,821,213,439,110,135,208,558,641,480,180,729,503,589,1204,4303
Datasets/wang/Images/train/class8/813.jpg,10516,1626,1375,796,1168,225,1452,984,1663,253,212,171,1713,251,5082,1973,1731,300,287,154,230,39,281,135,889,152,147,118,1248,118,2242,923,799,299,139,154,166,50,165,152,130,55,32,32,122,60,196,229,747,149,142,131,155,27,193,138,633,84,98,95,780,57,965,675,1071,231,160,157,89,30,87,90,156,41,44,42,97,40,126,100,192,57,42,19,25,15,26,22,156,37,35,35,92,27,103,124,734,255,137,183,104,35,125,141,116,54,31,53,97,50,154,264,851,147,173,121,90,33,147,113,619,91,154,160,429,129,681,634,766,716,119,509,168,143,109,617,152,140,28,89,130,180,182,933,294,140,48,92,58,23,46,90,158,103,33,95,197,149,234,653,143,127,37,104,54,44,37,138,34,29,15,34,28,56,63,229,132,108,29,110,46,31,40,152,128,109,34,117,145,164,226,866,808,820,89,702,96,70,102,412,168,163,37,157,127,144,191,660,252,109,56,107,31,20,53,103,176,132,49,144,131,126,212,597,1124,1432,153,874,121,124,159,636,159,237,39,209,170,241,340,1463,1300,863,259,617,139,103,204,609,896,686,235,915,649,602,1482,4965
Datasets/wang/Images/train/class8/801.jpg,12127,1536,1314,970,1422,237,1077,986,1133,217,214,137,1026,173,1954,1515,1393,342,258,123,248,53,292,119,780,123,108,126,910,125,1697,898,938,275,174,145,188,53,150,142,165,60,28,44,109,58,142,168,687,111,135,109,205,28,161,109,979,89,118,117,1063,102,814,517,1510,235,195,228,245,31,127,110,172,48,42,42,80,33,110,112,180,53,54,26,34,12,30,28,133,36,30,45,108,29,111,151,806,264,131,172,117,34,86,82,114,60,25,55,84,49,126,193,869,100,155,109,102,41,106,116,934,105,142,196,575,111,520,528,899,805,167,1286,189,182,132,1090,138,159,40,149,146,149,157,818,208,129,50,110,34,35,67,107,128,94,40,152,183,126,266,655,185,124,39,172,55,36,40,180,24,39,15,49,41,42,60,204,130,123,29,136,38,37,48,158,127,132,28,358,198,171,202,1135,909,1045,153,1270,121,110,82,695,129,159,32,215,103,130,123,687,189,132,52,103,25,31,55,147,136,131,41,157,120,128,242,675,1235,1508,146,1050,108,102,128,582,158,254,56,256,97,247,428,1333,1289,927,219,600,108,174,187,645,801,664,171,1186,531,685,1235,5043
Datasets/wang/Images/train/class8/872.jpg,10982,1409,1689,960,1293,250,1124,1192,1671,256,227,158,1138,303,1856,1643,1336,227,233,105,226,51,203,111,911,107,142,116,1038,114,1292,671,996,220,199,156,256,57,163,176,203,72,41,41,152,77,162,237,706,107,148,103,228,42,193,142,768,91,142,131,1045,106,833,571,1263,222,279,239,205,55,109,109,249,66,60,56,103,32,106,132,253,50,64,46,62,22,52,60,204,37,59,76,114,46,121,162,703,208,136,189,104,41,85,151,147,50,39,73,96,50,130,253,883,118,187,145,126,59,140,159,992,112,192,208,589,181,610,770,1030,746,204,895,236,239,144,1141,199,141,61,137,143,191,134,954,262,126,66,110,65,41,57,141,171,101,38,126,180,115,199,605,198,137,52,119,51,70,59,174,52,54,10,41,54,60,56,243,151,104,67,110,62,68,68,208,130,131,47,234,266,218,227,1051,707,863,155,1126,116,138,104,623,160,171,45,242,85,126,116,639,272,115,75,122,35,36,78,153,185,133,59,229,124,191,209,763,867,1035,144,812,107,108,117,623,134,196,52,234,147,193,280,1170,1346,626,259,578,125,195,262,745,858,615,216,1149,536,758,1227,5312
Datasets/wang/Images/train/class8/855.jpg,10077,1658,980,848,1275,246,943,1024,1126,245,187,148,936,303,1690,1519,1587,292,233,134,198,51,238,129,823,120,136,103,785,113,1612,780,929,251,147,155,181,48,126,191,141,50,34,41,96,49,145,277,767,125,130,89,163,22,146,107,1397,89,136,111,1572,91,728,560,1411,216,175,191,173,33,104,92,167,39,35,38,83,33,101,109,234,39,52,35,31,6,31,28,176,32,36,36,117,31,102,137,825,241,147,175,80,24,121,128,110,59,36,41,105,49,148,266,1013,151,177,118,103,30,113,147,1385,109,191,142,652,123,525,628,1032,893,149,1002,193,160,111,1026,181,160,45,119,145,178,187,899,332,145,50,96,50,28,54,124,163,101,37,110,157,130,217,574,159,143,39,144,27,49,32,198,28,34,13,41,39,59,58,232,155,108,46,131,35,38,53,175,122,127,33,403,164,155,166,1067,917,1088,128,1326,105,94,111,609,159,164,40,175,110,108,149,675,307,150,71,118,26,27,59,121,193,119,30,160,125,115,204,566,1307,1691,152,959,106,141,157,660,159,251,53,212,145,265,357,1470,1796,910,321,691,129,123,240,732,886,639,217,1224,558,606,1457,5026
Datasets/wang/Images/train/class8/819.jpg,25980,1073,1524,714,851,225,955,808,1791,237,188,112,1155,310,2950,1403,1192,205,189,83,207,34,191,126,893,104,142,80,887,126,1291,527,956,164,180,117,149,56,124,119,204,58,44,35,138,54,142,239,691,115,143,79,169,31,165,102,681,81,109,79,683,94,675,411,743,170,135,140,110,41,74,84,164,34,38,44,60,35,87,89,249,45,57,35,38,20,44,46,167,42,46,31,94,49,118,139,636,206,115,145,89,24,82,131,131,51,44,43,85,64,103,245,659,108,172,118,104,41,126,173,542,120,148,152,406,142,485,723,969,621,159,596,136,167,99,552,179,122,57,106,125,150,126,596,218,97,54,55,49,30,48,73,124,72,47,69,153,118,200,327,141,118,64,81,35,44,43,126,45,40,15,38,46,62,57,184,112,80,38,93,40,31,61,146,116,82,53,128,153,166,200,637,681,572,130,533,65,79,58,372,120,131,37,129,76,76,113,389,266,126,49,95,38,39,59,137,151,110,47,164,124,144,203,597,1200,860,143,567,85,117,113,462,143,208,52,212,99,210,293,963,1051,567,190,512,118,153,222,681,550,431,233,697,480,756,1076,4584
Datasets/wang/Images/train/class8/838.jpg,8544,2067,1083,802,857,139,999,948,1035,252,153,84,1080,259,1854,1661,2261,277,493,133,259,47,582,136,1037,89,188,90,1551,126,3699,944,1151,523,221,213,137,35,201,149,142,61,37,32,107,70,239,187,991,167,200,84,138,28,215,113,755,51,109,77,819,80,1325,560,848,245,110,132,69,23,52,42,112,56,30,35,64,32,87,98,148,43,44,25,21,11,31,18,108,25,23,22,69,20,153,115,1050,563,179,241,58,38,94,109,122,85,26,44,69,81,172,241,1081,132,157,105,57,34,114,85,690,88,106,96,410,105,668,507,813,830,103,538,113,85,97,531,182,158,28,69,165,163,191,800,266,95,74,70,43,18,108,62,157,63,31,69,244,133,616,594,162,170,27,76,34,24,25,95,20,21,12,24,31,35,45,140,114,82,30,61,32,23,51,92,90,60,21,73,125,114,241,604,922,1203,114,630,69,62,75,307,178,239,29,123,123,152,178,623,211,131,74,76,30,36,77,97,161,132,36,85,180,140,469,636,1897,2990,223,1204,89,134,140,580,226,562,38,239,193,494,400,1713,1504,905,184,542,107,117,243,463,957,664,152,614,769,737,2038,4585
Datasets/wang/Images/train/class8/846.jpg,24333,969,1505,874,781,105,1298,1299,2500,152,196,96,2247,168,6358,1683,1006,123,154,58,101,29,156,72,971,73,121,61,1174,58,2492,460,1849,124,110,94,75,30,97,95,120,30,17,21,75,27,116,129,881,59,91,40,65,18,92,69,962,27,84,50,692,54,773,347,682,93,78,70,60,15,47,42,80,19,25,22,32,18,31,54,120,28,30,17,8,8,24,20,88,16,27,28,42,9,58,84,1463,139,93,83,38,22,59,49,71,26,16,20,58,23,87,139,1109,62,88,57,48,15,60,72,736,43,85,87,244,56,331,365,1317,679,94,931,91,100,74,1041,108,97,31,74,118,116,123,714,135,50,28,40,19,15,36,48,102,46,15,47,81,49,134,312,129,84,17,70,24,19,14,89,20,11,7,11,19,26,21,118,96,45,27,41,7,15,24,82,85,55,16,67,62,75,101,466,1038,789,56,541,27,34,53,209,85,70,16,67,40,62,74,291,133,56,22,32,18,16,29,54,121,61,23,84,64,64,120,298,4202,1328,104,488,51,48,73,248,110,133,37,90,101,131,244,672,2022,482,135,283,63,55,112,331,652,309,131,406,309,331,695,2392
Datasets/wang/Images/train/class8/818.jpg,12263,1459,1132,967,1118,248,1034,1222,1468,235,146,111,1252,240,2332,1572,1544,148,206,122,183,35,201,109,1024,92,119,93,1021,104,1356,569,1012,240,131,162,146,33,172,213,162,51,44,34,127,45,144,242,916,114,144,113,144,25,171,157,927,81,116,137,696,79,763,545,1224,189,170,166,133,27,93,99,187,42,46,37,95,31,81,110,259,30,35,19,33,9,35,23,189,27,39,43,84,25,94,109,1071,239,150,186,98,35,119,144,114,46,34,52,82,30,122,202,1338,137,233,129,90,21,128,135,1021,113,192,169,458,98,605,657,1113,986,150,799,180,209,138,970,179,167,40,121,163,212,138,1005,246,125,50,84,31,30,67,108,183,102,33,97,144,122,179,553,216,169,36,130,45,53,40,215,30,32,9,38,50,57,63,237,169,125,31,113,38,38,45,194,119,107,42,180,137,144,189,926,1090,1077,136,811,136,99,87,545,177,178,25,184,97,126,139,619,260,151,61,101,30,33,45,117,210,114,43,180,135,136,221,627,1444,1577,178,987,104,134,142,753,198,208,43,207,140,225,257,1136,1670,816,259,750,140,160,240,714,1069,654,246,966,596,600,1079,4763
Datasets/wang/Images/train/class8/820.jpg,18045,1210,1458,1193,894,107,1209,1367,1579,157,156,77,1320,163,2815,1856,1138,177,145,81,142,21,149,82,1020,95,81,81,1339,82,1861,701,1382,170,83,102,102,21,102,97,101,32,24,13,71,19,132,137,937,86,98,56,104,24,119,50,1298,41,75,79,1046,62,860,370,924,125,84,75,75,16,61,38,96,21,22,20,41,12,49,64,112,29,29,14,11,0,21,14,74,12,24,20,39,10,59,61,1342,175,92,127,58,17,63,70,79,31,17,14,72,28,87,137,1420,82,115,63,51,13,66,41,1003,49,85,73,344,44,401,308,1652,1201,120,2199,97,86,73,1187,95,101,15,66,81,122,114,871,160,74,31,58,22,15,30,41,104,44,12,72,102,70,117,383,142,88,19,79,22,27,19,72,17,19,8,11,16,28,27,103,111,72,15,60,17,21,22,69,81,76,18,130,91,95,116,566,1503,1571,65,1103,56,40,46,343,104,99,15,74,54,68,101,376,189,98,29,38,16,9,35,38,131,73,30,70,74,31,158,288,3847,2670,145,989,67,74,128,388,142,170,29,128,114,147,268,886,2316,787,148,454,79,69,136,330,919,437,139,628,355,316,903,2710
Datasets/wang/Images/train/class8/853.jpg,21980,1186,1413,857,1124,228,1241,1145,1475,213,195,105,1152,249,4544,1865,1114,117,178,52,105,22,149,71,791,71,96,63,703,54,1343,397,1233,210,131,126,158,53,128,186,148,58,27,36,87,48,94,218,772,58,146,80,121,26,137,119,818,65,96,95,455,62,458,405,1146,131,126,92,140,20,65,66,221,39,41,38,83,27,63,91,224,26,47,27,18,10,29,31,279,26,46,38,68,22,76,93,972,165,145,142,55,31,81,112,117,53,29,40,68,35,96,185,1085,87,190,108,74,32,113,159,1249,84,232,202,357,113,403,625,1396,860,153,916,242,233,115,1159,196,139,38,93,134,199,115,830,238,78,41,53,49,29,37,91,129,64,36,76,101,85,145,349,164,94,29,98,49,44,28,236,42,33,17,28,29,59,40,207,112,72,42,101,30,42,40,196,104,83,38,166,109,133,120,846,982,731,94,559,71,69,60,349,140,132,26,106,69,92,109,340,277,75,46,62,33,25,55,101,182,100,48,146,104,90,158,398,1669,1008,125,585,75,92,121,400,145,130,43,138,115,160,233,883,1431,448,206,390,98,121,216,602,833,462,243,860,400,447,838,3792
Datasets/wang/Images/train/class8/802.jpg,14602,1632,1030,747,885,264,814,863,1057,338,195,141,848,358,1107,1772,1679,231,285,116,235,39,296,129,753,102,141,79,946,115,1455,729,1074,275,197,165,161,63,171,190,138,54,44,41,119,66,172,396,830,126,169,119,187,45,198,136,585,73,109,91,724,95,820,561,985,240,148,159,72,30,59,84,132,50,32,33,82,41,72,132,275,43,51,30,27,15,42,39,132,22,39,29,80,36,134,151,882,306,151,237,81,35,124,166,119,65,40,57,100,68,154,298,1146,155,185,126,90,36,158,163,688,97,130,118,380,121,580,670,1097,864,137,606,150,142,105,575,220,165,45,85,145,224,145,831,328,124,59,77,60,23,79,102,190,113,36,78,213,157,280,583,225,155,42,104,38,37,39,154,52,42,13,37,35,40,51,240,148,90,36,61,43,36,60,141,105,86,19,126,190,133,244,761,930,1022,136,817,95,90,96,417,179,218,35,158,112,137,156,606,397,130,74,102,32,39,54,159,192,161,41,161,158,180,256,701,1156,1786,190,957,100,126,148,674,156,327,65,242,134,286,348,1444,2113,862,350,704,116,162,330,781,1019,698,211,786,644,733,1406,4913
Datasets/wang/Images/train/class8/864.jpg,11073,1429,1399,808,1097,190,1274,995,1496,244,220,162,1360,257,4737,1918,1471,295,231,135,213,43,246,147,824,110,158,121,1020,144,2185,958,874,240,151,107,179,58,124,159,123,37,25,34,104,47,169,241,716,136,136,81,165,33,154,120,665,84,117,99,937,92,860,587,1179,245,190,180,146,34,110,80,145,51,30,47,91,22,91,133,212,48,29,30,36,13,43,30,142,37,35,49,88,27,107,123,836,243,143,142,109,37,95,111,115,56,34,51,100,47,145,233,827,128,166,109,118,33,117,106,772,118,145,146,491,127,627,568,880,775,147,700,150,154,97,689,140,133,32,110,148,147,157,776,226,126,41,99,41,36,64,92,136,83,32,113,148,116,246,540,163,165,36,119,45,32,37,155,35,32,18,41,27,60,41,198,135,114,35,112,40,37,38,141,119,120,46,196,183,157,242,882,888,1075,122,907,109,100,89,516,134,175,37,190,97,119,135,543,246,140,50,105,31,33,45,106,141,118,37,156,115,132,215,639,1405,1891,183,886,123,131,133,618,155,253,47,212,161,235,331,1196,1621,1068,237,633,139,153,228,660,767,635,196,1078,635,664,1229,4873
Datasets/wang/Images/train/class8/858.jpg,13667,1921,1652,799,758,155,1193,1010,1929,323,223,99,1681,321,4912,2361,1765,467,307,104,152,63,286,122,753,96,106,73,931,103,2548,788,1150,316,135,106,92,41,106,115,118,57,31,27,91,68,138,250,628,125,112,57,95,22,123,78,709,58,74,57,628,58,620,359,747,171,87,97,123,17,65,51,103,38,32,21,38,21,71,106,148,70,36,32,17,14,22,40,119,23,28,24,46,31,84,128,1034,349,123,133,54,28,70,88,100,61,23,56,63,56,115,286,738,122,113,80,55,36,82,127,523,71,76,99,321,105,391,474,853,562,150,753,111,101,83,691,157,116,41,68,91,127,154,603,360,131,78,76,41,26,61,54,123,60,21,67,109,68,271,361,198,110,44,89,32,33,24,87,46,27,15,34,39,47,46,149,122,78,32,67,32,34,50,88,64,69,33,212,60,92,156,591,734,606,101,616,71,67,71,357,85,153,32,85,78,102,146,408,355,149,88,64,31,27,75,109,113,91,34,93,100,111,287,461,3279,2258,200,603,88,120,141,413,166,306,62,180,162,304,573,1641,2553,985,273,434,117,153,303,592,618,392,174,698,417,583,1546,4412
Datasets/wang/Images/train/class8/809.jpg,21079,1057,1218,741,965,230,1017,995,1677,160,171,114,1353,192,4576,1387,995,138,169,85,173,36,216,107,851,69,132,82,1030,91,1689,517,781,168,128,136,137,31,129,165,151,34,30,20,120,43,130,150,659,73,119,104,193,30,128,112,792,64,121,103,1052,92,894,469,992,189,151,181,115,27,80,103,169,27,26,38,75,24,62,100,222,20,42,27,30,13,30,22,228,13,28,37,84,32,108,107,696,200,124,140,86,22,77,97,98,31,23,38,67,38,91,140,968,121,152,125,108,33,106,124,1109,107,197,185,538,130,528,544,885,688,149,752,171,230,92,1060,148,111,38,106,125,170,108,813,167,75,41,66,29,22,41,109,114,76,32,76,151,91,172,457,148,141,38,111,29,58,31,219,29,43,11,47,41,49,46,156,128,70,27,101,33,49,26,166,115,100,38,172,179,158,188,712,766,931,156,1127,75,84,89,539,129,140,31,182,79,115,110,496,235,88,27,91,29,32,47,132,163,104,41,158,99,104,163,586,947,1303,116,842,69,111,93,600,122,203,35,188,100,168,255,895,1060,598,176,614,99,144,152,641,863,529,194,833,523,596,833,4039
Datasets/wang/Images/train/class8/828.jpg,18478,954,1875,1035,808,160,1556,1324,1745,159,223,93,1558,150,6755,2324,906,136,156,74,141,32,183,93,822,64,104,56,1243,85,2615,556,1126,159,156,110,111,37,122,86,137,34,27,22,82,36,105,123,727,93,87,55,104,29,135,79,884,32,65,73,752,73,801,385,726,158,108,161,78,22,59,51,100,34,35,28,50,22,66,82,108,37,41,26,26,12,25,39,110,33,33,27,68,23,63,95,949,180,94,133,48,31,63,87,82,34,25,35,71,32,83,120,850,103,98,65,57,35,71,78,718,86,101,97,300,88,403,393,1461,927,159,1688,140,113,90,1089,117,101,32,94,105,107,103,898,127,82,40,53,23,37,33,59,91,57,20,60,103,84,152,411,162,118,31,85,30,39,24,121,36,20,6,19,29,28,36,136,99,77,23,64,29,35,34,81,64,56,23,93,118,106,140,491,1027,1085,81,1149,62,53,55,392,86,132,29,132,66,72,70,416,150,81,25,86,16,32,32,102,117,85,35,82,90,84,154,458,3061,1628,118,845,65,94,88,451,115,175,37,143,88,166,233,780,1381,640,130,445,81,103,123,477,736,409,132,527,435,489,781,2941
Datasets/wang/Images/train/class7/701.jpg,7155,1489,770,801,1412,274,901,1001,942,230,159,158,921,235,1089,1371,1514,244,235,145,242,46,237,135,850,129,154,142,930,146,1251,863,873,239,179,160,221,56,133,225,125,47,44,43,143,55,153,245,924,139,146,117,203,35,190,177,888,114,144,132,1304,111,861,751,1487,236,201,195,220,31,137,131,237,57,53,46,105,29,131,149,293,49,51,40,23,15,46,35,245,36,55,40,125,36,129,153,1009,254,186,205,128,34,132,161,141,54,51,44,112,38,167,215,1195,141,224,179,125,35,140,153,1454,126,249,206,746,131,733,803,942,878,142,810,255,235,104,1197,188,168,43,123,162,207,133,931,231,144,50,99,45,43,46,133,183,148,37,132,182,128,237,722,189,180,42,160,41,59,38,257,38,30,14,53,47,67,57,264,182,139,50,132,52,61,52,247,160,151,43,256,211,210,248,1267,999,971,158,1152,133,125,108,678,192,185,49,190,131,152,138,725,268,151,44,127,44,38,45,121,208,155,49,198,176,141,226,724,1081,1184,178,852,155,168,148,748,201,261,55,245,156,229,292,1341,1436,934,287,852,166,172,237,845,1070,810,324,1318,740,755,1284,5893
Datasets/wang/Images/train/class7/741.jpg,7237,900,782,830,2423,296,830,1054,928,156,98,106,834,149,456,622,885,96,127,89,218,23,107,89,854,72,109,90,926,72,565,390,801,131,142,172,285,50,167,219,151,26,34,29,142,32,97,142,841,91,184,150,291,31,194,173,1383,129,236,238,1570,138,904,797,2324,206,319,297,471,51,168,183,412,39,66,41,189,35,88,99,290,22,48,40,50,6,35,45,428,33,80,57,190,31,127,87,892,117,161,205,162,37,117,138,155,47,30,37,106,26,90,121,1181,103,218,169,171,29,128,130,2383,157,404,391,1064,141,759,763,933,833,169,1370,411,418,147,2102,180,171,28,210,193,232,92,976,153,84,41,129,32,38,33,156,163,121,37,191,168,138,120,768,122,105,36,240,63,72,35,392,34,31,8,63,39,52,16,295,102,93,32,201,48,60,37,353,220,198,60,482,286,297,210,2134,953,933,125,1757,203,193,97,1072,212,188,36,300,132,121,67,663,169,94,38,135,32,27,42,162,238,150,61,324,146,96,115,602,559,652,75,941,103,97,86,749,107,137,30,233,67,108,78,844,853,470,151,863,107,131,131,758,1105,769,291,2240,692,655,810,5828
Datasets/wang/Images/train/class7/751.jpg,7531,1621,888,827,1168,310,840,1031,916,285,178,158,835,272,915,1290,1649,237,286,138,243,40,275,153,907,142,163,123,994,125,1145,788,909,281,182,203,192,52,176,287,147,53,36,58,136,73,188,283,904,176,178,148,170,46,240,195,650,101,138,128,776,113,886,771,1291,264,192,200,147,37,117,136,181,60,41,45,123,38,108,156,312,61,62,48,36,11,46,42,178,37,62,47,136,25,146,166,1000,290,184,241,121,43,155,204,148,68,44,58,121,47,157,266,1120,177,245,200,126,39,208,205,832,136,214,195,541,149,733,828,1012,951,161,586,196,180,156,796,184,191,39,131,200,233,179,872,295,149,59,120,66,36,57,120,218,134,57,124,248,179,294,740,162,203,40,149,39,52,43,231,51,40,16,39,39,80,63,289,170,168,54,108,47,49,57,193,119,130,47,170,220,214,267,1104,985,1023,156,816,117,143,101,537,206,236,63,221,143,181,160,719,301,169,73,122,55,50,55,131,214,198,62,197,201,183,254,832,1051,1220,197,852,121,159,156,781,171,291,60,315,187,302,293,1548,1495,940,310,832,171,180,307,888,976,850,293,1148,845,822,1503,6249
Datasets/wang/Images/train/class7/770.jpg,8024,1468,1004,851,1477,259,900,770,894,239,210,192,812,227,871,838,1498,231,282,158,324,60,278,155,778,132,177,154,891,150,1153,786,1109,285,228,217,242,65,195,201,180,52,36,57,113,64,165,239,767,141,204,133,272,57,230,170,499,88,141,129,768,130,863,743,1556,336,272,237,193,54,134,144,246,87,67,79,173,40,120,148,255,51,67,59,55,17,49,42,209,53,61,64,137,42,170,198,921,301,189,273,129,50,159,179,168,71,63,83,127,72,173,255,759,186,222,195,133,36,180,186,646,159,195,225,463,155,650,835,946,781,192,566,240,233,154,655,191,177,56,156,190,230,187,681,245,172,56,118,86,42,61,136,210,140,49,141,225,198,297,822,210,213,75,175,74,73,51,218,46,52,24,72,58,75,54,291,199,177,61,167,84,78,84,239,181,145,53,222,277,249,306,1222,951,1046,155,901,142,150,149,521,175,269,66,292,159,192,132,749,238,183,62,154,47,47,60,159,206,205,94,285,211,239,264,957,872,1096,193,875,152,205,145,762,166,304,65,338,160,283,284,1392,919,801,258,881,168,217,234,924,734,839,260,1341,684,955,1327,6717
Datasets/wang/Images/train/class7/752.jpg,6258,1461,755,1164,1342,173,1125,1399,682,161,112,100,1072,154,1375,1547,1388,137,164,114,187,24,171,88,995,104,108,108,1706,84,2076,887,773,172,135,167,174,31,170,200,113,39,35,35,110,30,134,164,1100,123,214,110,199,26,193,127,999,84,171,135,1393,92,1298,688,1462,213,196,212,137,31,108,89,142,28,32,40,97,37,92,79,163,21,32,18,26,10,28,18,167,17,38,42,89,17,96,91,1228,230,184,226,108,24,121,134,112,36,28,55,105,30,117,167,1468,109,193,142,121,28,150,119,1180,89,167,146,656,107,691,516,767,1107,115,1107,199,171,119,1195,148,176,29,155,147,207,152,1092,184,99,44,87,29,24,37,113,167,103,29,123,245,142,207,720,152,168,42,146,28,41,41,218,33,33,16,41,29,35,45,191,140,95,34,139,51,31,49,189,137,135,48,229,197,188,228,1058,1161,1889,123,1638,105,124,97,758,175,251,35,210,125,178,113,777,189,111,30,107,35,33,29,118,210,160,43,196,158,143,166,598,1562,2000,162,1478,100,119,137,764,145,218,40,277,136,189,228,1187,1598,1015,200,847,117,140,168,661,1233,856,220,1195,729,689,1168,4609
Datasets/wang/Images/train/class7/719.jpg,5455,1078,631,1081,1398,138,1097,1654,552,101,90,90,985,111,1496,1794,982,115,132,94,191,21,122,76,935,70,82,82,1977,77,2361,976,644,127,120,148,151,25,158,133,104,33,19,16,77,21,93,104,1038,84,139,108,174,18,172,100,1485,84,143,139,2195,64,1627,694,1480,179,183,179,179,27,96,97,154,33,22,36,92,15,92,78,137,16,25,20,22,4,20,18,186,21,23,21,79,17,71,62,1148,163,144,181,117,27,93,132,106,24,14,27,91,29,75,108,1598,80,171,105,82,14,80,64,2153,83,176,151,999,77,723,402,597,991,87,1761,153,143,102,2172,99,138,22,130,133,170,113,1451,141,81,22,74,26,15,31,88,145,102,25,125,177,124,144,795,91,103,13,135,23,28,11,176,12,19,6,33,29,24,19,134,94,74,21,120,35,26,23,128,121,113,21,265,218,157,172,1212,1057,2107,91,2607,107,132,88,1120,135,189,17,213,88,130,108,764,128,101,25,87,27,13,14,79,148,100,30,182,102,100,92,456,1544,2413,101,1826,94,67,110,727,121,183,18,184,106,125,150,901,1925,1088,128,830,57,59,98,446,1452,900,165,1246,714,496,983,3699
Datasets/wang/Images/train/class7/730.jpg,7206,1736,870,951,1182,220,1022,1171,867,280,144,144,970,246,1265,1542,1755,241,253,135,224,40,255,152,986,130,145,123,1178,140,1600,840,886,270,167,187,184,38,184,211,135,66,44,41,140,62,176,272,1003,129,197,162,172,36,214,152,779,109,129,119,855,127,972,752,1234,273,169,181,103,30,97,116,183,51,36,41,106,34,103,133,237,48,49,30,24,9,28,22,190,26,42,42,107,30,127,112,1108,288,175,231,117,40,157,168,143,70,42,50,127,55,150,269,1191,160,221,146,112,43,169,126,1009,115,204,171,555,118,686,731,881,1001,156,719,195,186,140,983,145,189,38,115,177,211,166,983,290,152,64,102,57,27,61,118,200,139,44,115,235,158,277,727,163,175,38,125,42,51,49,170,41,49,10,43,37,43,56,245,187,123,40,110,50,30,62,169,136,106,39,167,171,169,234,971,942,1174,153,838,112,113,108,540,171,238,45,177,109,180,189,676,286,157,67,138,34,31,65,151,208,167,54,177,177,169,282,751,1412,1700,194,968,119,137,172,764,208,298,30,275,158,269,364,1510,1663,973,266,722,113,145,251,754,941,776,228,1013,777,747,1638,5669
Datasets/wang/Images/train/class7/725.jpg,5844,1166,574,870,1280,179,987,1571,706,159,109,114,1149,164,1664,1801,1220,117,146,74,150,24,148,83,1004,84,119,79,1728,83,1931,734,745,149,110,138,153,28,120,202,112,28,26,36,115,35,143,167,1009,91,146,93,161,23,183,122,2077,69,169,148,2551,67,1078,650,1460,142,120,142,159,26,75,101,165,25,24,30,77,14,82,73,189,17,32,17,28,4,26,18,176,23,32,29,91,19,82,97,1135,163,130,162,89,24,92,150,129,35,39,34,100,33,108,162,1753,87,197,142,121,33,143,158,2659,108,203,178,927,83,625,567,713,998,114,1516,136,163,102,2432,129,133,25,130,155,187,123,1039,141,79,26,65,25,19,30,84,131,107,33,117,162,124,144,558,110,123,18,150,27,36,18,189,27,38,16,39,25,52,40,179,131,100,24,129,35,20,44,156,158,131,35,361,167,170,166,1172,1214,1482,102,1992,93,110,93,812,153,188,26,185,120,132,105,504,174,99,33,70,25,21,24,87,173,132,45,160,133,129,143,501,2070,1971,158,1067,68,100,123,604,114,186,49,197,137,150,217,928,2020,807,193,735,94,98,164,574,1188,695,216,1256,649,582,975,4188
Datasets/wang/Images/train/class7/777.jpg,6231,1239,765,1085,1378,191,1109,1545,754,141,94,97,1110,147,1750,1683,1311,91,131,79,196,18,190,87,1093,99,124,82,1819,79,1930,709,791,128,166,127,149,29,158,205,92,31,24,15,108,25,135,168,1145,80,150,100,217,17,200,135,1495,73,138,117,1870,95,1236,588,1449,212,159,199,172,19,88,107,174,27,29,34,76,15,86,86,161,15,40,22,20,6,28,22,184,17,29,29,110,21,89,85,1184,174,173,194,96,24,118,117,102,35,34,32,91,32,100,127,1509,86,198,151,96,14,140,117,1616,94,206,183,763,67,637,545,773,1188,121,1443,174,198,119,1741,133,171,23,146,151,163,128,1061,136,87,31,67,37,16,26,82,155,128,24,119,214,146,184,700,111,127,19,152,13,34,23,223,26,32,3,32,35,32,24,200,121,91,25,123,40,23,35,172,155,118,34,259,197,205,202,1295,1138,1905,129,1830,112,103,90,857,154,212,13,215,125,130,132,653,166,107,25,81,26,31,29,82,183,168,51,180,147,118,126,570,1772,2106,156,1392,81,105,109,743,170,220,31,239,141,170,207,988,1609,787,185,768,73,67,140,574,1116,692,203,1303,739,578,1005,4376
Datasets/wang/Images/train/class7/710.jpg,8624,1639,994,1043,1446,137,1096,1238,896,154,147,113,1135,150,2589,2409,1529,189,156,78,174,24,154,73,1000,99,103,97,1488,76,2228,882,948,142,123,128,186,36,124,131,124,32,21,19,106,27,151,142,976,92,120,81,184,23,164,82,1418,65,120,87,1947,76,1224,582,1461,161,181,172,177,33,82,91,172,29,30,39,101,16,101,80,136,28,30,28,33,6,18,19,165,13,35,38,62,15,86,86,1054,139,134,139,92,15,86,86,95,22,16,32,86,25,158,114,1106,81,127,76,82,18,99,75,1360,78,163,156,689,49,547,390,920,1020,116,1381,168,154,107,1421,132,117,34,141,143,134,154,1016,152,92,31,71,18,21,27,80,125,83,26,123,128,85,153,605,144,93,14,118,41,40,23,159,23,24,8,26,20,23,32,139,87,96,20,112,23,32,20,138,131,138,30,324,189,168,164,1140,1073,1474,118,1888,106,84,96,683,141,167,30,179,107,94,123,589,154,89,26,62,15,28,27,69,124,74,39,162,92,84,150,383,2600,2178,145,1211,84,98,128,582,156,178,27,161,147,142,447,1165,2442,782,155,583,92,89,149,411,967,579,148,1161,550,447,1201,3622
Datasets/wang/Images/train/class7/706.jpg,7708,1262,981,813,1546,298,868,999,949,204,186,154,874,221,1035,1214,1226,158,211,111,267,45,202,134,805,119,170,105,826,124,951,647,1063,229,213,164,247,63,184,188,190,61,39,45,142,60,141,214,854,130,175,121,263,46,221,170,915,99,156,151,1132,120,756,675,1600,269,226,256,206,44,127,143,254,76,55,80,150,43,112,148,330,54,62,52,48,17,44,35,259,43,53,55,148,30,146,171,975,221,209,222,146,43,141,176,172,80,45,73,112,50,116,201,1061,143,247,194,155,48,184,170,1149,154,265,273,748,184,645,862,1168,875,173,868,249,249,151,962,217,168,42,157,154,204,150,798,256,140,60,95,80,47,60,118,185,136,59,131,206,180,221,720,232,196,45,190,85,89,51,261,48,48,17,74,38,78,55,287,214,160,50,164,68,53,76,228,173,159,62,311,274,228,255,1221,1013,967,185,1076,132,138,122,649,173,222,44,238,108,141,116,609,258,149,69,135,39,51,57,146,228,191,83,250,173,231,200,787,961,1073,194,841,137,159,161,720,178,261,52,296,147,244,210,1130,1134,792,256,786,163,224,254,994,943,861,336,1479,708,936,1123,6086
Datasets/wang/Images/train/class7/756.jpg,5869,1343,665,1114,1312,151,1124,1650,668,130,112,102,1119,143,1690,1730,1307,119,141,86,155,13,152,83,1020,83,108,97,1828,85,2461,895,683,154,108,162,135,26,164,192,99,17,16,31,92,31,141,146,1090,91,152,104,160,24,188,109,1302,69,133,143,1597,80,1406,650,1386,202,165,176,179,20,105,100,142,25,27,35,106,20,71,75,161,19,21,25,20,8,22,16,204,27,29,30,91,17,68,81,1144,186,155,190,87,27,120,115,100,26,28,27,95,34,103,103,1586,100,174,110,102,21,126,100,1809,85,215,156,833,77,670,472,659,1093,119,1478,179,185,126,1937,120,141,17,148,140,166,128,1335,142,95,23,88,33,15,24,100,145,134,26,123,201,119,168,722,104,134,29,156,21,34,30,206,23,30,7,39,30,29,26,187,113,92,42,129,48,32,38,186,125,138,47,261,181,152,169,1129,1131,1836,99,1835,85,110,104,962,149,188,25,184,107,133,127,721,180,101,26,71,18,18,24,96,170,134,33,160,137,120,157,550,1709,2173,112,1456,100,97,126,766,144,193,32,211,118,149,233,1054,2012,951,175,726,92,88,141,595,1317,705,194,1221,712,504,1048,4088
Datasets/wang/Images/train/class7/715.jpg,11089,903,1133,1163,1427,105,1253,1558,1224,84,130,70,1461,79,3975,2269,986,104,87,56,113,10,102,38,1207,54,83,90,1752,43,3344,919,1133,72,100,92,187,22,110,88,100,15,20,20,78,13,117,87,1133,56,104,86,172,20,118,72,2259,50,138,109,2073,45,1104,466,1429,117,158,155,176,13,73,75,131,30,33,31,82,16,67,59,119,13,24,18,24,3,15,19,138,10,27,26,61,5,51,53,1156,93,95,131,73,14,62,55,74,16,21,25,68,16,89,67,1338,37,112,82,61,17,68,43,1605,56,133,149,611,48,391,281,1007,1034,115,2216,129,139,88,1668,123,85,14,104,103,121,108,1008,76,39,12,49,21,17,12,49,88,77,18,117,102,61,73,507,127,81,12,126,27,39,13,140,13,13,6,34,18,12,15,125,74,89,13,89,32,32,21,104,118,144,28,288,152,167,125,1023,1138,1432,86,2227,74,82,78,722,107,119,13,174,64,69,74,415,81,44,19,56,19,11,10,54,114,64,24,147,72,67,76,311,2940,2239,117,996,72,65,81,404,102,85,20,130,81,78,286,708,1936,652,70,495,49,60,88,322,909,464,117,1102,443,294,683,2709
Datasets/wang/Images/train/class7/700.jpg,7570,1586,859,823,1573,206,848,872,823,201,192,127,858,186,1310,1423,1599,305,213,123,297,41,228,106,813,128,149,129,1004,112,2298,1003,884,217,178,143,229,60,147,162,145,50,22,32,134,43,152,212,821,142,180,111,213,47,171,134,739,112,155,117,1213,133,950,750,1469,243,257,235,251,53,146,140,210,48,60,66,112,46,135,119,211,61,59,33,48,21,45,42,201,33,62,58,123,34,143,138,820,234,150,207,127,49,118,129,82,49,51,50,115,46,137,210,867,116,194,126,107,43,137,126,862,113,182,197,672,110,675,692,815,781,144,875,187,213,108,1001,175,156,48,156,158,170,135,865,211,127,43,123,47,33,52,110,169,141,42,142,182,124,204,728,165,148,46,127,76,54,27,192,47,44,15,52,40,43,40,231,157,138,42,145,69,61,64,180,176,147,51,250,235,224,256,1343,893,947,129,1247,137,122,109,712,173,186,34,251,126,152,173,671,179,144,52,144,38,30,45,132,175,148,41,227,114,131,196,696,1452,2554,172,992,138,142,175,714,160,239,52,240,171,212,416,1459,1531,1071,209,751,131,145,198,696,848,729,257,1270,745,765,1522,5470
Datasets/wang/Images/train/class7/771.jpg,11259,1752,884,1138,1235,229,1087,1168,857,203,129,148,1008,196,1423,1253,1659,203,257,129,218,28,204,105,1047,136,146,115,1272,121,1530,730,967,238,136,177,143,29,147,225,136,52,39,50,123,60,178,229,1051,131,174,135,202,24,181,142,976,107,135,112,917,95,952,637,1224,234,171,170,101,25,141,86,167,48,43,40,106,34,113,96,183,39,33,33,24,12,24,21,162,35,39,39,99,23,110,106,1109,268,180,193,93,27,126,133,118,62,39,42,120,42,173,204,1129,140,218,138,98,23,155,110,845,95,160,160,505,109,685,624,946,1051,125,943,169,174,125,812,151,148,35,138,150,197,169,913,221,152,58,114,48,25,43,98,154,131,37,120,234,154,252,684,165,150,36,129,31,39,34,176,34,40,16,41,36,52,43,235,149,116,30,137,28,37,59,143,153,123,41,184,186,146,276,906,1095,1446,133,1067,114,92,92,532,174,230,45,195,115,169,175,726,237,115,65,104,29,32,55,126,197,149,45,151,151,127,253,679,1378,1548,181,1053,129,137,176,694,171,256,51,289,176,277,332,1383,1122,773,230,714,122,128,229,731,845,710,216,953,680,708,1330,4976
Datasets/wang/Images/train/class7/779.jpg,6784,1502,805,1069,1261,181,1079,1526,751,161,100,133,1080,149,1666,1809,1472,136,190,107,212,25,197,105,1057,110,124,93,1562,84,2243,898,803,190,181,187,174,43,189,183,115,33,47,28,115,30,151,168,1047,110,193,114,176,22,208,131,986,80,124,111,1288,95,1247,705,1345,218,164,189,144,25,85,85,155,37,36,39,85,25,85,93,150,28,30,31,34,7,27,27,156,21,43,33,96,24,105,99,1127,195,169,206,118,30,142,141,131,58,42,47,105,39,132,167,1430,98,211,153,115,31,154,121,1152,102,161,172,636,92,728,533,761,1037,133,1097,161,169,108,1179,147,154,21,140,161,216,159,1189,157,98,31,93,44,27,41,84,197,114,30,113,221,139,175,743,132,129,46,176,40,38,39,159,29,30,18,52,39,52,44,192,133,95,32,130,38,39,52,188,138,126,43,227,219,194,236,987,1139,1730,121,1475,102,103,99,729,188,233,33,214,124,166,151,717,181,122,25,98,30,22,29,131,205,172,56,200,143,155,186,628,1689,2149,162,1266,82,100,150,758,170,222,49,246,130,178,254,1173,1603,982,196,790,137,141,166,646,1120,772,222,1061,737,670,1116,4549
Datasets/wang/Images/train/class7/705.jpg,7892,1454,932,764,1345,322,749,887,943,238,195,145,830,259,714,924,1434,237,256,125,266,45,230,155,848,128,179,113,772,131,833,527,996,279,218,202,261,81,201,279,174,73,56,48,174,80,159,260,863,166,210,166,202,45,233,226,685,115,164,161,892,120,625,677,1490,261,215,213,202,43,141,161,259,64,65,65,130,64,107,161,344,53,82,52,52,12,41,49,263,55,88,69,159,35,164,186,869,264,210,223,144,54,135,191,195,78,66,92,118,54,160,306,1018,160,256,217,143,57,200,252,988,133,271,302,585,179,633,967,1100,880,198,669,265,266,157,948,219,203,64,176,206,240,152,694,291,125,73,115,62,41,63,159,200,146,54,148,232,191,266,598,232,193,61,172,67,65,49,254,62,68,33,80,70,92,75,304,186,103,66,140,71,77,96,275,168,163,77,255,202,232,288,1211,970,840,163,829,152,156,109,600,258,253,65,195,155,207,149,589,314,158,84,120,53,63,74,188,250,197,96,246,167,208,307,939,856,946,197,751,136,171,144,622,206,282,78,334,176,336,215,1269,1154,727,271,773,171,193,300,1028,795,758,314,1298,697,974,1263,6923
Datasets/wang/Images/train/class7/724.jpg,5343,1117,573,930,1330,97,933,1550,593,84,72,87,965,87,2772,3130,1131,112,110,69,130,11,107,57,883,73,94,67,1832,68,4213,1198,596,91,99,85,164,21,104,97,77,19,10,11,81,21,97,117,859,69,103,85,167,13,140,63,1674,54,122,90,2856,50,1581,604,1453,144,166,158,176,14,105,64,139,13,13,35,64,7,69,66,102,15,15,6,18,6,10,7,116,5,30,23,58,4,61,59,959,129,88,138,106,11,69,72,77,12,8,17,78,13,84,65,1473,67,114,81,84,9,65,46,2044,63,129,131,887,46,575,282,564,993,58,1786,127,139,72,2158,98,97,13,113,91,120,91,1327,101,91,14,83,22,8,9,47,108,81,15,122,132,101,117,658,84,78,9,130,28,24,14,140,11,14,1,16,16,19,14,110,87,88,17,93,27,20,20,123,99,123,22,256,190,138,127,1119,969,1861,94,3157,106,68,66,983,105,131,9,171,80,80,90,595,110,63,15,64,10,10,9,59,104,73,19,134,62,53,75,336,2528,3371,96,1612,68,65,112,608,110,104,11,147,102,95,228,869,2830,1123,90,677,74,58,83,275,1402,628,121,1154,572,346,844,2770
Datasets/wang/Images/train/class7/768.jpg,7864,1498,888,866,1650,237,902,823,842,195,165,190,841,164,644,676,1424,177,230,116,286,39,220,123,879,132,159,127,894,113,888,638,983,234,195,222,243,47,174,214,173,58,61,50,176,47,157,189,898,149,212,176,263,41,259,169,708,113,147,157,892,141,784,699,1751,361,279,248,215,42,130,141,245,74,65,67,133,37,132,105,261,55,71,46,44,11,37,42,217,51,62,63,112,42,156,149,947,258,216,270,184,54,142,175,179,65,63,68,146,63,158,217,830,123,211,187,172,42,184,158,1067,142,195,226,665,151,693,773,962,894,166,863,225,263,154,983,184,178,45,148,220,239,129,679,221,145,56,113,75,45,77,153,208,141,39,158,240,183,216,748,175,201,46,195,65,65,44,262,70,56,27,59,52,70,41,268,183,175,48,166,66,60,84,248,145,176,64,313,267,229,307,1454,1009,1106,180,1124,182,153,139,761,213,267,46,260,172,222,142,725,225,134,63,161,43,47,55,158,236,212,76,305,190,211,232,870,692,958,166,1016,139,186,173,800,161,246,78,338,156,275,219,1208,807,653,246,916,146,163,219,936,812,866,263,1649,691,913,1231,6567
Datasets/wang/Images/train/class7/775.jpg,5342,1094,630,1006,1170,167,1018,1933,710,135,105,90,1044,148,2398,3175,1142,128,123,75,176,22,120,92,1065,91,109,77,1968,90,3136,1125,719,113,130,104,157,29,149,158,101,17,22,24,94,24,126,169,937,74,129,92,161,13,158,109,1417,75,135,102,2057,93,1526,620,1162,150,147,183,145,28,87,101,168,26,26,31,89,18,58,63,177,22,32,17,24,5,19,24,183,21,31,28,92,20,78,71,915,139,137,177,78,28,99,109,120,23,25,20,97,21,113,121,1783,105,172,136,97,21,125,100,1849,103,194,147,904,82,702,501,700,1004,95,1402,143,189,98,1856,133,129,17,102,134,153,128,1426,155,82,26,70,25,15,24,92,115,79,18,102,165,120,159,659,113,102,24,135,30,30,17,178,20,27,6,40,14,20,22,197,120,83,18,120,31,29,33,136,130,106,39,213,171,134,143,992,983,1776,94,1970,84,102,69,902,133,163,20,179,98,103,113,685,149,90,22,78,20,28,22,93,174,125,30,131,116,100,113,466,1769,2302,141,1444,79,75,109,705,132,159,27,185,106,111,173,896,2418,906,160,715,100,102,136,533,1417,684,204,1016,656,516,903,3723
Datasets/wang/Images/train/class7/767.jpg,6834,1042,652,908,1999,267,972,1297,822,139,85,121,918,196,690,1016,990,102,148,90,200,15,157,76,944,69,105,91,1060,92,829,608,694,130,128,167,253,37,165,223,106,20,27,24,124,43,97,179,982,110,164,147,250,26,201,159,1281,129,186,174,1518,135,1034,842,1994,201,240,278,359,40,149,151,347,37,53,29,181,18,81,93,275,20,55,23,56,4,27,18,337,28,50,40,157,23,103,85,973,165,153,226,153,31,117,160,135,40,19,29,125,21,103,143,1386,82,251,165,138,21,148,158,2113,136,340,268,1049,87,836,707,828,967,130,1350,313,379,135,2045,156,166,23,185,165,225,112,1250,169,96,23,109,38,26,24,126,189,103,24,177,224,169,132,851,87,121,19,196,43,63,29,386,35,33,7,45,37,50,27,269,114,108,34,211,30,33,46,299,186,165,50,400,265,248,206,1834,1006,1112,126,1673,184,153,112,1042,180,230,29,274,148,142,98,775,165,81,42,123,19,16,20,120,248,173,38,259,157,120,136,590,677,780,122,1078,101,101,111,899,121,151,26,210,96,136,112,917,1082,562,181,931,99,77,152,741,1224,863,292,1877,761,595,936,5522
Datasets/wang/Images/train/class7/740.jpg,9220,1734,937,1025,1206,193,1009,1173,928,218,143,120,1127,162,1901,1681,1657,178,239,132,222,35,225,106,1051,132,118,94,1329,118,2150,853,962,257,190,185,164,43,170,171,128,58,34,30,128,38,164,211,978,139,150,130,188,39,194,130,945,98,120,116,1072,96,1022,659,1223,221,151,193,128,24,93,100,174,39,37,40,95,32,98,95,167,35,41,27,27,10,23,33,150,30,35,36,99,26,112,107,1033,249,174,232,103,35,102,140,131,55,34,51,97,57,162,195,1076,130,183,133,75,36,154,125,1123,102,163,156,558,113,703,552,933,1057,165,1016,179,162,111,1118,142,157,40,112,156,179,170,939,226,120,49,122,46,23,57,99,168,109,34,110,218,145,235,661,160,159,39,128,43,46,26,163,23,40,20,33,37,54,45,212,135,111,38,130,36,30,57,134,114,123,33,153,161,168,240,921,1057,1317,125,1060,92,104,101,657,158,198,31,180,125,160,152,723,223,115,56,108,24,25,55,117,191,147,46,134,147,152,226,618,1701,1793,162,1040,113,137,157,722,195,244,43,252,178,254,315,1439,1482,796,217,657,114,124,217,659,855,640,240,963,654,642,1319,4852
Datasets/wang/Images/train/class7/722.jpg,6252,1579,617,995,1523,146,1017,1324,555,139,94,93,1011,136,1452,1588,1409,179,184,113,167,23,208,99,912,88,116,106,1604,75,2496,997,634,172,120,161,151,30,164,169,77,19,7,16,96,23,109,141,1076,115,154,100,164,18,181,113,1290,87,121,136,1760,71,1461,789,1565,190,180,184,219,19,111,84,144,29,16,20,96,15,91,61,132,11,23,8,19,3,17,14,151,13,28,29,86,7,82,66,1137,199,142,221,119,16,96,107,80,25,14,25,103,20,115,121,1444,107,152,116,89,14,109,71,1620,59,174,137,869,51,705,346,643,1137,103,1331,172,194,100,1703,106,140,15,124,147,193,124,1346,131,113,27,88,26,15,26,80,135,105,21,132,194,125,202,767,84,101,13,130,21,32,18,167,11,15,2,24,18,14,19,151,99,117,22,143,29,16,23,177,128,117,26,259,161,165,176,1216,1181,1815,74,1966,120,103,90,972,158,256,21,205,119,114,139,785,149,102,18,72,11,14,21,62,199,111,24,143,113,74,147,455,1526,2735,139,1691,100,88,122,855,135,217,28,198,126,176,254,1289,1915,1091,187,796,88,64,129,403,1357,829,138,1269,790,408,1278,3977
Datasets/wang/Images/train/class7/713.jpg,7596,1221,996,797,1834,320,806,847,1035,207,185,156,762,229,521,667,1134,150,203,112,297,35,201,127,792,118,144,105,798,104,653,421,1000,206,217,186,342,69,174,245,206,47,65,58,176,67,146,217,831,107,196,147,314,35,194,220,981,122,200,186,1216,152,655,656,1917,293,319,311,360,57,172,142,344,86,71,58,196,38,90,126,335,36,67,45,67,15,51,42,383,52,85,89,177,41,119,170,849,208,161,209,164,25,152,179,152,59,55,67,128,56,132,190,991,112,200,185,167,47,179,213,1561,185,301,352,754,188,592,922,1085,826,197,1034,366,338,151,1375,251,190,49,204,196,208,138,777,216,120,43,128,65,51,57,172,179,147,57,165,204,163,161,605,161,131,46,191,77,93,40,335,47,52,20,77,51,66,64,295,141,107,61,195,63,59,83,338,180,154,72,402,284,305,264,1736,930,914,160,1398,172,190,119,760,188,221,54,308,126,161,125,654,218,116,73,160,62,50,64,197,226,193,78,330,156,192,208,840,629,762,116,798,113,144,123,678,121,188,60,304,140,203,207,1048,824,501,227,739,137,161,207,867,826,694,326,1629,615,824,985,6786
Datasets/wang/Images/train/class7/718.jpg,7876,1565,1067,835,1267,292,844,791,1062,268,223,163,794,280,858,966,1522,267,282,130,307,62,273,170,837,153,184,142,806,165,965,707,1094,286,216,196,259,64,201,223,221,82,86,48,175,77,155,255,747,157,185,122,257,58,214,193,555,128,153,156,789,156,675,715,1421,284,263,229,148,45,127,137,244,78,64,80,139,56,113,164,370,62,87,49,47,22,63,68,226,54,70,58,136,51,144,200,837,273,201,221,150,61,130,196,162,68,60,83,140,66,165,278,848,206,229,181,138,47,213,244,755,154,240,273,541,208,619,978,1063,815,232,555,241,212,146,691,216,207,59,143,221,217,171,636,267,156,58,127,77,49,75,158,194,160,58,144,191,186,301,697,251,196,64,145,69,69,58,219,57,68,18,64,67,105,82,332,224,139,65,133,80,66,109,230,167,142,89,210,250,245,344,1125,873,820,181,805,129,146,130,518,232,219,69,242,148,162,157,637,280,175,79,185,53,45,76,170,243,172,88,249,185,242,319,978,916,929,194,673,138,170,181,645,198,304,90,306,191,287,284,1415,991,818,275,781,157,246,305,1069,664,756,341,1151,691,1060,1400,6905
Datasets/wang/Images/train/class7/744.jpg,6354,1339,739,1009,1696,201,1035,1353,681,172,116,92,1001,158,1192,1545,1297,155,138,93,176,15,145,81,959,104,104,93,1472,67,1589,844,749,147,153,145,222,33,115,156,140,36,23,26,114,33,112,171,1003,91,154,114,211,28,187,108,1212,86,131,132,1866,84,1306,710,1755,158,209,228,254,31,120,127,201,44,31,44,118,22,87,102,176,21,35,23,35,5,25,16,212,23,34,41,103,25,97,77,1018,193,172,187,121,22,105,139,98,29,30,38,100,32,98,125,1385,97,220,121,112,25,115,107,1599,86,203,184,877,90,674,508,743,1028,114,1392,193,231,98,1809,138,144,20,157,134,176,104,1239,165,91,30,96,35,24,33,86,161,106,21,129,210,109,147,736,104,113,27,149,44,37,25,216,20,25,12,46,24,44,29,164,110,90,24,140,39,38,27,175,128,138,34,377,241,210,211,1514,989,1610,125,2108,111,121,94,939,149,188,28,270,106,130,94,730,183,110,33,103,29,26,20,82,166,143,43,210,121,97,129,544,1414,2064,125,1464,93,94,123,816,118,187,32,204,128,147,216,1085,1664,918,206,808,86,119,171,595,1285,843,201,1575,803,572,957,4408
Datasets/wang/Images/train/class7/772.jpg,6544,995,671,933,1985,236,906,1385,789,140,93,109,885,163,708,975,1000,96,139,93,183,24,112,92,899,89,88,89,1141,82,966,520,667,123,126,159,233,45,150,235,135,43,32,27,100,33,84,163,919,87,164,135,238,21,185,173,1339,105,184,213,1639,124,1073,864,2007,195,240,253,365,44,131,128,319,29,44,42,150,23,90,71,302,27,38,27,50,9,24,28,409,29,52,48,145,17,91,88,958,135,173,203,161,25,104,175,140,26,30,38,116,26,98,129,1417,103,246,172,159,27,151,131,2405,146,370,278,1109,106,797,688,886,984,131,1398,340,373,133,2333,172,188,36,193,167,236,102,1285,148,86,20,109,40,32,19,134,193,125,23,169,189,141,133,749,106,121,25,182,36,55,29,332,27,25,6,58,26,54,23,262,104,84,40,182,35,38,39,328,171,147,56,418,238,212,198,1759,1051,1247,116,1862,163,157,117,1140,165,225,35,252,108,141,97,790,180,89,47,109,34,33,20,110,249,141,45,252,131,100,127,568,722,863,95,1162,83,96,108,838,91,114,34,192,95,112,99,911,1079,584,173,882,113,99,127,718,1363,824,255,1878,694,584,854,5297
Datasets/wang/Images/train/class7/737.jpg,7055,1660,816,963,1294,197,1023,1106,761,185,115,133,937,194,1604,1560,1592,246,227,151,225,35,256,117,921,121,137,100,1240,120,2574,1109,884,275,124,163,143,34,148,183,125,31,26,35,99,42,168,217,912,130,170,104,172,28,185,137,946,81,125,112,1088,90,1099,738,1360,255,165,179,130,27,77,84,174,36,27,35,101,22,106,103,185,31,39,28,28,11,28,16,165,32,37,35,95,24,134,113,1039,255,160,211,115,40,124,133,128,46,39,52,82,38,157,167,1118,148,186,153,99,30,136,129,1083,97,168,173,568,93,678,585,789,972,124,1169,170,181,117,1172,133,157,31,146,144,170,190,1032,208,126,39,78,35,26,53,76,170,125,32,119,191,146,244,735,168,156,42,155,34,38,29,197,35,42,12,43,29,45,37,191,157,133,39,117,43,44,45,199,129,131,31,225,199,151,225,1030,1060,1390,123,1373,112,119,92,689,174,199,41,180,119,158,171,753,202,116,33,97,31,34,44,102,166,144,50,158,151,125,251,654,1569,2262,179,1208,140,152,129,734,171,315,43,264,165,251,307,1432,1522,1110,232,794,130,150,193,670,975,746,233,1100,719,740,1385,4946
Datasets/wang/Images/train/class7/731.jpg,6207,1390,660,898,1107,201,1091,1621,721,163,97,111,1056,156,2190,2344,1347,157,169,104,160,18,148,94,1064,96,126,89,1542,108,2240,941,696,147,144,154,147,32,177,193,91,23,29,26,120,30,139,180,1051,111,150,101,159,18,165,128,1198,78,133,105,1279,85,1141,728,1194,165,140,145,113,25,104,117,172,29,34,35,99,20,91,92,214,20,41,17,21,0,29,17,175,15,53,23,107,19,98,100,1081,159,154,186,95,24,125,126,116,33,34,35,76,27,144,179,1777,103,197,122,97,26,137,121,1659,104,211,199,744,89,696,568,745,1037,98,1015,176,160,126,1448,133,146,24,99,167,181,119,1257,170,106,24,82,43,19,21,108,163,108,20,130,183,135,158,694,123,119,20,136,35,41,29,182,30,27,6,33,27,38,30,209,121,124,27,138,36,38,42,169,129,109,40,159,192,151,181,1028,1124,1537,124,1249,107,74,103,666,179,200,29,165,143,136,146,657,187,104,33,66,33,14,31,81,194,126,27,144,115,105,156,504,2401,2505,143,1226,115,98,120,727,172,203,48,188,126,166,264,1076,2621,993,202,766,113,101,157,599,1349,764,254,1049,744,515,1090,4368
Datasets/wang/Images/train/class7/759.jpg,6993,1590,953,1082,1268,232,1106,1144,872,245,173,169,911,202,1275,1409,1531,207,224,137,274,41,249,115,906,122,145,129,1231,127,1741,846,930,258,197,177,177,45,183,197,154,40,34,25,129,54,154,204,968,119,179,126,205,36,219,137,887,116,143,124,1117,117,1004,685,1298,289,193,224,133,29,109,111,177,50,35,37,112,32,114,131,199,38,46,30,33,9,32,20,166,29,51,40,126,36,133,116,1158,299,170,206,101,31,133,144,150,68,39,44,116,49,138,220,1105,155,198,151,112,30,140,133,1133,125,201,176,670,139,663,666,844,979,164,1054,188,200,163,1274,135,148,34,146,170,207,162,980,238,133,42,117,51,29,58,124,157,135,40,135,182,158,288,780,184,172,54,135,51,38,40,187,48,37,15,39,30,51,50,216,182,121,39,140,47,43,50,175,128,130,47,215,221,189,258,1081,1042,1316,135,1258,95,128,133,773,163,220,35,191,115,147,137,762,231,145,56,126,23,27,68,114,195,174,50,175,152,172,235,754,1318,1719,162,1051,112,122,169,747,188,287,44,272,140,251,309,1366,1344,936,255,721,124,150,206,713,983,755,226,1124,775,810,1242,5302
Datasets/wang/Images/train/class7/762.jpg,7050,963,782,865,2145,267,882,1087,915,161,105,128,910,173,634,870,982,97,163,103,195,25,139,88,879,91,115,111,1117,87,767,566,821,156,175,170,277,38,174,232,140,40,24,30,121,50,100,204,788,101,194,152,289,32,193,170,1304,138,211,199,1774,134,1036,854,2165,228,288,300,403,50,143,158,378,43,52,50,198,33,96,109,270,18,54,29,49,11,38,22,413,27,68,50,175,28,100,88,886,182,163,205,155,31,107,145,152,42,29,45,105,31,98,152,1100,102,218,174,159,28,138,153,1988,162,350,335,983,147,760,735,897,902,142,1234,362,404,119,2018,183,173,43,206,173,217,115,1146,161,89,32,119,51,27,34,146,147,103,25,185,196,154,141,764,124,118,30,192,59,68,31,363,37,31,13,53,39,52,22,275,124,94,30,194,53,49,51,306,163,176,50,398,247,258,216,1967,963,1057,132,1734,185,166,105,1021,173,192,30,263,134,129,89,710,195,101,43,135,38,36,24,120,224,155,42,248,131,120,118,619,641,880,87,1087,85,107,84,761,97,164,33,205,82,134,123,895,868,535,188,901,91,104,142,734,1150,778,271,1927,707,588,919,5660
Datasets/wang/Images/train/class7/721.jpg,7348,1233,776,1039,1687,132,1165,1457,837,114,71,99,1190,113,2199,1775,1292,144,109,87,156,27,139,63,1153,77,114,113,1623,85,2588,1007,750,120,121,136,198,26,139,145,90,14,16,19,94,16,125,138,1121,82,163,95,209,15,157,110,1879,87,143,146,1974,61,1366,658,1721,154,169,187,230,25,91,97,179,26,27,30,99,12,75,67,153,16,28,18,13,2,15,9,177,14,25,28,87,20,73,42,1210,128,160,162,124,16,94,93,106,24,12,23,86,13,108,122,1578,59,150,108,66,11,95,77,1846,75,159,154,841,50,659,365,677,1040,92,1580,193,182,82,1719,120,150,7,139,134,157,115,1163,115,85,22,68,29,21,19,57,134,100,17,134,182,128,141,753,102,102,23,141,37,35,17,144,21,17,10,24,23,29,25,146,90,92,16,134,34,37,23,184,157,129,27,367,197,160,177,1402,1094,1565,94,1976,90,85,67,794,150,184,16,199,87,96,115,611,96,67,19,66,11,12,17,63,156,124,30,171,90,71,107,385,1902,1953,110,1277,87,78,112,606,134,141,14,153,112,94,280,958,1837,944,131,689,79,79,102,369,1296,672,155,1415,684,420,1083,3569
Datasets/wang/Images/train/class7/766.jpg,6529,1311,702,1026,1405,197,1045,1369,689,152,114,112,1056,148,1230,1512,1266,156,162,121,214,24,209,104,937,112,141,124,1526,78,2063,938,832,170,150,153,198,39,192,191,109,35,38,41,103,37,136,174,1001,105,201,114,193,32,197,139,940,83,124,135,1448,94,1341,755,1537,224,195,226,158,32,136,109,188,49,42,40,117,33,100,92,204,23,38,27,23,9,30,22,185,22,46,42,97,25,109,117,1104,212,194,212,109,27,114,144,129,53,33,49,105,40,107,135,1312,115,192,155,115,19,144,115,1257,110,181,171,737,100,698,602,736,1013,116,1073,183,180,126,1331,134,170,33,133,167,186,147,1245,187,111,33,82,28,25,42,95,153,120,34,134,240,154,220,794,145,173,49,153,40,52,38,187,44,40,11,37,34,57,45,191,120,122,43,139,49,39,50,184,131,163,29,222,199,197,228,1200,1141,1686,127,1669,128,116,114,755,201,229,38,220,125,160,108,785,204,124,39,116,28,23,43,127,162,161,55,222,142,143,159,613,1319,1819,135,1496,86,112,151,777,158,222,45,287,136,210,192,1061,1524,982,191,889,100,150,180,672,1205,846,217,1374,768,732,1093,4741
Datasets/wang/Images/train/class7/748.jpg,6319,876,699,955,2177,218,1037,1612,799,128,100,86,1077,147,975,1422,889,96,104,69,194,14,120,71,985,83,93,99,1594,61,1338,699,621,99,128,145,265,32,147,200,124,29,24,19,140,35,79,157,839,64,115,116,196,19,200,146,1573,116,174,184,2491,105,1555,910,2016,162,259,259,364,41,129,125,325,29,60,39,134,22,96,74,237,17,30,24,58,12,20,20,315,25,49,42,126,15,80,82,878,93,165,165,128,13,85,114,108,26,19,38,72,25,86,100,1475,73,193,118,124,22,131,102,2452,115,306,265,1077,98,718,536,708,902,113,1610,299,299,112,2526,156,135,22,179,177,226,77,1484,120,69,30,108,25,25,26,93,146,99,26,180,174,134,124,867,67,97,21,174,38,64,22,315,14,15,7,46,19,31,26,195,83,81,30,175,47,42,24,284,162,155,45,403,225,211,196,1898,823,1278,95,2232,154,122,96,1168,159,164,24,277,89,120,66,703,137,67,16,108,27,25,28,100,205,130,28,217,95,98,98,497,806,1126,87,1314,69,77,85,676,91,123,18,179,86,85,109,737,1176,619,136,801,87,64,91,541,1417,745,228,1746,630,477,801,4483
Datasets/wang/Images/train/class7/709.jpg,5663,995,638,967,1586,130,959,1611,632,94,82,71,966,107,1665,1700,1010,94,107,60,130,18,123,74,969,77,84,81,1654,50,3286,818,622,113,120,109,162,24,118,115,90,14,21,19,67,17,103,92,1003,81,117,78,178,14,117,82,2220,74,143,141,2818,84,1388,596,1809,131,174,187,253,21,68,86,177,22,22,32,91,16,65,53,123,15,13,24,24,1,20,15,162,12,34,22,90,22,65,58,1028,144,113,152,92,19,77,80,99,26,17,23,93,12,87,96,1613,63,125,103,80,8,84,61,2855,62,167,149,1080,57,564,376,634,1023,88,2207,166,190,64,2872,100,132,18,117,117,133,99,1238,85,83,24,73,32,20,20,65,109,99,19,119,131,98,121,615,59,87,28,136,42,42,18,172,15,13,6,38,14,26,20,158,98,94,21,145,23,26,24,190,150,139,29,423,174,154,154,1267,1068,1838,75,2897,122,94,86,1140,121,143,22,178,75,75,95,537,103,64,23,60,16,17,23,79,135,97,23,143,81,72,113,382,1622,2712,109,1463,90,73,88,579,107,135,10,168,100,114,168,819,1851,813,117,687,62,61,81,395,1345,699,142,1408,592,397,815,3360
Datasets/wang/Images/train/class7/738.jpg,5678,1066,566,1129,1867,186,1054,1853,614,110,52,58,1153,111,951,1413,1019,99,94,91,129,12,119,72,1140,86,79,86,1650,61,1324,677,506,94,81,133,170,25,134,189,83,15,15,20,105,22,97,117,953,90,140,117,199,11,188,121,1972,98,175,189,2508,93,1542,952,1825,154,178,186,270,26,130,103,222,8,12,16,149,9,59,46,184,8,15,12,21,0,14,6,237,9,17,9,114,20,60,28,987,91,110,164,176,13,106,113,99,11,9,16,102,10,77,87,1671,76,161,125,115,14,112,70,2961,84,236,188,1375,68,882,422,591,1123,85,1966,232,278,107,3122,117,130,6,164,152,190,114,1786,116,71,15,111,24,8,20,87,154,106,7,172,161,105,105,793,59,76,13,138,18,15,17,215,9,20,3,33,9,26,16,200,59,84,18,155,21,6,19,154,161,151,25,339,173,148,138,1533,1046,1543,104,2665,122,127,103,1458,157,161,16,194,99,104,85,809,118,64,14,98,6,15,15,62,190,96,23,175,92,67,83,351,894,1045,82,1517,67,56,95,873,88,90,10,156,94,61,117,900,1315,653,154,943,45,44,86,447,1611,834,194,1650,743,323,815,3864
Datasets/wang/Images/train/class7/760.jpg,7241,1421,779,954,1557,196,974,1142,712,188,126,119,942,175,1003,1069,1393,162,203,101,229,23,176,110,884,113,136,102,1267,96,1324,710,839,183,197,206,217,50,172,192,149,36,43,57,117,37,132,151,981,119,194,140,206,33,229,153,1058,82,164,148,1280,103,1067,677,1708,282,246,220,222,42,128,130,214,60,34,65,124,35,105,110,234,29,38,34,34,13,23,28,198,44,65,52,112,26,87,97,1116,185,196,219,132,37,138,170,156,64,42,57,113,46,131,170,1199,104,229,164,132,36,153,142,1379,111,244,201,759,148,660,611,882,1026,146,1130,209,252,145,1337,166,152,34,153,174,199,127,954,181,119,47,106,65,32,49,98,186,155,42,167,236,155,197,702,199,156,45,168,58,57,31,243,44,47,10,57,33,70,37,218,136,142,41,146,59,59,68,244,170,163,59,308,212,229,266,1267,1125,1432,142,1441,134,152,107,840,195,245,48,235,156,173,137,744,198,105,56,127,35,38,52,124,224,176,52,239,156,159,195,691,1056,1413,153,1330,99,122,141,763,152,225,51,270,137,204,222,1246,1109,770,194,868,119,139,184,756,1037,811,222,1483,738,732,1109,5453
Datasets/wang/Images/train/class7/778.jpg,6081,1289,722,1132,1272,160,1103,1625,675,121,92,117,1107,111,1724,1753,1269,129,134,82,202,23,151,60,1067,100,104,94,1943,79,2234,825,699,153,149,142,146,24,149,195,111,27,20,30,107,35,136,138,1137,90,153,96,177,26,193,123,1496,69,158,106,1896,69,1415,665,1306,178,173,153,149,25,94,104,160,44,27,37,112,25,81,61,150,20,34,28,21,5,18,18,140,20,31,22,100,18,76,68,1167,168,160,167,107,32,100,117,110,31,23,43,101,24,130,122,1650,80,184,143,84,19,104,114,1570,93,166,133,846,87,629,483,734,1092,108,1545,147,152,118,1702,135,143,20,138,146,173,139,1238,127,99,36,70,37,17,32,76,138,103,26,110,199,124,162,658,110,108,30,149,36,31,29,182,31,31,9,38,33,33,29,187,114,100,28,121,26,25,41,185,127,106,40,260,181,182,192,1028,1222,2028,103,1984,97,102,91,925,164,205,32,186,135,146,135,676,135,126,27,97,18,24,35,100,176,131,27,168,124,127,136,495,1921,2240,146,1463,85,86,110,732,157,176,33,219,139,140,215,1034,1927,913,170,751,81,94,127,540,1201,710,203,1131,759,530,1040,4017
Datasets/wang/Images/train/class7/703.jpg,7175,996,835,796,1950,288,810,1046,963,168,134,130,868,173,621,786,1049,102,152,88,245,40,164,105,872,97,134,94,961,99,844,458,843,150,184,175,267,79,191,193,177,49,36,36,163,50,107,172,823,98,179,139,289,27,199,196,1285,115,199,190,1666,148,928,791,1912,244,303,288,424,75,168,165,346,44,65,62,172,36,90,104,326,33,60,48,68,10,49,39,379,32,86,55,171,31,135,115,861,182,175,205,173,30,123,156,153,46,34,51,108,28,104,157,1220,97,207,157,181,34,160,163,2055,160,324,280,995,178,763,808,995,854,176,1124,348,375,144,1746,228,173,47,194,204,232,108,951,154,83,49,120,48,30,34,158,159,118,31,148,185,145,155,788,139,141,30,200,47,84,47,316,46,31,12,67,32,72,21,302,119,85,34,187,57,43,42,269,186,178,61,431,283,271,268,1799,907,960,144,1699,149,177,99,915,186,179,40,268,131,144,95,733,171,106,44,132,39,29,40,151,233,144,79,311,168,122,159,682,710,872,98,981,90,109,83,757,105,153,26,223,74,136,99,852,1033,559,163,810,113,122,163,848,1141,787,325,1821,721,679,903,5942
Datasets/wang/Images/train/class7/712.jpg,7750,1262,933,872,1640,257,838,839,902,221,180,130,836,216,782,882,1241,200,218,122,276,28,227,132,760,137,156,110,867,112,1030,625,999,238,189,168,264,74,152,194,172,50,46,47,150,54,149,203,857,144,134,111,251,44,217,158,925,132,189,138,1234,148,801,685,1677,277,248,286,324,53,160,146,245,58,72,66,124,32,132,168,246,50,63,46,56,9,33,52,239,47,69,55,158,39,127,144,881,236,173,198,157,51,98,139,149,86,43,74,108,53,125,208,935,142,198,159,163,47,164,166,1305,186,268,248,781,191,688,746,1008,879,198,1194,276,293,153,1437,170,181,45,179,164,158,134,800,238,113,52,123,44,38,33,141,151,128,47,169,182,173,238,755,181,157,51,176,62,58,43,269,35,35,19,65,49,62,46,249,169,108,37,161,60,48,53,240,195,188,60,340,231,235,291,1403,820,974,175,1508,156,169,122,901,189,199,30,282,123,155,134,684,245,158,53,174,35,39,55,169,189,151,74,248,161,158,206,848,950,1175,154,972,107,163,149,716,163,267,55,285,126,216,199,1146,1107,737,200,822,132,179,236,857,886,785,294,1416,710,876,1157,6172
Datasets/wang/Images/train/class7/742.jpg,7328,1699,828,827,1231,267,889,1082,849,259,153,155,972,270,1127,1426,1788,243,236,128,239,45,245,133,945,159,164,115,1127,146,1335,821,881,285,162,199,181,70,149,227,147,55,31,45,132,60,164,297,934,154,198,136,191,29,189,157,760,118,165,124,1056,156,933,716,1312,258,154,187,142,26,107,121,180,49,33,39,131,46,106,135,281,58,48,33,31,5,29,38,204,25,44,29,109,37,134,120,1011,247,177,220,119,38,150,190,162,64,51,66,141,62,185,268,1223,169,255,167,130,33,193,167,1054,151,219,195,660,133,796,761,965,936,144,653,189,200,139,872,183,190,49,141,150,214,176,933,291,147,49,86,42,23,48,108,201,140,48,129,197,150,242,677,180,183,40,138,45,60,41,199,44,47,18,43,38,70,55,270,169,128,42,122,48,49,54,188,144,131,50,207,169,197,246,1113,967,1005,158,974,120,111,116,530,199,228,45,187,139,185,162,730,309,160,61,118,39,37,55,136,244,190,58,166,166,164,214,677,1178,1258,169,870,116,133,187,761,210,291,73,267,186,268,304,1496,1563,854,322,818,142,164,298,876,982,768,298,1213,775,826,1550,5882
Datasets/wang/Images/train/class7/704.jpg,8678,1412,1014,1107,1429,196,1236,1365,1004,171,140,126,1211,170,2447,1879,1495,173,174,104,177,27,145,100,1110,104,134,122,1310,109,1807,823,957,186,148,144,161,42,153,154,139,24,27,37,101,43,151,169,1049,115,129,98,166,31,161,100,1457,101,139,128,1353,101,1048,562,1489,190,169,141,209,43,98,83,165,43,39,46,87,25,94,88,193,41,44,28,34,13,18,20,173,32,51,34,90,21,99,108,1141,144,152,159,110,29,82,93,129,48,36,36,121,38,144,156,1310,116,172,104,100,29,109,104,1319,85,160,151,734,96,540,517,980,1008,139,1428,165,139,100,1382,158,132,25,128,123,153,160,1032,162,116,32,70,43,29,40,68,135,96,35,124,155,87,170,536,131,131,32,142,38,48,39,146,41,35,11,39,35,48,39,184,148,117,28,119,45,56,37,152,137,143,44,326,166,152,182,1115,1163,1296,120,1304,96,95,116,647,167,154,27,150,120,100,147,542,184,124,30,78,30,26,32,78,179,103,38,155,97,101,146,471,1774,1779,167,1069,130,109,139,582,147,190,46,204,147,200,380,1157,1594,907,177,702,108,130,169,589,1145,682,210,1206,617,563,1196,4296
Datasets/wang/Images/train/class7/708.jpg,7379,1420,1020,793,1357,270,823,866,951,242,193,158,796,234,793,1019,1323,225,239,134,301,53,280,137,727,138,155,109,881,139,1179,688,1022,252,183,183,264,62,159,212,196,56,70,62,142,58,149,231,834,130,134,124,239,45,194,155,835,124,177,136,1090,164,797,695,1520,290,247,247,240,46,123,154,289,70,64,66,150,43,126,164,296,54,68,53,56,15,39,42,267,62,79,69,175,41,150,180,922,268,183,204,114,52,100,164,155,53,44,58,112,56,135,227,849,157,203,150,150,55,170,228,1103,141,254,258,693,159,633,864,1008,863,215,896,290,264,180,1239,199,153,72,169,199,214,179,799,234,117,50,142,77,42,60,147,151,117,51,139,199,150,263,694,227,176,59,199,59,64,47,268,55,45,18,60,53,63,63,288,193,109,44,153,72,74,76,258,176,114,53,292,266,261,271,1296,850,990,152,1276,143,172,125,785,163,206,60,284,109,172,127,697,227,144,51,159,55,56,64,218,169,176,63,277,162,188,278,900,916,1243,174,897,112,178,150,765,184,282,79,285,145,267,264,1240,944,837,247,738,163,191,229,951,809,762,286,1304,645,983,1227,6414
Datasets/wang/Images/train/class7/773.jpg,6814,1091,752,874,1949,244,946,1283,887,138,110,110,1037,207,792,1119,1098,116,147,98,214,27,169,113,953,91,103,110,1300,102,1034,648,705,141,160,192,248,54,160,249,139,27,37,31,136,36,105,189,919,81,155,149,257,42,205,133,1350,129,193,179,1778,128,1226,961,1846,187,250,243,325,36,154,155,291,35,51,34,171,26,95,95,288,31,45,22,40,8,27,26,365,31,50,54,146,26,104,74,951,147,150,202,147,22,123,141,146,22,29,37,93,48,89,141,1249,113,223,167,145,30,173,133,1929,138,312,268,997,113,840,725,898,868,142,1297,286,363,124,1990,183,152,27,168,185,250,106,1271,160,108,48,112,41,34,38,131,193,121,26,155,191,133,144,848,96,128,24,203,58,50,20,313,28,31,6,42,32,45,30,256,116,98,29,175,47,33,49,261,169,168,44,337,255,216,215,1751,973,1154,119,1701,167,141,103,991,189,205,33,254,126,151,86,741,180,96,48,126,26,22,33,110,242,132,58,221,115,121,156,540,726,879,88,1121,89,108,97,776,125,152,30,211,109,138,130,963,1019,606,188,848,89,107,142,707,1209,817,277,1697,744,541,971,5302
Datasets/wang/Images/train/class7/707.jpg,5834,1238,750,1250,1227,138,1209,1685,661,124,75,106,1016,97,1907,1898,1155,86,102,83,196,19,154,64,1050,84,91,75,1917,71,2346,851,756,135,139,143,141,31,140,168,89,24,21,23,88,30,110,120,1065,72,154,81,185,10,159,109,1459,80,135,126,1994,84,1384,539,1364,189,178,191,146,24,96,99,163,29,26,38,104,27,79,79,133,17,29,22,26,5,14,18,166,19,46,32,103,20,82,68,1218,149,136,158,115,17,113,94,109,30,31,35,93,23,96,101,1661,65,156,135,95,22,107,88,1756,67,164,150,834,75,619,426,699,1200,133,1688,155,178,134,1894,119,142,25,162,117,155,136,1240,111,84,22,102,24,17,19,72,141,106,21,125,192,114,159,642,95,108,24,128,41,48,36,190,26,23,9,33,26,30,30,152,129,84,31,120,26,28,40,165,148,126,40,244,195,165,203,1038,1081,2220,140,2232,81,121,109,996,129,203,29,206,95,104,110,717,136,99,38,112,20,17,21,109,145,130,34,194,127,127,126,525,1898,2446,142,1568,76,94,112,706,124,180,27,216,102,128,216,968,1755,944,143,684,75,93,123,532,1323,678,185,1080,641,527,932,3945
Datasets/wang/Images/train/class7/732.jpg,7383,1596,972,879,1285,256,886,986,873,265,179,182,846,254,908,1225,1620,220,284,130,272,54,312,156,857,148,165,131,929,144,1183,829,950,286,210,219,202,51,200,212,152,50,32,61,165,59,176,250,865,159,188,131,254,48,236,155,643,109,140,144,853,124,797,707,1317,289,207,209,143,40,127,114,198,63,44,52,124,35,119,121,299,54,50,34,35,12,34,33,219,42,48,46,124,32,134,159,1008,316,172,225,123,38,150,197,169,61,53,68,133,42,160,274,1080,153,220,182,128,40,204,181,983,147,198,205,560,151,729,831,922,874,175,654,214,192,162,927,172,179,40,133,194,191,198,849,284,142,50,103,80,45,61,137,175,141,43,109,264,177,289,721,199,174,40,144,47,53,44,233,43,46,11,34,47,72,55,297,190,130,59,140,62,54,70,210,152,151,50,214,253,234,305,1109,937,1080,145,848,114,152,100,556,194,273,34,196,132,213,155,780,275,169,65,111,56,54,57,120,225,188,70,224,202,222,278,838,1028,1222,181,944,131,152,157,779,167,335,59,300,142,278,311,1430,1387,927,303,832,170,162,272,866,1004,825,272,1201,752,946,1454,6182
Datasets/wang/Images/train/class7/753.jpg,5931,1154,813,1217,1131,122,1154,1903,718,108,98,111,1095,131,2796,2480,1127,66,111,59,144,16,134,58,1095,72,91,88,1976,65,2783,828,767,120,116,136,110,24,111,127,98,15,18,22,98,19,109,110,1087,71,127,78,128,13,150,95,1706,64,115,91,1948,71,1338,516,1169,169,136,154,141,16,78,76,149,12,13,34,92,16,59,71,153,19,25,17,11,5,7,12,127,27,18,16,62,19,70,70,1152,153,98,147,81,13,79,91,81,24,17,31,91,26,92,99,1768,80,125,102,97,16,96,67,2008,65,135,162,801,61,557,375,774,1144,119,1895,151,170,97,2229,103,125,21,119,129,134,135,1220,131,60,23,67,17,21,20,78,95,102,18,105,152,102,154,583,121,101,26,130,19,33,20,165,21,24,9,33,25,29,26,156,103,83,15,124,38,25,27,147,122,111,35,216,170,118,149,881,1141,2132,98,2142,95,85,92,958,125,151,23,175,79,102,104,646,122,85,27,100,16,13,21,85,145,96,24,131,103,91,114,441,2551,2848,147,1434,72,81,121,687,140,144,18,190,95,133,187,816,2349,854,160,650,84,78,99,461,1267,612,161,973,611,429,833,3280
Datasets/wang/Images/train/class7/720.jpg,6917,1085,811,843,1965,302,893,1157,991,176,151,135,1010,215,619,791,1053,126,172,122,248,25,177,115,951,110,129,106,1048,102,716,522,844,188,175,176,243,60,178,243,164,34,36,41,159,71,111,192,863,96,202,133,275,39,202,180,1114,139,197,199,1438,140,1005,939,1865,250,256,251,341,40,144,183,302,64,63,42,164,49,92,97,272,32,62,47,57,8,33,51,381,28,72,43,173,29,118,129,907,160,194,177,152,31,138,181,162,38,33,60,119,42,108,174,1106,128,211,203,154,39,176,191,1583,151,349,340,931,154,777,814,961,871,152,1163,335,385,143,1672,231,189,26,194,194,241,133,1119,187,92,33,104,34,33,39,149,174,119,47,166,224,154,144,843,152,134,41,218,54,71,44,350,43,38,11,51,30,70,30,285,93,116,33,193,45,39,44,306,200,181,53,346,252,272,223,1705,969,1005,142,1453,178,155,110,963,193,208,39,278,138,143,109,724,227,110,56,163,44,21,48,200,245,172,59,246,177,144,146,687,586,728,107,951,92,136,107,826,144,177,46,253,98,158,129,964,781,548,219,834,120,139,173,893,991,785,321,1741,756,711,914,6194
Datasets/wang/Images/train/class7/726.jpg,6869,1178,775,1180,1366,167,1094,1649,755,141,122,108,1093,138,1339,1518,1201,126,155,85,178,17,168,77,997,87,108,106,1606,93,1732,807,766,164,150,158,179,37,149,161,120,37,27,23,133,32,101,151,1030,93,164,99,183,19,192,128,1400,83,139,131,1728,83,1258,645,1416,216,149,186,199,28,105,120,160,43,24,32,97,22,75,85,197,25,39,28,31,4,20,18,172,20,37,33,89,15,74,72,1139,193,159,196,112,24,88,137,112,28,34,44,90,29,101,96,1596,89,182,127,106,19,136,121,1613,73,171,175,781,89,697,468,799,1138,120,1651,159,192,117,2055,146,154,21,132,148,210,123,1202,142,90,37,93,35,29,34,86,154,129,25,141,163,165,156,720,112,110,28,149,22,34,25,195,23,25,8,38,30,37,33,211,119,101,32,129,44,23,29,188,145,147,39,338,188,181,198,1166,1144,1819,121,2021,103,122,90,976,157,215,26,224,99,142,133,756,148,110,26,90,23,18,29,83,170,112,34,179,142,107,127,494,1573,1853,141,1390,78,113,127,761,139,169,23,223,144,166,191,1007,1772,914,181,794,79,91,136,538,1280,747,184,1304,707,547,947,4302
Datasets/wang/Images/train/class7/764.jpg,6169,1150,694,978,1472,205,1035,1443,677,150,96,120,958,150,1261,1639,1241,154,148,102,198,31,169,104,920,100,111,88,1424,96,1638,985,761,158,133,150,182,31,163,202,132,17,25,27,104,37,120,165,915,116,144,110,228,24,192,147,1126,88,152,128,1761,87,1274,854,1536,239,201,223,239,33,135,122,183,38,29,40,109,26,106,77,199,34,40,20,23,10,19,17,188,22,31,23,106,25,107,73,1053,206,156,210,134,21,122,138,104,36,23,33,84,20,99,144,1555,105,199,155,136,16,134,116,1598,112,201,180,870,94,792,512,713,927,96,1254,181,210,111,1632,130,159,17,157,163,199,137,1346,139,98,22,87,33,21,32,96,158,103,26,159,214,146,151,868,107,116,35,158,35,40,21,225,23,27,5,40,29,40,21,198,108,97,42,141,36,29,36,171,157,158,36,287,241,191,192,1320,1055,1482,115,1882,113,131,102,1005,195,207,25,232,125,147,87,832,162,88,31,102,25,18,30,97,217,161,31,179,128,143,136,582,1340,1853,130,1382,107,92,112,817,161,197,14,207,127,156,145,1100,1750,1047,206,935,95,108,165,566,1429,889,216,1447,844,616,1100,4573
Datasets/wang/Images/train/class7/711.jpg,5799,1225,689,1110,1223,144,1154,1671,575,119,82,114,994,135,1442,1790,1308,153,140,103,204,20,154,99,1023,102,107,82,1836,96,2029,973,730,179,126,160,138,32,163,167,98,17,31,22,98,26,120,153,1026,99,152,108,172,22,178,133,1211,86,118,120,1765,78,1487,753,1284,204,143,202,163,26,119,98,155,38,29,35,103,20,90,78,158,23,21,18,27,6,13,12,153,23,29,24,90,13,72,54,1200,179,152,186,109,21,129,125,108,40,16,40,110,24,140,136,1638,97,199,136,116,24,123,83,1611,91,177,167,882,93,763,431,601,1037,113,1374,157,173,101,1688,109,127,22,125,149,171,136,1312,133,93,19,91,40,18,35,99,150,120,29,110,210,144,200,798,92,109,20,161,25,26,30,187,17,24,6,36,15,29,24,171,116,100,34,120,29,35,35,149,139,154,27,243,210,159,215,1177,1140,1955,97,1916,111,101,98,963,171,220,28,178,114,166,147,838,150,89,27,94,25,22,19,87,191,164,22,138,154,114,144,585,1506,2186,127,1568,99,116,115,812,139,236,26,225,138,180,185,1086,1672,1045,180,909,95,83,127,536,1378,869,200,1273,766,589,1059,4305
Datasets/wang/Images/train/class7/736.jpg,7009,1791,851,907,1172,242,1033,1122,866,249,132,154,997,282,1254,1560,1748,240,278,133,217,21,253,145,1001,132,165,115,1191,115,1616,876,869,277,167,188,172,39,147,210,155,59,37,43,130,60,174,286,1002,145,165,117,174,34,201,169,771,99,112,123,891,122,954,739,1249,253,173,172,111,22,109,102,154,35,35,56,90,30,101,111,248,30,54,22,21,10,30,29,198,23,55,37,101,34,115,147,1059,266,176,239,122,35,135,151,146,62,30,51,123,64,179,269,1265,170,233,133,99,28,162,133,972,110,192,173,586,140,766,757,938,1075,134,819,164,200,144,942,161,188,40,108,159,224,168,926,252,170,61,96,43,35,53,108,166,128,46,128,203,159,292,652,163,140,33,147,40,43,29,199,25,29,12,37,35,49,59,231,190,118,46,127,32,35,54,167,150,134,36,159,181,167,240,1046,1059,1380,145,1048,112,84,119,565,183,266,38,184,127,173,174,698,284,162,64,99,31,33,46,125,214,151,50,161,181,145,262,693,1442,1695,164,1134,90,134,180,817,169,286,56,244,168,255,313,1554,1712,905,307,791,141,129,264,731,964,753,262,999,726,731,1505,5535
Datasets/wang/Images/train/class7/758.jpg,6581,1233,769,1098,1486,163,990,1443,733,118,109,128,926,130,1319,1397,1247,113,138,87,199,25,171,98,996,94,120,88,1587,79,1618,702,835,168,172,176,177,40,181,161,149,37,30,30,119,34,110,125,988,77,150,120,193,26,203,103,1431,105,158,136,1798,101,1164,573,1537,216,206,188,167,38,110,112,172,45,36,59,128,16,86,83,191,32,43,29,30,6,34,24,189,26,40,39,101,27,101,102,1073,180,147,209,144,27,122,122,144,41,34,46,106,37,113,115,1390,92,174,129,121,33,144,107,1706,118,200,206,845,101,621,544,830,1149,171,1602,219,254,128,1788,126,147,31,156,162,161,152,1098,159,104,38,100,47,26,44,98,130,108,26,141,173,120,173,686,144,140,47,156,48,57,42,219,39,33,13,53,30,35,50,212,120,124,35,122,57,44,55,196,146,138,51,300,211,212,224,1233,1066,1653,134,1994,139,137,120,972,178,190,39,241,122,167,100,729,161,92,37,113,19,32,32,152,172,152,38,211,118,143,154,614,1395,1792,138,1392,73,117,121,736,145,163,40,226,115,154,192,1051,1559,848,154,716,93,149,167,659,1227,762,216,1375,689,608,915,4628
Datasets/wang/Images/train/class7/757.jpg,8042,2001,872,850,1221,296,929,913,875,311,164,169,918,332,1059,1294,2098,321,355,186,253,59,277,140,891,215,175,123,954,155,1286,888,907,297,174,180,203,59,222,259,113,59,33,45,128,70,204,318,914,165,192,152,142,46,230,168,447,114,114,122,535,114,847,769,1163,281,196,169,120,38,135,77,177,54,47,59,130,40,169,154,257,58,60,45,42,9,32,37,157,35,41,43,80,36,163,142,911,291,199,276,101,49,152,200,114,73,43,64,99,61,205,312,979,152,265,178,119,40,193,203,564,113,151,171,398,115,760,769,916,877,104,458,152,179,126,547,186,234,42,109,222,233,203,795,336,178,80,97,62,36,78,119,204,163,46,117,298,176,320,760,172,195,35,115,63,62,57,152,43,45,19,35,35,73,68,270,194,149,47,125,56,49,73,158,109,109,35,141,182,187,266,1022,924,982,157,554,132,94,99,408,189,235,46,159,136,184,202,745,336,173,64,109,34,33,68,126,232,194,76,189,169,153,292,789,1170,1408,230,946,154,165,206,793,194,296,68,271,231,280,387,1851,1450,957,344,803,146,162,314,778,848,805,275,1099,797,785,1852,6356
Datasets/wang/Images/train/class7/774.jpg,7227,929,819,838,2346,295,886,1068,960,140,104,98,965,144,451,634,965,85,140,95,217,32,133,91,882,108,115,105,955,112,623,423,807,123,160,170,314,66,155,231,148,36,26,31,142,36,101,167,836,96,164,126,290,29,212,201,1382,125,221,247,1804,151,989,876,2218,224,273,323,476,60,183,176,362,43,57,52,201,34,91,121,319,34,46,26,59,8,31,31,406,43,68,54,210,25,122,99,855,132,194,212,192,32,114,124,148,30,27,47,99,21,96,125,1074,84,215,164,194,41,150,158,1896,156,396,354,1060,129,782,746,921,865,165,1325,338,393,152,1977,192,162,32,204,177,256,98,1038,157,102,40,139,44,34,23,158,189,129,38,214,176,141,120,794,120,126,40,208,52,69,35,352,34,52,15,73,35,53,28,276,114,83,26,218,60,61,54,316,195,197,66,454,279,289,255,2044,880,994,154,1725,189,163,107,1030,216,188,44,261,124,138,86,735,168,92,39,127,41,33,35,128,232,142,42,269,147,118,132,651,555,676,77,932,80,110,96,744,113,135,31,240,98,129,109,804,689,404,157,810,111,119,142,795,1060,818,292,2008,683,652,835,6053
Datasets/wang/Images/train/class7/755.jpg,6879,1706,857,1013,1217,223,976,1236,773,196,127,122,925,217,1216,1361,1679,182,211,152,250,27,257,121,936,133,140,106,1196,139,1574,897,802,228,151,195,181,43,189,223,101,39,17,37,116,51,182,254,966,156,194,126,208,25,207,156,767,88,127,104,896,110,1044,761,1295,249,169,197,168,27,113,131,188,47,50,46,121,38,114,121,242,35,46,28,43,8,26,25,181,32,37,33,131,31,131,115,1003,213,182,260,132,35,123,212,138,38,27,41,95,33,159,212,1173,141,234,154,118,24,187,134,1120,91,186,172,658,108,795,675,780,975,130,883,185,184,132,1167,179,182,32,163,166,236,143,1061,215,140,49,112,47,36,42,109,185,134,38,148,238,177,265,784,134,160,38,143,42,49,39,181,35,38,13,55,25,57,45,237,150,131,37,141,31,43,60,166,157,125,41,194,207,207,242,1134,1077,1318,129,1230,126,141,119,732,185,244,29,215,144,197,147,880,225,125,39,121,32,29,36,135,237,185,49,197,160,158,241,662,1176,1596,175,1213,121,123,149,861,177,258,38,245,136,214,270,1409,1483,933,243,904,117,106,208,759,1069,782,253,1272,813,753,1521,5554
Datasets/wang/Images/train/class7/728.jpg,6238,858,720,876,1795,263,845,1350,845,148,100,96,949,179,702,1083,900,77,133,89,167,27,166,81,896,90,102,77,1263,89,987,609,705,142,141,171,248,59,142,217,123,29,22,32,126,32,106,174,894,84,149,111,224,34,209,149,1327,107,166,179,1996,120,1205,879,1872,209,263,283,340,50,144,172,296,43,34,31,142,28,85,92,253,28,50,34,50,10,27,25,323,23,41,50,173,26,94,102,958,138,155,196,134,25,96,144,129,23,27,40,77,35,85,133,1409,82,229,149,175,32,161,141,2250,135,308,286,1068,132,775,752,914,920,128,1438,297,369,138,2208,185,152,39,192,159,229,114,1261,162,86,36,125,40,21,28,137,157,97,32,172,193,120,137,785,114,103,31,188,48,59,32,318,35,26,12,50,43,57,28,276,113,93,37,171,47,23,46,262,167,154,59,318,246,251,194,1704,973,1318,125,2210,157,156,90,1198,162,198,41,274,122,142,82,760,187,90,48,155,29,28,26,146,239,126,45,228,127,131,115,598,747,1095,124,1317,77,100,76,799,102,134,17,180,73,121,94,775,1202,659,171,940,92,97,136,724,1408,867,253,1651,730,599,858,5134
Datasets/wang/Images/train/class7/765.jpg,7510,1022,926,1302,1255,122,1186,1827,921,85,105,86,1204,103,2499,2032,944,60,93,65,154,9,121,58,1119,55,82,70,1993,69,2339,683,852,120,123,145,161,27,104,137,119,18,22,13,96,22,114,117,1141,60,123,85,170,17,136,93,1995,79,145,110,2333,91,1194,459,1386,135,152,161,165,22,76,77,166,19,29,35,87,12,45,58,130,18,22,12,17,1,14,15,159,14,35,26,85,13,66,59,1169,107,116,128,100,12,74,95,116,30,18,28,66,23,93,102,1646,68,143,102,88,20,93,73,2080,78,171,151,792,92,481,391,906,1262,139,2331,156,174,137,2337,106,105,25,139,124,132,100,1146,86,52,15,66,26,15,26,84,110,78,26,117,149,101,108,485,107,106,25,147,27,30,23,174,28,14,13,41,18,28,28,154,113,76,21,141,31,31,35,160,160,94,41,299,195,167,148,1004,1207,2005,106,2375,103,90,103,971,127,141,25,191,74,96,89,561,115,80,28,93,19,21,18,93,139,100,36,163,85,113,98,467,2243,2255,119,1306,58,72,96,573,148,133,27,170,90,103,166,694,1719,690,109,567,71,87,106,514,1052,530,143,1147,568,477,681,3263
Datasets/wang/Images/train/class7/747.jpg,6700,1255,824,1044,1404,175,937,1202,736,175,136,112,877,144,1234,1390,1262,130,157,87,221,29,153,95,946,82,107,98,1507,95,1619,685,834,170,182,186,219,54,157,181,127,32,32,35,125,40,142,135,984,104,162,120,237,24,198,130,1120,89,152,125,1581,117,1142,620,1560,237,216,250,195,33,110,96,217,45,51,55,132,26,81,92,184,34,44,36,38,7,31,33,222,28,36,46,117,31,101,115,1094,188,185,208,101,42,126,151,124,40,26,52,109,39,120,145,1335,109,184,147,117,40,149,133,1538,127,207,207,795,120,638,582,883,1033,157,1244,237,265,153,1333,153,149,56,143,149,187,106,985,191,99,49,90,43,32,44,111,156,105,30,129,188,130,160,669,159,153,34,160,58,77,41,246,41,44,17,44,43,49,43,190,132,128,45,150,61,57,62,240,178,140,53,261,234,236,231,1159,1071,1753,140,1854,128,152,118,879,181,216,42,297,127,155,120,663,179,105,56,152,37,30,49,149,178,156,60,238,166,161,169,708,1346,1686,138,1371,100,152,113,746,143,214,43,281,125,178,202,964,1492,868,173,785,120,145,185,749,1089,761,231,1518,673,708,999,5165
Datasets/wang/Images/train/class7/743.jpg,6818,1265,777,1011,1527,209,973,1166,721,152,107,105,921,168,1102,1180,1309,152,153,100,198,27,189,88,938,93,114,104,1417,74,1410,681,786,178,156,151,199,40,164,197,141,41,39,49,107,35,98,148,1072,116,193,115,216,25,221,170,1215,94,146,147,1573,90,1121,704,1685,246,214,235,225,29,129,111,214,44,35,49,124,31,77,101,200,23,50,37,27,8,32,21,203,29,49,38,122,19,94,106,1142,189,186,221,150,36,110,134,135,42,40,59,110,34,94,134,1348,103,214,155,135,33,128,126,1568,101,243,233,882,125,710,541,822,1031,160,1229,215,225,150,1488,167,185,32,163,170,196,125,1051,174,88,27,100,61,36,46,100,167,112,26,148,221,156,173,735,158,138,43,181,59,55,51,241,40,37,15,52,47,49,35,185,125,122,36,166,51,46,50,216,150,166,48,291,227,217,193,1257,1087,1560,147,1627,129,156,126,957,167,231,38,270,112,169,132,684,195,122,53,119,29,49,42,139,212,160,34,237,138,152,167,661,1202,1590,155,1340,103,128,114,758,168,205,36,268,123,174,183,1092,1331,826,192,858,110,142,163,720,1108,886,228,1467,725,700,1163,5079
Datasets/wang/Images/train/class7/750.jpg,6807,1469,746,1003,1540,202,1068,1285,676,168,109,148,1091,162,1157,1187,1414,158,178,103,240,25,191,82,1003,115,107,125,1395,112,1452,846,775,175,149,195,196,50,195,232,105,28,25,32,134,27,155,168,1035,123,200,121,219,26,218,153,1054,80,163,160,1428,84,1230,813,1611,257,190,177,201,31,133,113,181,32,38,43,113,22,80,99,191,25,44,29,23,2,26,23,190,22,26,33,120,19,90,87,1140,215,194,217,130,37,118,129,126,42,32,47,113,40,138,158,1357,104,254,161,143,13,167,109,1337,92,202,190,718,90,708,518,770,1065,118,1245,181,210,128,1464,155,158,37,150,160,215,143,1085,201,110,36,101,41,15,37,93,179,147,28,159,248,166,206,798,131,139,41,171,34,49,38,206,33,37,10,42,35,39,35,201,147,133,40,140,50,24,46,196,152,163,47,273,209,197,246,1276,1100,1602,156,1484,121,138,113,888,177,226,33,202,124,164,142,797,186,113,42,119,31,29,36,112,219,179,40,192,175,137,165,594,1233,1504,144,1324,105,131,143,824,166,225,36,248,134,196,212,1189,1294,896,191,844,101,114,175,636,1205,827,204,1392,727,648,1230,5043
Datasets/wang/Images/train/class7/735.jpg,7661,1497,904,868,1427,267,998,1088,888,247,178,177,1026,207,1149,1242,1453,170,245,151,260,49,245,145,934,114,172,143,1163,138,1422,793,980,259,182,172,232,58,178,211,153,56,42,41,144,60,177,232,938,142,196,132,235,43,232,159,734,89,168,134,951,113,935,782,1538,263,213,239,179,49,148,121,251,64,48,58,118,42,110,117,224,42,59,47,38,13,39,40,208,35,68,59,97,34,156,148,953,247,216,236,118,48,160,181,140,58,66,60,104,60,153,208,1059,125,201,170,119,44,174,178,889,129,210,228,532,143,681,778,969,960,153,765,230,207,169,884,187,187,66,159,190,229,160,919,251,152,58,95,76,37,56,123,189,124,48,148,202,168,257,735,196,191,54,165,66,74,62,219,53,48,18,65,51,65,63,264,182,132,49,172,39,55,71,223,140,144,62,212,244,240,260,1267,995,1112,171,1009,135,132,100,536,193,221,50,238,133,175,158,689,212,135,70,141,60,43,42,177,226,183,72,260,190,198,226,835,1068,1345,170,979,144,154,157,695,194,260,61,308,151,243,250,1214,1216,776,234,751,139,172,236,871,837,722,279,1179,668,867,1231,5927
Datasets/wang/Images/train/class7/739.jpg,6368,1402,752,1110,1312,178,1063,1384,680,154,114,131,998,150,1435,1587,1353,149,188,96,190,21,204,111,1042,110,133,93,1613,129,1875,944,801,180,145,168,182,33,175,179,135,43,34,39,104,26,160,188,1078,106,190,113,183,25,211,153,1029,83,142,118,1379,87,1215,713,1360,226,174,196,163,32,105,101,161,42,33,39,87,31,84,105,177,19,32,27,21,8,16,30,185,22,48,32,112,26,102,93,1144,210,170,178,112,29,119,155,135,45,39,43,104,38,139,163,1520,110,210,148,108,29,166,132,1327,102,190,190,761,126,712,637,750,1036,146,1064,182,209,129,1344,156,159,30,157,166,180,144,1108,180,111,40,91,52,34,42,99,156,141,32,133,222,155,217,708,157,141,40,160,45,40,31,188,31,27,20,39,33,34,48,228,134,112,33,135,45,38,40,207,171,115,45,208,214,190,235,1130,1145,1677,138,1492,105,137,96,760,174,235,23,203,116,146,153,722,185,121,34,111,32,28,35,110,195,172,45,191,148,165,158,647,1459,1938,150,1368,96,109,126,787,147,204,46,249,136,188,260,1131,1625,1007,208,807,111,122,183,646,1230,809,239,1197,760,686,1149,4803
Datasets/wang/Images/train/class7/714.jpg,8693,931,1065,1048,1306,79,1182,1557,1058,60,90,86,1315,70,5157,3041,937,90,61,40,86,11,59,35,1153,49,67,70,1639,29,3947,851,924,59,102,82,117,13,111,102,92,9,20,14,77,8,103,63,1070,41,89,47,140,12,93,59,2582,48,111,93,2289,41,1144,398,1244,108,143,136,147,15,68,54,100,14,20,22,68,13,45,50,73,13,16,14,17,4,9,12,104,12,21,15,53,10,29,36,1118,63,116,109,65,8,48,51,72,12,4,14,64,7,64,34,1512,43,92,60,60,7,55,38,2053,35,112,111,616,40,355,212,926,1035,93,2638,115,110,76,2011,81,86,21,129,77,90,82,1068,57,46,6,48,6,12,11,48,87,55,9,101,89,75,57,516,95,68,18,113,31,21,9,130,18,12,6,12,6,14,9,91,63,57,11,101,22,20,15,112,103,86,20,279,144,125,110,884,1132,1646,67,2856,65,71,62,721,89,87,10,153,59,75,56,387,77,44,9,43,10,11,7,47,96,60,11,133,59,52,55,217,3638,2569,84,1209,48,46,61,338,102,85,12,118,73,47,308,639,3003,740,66,498,38,48,61,213,1000,479,73,967,415,244,632,2091
Datasets/wang/Images/train/class7/733.jpg,8532,1097,726,1161,1180,78,1177,1884,817,72,76,67,1219,87,3145,2348,1107,105,90,62,93,8,97,52,1262,68,71,70,2106,50,4094,975,752,99,97,108,112,16,120,88,73,9,15,12,66,6,135,80,1218,56,99,69,122,8,132,76,2111,43,99,102,2119,36,1489,526,1221,83,119,111,125,17,54,58,122,10,16,21,64,7,64,32,93,11,15,10,7,5,10,6,117,11,16,21,50,10,38,33,1220,89,94,111,82,6,68,65,66,6,7,15,59,11,88,62,1917,37,106,66,45,6,61,25,1971,35,109,99,687,31,498,199,679,1105,58,2131,112,102,67,2031,105,108,15,102,101,115,103,1418,85,49,15,60,13,6,13,25,113,77,9,99,119,61,116,519,69,76,8,84,12,15,8,98,10,9,4,25,10,17,14,116,62,59,12,109,15,9,13,78,106,97,14,223,124,98,114,822,1200,2101,56,2355,73,64,61,829,101,110,11,118,65,49,88,529,80,49,15,34,4,6,11,35,110,67,20,86,55,29,74,223,2717,3674,93,1543,67,46,90,562,133,100,22,85,86,71,306,819,2573,877,91,566,40,31,65,228,1419,534,106,820,530,218,824,2136
Datasets/wang/Images/train/class7/716.jpg,5997,1216,742,1148,1331,181,1062,1537,618,142,96,101,996,135,1504,1673,1158,148,148,85,181,26,156,82,1015,83,104,84,1736,74,1921,888,767,154,132,131,171,17,139,165,105,28,19,19,105,31,134,114,992,97,135,100,200,15,197,100,1501,89,131,131,2015,84,1350,654,1429,200,184,187,170,27,110,96,179,43,37,32,86,18,83,70,159,22,30,20,30,3,20,18,161,14,30,16,90,13,71,57,1069,170,153,183,114,28,108,150,114,41,23,30,90,21,104,114,1647,92,175,116,123,21,117,98,1780,84,198,161,854,74,652,452,717,1028,128,1792,165,188,117,2080,114,144,16,171,149,184,113,1317,155,98,24,86,32,21,29,107,151,105,24,125,174,117,173,678,119,108,29,151,30,32,30,189,19,24,4,35,27,33,24,147,101,103,23,120,31,29,38,159,134,146,38,248,186,154,225,1151,1132,1918,126,2376,107,106,107,1123,152,169,17,200,125,136,93,691,163,109,37,101,25,31,23,100,154,128,27,180,112,97,116,552,1532,2065,151,1551,84,89,110,726,146,195,32,204,121,148,180,1024,1923,936,178,790,87,105,143,539,1346,841,173,1215,697,518,984,4002
Datasets/wang/Images/train/class7/745.jpg,5919,1158,690,1172,1302,163,1163,1841,702,124,100,103,1133,133,1754,2448,1167,116,134,81,154,17,136,62,1091,66,127,78,1944,81,2329,952,779,133,127,139,159,40,160,175,126,24,19,33,110,35,126,154,1095,101,162,99,197,26,172,124,1458,84,155,125,1988,93,1437,666,1334,176,188,172,136,24,87,104,160,29,26,25,86,20,67,69,169,27,28,26,24,9,26,14,197,28,33,33,104,30,80,84,1071,161,148,162,99,27,109,117,120,29,26,33,98,37,93,137,1665,92,202,132,95,19,135,133,1765,90,173,187,881,100,702,494,681,1087,115,1478,137,163,135,1827,159,155,30,142,134,175,111,1550,146,89,36,80,34,18,34,85,158,123,31,134,185,108,121,674,103,113,30,144,38,38,19,150,32,39,16,51,26,36,28,204,99,89,34,117,40,41,47,163,141,111,37,223,183,173,172,1082,1076,1732,120,1835,102,117,94,864,161,194,26,187,118,133,113,670,145,88,46,94,33,20,26,95,166,151,28,167,126,100,122,513,1620,1907,118,1404,93,87,122,677,147,168,39,184,100,143,160,984,1777,844,172,666,87,93,133,551,1309,724,188,1094,703,559,898,4153
Datasets/wang/Images/train/class7/727.jpg,6124,882,692,922,2143,217,997,1652,773,107,83,98,1082,114,928,1364,847,85,109,69,190,22,121,80,1002,75,84,90,1624,68,1290,748,630,114,151,142,214,37,152,184,110,27,27,27,106,26,101,126,885,61,138,113,229,29,203,144,1685,111,189,182,2410,103,1559,866,2009,174,285,246,388,49,145,164,293,30,36,32,153,29,70,93,223,14,41,27,39,7,29,21,269,31,51,38,120,12,72,67,994,100,173,163,150,26,97,121,109,29,28,31,104,19,75,96,1446,62,191,136,127,24,121,98,2459,103,299,258,1163,111,699,562,741,884,137,1541,308,333,117,2667,150,153,26,207,176,208,80,1549,118,80,22,104,32,27,26,115,136,110,31,187,170,143,97,847,87,73,31,182,29,59,15,302,35,24,10,44,26,35,15,193,80,66,27,180,44,43,28,250,161,173,41,420,212,230,201,1903,869,1225,114,2166,160,125,88,1163,153,194,29,269,88,116,68,662,135,69,26,110,25,21,25,103,203,144,38,225,113,92,113,493,804,996,84,1174,61,78,72,687,85,110,22,196,71,109,94,701,1213,596,143,831,73,75,103,558,1394,761,201,1788,698,477,777,4637
Datasets/wang/Images/train/class7/729.jpg,6003,1367,663,1008,1066,200,985,1742,739,175,112,133,1037,177,1859,2569,1445,122,152,100,185,30,171,73,1073,93,104,89,1630,77,2308,918,745,148,133,159,167,35,166,227,147,26,31,37,109,39,145,176,1067,89,163,115,153,31,188,124,1237,70,147,99,1381,91,1226,611,1144,206,137,159,122,28,91,104,160,28,29,41,91,24,78,74,214,18,44,22,17,5,22,21,197,20,35,41,93,33,97,89,1044,190,144,193,106,26,124,134,123,35,41,62,94,40,117,170,1828,100,212,121,84,33,125,150,1686,90,192,189,821,112,679,564,779,1049,120,1078,150,188,125,1454,154,132,28,113,181,173,127,1245,151,93,20,91,42,33,45,82,138,121,43,115,195,138,164,576,116,123,38,136,36,48,32,197,34,34,11,43,29,45,37,211,130,86,35,125,39,47,44,168,147,129,37,205,178,155,219,928,1069,1615,113,1258,95,113,99,700,158,190,35,205,119,147,116,694,190,102,42,99,42,34,38,115,216,136,38,176,140,142,166,549,1822,2026,142,1193,80,91,118,696,128,179,49,207,135,184,287,1186,2606,922,241,713,94,112,185,670,1362,714,220,1028,700,567,1126,4509
Datasets/wang/Images/train/class7/769.jpg,6994,1842,723,958,1155,254,845,1040,780,276,106,143,957,315,877,1234,1817,248,248,122,233,45,225,151,1097,140,120,107,1137,126,1131,697,792,268,132,190,186,37,147,255,165,61,28,55,148,68,176,340,1054,153,160,106,221,30,182,155,1083,124,126,128,1595,124,895,707,1204,198,143,166,147,21,132,107,153,38,29,23,104,28,78,107,258,44,46,23,16,5,31,29,199,26,36,28,116,24,112,125,979,247,173,210,113,36,128,186,144,42,36,45,142,54,195,271,1272,171,255,185,125,11,184,184,1179,126,243,167,866,135,826,824,857,990,126,1011,159,157,143,1119,159,187,29,140,153,200,186,882,309,145,45,121,38,20,60,125,203,137,49,127,216,164,217,625,146,152,35,134,34,37,46,227,40,47,18,48,42,45,55,298,143,103,38,119,46,29,38,161,148,145,55,232,203,180,278,1021,942,1094,147,1262,132,122,153,852,188,227,35,193,145,156,161,763,330,169,71,134,26,34,64,118,246,159,60,175,174,141,269,686,1077,1188,192,845,99,129,202,814,211,272,66,241,171,283,328,1517,1514,832,339,735,125,143,314,894,981,760,295,1053,780,805,1589,5780
Datasets/wang/Images/train/class7/734.jpg,6465,1391,790,1075,1315,174,1080,1377,659,162,130,138,979,161,1250,1683,1452,157,182,124,223,19,213,88,959,105,149,113,1544,110,1727,887,767,197,136,180,196,36,175,188,135,40,26,26,133,47,133,185,1063,132,158,140,210,26,209,132,945,89,130,140,1293,113,1160,672,1345,214,171,226,142,33,113,101,169,51,33,47,127,27,103,86,199,18,35,26,32,5,26,25,161,31,43,50,115,27,103,105,1222,216,166,195,142,27,150,154,125,50,26,48,105,45,123,147,1420,112,228,141,110,23,131,129,1185,93,195,179,703,103,715,607,715,1059,125,994,167,185,112,1227,149,171,35,132,158,187,140,1098,174,124,31,92,66,28,46,99,197,111,40,118,239,129,195,756,145,126,29,148,35,36,32,213,35,37,10,54,30,44,41,233,144,124,36,141,53,37,47,190,161,141,48,240,243,188,241,1189,1098,1717,138,1476,112,106,100,725,167,245,33,253,111,148,125,750,179,123,47,99,24,31,31,126,192,188,55,195,160,171,183,664,1516,1860,152,1321,108,113,155,779,155,250,55,285,140,214,244,1183,1625,1026,225,824,122,141,210,698,1185,855,232,1271,757,720,1156,5012
Datasets/wang/Images/train/class7/763.jpg,8060,1380,1060,804,1466,259,888,780,942,231,219,200,849,217,886,848,1321,210,295,140,355,56,284,157,738,138,168,127,887,169,1124,770,1105,293,251,206,260,57,179,201,166,58,58,46,152,57,164,221,769,176,202,133,263,47,242,185,585,91,158,153,811,140,783,772,1567,320,266,247,189,67,137,144,232,97,58,86,125,52,119,165,295,48,81,56,53,17,44,43,199,48,69,73,143,44,182,198,898,249,201,266,148,47,147,178,152,82,58,83,134,52,156,241,755,175,196,175,130,53,171,208,632,160,197,216,470,170,615,895,997,848,179,586,257,242,182,685,220,195,53,176,184,202,177,667,253,146,57,99,70,51,66,151,163,148,63,123,257,166,312,826,249,229,53,185,91,84,59,227,64,73,32,70,68,73,86,279,236,160,61,174,76,63,76,273,146,168,69,223,261,265,318,1186,916,994,178,970,149,174,125,484,198,261,71,284,132,200,153,729,216,176,74,160,54,72,76,183,188,203,77,246,216,218,314,1044,914,1092,212,932,126,198,159,697,201,299,78,364,162,284,226,1266,884,761,267,862,169,233,248,1053,676,841,286,1285,678,1096,1213,6467
Datasets/wang/Images/train/class7/749.jpg,6401,1314,737,972,1384,173,1052,1388,667,163,126,135,1100,152,1376,1622,1328,165,172,120,188,21,189,78,881,113,128,105,1601,99,2105,950,779,186,163,152,175,35,166,195,105,36,27,38,120,45,128,151,885,115,163,124,184,30,160,163,978,79,121,146,1508,89,1369,776,1454,219,200,220,163,37,104,102,163,40,43,39,110,29,92,94,207,32,45,35,36,5,22,34,190,27,39,22,97,26,99,93,1091,226,198,228,105,29,124,146,94,45,23,39,105,43,114,171,1291,133,200,134,96,38,150,132,1319,86,186,171,665,96,672,528,756,1048,98,1123,181,166,103,1476,155,173,39,147,170,187,115,1182,161,119,35,76,37,23,36,99,160,112,23,144,223,156,189,738,155,130,39,143,43,47,40,198,41,44,12,32,37,39,32,187,129,101,33,131,52,41,50,182,126,154,36,223,206,194,200,1205,1130,1622,128,1715,116,112,107,767,159,243,29,225,127,148,127,711,182,114,47,107,31,26,37,112,223,165,61,198,138,150,194,600,1477,2077,147,1456,94,119,145,821,142,243,34,244,137,196,201,1133,1680,1080,232,907,115,128,201,672,1212,776,249,1251,702,625,1055,4702
Datasets/wang/Images/train/class7/723.jpg,6127,1051,607,1027,1734,126,1076,1464,666,98,69,82,1087,103,1991,1863,1111,118,91,80,126,12,113,66,992,62,93,84,1725,50,2400,895,729,97,110,126,158,23,141,151,81,16,11,20,104,17,90,103,1055,54,115,96,206,18,139,88,1907,70,121,141,2661,68,1385,606,1848,155,200,173,283,30,107,103,154,21,23,27,101,12,69,48,163,10,23,13,23,2,13,7,160,16,32,34,77,5,64,51,1192,115,137,164,113,17,88,95,83,25,20,21,89,14,90,73,1691,42,155,100,94,15,71,46,2205,69,181,170,1005,45,599,344,687,1012,76,1968,161,191,87,2157,89,122,8,140,148,142,95,1170,96,69,14,79,19,7,22,73,129,98,21,151,141,103,124,698,66,93,25,131,25,35,16,180,13,17,6,16,17,20,22,147,90,99,16,159,23,38,23,200,154,164,38,462,209,204,156,1419,1098,1794,87,2945,123,117,71,1096,146,151,18,246,78,75,89,640,102,74,18,74,15,11,15,66,140,110,16,191,92,65,103,345,1882,1958,111,1389,90,68,96,603,112,117,12,164,92,87,231,856,2070,946,103,755,58,55,102,369,1326,704,139,1484,638,356,848,3505
Datasets/wang/Images/train/class7/776.jpg,6187,1176,636,1016,1566,209,1029,1454,690,142,80,102,1002,148,1192,1423,1187,126,144,95,196,25,178,97,974,82,108,113,1460,98,1528,879,688,162,158,169,193,39,132,200,96,27,25,19,106,21,133,156,1032,105,167,127,212,18,193,162,1106,91,141,151,1534,91,1222,846,1563,206,192,242,225,25,130,97,214,37,32,35,130,23,108,89,207,19,29,18,34,7,21,13,236,22,47,34,143,19,101,75,1056,160,167,210,137,20,122,140,110,44,26,42,92,19,100,154,1498,97,254,175,135,24,161,149,1636,94,246,216,850,70,793,580,704,1025,97,1237,229,218,126,1800,131,155,25,168,171,217,116,1213,147,100,16,86,32,23,35,93,146,127,41,139,212,148,171,828,111,115,27,162,37,49,23,271,20,20,10,39,26,45,36,213,108,107,29,138,48,44,41,197,143,155,33,305,239,199,216,1403,1102,1586,133,1639,142,127,116,912,178,238,23,232,152,139,114,800,174,106,38,87,13,19,23,93,213,140,43,230,171,139,144,557,1236,1658,137,1347,117,105,118,818,122,208,28,223,124,152,181,1064,1701,935,214,874,122,106,158,633,1278,880,233,1528,765,636,1048,5057
Datasets/wang/Images/train/class7/717.jpg,7648,1472,795,844,1695,175,867,1122,765,176,126,107,933,169,1539,1713,1461,194,175,80,189,22,185,74,824,97,108,86,1177,97,2867,835,794,164,123,151,192,28,144,137,140,37,19,34,98,31,132,148,832,90,129,85,223,32,165,97,1502,100,152,157,2118,84,1137,648,1706,200,249,220,327,42,130,115,201,44,41,49,144,31,106,77,196,27,41,27,48,7,20,17,179,26,43,42,97,27,96,85,837,159,124,146,110,44,94,93,114,27,27,41,113,32,143,135,1057,84,131,93,96,16,96,87,1538,74,197,204,875,108,673,485,767,832,139,1465,237,195,102,1754,126,136,26,163,121,133,121,1098,152,87,31,98,36,23,31,97,149,90,25,141,156,111,153,691,115,104,23,151,43,56,29,203,25,34,15,44,25,44,34,154,98,92,27,157,46,38,46,186,135,145,53,417,205,187,193,1540,851,1109,116,2075,127,126,115,1017,134,171,23,220,94,93,126,666,137,82,38,96,20,25,46,98,154,111,35,223,103,88,134,493,1432,2528,121,1126,91,99,132,611,125,152,31,185,141,131,478,1249,1681,806,161,663,65,93,145,475,1004,667,183,1399,656,498,1268,4283
Datasets/wang/Images/train/class7/702.jpg,6522,1035,782,972,1897,283,833,1199,793,126,97,106,960,185,620,941,1033,97,149,89,255,28,167,98,998,77,99,92,1165,80,847,550,711,133,149,157,249,43,174,253,137,23,31,23,132,30,108,180,930,112,158,109,257,18,213,175,1336,125,219,196,1776,115,1166,859,1892,207,237,315,392,36,146,175,303,33,29,36,147,30,74,99,262,18,44,24,50,3,22,29,368,24,61,38,185,26,94,91,934,141,167,219,155,23,134,147,149,36,30,34,133,28,98,143,1307,107,225,181,185,15,159,158,2008,143,336,286,1101,98,882,668,819,942,136,1303,300,333,159,2002,152,181,23,192,179,238,98,1177,173,83,34,122,42,24,23,130,172,118,23,170,197,148,174,878,109,97,25,209,35,52,37,308,22,33,10,60,28,35,20,281,105,94,38,178,54,26,41,280,174,203,48,375,264,221,231,1703,948,1140,121,1907,176,167,114,1170,168,213,22,260,124,169,77,842,183,104,37,127,22,30,31,115,250,166,33,245,136,112,115,639,688,879,100,1192,95,71,97,847,117,180,22,228,98,127,103,971,976,600,172,918,98,81,134,727,1275,880,278,1680,868,657,920,5453
Datasets/wang/Images/train/class7/754.jpg,5096,920,610,861,1191,181,852,1902,735,102,99,81,983,127,2155,3120,995,89,104,47,144,17,119,78,1025,67,91,70,1856,70,2975,863,626,127,112,90,156,30,117,165,107,32,23,22,108,21,107,139,1034,67,115,90,207,25,137,112,1794,90,152,119,2498,95,1290,615,1290,125,158,158,154,20,101,95,187,24,27,19,83,21,69,60,159,20,38,16,26,7,15,25,178,26,32,26,114,18,88,71,959,108,131,153,88,27,86,96,96,26,30,28,91,30,88,111,2126,91,169,108,91,22,95,121,2753,75,224,144,1043,92,635,513,655,920,107,1504,166,190,100,2330,122,121,19,121,119,123,93,1312,108,54,14,65,20,12,16,83,119,73,18,97,131,87,92,592,114,91,23,141,35,42,15,210,27,19,7,37,19,28,25,164,100,76,23,111,32,30,21,178,127,116,26,306,200,126,152,1058,908,1680,86,1954,88,84,74,892,127,140,24,157,86,108,89,567,162,62,28,70,27,23,19,78,156,105,33,162,101,81,106,397,1948,2428,112,1271,74,79,76,581,132,136,25,137,109,107,142,713,3512,893,163,682,77,93,103,480,1521,690,190,1123,685,490,857,3516
Datasets/wang/Images/train/class7/746.jpg,6290,768,604,994,2410,184,1069,1589,681,85,87,93,1120,121,895,1173,786,55,82,53,158,11,120,61,1015,73,84,95,1571,52,1112,637,628,82,111,144,242,30,147,203,76,19,16,15,102,17,73,119,958,75,144,116,276,20,189,148,1867,103,195,178,2642,104,1388,876,2314,151,273,265,431,25,155,142,264,32,25,24,151,17,79,70,166,11,22,16,27,3,11,15,333,12,25,27,133,11,41,52,1039,93,156,187,130,17,103,101,121,13,13,36,89,9,62,79,1514,52,179,148,114,6,89,83,2617,79,322,259,1160,61,631,448,682,1029,95,1953,278,310,112,2717,109,135,14,213,152,201,84,1396,96,65,15,116,26,21,22,110,127,125,13,188,147,115,114,846,61,94,13,178,23,38,11,328,7,16,4,33,15,19,15,177,71,98,7,212,36,27,27,219,165,175,29,502,255,215,196,2076,1088,1514,114,2663,167,122,94,1224,138,166,18,299,112,92,76,654,101,60,12,97,19,12,14,77,183,118,20,225,106,81,82,473,750,989,76,1374,74,68,66,702,84,101,16,150,57,72,76,661,1137,558,127,834,77,48,79,481,1392,822,182,2059,620,416,693,4234
Datasets/wang/Images/train/class7/761.jpg,6279,1172,663,955,1566,227,943,1420,746,136,119,120,981,174,1091,1440,1188,127,143,93,196,22,169,106,942,117,130,103,1368,108,1391,863,722,160,142,176,185,52,154,200,131,25,35,27,126,43,135,175,1005,106,173,119,209,32,174,160,1049,98,178,157,1400,101,1152,808,1589,220,208,215,230,33,114,106,216,37,44,36,139,29,98,94,203,35,39,29,27,9,24,21,234,33,52,33,138,21,89,86,1021,212,172,217,121,32,125,154,130,30,19,43,113,30,127,159,1501,125,238,157,136,28,150,143,1593,103,244,231,841,101,751,656,800,1002,119,1200,231,240,128,1644,147,148,30,135,165,222,134,1133,162,112,32,93,50,22,40,103,153,121,33,130,220,138,167,799,131,114,35,161,31,46,35,294,34,28,5,38,35,45,40,208,128,98,28,144,49,43,32,222,162,139,41,322,258,187,212,1460,1129,1514,105,1642,124,127,105,901,172,224,24,239,105,165,123,796,193,119,32,103,24,27,26,98,192,145,52,217,147,142,185,604,1318,1660,126,1264,107,128,122,740,140,188,23,259,106,177,187,1089,1675,996,210,903,98,119,163,701,1244,817,229,1503,760,676,1033,5117
